#VRML V2.0 utf8
# META "generator" "CAD Exchanger 3.8.1 (cadexchanger.com)"
DEF __1 Transform {
  children [
    DEF RVA0016A_ASM Group {
      children [
        DEF BODY-QFN Transform {
          rotation 1 0 0 1.57079632679
          translation 0 0 2.5e-05
          children [
            DEF BODY-QFN_1 Group {
              children [
                DEF BODY-QFN_2 Shape {
                  appearance DEF __6 Appearance {
                    material DEF __7 Material {
                      ambientIntensity 0.72857093811
                      diffuseColor 0.274509996176 0.274509996176 0.274509996176
                      shininess 0
                    }
                  }
                  geometry DEF __8 IndexedFaceSet {
                    solid FALSE
                    coord Coordinate {
                      point [
                        -0.00175 0 -0.00175,
                        -0.00175 0 -0.00087,
                        -0.00147 0 -0.00087,
                        -0.00147 0 -0.00063,
                        -0.00175 0 -0.00063,
                        -0.00175 0 -0.00037,
                        -0.00147 0 -0.00037,
                        -0.00147 0 -0.00013,
                        -0.00175 0 -0.00013,
                        -0.00175 0 0.00013,
                        -0.00147 0 0.00013,
                        -0.00147 0 0.00037,
                        -0.00175 0 0.00037,
                        -0.00175 0 0.00063,
                        -0.00147 0 0.00063,
                        -0.00147 0 0.00087,
                        -0.00175 0 0.00087,
                        -0.00175 0 0.00175,
                        -0.00087 0 0.00175,
                        -0.00087 0 0.00147,
                        -0.00063 0 0.00147,
                        -0.00063 0 0.00175,
                        -0.00037 0 0.00175,
                        -0.00037 0 0.00147,
                        -0.00013 0 0.00147,
                        -0.00013 0 0.00175,
                        0.00013 0 0.00175,
                        0.00013 0 0.00147,
                        0.00037 0 0.00147,
                        0.00037 0 0.00175,
                        0.00063 0 0.00175,
                        0.00063 0 0.00147,
                        0.00087 0 0.00147,
                        0.00087 0 0.00175,
                        0.00175 0 0.00175,
                        0.00175 0 0.00087,
                        0.00147 0 0.00087,
                        0.00147 0 0.00063,
                        0.00175 0 0.00063,
                        0.00175 0 0.00037,
                        0.00147 0 0.00037,
                        0.00147 0 0.00013,
                        0.00175 0 0.00013,
                        0.00175 0 -0.00013,
                        0.00147 0 -0.00013,
                        0.00147 0 -0.00037,
                        0.00175 0 -0.00037,
                        0.00175 0 -0.00063,
                        0.00147 0 -0.00063,
                        0.00147 0 -0.00087,
                        0.00175 0 -0.00087,
                        0.00175 0 -0.00175,
                        0.00087 0 -0.00175,
                        0.00087 0 -0.00147,
                        0.00063 0 -0.00147,
                        0.00063 0 -0.00175,
                        0.00037 0 -0.00175,
                        0.00037 0 -0.00147,
                        0.00013 0 -0.00147,
                        0.00013 0 -0.00175,
                        -0.00013 0 -0.00175,
                        -0.00013 0 -0.00147,
                        -0.00037 0 -0.00147,
                        -0.00037 0 -0.00175,
                        -0.00063 0 -0.00175,
                        -0.00063 0 -0.00147,
                        -0.00087 0 -0.00147,
                        -0.00087 0 -0.00175,
                        0.00107 0 -0.00107,
                        -0.00072 0 -0.00107,
                        0.00107 0 0.00107,
                        -0.00107 0 0.00107,
                        -0.00107 0 -0.00072,
                        -0.00175 0.000175 0.00087,
                        -0.00175 0.000175 0.00063,
                        -0.00175 0.000175 0.00037,
                        -0.00175 0.000175 0.00013,
                        -0.00175 0.000175 -0.00013,
                        -0.00175 0.000175 -0.00037,
                        -0.00175 0.000175 -0.00063,
                        -0.00175 0.000175 -0.00087,
                        -0.00175 0.000975 -0.00175,
                        -0.00175 0.000975 0.00175,
                        -0.00147 0.000175 0.00087,
                        -0.00147 0.000175 0.00063,
                        -0.00147 0.000175 0.00037,
                        -0.00147 0.000175 0.00013,
                        -0.00147 0.000175 -0.00013,
                        -0.00147 0.000175 -0.00037,
                        -0.00147 0.000175 -0.00063,
                        -0.00147 0.000175 -0.00087,
                        -0.00087 0.000175 -0.00175,
                        -0.00063 0.000175 -0.00175,
                        -0.00037 0.000175 -0.00175,
                        -0.00013 0.000175 -0.00175,
                        0.00013 0.000175 -0.00175,
                        0.00037 0.000175 -0.00175,
                        0.00063 0.000175 -0.00175,
                        0.00087 0.000175 -0.00175,
                        0.00175 0.000975 -0.00175,
                        -0.00087 0.000175 -0.00147,
                        -0.00063 0.000175 -0.00147,
                        -0.00037 0.000175 -0.00147,
                        -0.00013 0.000175 -0.00147,
                        0.00013 0.000175 -0.00147,
                        0.00037 0.000175 -0.00147,
                        0.00063 0.000175 -0.00147,
                        0.00087 0.000175 -0.00147,
                        0.00175 0.000175 0.00063,
                        0.00175 0.000175 0.00087,
                        0.00175 0.000975 0.00175,
                        0.00175 0.000175 -0.00087,
                        0.00175 0.000175 -0.00063,
                        0.00175 0.000175 -0.00037,
                        0.00175 0.000175 -0.00013,
                        0.00175 0.000175 0.00013,
                        0.00175 0.000175 0.00037,
                        0.00147 0.000175 0.00063,
                        0.00147 0.000175 0.00087,
                        -0.00087 0.000175 0.00175,
                        -0.00063 0.000175 0.00175,
                        0.00087 0.000175 0.00175,
                        0.00063 0.000175 0.00175,
                        0.00037 0.000175 0.00175,
                        0.00013 0.000175 0.00175,
                        -0.00013 0.000175 0.00175,
                        -0.00037 0.000175 0.00175,
                        -0.00063 0.000175 0.00147,
                        -0.00087 0.000175 0.00147,
                        0.00087 0.000175 0.00147,
                        0.00063 0.000175 0.00147,
                        0.00037 0.000175 0.00147,
                        0.00013 0.000175 0.00147,
                        -0.00013 0.000175 0.00147,
                        -0.00037 0.000175 0.00147,
                        0.00147 0.000175 -0.00087,
                        0.00147 0.000175 -0.00063,
                        0.00147 0.000175 -0.00037,
                        0.00147 0.000175 -0.00013,
                        0.00147 0.000175 0.00013,
                        0.00147 0.000175 0.00037,
                        -0.00072 6e-05 -0.00107,
                        0.00107 6e-05 -0.00107,
                        -0.00107 6e-05 -0.00072,
                        -0.00107 6e-05 0.00107,
                        0.00107 6e-05 0.00107,
                        -0.00117 0.000175 0.00117,
                        -0.00117 6e-05 0.00117,
                        -0.00117 0.000175 -0.00117,
                        -0.00117 6e-05 -0.00117,
                        0.00117 0.000175 0.00117,
                        0.00117 6e-05 0.00117,
                        0.00117 0.000175 -0.00117,
                        0.00117 6e-05 -0.00117,
                        -0.00144916221868 0 -0.000868176930361,
                        -0.0014289575828 0 -0.000862763114494,
                        -0.00141 0 -0.000853923048454,
                        -0.00139286548684 0 -0.000841925333174,
                        -0.00137807466683 0 -0.000827134513162,
                        -0.00136607695155 0 -0.00081,
                        -0.00135723688551 0 -0.000791042417199,
                        -0.00135182306964 0 -0.00077083778132,
                        -0.00135 0 -0.00075,
                        -0.00135182306964 0 -0.00072916221868,
                        -0.00135723688551 0 -0.000708957582801,
                        -0.00136607695155 0 -0.00069,
                        -0.00137807466683 0 -0.000672865486838,
                        -0.00139286548684 0 -0.000658074666826,
                        -0.00141 0 -0.000646076951546,
                        -0.0014289575828 0 -0.000637236885506,
                        -0.00144916221868 0 -0.000631823069639,
                        -0.00144916221868 0 -0.000368176930361,
                        -0.0014289575828 0 -0.000362763114494,
                        -0.00141 0 -0.000353923048454,
                        -0.00139286548684 0 -0.000341925333174,
                        -0.00137807466683 0 -0.000327134513162,
                        -0.00136607695155 0 -0.00031,
                        -0.00135723688551 0 -0.000291042417199,
                        -0.00135182306964 0 -0.00027083778132,
                        -0.00135 0 -0.00025,
                        -0.00135182306964 0 -0.00022916221868,
                        -0.00135723688551 0 -0.000208957582801,
                        -0.00136607695155 0 -0.00019,
                        -0.00137807466683 0 -0.000172865486838,
                        -0.00139286548684 0 -0.000158074666826,
                        -0.00141 0 -0.000146076951546,
                        -0.0014289575828 0 -0.000137236885506,
                        -0.00144916221868 0 -0.000131823069639,
                        -0.00144916221868 0 0.000131823069639,
                        -0.0014289575828 0 0.000137236885506,
                        -0.00141 0 0.000146076951546,
                        -0.00139286548684 0 0.000158074666826,
                        -0.00137807466683 0 0.000172865486838,
                        -0.00136607695155 0 0.00019,
                        -0.00135723688551 0 0.000208957582801,
                        -0.00135182306964 0 0.00022916221868,
                        -0.00135 0 0.00025,
                        -0.00135182306964 0 0.00027083778132,
                        -0.00135723688551 0 0.000291042417199,
                        -0.00136607695155 0 0.00031,
                        -0.00137807466683 0 0.000327134513162,
                        -0.00139286548684 0 0.000341925333174,
                        -0.00141 0 0.000353923048454,
                        -0.0014289575828 0 0.000362763114494,
                        -0.00144916221868 0 0.000368176930361,
                        -0.00144916221868 0 0.000631823069639,
                        -0.0014289575828 0 0.000637236885506,
                        -0.00141 0 0.000646076951546,
                        -0.00139286548684 0 0.000658074666826,
                        -0.00137807466683 0 0.000672865486838,
                        -0.00136607695155 0 0.00069,
                        -0.00135723688551 0 0.000708957582801,
                        -0.00135182306964 0 0.00072916221868,
                        -0.00135 0 0.00075,
                        -0.00135182306964 0 0.00077083778132,
                        -0.00135723688551 0 0.000791042417199,
                        -0.00136607695155 0 0.00081,
                        -0.00137807466683 0 0.000827134513162,
                        -0.00139286548684 0 0.000841925333174,
                        -0.00141 0 0.000853923048454,
                        -0.0014289575828 0 0.000862763114494,
                        -0.00144916221868 0 0.000868176930361,
                        -0.000868176930361 0 0.00144916221868,
                        -0.000862763114494 0 0.0014289575828,
                        -0.000853923048454 0 0.00141,
                        -0.000841925333174 0 0.00139286548684,
                        -0.000827134513162 0 0.00137807466683,
                        -0.00081 0 0.00136607695155,
                        -0.000791042417199 0 0.00135723688551,
                        -0.00077083778132 0 0.00135182306964,
                        -0.00075 0 0.00135,
                        -0.00072916221868 0 0.00135182306964,
                        -0.000708957582801 0 0.00135723688551,
                        -0.00069 0 0.00136607695155,
                        -0.000672865486838 0 0.00137807466683,
                        -0.000658074666826 0 0.00139286548684,
                        -0.000646076951546 0 0.00141,
                        -0.000637236885506 0 0.0014289575828,
                        -0.000631823069639 0 0.00144916221868,
                        -0.000368176930361 0 0.00144916221868,
                        -0.000362763114494 0 0.0014289575828,
                        -0.000353923048454 0 0.00141,
                        -0.000341925333174 0 0.00139286548684,
                        -0.000327134513162 0 0.00137807466683,
                        -0.00031 0 0.00136607695155,
                        -0.000291042417199 0 0.00135723688551,
                        -0.00027083778132 0 0.00135182306964,
                        -0.00025 0 0.00135,
                        -0.00022916221868 0 0.00135182306964,
                        -0.000208957582801 0 0.00135723688551,
                        -0.00019 0 0.00136607695155,
                        -0.000172865486838 0 0.00137807466683,
                        -0.000158074666826 0 0.00139286548684,
                        -0.000146076951546 0 0.00141,
                        -0.000137236885506 0 0.0014289575828,
                        -0.000131823069639 0 0.00144916221868,
                        0.000131823069639 0 0.00144916221868,
                        0.000137236885506 0 0.0014289575828,
                        0.000146076951546 0 0.00141,
                        0.000158074666826 0 0.00139286548684,
                        0.000172865486838 0 0.00137807466683,
                        0.00019 0 0.00136607695155,
                        0.000208957582801 0 0.00135723688551,
                        0.00022916221868 0 0.00135182306964,
                        0.00025 0 0.00135,
                        0.00027083778132 0 0.00135182306964,
                        0.000291042417199 0 0.00135723688551,
                        0.00031 0 0.00136607695155,
                        0.000327134513162 0 0.00137807466683,
                        0.000341925333174 0 0.00139286548684,
                        0.000353923048454 0 0.00141,
                        0.000362763114494 0 0.0014289575828,
                        0.000368176930361 0 0.00144916221868,
                        0.000631823069639 0 0.00144916221868,
                        0.000637236885506 0 0.0014289575828,
                        0.000646076951546 0 0.00141,
                        0.000658074666826 0 0.00139286548684,
                        0.000672865486838 0 0.00137807466683,
                        0.00069 0 0.00136607695155,
                        0.000708957582801 0 0.00135723688551,
                        0.00072916221868 0 0.00135182306964,
                        0.00075 0 0.00135,
                        0.00077083778132 0 0.00135182306964,
                        0.000791042417199 0 0.00135723688551,
                        0.00081 0 0.00136607695155,
                        0.000827134513162 0 0.00137807466683,
                        0.000841925333174 0 0.00139286548684,
                        0.000853923048454 0 0.00141,
                        0.000862763114494 0 0.0014289575828,
                        0.000868176930361 0 0.00144916221868,
                        0.00144916221868 0 0.000631823069639,
                        0.0014289575828 0 0.000637236885506,
                        0.00141 0 0.000646076951546,
                        0.00139286548684 0 0.000658074666826,
                        0.00137807466683 0 0.000672865486838,
                        0.00136607695155 0 0.00069,
                        0.00135723688551 0 0.000708957582801,
                        0.00135182306964 0 0.00072916221868,
                        0.00135 0 0.00075,
                        0.00135182306964 0 0.00077083778132,
                        0.00135723688551 0 0.000791042417199,
                        0.00136607695155 0 0.00081,
                        0.00137807466683 0 0.000827134513162,
                        0.00139286548684 0 0.000841925333174,
                        0.00141 0 0.000853923048454,
                        0.0014289575828 0 0.000862763114494,
                        0.00144916221868 0 0.000868176930361,
                        0.00144916221868 0 0.000131823069639,
                        0.0014289575828 0 0.000137236885506,
                        0.00141 0 0.000146076951546,
                        0.00139286548684 0 0.000158074666826,
                        0.00137807466683 0 0.000172865486838,
                        0.00136607695155 0 0.00019,
                        0.00135723688551 0 0.000208957582801,
                        0.00135182306964 0 0.00022916221868,
                        0.00135 0 0.00025,
                        0.00135182306964 0 0.00027083778132,
                        0.00135723688551 0 0.000291042417199,
                        0.00136607695155 0 0.00031,
                        0.00137807466683 0 0.000327134513162,
                        0.00139286548684 0 0.000341925333174,
                        0.00141 0 0.000353923048454,
                        0.0014289575828 0 0.000362763114494,
                        0.00144916221868 0 0.000368176930361,
                        0.00144916221868 0 -0.000368176930361,
                        0.0014289575828 0 -0.000362763114494,
                        0.00141 0 -0.000353923048454,
                        0.00139286548684 0 -0.000341925333174,
                        0.00137807466683 0 -0.000327134513162,
                        0.00136607695155 0 -0.00031,
                        0.00135723688551 0 -0.000291042417199,
                        0.00135182306964 0 -0.00027083778132,
                        0.00135 0 -0.00025,
                        0.00135182306964 0 -0.00022916221868,
                        0.00135723688551 0 -0.000208957582801,
                        0.00136607695155 0 -0.00019,
                        0.00137807466683 0 -0.000172865486838,
                        0.00139286548684 0 -0.000158074666826,
                        0.00141 0 -0.000146076951546,
                        0.0014289575828 0 -0.000137236885506,
                        0.00144916221868 0 -0.000131823069639,
                        0.00144916221868 0 -0.000868176930361,
                        0.0014289575828 0 -0.000862763114494,
                        0.00141 0 -0.000853923048454,
                        0.00139286548684 0 -0.000841925333174,
                        0.00137807466683 0 -0.000827134513162,
                        0.00136607695155 0 -0.00081,
                        0.00135723688551 0 -0.000791042417199,
                        0.00135182306964 0 -0.00077083778132,
                        0.00135 0 -0.00075,
                        0.00135182306964 0 -0.00072916221868,
                        0.00135723688551 0 -0.000708957582801,
                        0.00136607695155 0 -0.00069,
                        0.00137807466683 0 -0.000672865486838,
                        0.00139286548684 0 -0.000658074666826,
                        0.00141 0 -0.000646076951546,
                        0.0014289575828 0 -0.000637236885506,
                        0.00144916221868 0 -0.000631823069639,
                        0.000631823069639 0 -0.00144916221868,
                        0.000637236885506 0 -0.0014289575828,
                        0.000646076951546 0 -0.00141,
                        0.000658074666826 0 -0.00139286548684,
                        0.000672865486838 0 -0.00137807466683,
                        0.00069 0 -0.00136607695155,
                        0.000708957582801 0 -0.00135723688551,
                        0.00072916221868 0 -0.00135182306964,
                        0.00075 0 -0.00135,
                        0.00077083778132 0 -0.00135182306964,
                        0.000791042417199 0 -0.00135723688551,
                        0.00081 0 -0.00136607695155,
                        0.000827134513162 0 -0.00137807466683,
                        0.000841925333174 0 -0.00139286548684,
                        0.000853923048454 0 -0.00141,
                        0.000862763114494 0 -0.0014289575828,
                        0.000868176930361 0 -0.00144916221868,
                        0.000131823069639 0 -0.00144916221868,
                        0.000137236885506 0 -0.0014289575828,
                        0.000146076951546 0 -0.00141,
                        0.000158074666826 0 -0.00139286548684,
                        0.000172865486838 0 -0.00137807466683,
                        0.00019 0 -0.00136607695155,
                        0.000208957582801 0 -0.00135723688551,
                        0.00022916221868 0 -0.00135182306964,
                        0.00025 0 -0.00135,
                        0.00027083778132 0 -0.00135182306964,
                        0.000291042417199 0 -0.00135723688551,
                        0.00031 0 -0.00136607695155,
                        0.000327134513162 0 -0.00137807466683,
                        0.000341925333174 0 -0.00139286548684,
                        0.000353923048454 0 -0.00141,
                        0.000362763114494 0 -0.0014289575828,
                        0.000368176930361 0 -0.00144916221868,
                        -0.000368176930361 0 -0.00144916221868,
                        -0.000362763114494 0 -0.0014289575828,
                        -0.000353923048454 0 -0.00141,
                        -0.000341925333174 0 -0.00139286548684,
                        -0.000327134513162 0 -0.00137807466683,
                        -0.00031 0 -0.00136607695155,
                        -0.000291042417199 0 -0.00135723688551,
                        -0.00027083778132 0 -0.00135182306964,
                        -0.00025 0 -0.00135,
                        -0.00022916221868 0 -0.00135182306964,
                        -0.000208957582801 0 -0.00135723688551,
                        -0.00019 0 -0.00136607695155,
                        -0.000172865486838 0 -0.00137807466683,
                        -0.000158074666826 0 -0.00139286548684,
                        -0.000146076951546 0 -0.00141,
                        -0.000137236885506 0 -0.0014289575828,
                        -0.000131823069639 0 -0.00144916221868,
                        -0.000868176930361 0 -0.00144916221868,
                        -0.000862763114494 0 -0.0014289575828,
                        -0.000853923048454 0 -0.00141,
                        -0.000841925333174 0 -0.00139286548684,
                        -0.000827134513162 0 -0.00137807466683,
                        -0.00081 0 -0.00136607695155,
                        -0.000791042417199 0 -0.00135723688551,
                        -0.00077083778132 0 -0.00135182306964,
                        -0.00075 0 -0.00135,
                        -0.00072916221868 0 -0.00135182306964,
                        -0.000708957582801 0 -0.00135723688551,
                        -0.00069 0 -0.00136607695155,
                        -0.000672865486838 0 -0.00137807466683,
                        -0.000658074666826 0 -0.00139286548684,
                        -0.000646076951546 0 -0.00141,
                        -0.000637236885506 0 -0.0014289575828,
                        -0.000631823069639 0 -0.00144916221868,
                        -0.00144916221868 0.000175 0.000631823069639,
                        -0.0014289575828 0.000175 0.000637236885506,
                        -0.00141 0.000175 0.000646076951546,
                        -0.00139286548684 0.000175 0.000658074666826,
                        -0.00137807466683 0.000175 0.000672865486838,
                        -0.00136607695155 0.000175 0.00069,
                        -0.00135723688551 0.000175 0.000708957582801,
                        -0.00135182306964 0.000175 0.00072916221868,
                        -0.00135 0.000175 0.00075,
                        -0.00135182306964 0.000175 0.00077083778132,
                        -0.00135723688551 0.000175 0.000791042417199,
                        -0.00136607695155 0.000175 0.00081,
                        -0.00137807466683 0.000175 0.000827134513162,
                        -0.00139286548684 0.000175 0.000841925333174,
                        -0.00141 0.000175 0.000853923048454,
                        -0.0014289575828 0.000175 0.000862763114494,
                        -0.00144916221868 0.000175 0.000868176930361,
                        -0.00144916221868 0.000175 0.000131823069639,
                        -0.0014289575828 0.000175 0.000137236885506,
                        -0.00141 0.000175 0.000146076951546,
                        -0.00139286548684 0.000175 0.000158074666826,
                        -0.00137807466683 0.000175 0.000172865486838,
                        -0.00136607695155 0.000175 0.00019,
                        -0.00135723688551 0.000175 0.000208957582801,
                        -0.00135182306964 0.000175 0.00022916221868,
                        -0.00135 0.000175 0.00025,
                        -0.00135182306964 0.000175 0.00027083778132,
                        -0.00135723688551 0.000175 0.000291042417199,
                        -0.00136607695155 0.000175 0.00031,
                        -0.00137807466683 0.000175 0.000327134513162,
                        -0.00139286548684 0.000175 0.000341925333174,
                        -0.00141 0.000175 0.000353923048454,
                        -0.0014289575828 0.000175 0.000362763114494,
                        -0.00144916221868 0.000175 0.000368176930361,
                        -0.00144916221868 0.000175 -0.000368176930361,
                        -0.0014289575828 0.000175 -0.000362763114494,
                        -0.00141 0.000175 -0.000353923048454,
                        -0.00139286548684 0.000175 -0.000341925333174,
                        -0.00137807466683 0.000175 -0.000327134513162,
                        -0.00136607695155 0.000175 -0.00031,
                        -0.00135723688551 0.000175 -0.000291042417199,
                        -0.00135182306964 0.000175 -0.00027083778132,
                        -0.00135 0.000175 -0.00025,
                        -0.00135182306964 0.000175 -0.00022916221868,
                        -0.00135723688551 0.000175 -0.000208957582801,
                        -0.00136607695155 0.000175 -0.00019,
                        -0.00137807466683 0.000175 -0.000172865486838,
                        -0.00139286548684 0.000175 -0.000158074666826,
                        -0.00141 0.000175 -0.000146076951546,
                        -0.0014289575828 0.000175 -0.000137236885506,
                        -0.00144916221868 0.000175 -0.000131823069639,
                        -0.00144916221868 0.000175 -0.000868176930361,
                        -0.0014289575828 0.000175 -0.000862763114494,
                        -0.00141 0.000175 -0.000853923048454,
                        -0.00139286548684 0.000175 -0.000841925333174,
                        -0.00137807466683 0.000175 -0.000827134513162,
                        -0.00136607695155 0.000175 -0.00081,
                        -0.00135723688551 0.000175 -0.000791042417199,
                        -0.00135182306964 0.000175 -0.00077083778132,
                        -0.00135 0.000175 -0.00075,
                        -0.00135182306964 0.000175 -0.00072916221868,
                        -0.00135723688551 0.000175 -0.000708957582801,
                        -0.00136607695155 0.000175 -0.00069,
                        -0.00137807466683 0.000175 -0.000672865486838,
                        -0.00139286548684 0.000175 -0.000658074666826,
                        -0.00141 0.000175 -0.000646076951546,
                        -0.0014289575828 0.000175 -0.000637236885506,
                        -0.00144916221868 0.000175 -0.000631823069639,
                        -0.000868176930361 0.000175 -0.00144916221868,
                        -0.000862763114494 0.000175 -0.0014289575828,
                        -0.000853923048454 0.000175 -0.00141,
                        -0.000841925333174 0.000175 -0.00139286548684,
                        -0.000827134513162 0.000175 -0.00137807466683,
                        -0.00081 0.000175 -0.00136607695155,
                        -0.000791042417199 0.000175 -0.00135723688551,
                        -0.00077083778132 0.000175 -0.00135182306964,
                        -0.00075 0.000175 -0.00135,
                        -0.00072916221868 0.000175 -0.00135182306964,
                        -0.000708957582801 0.000175 -0.00135723688551,
                        -0.00069 0.000175 -0.00136607695155,
                        -0.000672865486838 0.000175 -0.00137807466683,
                        -0.000658074666826 0.000175 -0.00139286548684,
                        -0.000646076951546 0.000175 -0.00141,
                        -0.000637236885506 0.000175 -0.0014289575828,
                        -0.000631823069639 0.000175 -0.00144916221868,
                        -0.000368176930361 0.000175 -0.00144916221868,
                        -0.000362763114494 0.000175 -0.0014289575828,
                        -0.000353923048454 0.000175 -0.00141,
                        -0.000341925333174 0.000175 -0.00139286548684,
                        -0.000327134513162 0.000175 -0.00137807466683,
                        -0.00031 0.000175 -0.00136607695155,
                        -0.000291042417199 0.000175 -0.00135723688551,
                        -0.00027083778132 0.000175 -0.00135182306964,
                        -0.00025 0.000175 -0.00135,
                        -0.00022916221868 0.000175 -0.00135182306964,
                        -0.000208957582801 0.000175 -0.00135723688551,
                        -0.00019 0.000175 -0.00136607695155,
                        -0.000172865486838 0.000175 -0.00137807466683,
                        -0.000158074666826 0.000175 -0.00139286548684,
                        -0.000146076951546 0.000175 -0.00141,
                        -0.000137236885506 0.000175 -0.0014289575828,
                        -0.000131823069639 0.000175 -0.00144916221868,
                        0.000131823069639 0.000175 -0.00144916221868,
                        0.000137236885506 0.000175 -0.0014289575828,
                        0.000146076951546 0.000175 -0.00141,
                        0.000158074666826 0.000175 -0.00139286548684,
                        0.000172865486838 0.000175 -0.00137807466683,
                        0.00019 0.000175 -0.00136607695155,
                        0.000208957582801 0.000175 -0.00135723688551,
                        0.00022916221868 0.000175 -0.00135182306964,
                        0.00025 0.000175 -0.00135,
                        0.00027083778132 0.000175 -0.00135182306964,
                        0.000291042417199 0.000175 -0.00135723688551,
                        0.00031 0.000175 -0.00136607695155,
                        0.000327134513162 0.000175 -0.00137807466683,
                        0.000341925333174 0.000175 -0.00139286548684,
                        0.000353923048454 0.000175 -0.00141,
                        0.000362763114494 0.000175 -0.0014289575828,
                        0.000368176930361 0.000175 -0.00144916221868,
                        0.000631823069639 0.000175 -0.00144916221868,
                        0.000637236885506 0.000175 -0.0014289575828,
                        0.000646076951546 0.000175 -0.00141,
                        0.000658074666826 0.000175 -0.00139286548684,
                        0.000672865486838 0.000175 -0.00137807466683,
                        0.00069 0.000175 -0.00136607695155,
                        0.000708957582801 0.000175 -0.00135723688551,
                        0.00072916221868 0.000175 -0.00135182306964,
                        0.00075 0.000175 -0.00135,
                        0.00077083778132 0.000175 -0.00135182306964,
                        0.000791042417199 0.000175 -0.00135723688551,
                        0.00081 0.000175 -0.00136607695155,
                        0.000827134513162 0.000175 -0.00137807466683,
                        0.000841925333174 0.000175 -0.00139286548684,
                        0.000853923048454 0.000175 -0.00141,
                        0.000862763114494 0.000175 -0.0014289575828,
                        0.000868176930361 0.000175 -0.00144916221868,
                        0.00144916221868 0.000175 0.000631823069639,
                        0.0014289575828 0.000175 0.000637236885506,
                        0.00141 0.000175 0.000646076951546,
                        0.00139286548684 0.000175 0.000658074666826,
                        0.00137807466683 0.000175 0.000672865486838,
                        0.00136607695155 0.000175 0.00069,
                        0.00135723688551 0.000175 0.000708957582801,
                        0.00135182306964 0.000175 0.00072916221868,
                        0.00135 0.000175 0.00075,
                        0.00135182306964 0.000175 0.00077083778132,
                        0.00135723688551 0.000175 0.000791042417199,
                        0.00136607695155 0.000175 0.00081,
                        0.00137807466683 0.000175 0.000827134513162,
                        0.00139286548684 0.000175 0.000841925333174,
                        0.00141 0.000175 0.000853923048454,
                        0.0014289575828 0.000175 0.000862763114494,
                        0.00144916221868 0.000175 0.000868176930361,
                        -0.000868176930361 0.000175 0.00144916221868,
                        -0.000862763114494 0.000175 0.0014289575828,
                        -0.000853923048454 0.000175 0.00141,
                        -0.000841925333174 0.000175 0.00139286548684,
                        -0.000827134513162 0.000175 0.00137807466683,
                        -0.00081 0.000175 0.00136607695155,
                        -0.000791042417199 0.000175 0.00135723688551,
                        -0.00077083778132 0.000175 0.00135182306964,
                        -0.00075 0.000175 0.00135,
                        -0.00072916221868 0.000175 0.00135182306964,
                        -0.000708957582801 0.000175 0.00135723688551,
                        -0.00069 0.000175 0.00136607695155,
                        -0.000672865486838 0.000175 0.00137807466683,
                        -0.000658074666826 0.000175 0.00139286548684,
                        -0.000646076951546 0.000175 0.00141,
                        -0.000637236885506 0.000175 0.0014289575828,
                        -0.000631823069639 0.000175 0.00144916221868,
                        0.000631823069639 0.000175 0.00144916221868,
                        0.000637236885506 0.000175 0.0014289575828,
                        0.000646076951546 0.000175 0.00141,
                        0.000658074666826 0.000175 0.00139286548684,
                        0.000672865486838 0.000175 0.00137807466683,
                        0.00069 0.000175 0.00136607695155,
                        0.000708957582801 0.000175 0.00135723688551,
                        0.00072916221868 0.000175 0.00135182306964,
                        0.00075 0.000175 0.00135,
                        0.00077083778132 0.000175 0.00135182306964,
                        0.000791042417199 0.000175 0.00135723688551,
                        0.00081 0.000175 0.00136607695155,
                        0.000827134513162 0.000175 0.00137807466683,
                        0.000841925333174 0.000175 0.00139286548684,
                        0.000853923048454 0.000175 0.00141,
                        0.000862763114494 0.000175 0.0014289575828,
                        0.000868176930361 0.000175 0.00144916221868,
                        0.000131823069639 0.000175 0.00144916221868,
                        0.000137236885506 0.000175 0.0014289575828,
                        0.000146076951546 0.000175 0.00141,
                        0.000158074666826 0.000175 0.00139286548684,
                        0.000172865486838 0.000175 0.00137807466683,
                        0.00019 0.000175 0.00136607695155,
                        0.000208957582801 0.000175 0.00135723688551,
                        0.00022916221868 0.000175 0.00135182306964,
                        0.00025 0.000175 0.00135,
                        0.00027083778132 0.000175 0.00135182306964,
                        0.000291042417199 0.000175 0.00135723688551,
                        0.00031 0.000175 0.00136607695155,
                        0.000327134513162 0.000175 0.00137807466683,
                        0.000341925333174 0.000175 0.00139286548684,
                        0.000353923048454 0.000175 0.00141,
                        0.000362763114494 0.000175 0.0014289575828,
                        0.000368176930361 0.000175 0.00144916221868,
                        -0.000368176930361 0.000175 0.00144916221868,
                        -0.000362763114494 0.000175 0.0014289575828,
                        -0.000353923048454 0.000175 0.00141,
                        -0.000341925333174 0.000175 0.00139286548684,
                        -0.000327134513162 0.000175 0.00137807466683,
                        -0.00031 0.000175 0.00136607695155,
                        -0.000291042417199 0.000175 0.00135723688551,
                        -0.00027083778132 0.000175 0.00135182306964,
                        -0.00025 0.000175 0.00135,
                        -0.00022916221868 0.000175 0.00135182306964,
                        -0.000208957582801 0.000175 0.00135723688551,
                        -0.00019 0.000175 0.00136607695155,
                        -0.000172865486838 0.000175 0.00137807466683,
                        -0.000158074666826 0.000175 0.00139286548684,
                        -0.000146076951546 0.000175 0.00141,
                        -0.000137236885506 0.000175 0.0014289575828,
                        -0.000131823069639 0.000175 0.00144916221868,
                        0.00144916221868 0.000175 -0.000868176930361,
                        0.0014289575828 0.000175 -0.000862763114494,
                        0.00141 0.000175 -0.000853923048454,
                        0.00139286548684 0.000175 -0.000841925333174,
                        0.00137807466683 0.000175 -0.000827134513162,
                        0.00136607695155 0.000175 -0.00081,
                        0.00135723688551 0.000175 -0.000791042417199,
                        0.00135182306964 0.000175 -0.00077083778132,
                        0.00135 0.000175 -0.00075,
                        0.00135182306964 0.000175 -0.00072916221868,
                        0.00135723688551 0.000175 -0.000708957582801,
                        0.00136607695155 0.000175 -0.00069,
                        0.00137807466683 0.000175 -0.000672865486838,
                        0.00139286548684 0.000175 -0.000658074666826,
                        0.00141 0.000175 -0.000646076951546,
                        0.0014289575828 0.000175 -0.000637236885506,
                        0.00144916221868 0.000175 -0.000631823069639,
                        0.00144916221868 0.000175 -0.000368176930361,
                        0.0014289575828 0.000175 -0.000362763114494,
                        0.00141 0.000175 -0.000353923048454,
                        0.00139286548684 0.000175 -0.000341925333174,
                        0.00137807466683 0.000175 -0.000327134513162,
                        0.00136607695155 0.000175 -0.00031,
                        0.00135723688551 0.000175 -0.000291042417199,
                        0.00135182306964 0.000175 -0.00027083778132,
                        0.00135 0.000175 -0.00025,
                        0.00135182306964 0.000175 -0.00022916221868,
                        0.00135723688551 0.000175 -0.000208957582801,
                        0.00136607695155 0.000175 -0.00019,
                        0.00137807466683 0.000175 -0.000172865486838,
                        0.00139286548684 0.000175 -0.000158074666826,
                        0.00141 0.000175 -0.000146076951546,
                        0.0014289575828 0.000175 -0.000137236885506,
                        0.00144916221868 0.000175 -0.000131823069639,
                        0.00144916221868 0.000175 0.000131823069639,
                        0.0014289575828 0.000175 0.000137236885506,
                        0.00141 0.000175 0.000146076951546,
                        0.00139286548684 0.000175 0.000158074666826,
                        0.00137807466683 0.000175 0.000172865486838,
                        0.00136607695155 0.000175 0.00019,
                        0.00135723688551 0.000175 0.000208957582801,
                        0.00135182306964 0.000175 0.00022916221868,
                        0.00135 0.000175 0.00025,
                        0.00135182306964 0.000175 0.00027083778132,
                        0.00135723688551 0.000175 0.000291042417199,
                        0.00136607695155 0.000175 0.00031,
                        0.00137807466683 0.000175 0.000327134513162,
                        0.00139286548684 0.000175 0.000341925333174,
                        0.00141 0.000175 0.000353923048454,
                        0.0014289575828 0.000175 0.000362763114494,
                        0.00144916221868 0.000175 0.000368176930361

                      ]
                    }
                    normal Normal {
                      vector [
                        -0 -1 -0,
                        -0 -1 -0,
                        -0 -1 -0,
                        -0 -1 -0,
                        -0 -1 -0,
                        -0 -1 -0,
                        -0 -1 -0,
                        -0 -1 -0,
                        -0 -1 -0,
                        -0 -1 -0,
                        -0 -1 -0,
                        -0 -1 -0,
                        -0 -1 -0,
                        -0 -1 -0,
                        -0 -1 -0,
                        -0 -1 -0,
                        -0 -1 -0,
                        -0 -1 -0,
                        -0 -1 -0,
                        -0 -1 -0,
                        -0 -1 -0,
                        -0 -1 -0,
                        -0 -1 -0,
                        -0 -1 -0,
                        -0 -1 -0,
                        -0 -1 -0,
                        -0 -1 -0,
                        -0 -1 -0,
                        -0 -1 -0,
                        -0 -1 -0,
                        -0 -1 -0,
                        -0 -1 -0,
                        -0 -1 -0,
                        -0 -1 -0,
                        -0 -1 -0,
                        -0 -1 -0,
                        -0 -1 -0,
                        -0 -1 -0,
                        -0 -1 -0,
                        -0 -1 -0,
                        -0 -1 -0,
                        -0 -1 -0,
                        -0 -1 -0,
                        -0 -1 -0,
                        -0 -1 -0,
                        -0 -1 -0,
                        -0 -1 -0,
                        -0 -1 -0,
                        -0 -1 -0,
                        -0 -1 -0,
                        -0 -1 -0,
                        -0 -1 -0,
                        -0 -1 -0,
                        -0 -1 -0,
                        -0 -1 -0,
                        -0 -1 -0,
                        -0 -1 -0,
                        -0 -1 -0,
                        -0 -1 -0,
                        -0 -1 -0,
                        -0 -1 -0,
                        -0 -1 -0,
                        -0 -1 -0,
                        -0 -1 -0,
                        -0 -1 -0,
                        -0 -1 -0,
                        -0 -1 -0,
                        -0 -1 -0,
                        -0 -1 -0,
                        -0 -1 -0,
                        -0 -1 -0,
                        -0 -1 -0,
                        -0 -1 -0,
                        -0 -1 -0,
                        -0 -1 -0,
                        -0 -1 -0,
                        -0 -1 -0,
                        -0 -1 -0,
                        -0 -1 -0,
                        -0 -1 -0,
                        -0 -1 -0,
                        -0 -1 -0,
                        -0 -1 -0,
                        -0 -1 -0,
                        -0 -1 -0,
                        -0 -1 -0,
                        -0 -1 -0,
                        -0 -1 -0,
                        -0 -1 -0,
                        -0 -1 -0,
                        -0 -1 -0,
                        -0 -1 -0,
                        -0 -1 -0,
                        -0 -1 -0,
                        -0 -1 -0,
                        -0 -1 -0,
                        -0 -1 -0,
                        -0 -1 -0,
                        -0 -1 -0,
                        -0 -1 -0,
                        -0 -1 -0,
                        -0 -1 -0,
                        -0 -1 -0,
                        -0 -1 -0,
                        -0 -1 -0,
                        -0 -1 -0,
                        -0 -1 -0,
                        -0 -1 -0,
                        -0 -1 -0,
                        -0 -1 -0,
                        -0 -1 -0,
                        -0 -1 -0,
                        -0 -1 -0,
                        -0 -1 -0,
                        -0 -1 -0,
                        -0 -1 -0,
                        -0 -1 -0,
                        -0 -1 -0,
                        -0 -1 -0,
                        -0 -1 -0,
                        -0 -1 -0,
                        -0 -1 -0,
                        -0 -1 -0,
                        -0 -1 -0,
                        -0 -1 -0,
                        -0 -1 -0,
                        -0 -1 -0,
                        -0 -1 -0,
                        -0 -1 -0,
                        -0 -1 -0,
                        -0 -1 -0,
                        -0 -1 -0,
                        -0 -1 -0,
                        -0 -1 -0,
                        -0 -1 -0,
                        -0 -1 -0,
                        -0 -1 -0,
                        -0 -1 -0,
                        -0 -1 -0,
                        -0 -1 -0,
                        -0 -1 -0,
                        -0 -1 -0,
                        -0 -1 -0,
                        -0 -1 -0,
                        -0 -1 -0,
                        -0 -1 -0,
                        -0 -1 -0,
                        -0 -1 -0,
                        -0 -1 -0,
                        -0 -1 -0,
                        -0 -1 -0,
                        -0 -1 -0,
                        -0 -1 -0,
                        -0 -1 -0,
                        -0 -1 -0,
                        -0 -1 -0,
                        -0 -1 -0,
                        -0 -1 -0,
                        -0 -1 -0,
                        -0 -1 -0,
                        -0 -1 -0,
                        -0 -1 -0,
                        -0 -1 -0,
                        -0 -1 -0,
                        -0 -1 -0,
                        -0 -1 -0,
                        -0 -1 -0,
                        -0 -1 -0,
                        -0 -1 -0,
                        -0 -1 -0,
                        -0 -1 -0,
                        -0 -1 -0,
                        -0 -1 -0,
                        -0 -1 -0,
                        -0 -1 -0,
                        -0 -1 -0,
                        -0 -1 -0,
                        -0 -1 -0,
                        -0 -1 -0,
                        -0 -1 -0,
                        -0 -1 -0,
                        -0 -1 -0,
                        -0 -1 -0,
                        -0 -1 -0,
                        -0 -1 -0,
                        -0 -1 -0,
                        -0 -1 -0,
                        -0 -1 -0,
                        -0 -1 -0,
                        -0 -1 -0,
                        -0 -1 -0,
                        -0 -1 -0,
                        -0 -1 -0,
                        -0 -1 -0,
                        -0 -1 -0,
                        -0 -1 -0,
                        -0 -1 -0,
                        -0 -1 -0,
                        -0 -1 -0,
                        -0 -1 -0,
                        -0 -1 -0,
                        -0 -1 -0,
                        -0 -1 -0,
                        -0 -1 -0,
                        -0 -1 -0,
                        -0 -1 -0,
                        -0 -1 -0,
                        -0 -1 -0,
                        -0 -1 -0,
                        -0 -1 -0,
                        -0 -1 -0,
                        -0 -1 -0,
                        -0 -1 -0,
                        -0 -1 -0,
                        -0 -1 -0,
                        -0 -1 -0,
                        -0 -1 -0,
                        -0 -1 -0,
                        -0 -1 -0,
                        -0 -1 -0,
                        -0 -1 -0,
                        -0 -1 -0,
                        -0 -1 -0,
                        -0 -1 -0,
                        -0 -1 -0,
                        -0 -1 -0,
                        -0 -1 -0,
                        -0 -1 -0,
                        -0 -1 -0,
                        -0 -1 -0,
                        -0 -1 -0,
                        -0 -1 -0,
                        -0 -1 -0,
                        -0 -1 -0,
                        -0 -1 -0,
                        -0 -1 -0,
                        -0 -1 -0,
                        -0 -1 -0,
                        -0 -1 -0,
                        -0 -1 -0,
                        -0 -1 -0,
                        -0 -1 -0,
                        -0 -1 -0,
                        -0 -1 -0,
                        -0 -1 -0,
                        -0 -1 -0,
                        -0 -1 -0,
                        -0 -1 -0,
                        -0 -1 -0,
                        -0 -1 -0,
                        -0 -1 -0,
                        -0 -1 -0,
                        -0 -1 -0,
                        -0 -1 -0,
                        -0 -1 -0,
                        -0 -1 -0,
                        -0 -1 -0,
                        -0 -1 -0,
                        -0 -1 -0,
                        -0 -1 -0,
                        -0 -1 -0,
                        -0 -1 -0,
                        -0 -1 -0,
                        -0 -1 -0,
                        -0 -1 -0,
                        -0 -1 -0,
                        -0 -1 -0,
                        -0 -1 -0,
                        -0 -1 -0,
                        -0 -1 -0,
                        -0 -1 -0,
                        -0 -1 -0,
                        -0 -1 -0,
                        -0 -1 -0,
                        -0 -1 -0,
                        -0 -1 -0,
                        -0 -1 -0,
                        -0 -1 -0,
                        -0 -1 -0,
                        -0 -1 -0,
                        -0 -1 -0,
                        -0 -1 -0,
                        -0 -1 -0,
                        -0 -1 -0,
                        -0 -1 -0,
                        -0 -1 -0,
                        -0 -1 -0,
                        -0 -1 -0,
                        -0 -1 -0,
                        -0 -1 -0,
                        -0 -1 -0,
                        -0 -1 -0,
                        -0 -1 -0,
                        -0 -1 -0,
                        -0 -1 -0,
                        -0 -1 -0,
                        -0 -1 -0,
                        -0 -1 -0,
                        -0 -1 -0,
                        -0 -1 -0,
                        -0 -1 -0,
                        -0 -1 -0,
                        -0 -1 -0,
                        -0 -1 -0,
                        -0 -1 -0,
                        -0 -1 -0,
                        -0 -1 -0,
                        -0 -1 -0,
                        -0 -1 -0,
                        -0 -1 -0,
                        -0 -1 -0,
                        -0 -1 -0,
                        -0 -1 -0,
                        -0 -1 -0,
                        -0 -1 -0,
                        -0 -1 -0,
                        -0 -1 -0,
                        -0 -1 -0,
                        -0 -1 -0,
                        -0 -1 -0,
                        -0 -1 -0,
                        -0 -1 -0,
                        -0 -1 -0,
                        -0 -1 -0,
                        -0 -1 -0,
                        -0 -1 -0,
                        -0 -1 -0,
                        -0 -1 -0,
                        -0 -1 -0,
                        -0 -1 -0,
                        -0 -1 -0,
                        -0 -1 -0,
                        -0 -1 -0,
                        -0 -1 -0,
                        -0 -1 -0,
                        -0 -1 -0,
                        -0 -1 -0,
                        -0 -1 -0,
                        -0 -1 -0,
                        -0 -1 -0,
                        -0 -1 -0,
                        -0 -1 -0,
                        -0 -1 -0,
                        -0 -1 -0,
                        -0 -1 -0,
                        -1 0 0,
                        -1 0 0,
                        -1 0 0,
                        -1 0 0,
                        -1 0 0,
                        -1 0 0,
                        -1 0 0,
                        -1 0 0,
                        -1 0 0,
                        -1 0 0,
                        -1 0 0,
                        -1 0 0,
                        -1 0 0,
                        -1 0 0,
                        -1 0 0,
                        -1 0 0,
                        -1 0 0,
                        -1 0 0,
                        -1 0 0,
                        -1 0 0,
                        0 -1 0,
                        0 -1 0,
                        0 -1 0,
                        0 -1 0,
                        0 -1 0,
                        0 -1 0,
                        0 -1 0,
                        0 -1 0,
                        0 -1 0,
                        0 -1 0,
                        0 -1 0,
                        0 -1 0,
                        0 -1 0,
                        0 -1 0,
                        0 -1 0,
                        0 -1 0,
                        0 -1 0,
                        0 -1 0,
                        0 -1 0,
                        0 -1 0,
                        0 -1 0,
                        0 0 -1,
                        0 0 -1,
                        0 0 -1,
                        0 0 -1,
                        -0 -0 1,
                        -0 -0 1,
                        -0.17364818 -0 0.98480773,
                        -0.34202015 -0 0.93969262,
                        -0.5 -0 0.86602539,
                        -0.64278764 -0 0.76604444,
                        -0.76604444 -0 0.64278764,
                        -0.86602539 -0 0.5,
                        -0.93969262 -0 0.34202015,
                        -0.98480773 -0 0.17364818,
                        -1 -0 1.110223e-16,
                        -0.98480773 -0 -0.17364818,
                        -0.93969262 -0 -0.34202015,
                        -0.86602539 -0 -0.5,
                        -0.76604444 -0 -0.64278764,
                        -0.64278764 -0 -0.76604444,
                        -0.5 -0 -0.86602539,
                        -0.34202015 -0 -0.93969262,
                        -0.17364818 -0 -0.98480773,
                        -2.220446e-16 -0 -1,
                        -2.220446e-16 -0 -1,
                        -0.17364818 -0 -0.98480773,
                        -0.34202015 -0 -0.93969262,
                        -0.5 -0 -0.86602539,
                        -0.64278764 -0 -0.76604444,
                        -0.76604444 -0 -0.64278764,
                        -0.86602539 -0 -0.5,
                        -0.93969262 -0 -0.34202015,
                        -0.98480773 -0 -0.17364818,
                        -1 -0 1.110223e-16,
                        -0.98480773 -0 0.17364818,
                        -0.93969262 -0 0.34202015,
                        -0.86602539 -0 0.5,
                        -0.76604444 -0 0.64278764,
                        -0.64278764 -0 0.76604444,
                        -0.5 -0 0.86602539,
                        -0.34202015 -0 0.93969262,
                        -0.17364818 -0 0.98480773,
                        0 0 1,
                        0 0 1,
                        0 0 1,
                        0 0 1,
                        0 0 -1,
                        0 0 -1,
                        0 0 -1,
                        0 0 -1,
                        -0 -0 1,
                        -0 -0 1,
                        -0.17364818 -0 0.98480773,
                        -0.34202015 -0 0.93969262,
                        -0.5 -0 0.86602539,
                        -0.64278764 -0 0.76604444,
                        -0.76604444 -0 0.64278764,
                        -0.86602539 -0 0.5,
                        -0.93969262 -0 0.34202015,
                        -0.98480773 -0 0.17364818,
                        -1 -0 1.110223e-16,
                        -0.98480773 -0 -0.17364818,
                        -0.93969262 -0 -0.34202015,
                        -0.86602539 -0 -0.5,
                        -0.76604444 -0 -0.64278764,
                        -0.64278764 -0 -0.76604444,
                        -0.5 -0 -0.86602539,
                        -0.34202015 -0 -0.93969262,
                        -0.17364818 -0 -0.98480773,
                        -2.220446e-16 -0 -1,
                        -2.220446e-16 -0 -1,
                        -0.17364818 -0 -0.98480773,
                        -0.34202015 -0 -0.93969262,
                        -0.5 -0 -0.86602539,
                        -0.64278764 -0 -0.76604444,
                        -0.76604444 -0 -0.64278764,
                        -0.86602539 -0 -0.5,
                        -0.93969262 -0 -0.34202015,
                        -0.98480773 -0 -0.17364818,
                        -1 -0 1.110223e-16,
                        -0.98480773 -0 0.17364818,
                        -0.93969262 -0 0.34202015,
                        -0.86602539 -0 0.5,
                        -0.76604444 -0 0.64278764,
                        -0.64278764 -0 0.76604444,
                        -0.5 -0 0.86602539,
                        -0.34202015 -0 0.93969262,
                        -0.17364818 -0 0.98480773,
                        0 0 1,
                        0 0 1,
                        0 0 1,
                        0 0 1,
                        0 -1 0,
                        0 -1 0,
                        0 -1 0,
                        0 -1 0,
                        0 -1 0,
                        0 -1 0,
                        0 -1 0,
                        0 -1 0,
                        0 -1 0,
                        0 -1 0,
                        0 -1 0,
                        0 -1 0,
                        0 -1 0,
                        0 -1 0,
                        0 -1 0,
                        0 -1 0,
                        0 -1 0,
                        0 -1 0,
                        0 -1 0,
                        0 -1 0,
                        0 -1 0,
                        0 0 -1,
                        0 0 -1,
                        0 0 -1,
                        0 0 -1,
                        -0 -0 1,
                        -0 -0 1,
                        -0.17364818 -0 0.98480773,
                        -0.34202015 -0 0.93969262,
                        -0.5 -0 0.86602539,
                        -0.64278764 -0 0.76604444,
                        -0.76604444 -0 0.64278764,
                        -0.86602539 -0 0.5,
                        -0.93969262 -0 0.34202015,
                        -0.98480773 -0 0.17364818,
                        -1 -0 1.110223e-16,
                        -0.98480773 -0 -0.17364818,
                        -0.93969262 -0 -0.34202015,
                        -0.86602539 -0 -0.5,
                        -0.76604444 -0 -0.64278764,
                        -0.64278764 -0 -0.76604444,
                        -0.5 -0 -0.86602539,
                        -0.34202015 -0 -0.93969262,
                        -0.17364818 -0 -0.98480773,
                        -2.220446e-16 -0 -1,
                        -2.220446e-16 -0 -1,
                        -0.17364818 -0 -0.98480773,
                        -0.34202015 -0 -0.93969262,
                        -0.5 -0 -0.86602539,
                        -0.64278764 -0 -0.76604444,
                        -0.76604444 -0 -0.64278764,
                        -0.86602539 -0 -0.5,
                        -0.93969262 -0 -0.34202015,
                        -0.98480773 -0 -0.17364818,
                        -1 -0 1.110223e-16,
                        -0.98480773 -0 0.17364818,
                        -0.93969262 -0 0.34202015,
                        -0.86602539 -0 0.5,
                        -0.76604444 -0 0.64278764,
                        -0.64278764 -0 0.76604444,
                        -0.5 -0 0.86602539,
                        -0.34202015 -0 0.93969262,
                        -0.17364818 -0 0.98480773,
                        0 0 1,
                        0 0 1,
                        0 0 1,
                        0 0 1,
                        0 -1 0,
                        0 -1 0,
                        0 -1 0,
                        0 -1 0,
                        0 -1 0,
                        0 -1 0,
                        0 -1 0,
                        0 -1 0,
                        0 -1 0,
                        0 -1 0,
                        0 -1 0,
                        0 -1 0,
                        0 -1 0,
                        0 -1 0,
                        0 -1 0,
                        0 -1 0,
                        0 -1 0,
                        0 -1 0,
                        0 -1 0,
                        0 -1 0,
                        0 -1 0,
                        0 0 -1,
                        0 0 -1,
                        0 0 -1,
                        0 0 -1,
                        -0 -0 1,
                        -0 -0 1,
                        -0.17364818 -0 0.98480773,
                        -0.34202015 -0 0.93969262,
                        -0.5 -0 0.86602539,
                        -0.64278764 -0 0.76604444,
                        -0.76604444 -0 0.64278764,
                        -0.86602539 -0 0.5,
                        -0.93969262 -0 0.34202015,
                        -0.98480773 -0 0.17364818,
                        -1 -0 1.110223e-16,
                        -0.98480773 -0 -0.17364818,
                        -0.93969262 -0 -0.34202015,
                        -0.86602539 -0 -0.5,
                        -0.76604444 -0 -0.64278764,
                        -0.64278764 -0 -0.76604444,
                        -0.5 -0 -0.86602539,
                        -0.34202015 -0 -0.93969262,
                        -0.17364818 -0 -0.98480773,
                        -2.220446e-16 -0 -1,
                        -2.220446e-16 -0 -1,
                        -0.17364818 -0 -0.98480773,
                        -0.34202015 -0 -0.93969262,
                        -0.5 -0 -0.86602539,
                        -0.64278764 -0 -0.76604444,
                        -0.76604444 -0 -0.64278764,
                        -0.86602539 -0 -0.5,
                        -0.93969262 -0 -0.34202015,
                        -0.98480773 -0 -0.17364818,
                        -1 -0 1.110223e-16,
                        -0.98480773 -0 0.17364818,
                        -0.93969262 -0 0.34202015,
                        -0.86602539 -0 0.5,
                        -0.76604444 -0 0.64278764,
                        -0.64278764 -0 0.76604444,
                        -0.5 -0 0.86602539,
                        -0.34202015 -0 0.93969262,
                        -0.17364818 -0 0.98480773,
                        0 0 1,
                        0 0 1,
                        0 0 1,
                        0 0 1,
                        0 -1 0,
                        0 -1 0,
                        0 -1 0,
                        0 -1 0,
                        0 -1 0,
                        0 -1 0,
                        0 -1 0,
                        0 -1 0,
                        0 -1 0,
                        0 -1 0,
                        0 -1 0,
                        0 -1 0,
                        0 -1 0,
                        0 -1 0,
                        0 -1 0,
                        0 -1 0,
                        0 -1 0,
                        0 -1 0,
                        0 -1 0,
                        0 -1 0,
                        0 -1 0,
                        0 0 -1,
                        0 0 -1,
                        0 0 -1,
                        0 0 -1,
                        0 0 -1,
                        0 0 -1,
                        0 0 -1,
                        0 0 -1,
                        0 0 -1,
                        0 0 -1,
                        0 0 -1,
                        0 0 -1,
                        0 0 -1,
                        0 0 -1,
                        0 0 -1,
                        0 0 -1,
                        0 0 -1,
                        0 0 -1,
                        0 0 -1,
                        0 0 -1,
                        -0 -1 -0,
                        -0 -1 -0,
                        -0 -1 -0,
                        -0 -1 -0,
                        -0 -1 -0,
                        -0 -1 -0,
                        -0 -1 -0,
                        -0 -1 -0,
                        -0 -1 -0,
                        -0 -1 -0,
                        -0 -1 -0,
                        -0 -1 -0,
                        -0 -1 -0,
                        -0 -1 -0,
                        -0 -1 -0,
                        -0 -1 -0,
                        -0 -1 -0,
                        -0 -1 -0,
                        -0 -1 -0,
                        -0 -1 -0,
                        -0 -1 -0,
                        1 -0 -0,
                        1 -0 -0,
                        1 -0 -0,
                        1 -0 -0,
                        -1 -0 -2.220446e-16,
                        -1 -0 -2.220446e-16,
                        -0.98480773 -0 -0.17364818,
                        -0.93969262 -0 -0.34202015,
                        -0.86602539 -0 -0.5,
                        -0.76604444 -0 -0.64278764,
                        -0.64278764 -0 -0.76604444,
                        -0.5 -0 -0.86602539,
                        -0.34202015 -0 -0.93969262,
                        -0.17364818 -0 -0.98480773,
                        2.220446e-16 -0 -1,
                        0.17364818 -0 -0.98480773,
                        0.34202015 -0 -0.93969262,
                        0.5 -0 -0.86602539,
                        0.64278764 -0 -0.76604444,
                        0.76604444 -0 -0.64278764,
                        0.86602539 -0 -0.5,
                        0.93969262 -0 -0.34202015,
                        0.98480773 -0 -0.17364818,
                        1 -0 2.220446e-16,
                        1 -0 2.220446e-16,
                        0.98480773 -0 -0.17364818,
                        0.93969262 -0 -0.34202015,
                        0.86602539 -0 -0.5,
                        0.76604444 -0 -0.64278764,
                        0.64278764 -0 -0.76604444,
                        0.5 -0 -0.86602539,
                        0.34202015 -0 -0.93969262,
                        0.17364818 -0 -0.98480773,
                        2.220446e-16 -0 -1,
                        -0.17364818 -0 -0.98480773,
                        -0.34202015 -0 -0.93969262,
                        -0.5 -0 -0.86602539,
                        -0.64278764 -0 -0.76604444,
                        -0.76604444 -0 -0.64278764,
                        -0.86602539 -0 -0.5,
                        -0.93969262 -0 -0.34202015,
                        -0.98480773 -0 -0.17364818,
                        -1 -0 -0,
                        -1 -0 -0,
                        -1 -0 -0,
                        -1 -0 -0,
                        1 -0 -0,
                        1 -0 -0,
                        1 -0 -0,
                        1 -0 -0,
                        -1 -0 -2.220446e-16,
                        -1 -0 -2.220446e-16,
                        -0.98480773 -0 -0.17364818,
                        -0.93969262 -0 -0.34202015,
                        -0.86602539 -0 -0.5,
                        -0.76604444 -0 -0.64278764,
                        -0.64278764 -0 -0.76604444,
                        -0.5 -0 -0.86602539,
                        -0.34202015 -0 -0.93969262,
                        -0.17364818 -0 -0.98480773,
                        1.6653345e-16 -0 -1,
                        0.17364818 -0 -0.98480773,
                        0.34202015 -0 -0.93969262,
                        0.5 -0 -0.86602539,
                        0.64278764 -0 -0.76604444,
                        0.76604444 -0 -0.64278764,
                        0.86602539 -0 -0.5,
                        0.93969262 -0 -0.34202015,
                        0.98480773 -0 -0.17364818,
                        1 -0 2.220446e-16,
                        1 -0 2.220446e-16,
                        0.98480773 -0 -0.17364818,
                        0.93969262 -0 -0.34202015,
                        0.86602539 -0 -0.5,
                        0.76604444 -0 -0.64278764,
                        0.64278764 -0 -0.76604444,
                        0.5 -0 -0.86602539,
                        0.34202015 -0 -0.93969262,
                        0.17364818 -0 -0.98480773,
                        1.6653345e-16 -0 -1,
                        -0.17364818 -0 -0.98480773,
                        -0.34202015 -0 -0.93969262,
                        -0.5 -0 -0.86602539,
                        -0.64278764 -0 -0.76604444,
                        -0.76604444 -0 -0.64278764,
                        -0.86602539 -0 -0.5,
                        -0.93969262 -0 -0.34202015,
                        -0.98480773 -0 -0.17364818,
                        -1 -0 -0,
                        -1 -0 -0,
                        -1 -0 -0,
                        -1 -0 -0,
                        -0 -1 -0,
                        -0 -1 -0,
                        -0 -1 -0,
                        -0 -1 -0,
                        -0 -1 -0,
                        -0 -1 -0,
                        -0 -1 -0,
                        -0 -1 -0,
                        -0 -1 -0,
                        -0 -1 -0,
                        -0 -1 -0,
                        -0 -1 -0,
                        -0 -1 -0,
                        -0 -1 -0,
                        -0 -1 -0,
                        -0 -1 -0,
                        -0 -1 -0,
                        -0 -1 -0,
                        -0 -1 -0,
                        -0 -1 -0,
                        -0 -1 -0,
                        1 -0 -0,
                        1 -0 -0,
                        1 -0 -0,
                        1 -0 -0,
                        -1 -0 -2.220446e-16,
                        -1 -0 -2.220446e-16,
                        -0.98480773 -0 -0.17364818,
                        -0.93969262 -0 -0.34202015,
                        -0.86602539 -0 -0.5,
                        -0.76604444 -0 -0.64278764,
                        -0.64278764 -0 -0.76604444,
                        -0.5 -0 -0.86602539,
                        -0.34202015 -0 -0.93969262,
                        -0.17364818 -0 -0.98480773,
                        1.9428903e-16 -0 -1,
                        0.17364818 -0 -0.98480773,
                        0.34202015 -0 -0.93969262,
                        0.5 -0 -0.86602539,
                        0.64278764 -0 -0.76604444,
                        0.76604444 -0 -0.64278764,
                        0.86602539 -0 -0.5,
                        0.93969262 -0 -0.34202015,
                        0.98480773 -0 -0.17364818,
                        1 -0 2.220446e-16,
                        1 -0 2.220446e-16,
                        0.98480773 -0 -0.17364818,
                        0.93969262 -0 -0.34202015,
                        0.86602539 -0 -0.5,
                        0.76604444 -0 -0.64278764,
                        0.64278764 -0 -0.76604444,
                        0.5 -0 -0.86602539,
                        0.34202015 -0 -0.93969262,
                        0.17364818 -0 -0.98480773,
                        1.9428903e-16 -0 -1,
                        -0.17364818 -0 -0.98480773,
                        -0.34202015 -0 -0.93969262,
                        -0.5 -0 -0.86602539,
                        -0.64278764 -0 -0.76604444,
                        -0.76604444 -0 -0.64278764,
                        -0.86602539 -0 -0.5,
                        -0.93969262 -0 -0.34202015,
                        -0.98480773 -0 -0.17364818,
                        -1 -0 -0,
                        -1 -0 -0,
                        -1 -0 -0,
                        -1 -0 -0,
                        -0 -1 -0,
                        -0 -1 -0,
                        -0 -1 -0,
                        -0 -1 -0,
                        -0 -1 -0,
                        -0 -1 -0,
                        -0 -1 -0,
                        -0 -1 -0,
                        -0 -1 -0,
                        -0 -1 -0,
                        -0 -1 -0,
                        -0 -1 -0,
                        -0 -1 -0,
                        -0 -1 -0,
                        -0 -1 -0,
                        -0 -1 -0,
                        -0 -1 -0,
                        -0 -1 -0,
                        -0 -1 -0,
                        -0 -1 -0,
                        -0 -1 -0,
                        1 -0 -0,
                        1 -0 -0,
                        1 -0 -0,
                        1 -0 -0,
                        -1 -0 -2.220446e-16,
                        -1 -0 -2.220446e-16,
                        -0.98480773 -0 -0.17364818,
                        -0.93969262 -0 -0.34202015,
                        -0.86602539 -0 -0.5,
                        -0.76604444 -0 -0.64278764,
                        -0.64278764 -0 -0.76604444,
                        -0.5 -0 -0.86602539,
                        -0.34202015 -0 -0.93969262,
                        -0.17364818 -0 -0.98480773,
                        2.220446e-16 -0 -1,
                        0.17364818 -0 -0.98480773,
                        0.34202015 -0 -0.93969262,
                        0.5 -0 -0.86602539,
                        0.64278764 -0 -0.76604444,
                        0.76604444 -0 -0.64278764,
                        0.86602539 -0 -0.5,
                        0.93969262 -0 -0.34202015,
                        0.98480773 -0 -0.17364818,
                        1 -0 2.220446e-16,
                        1 -0 2.220446e-16,
                        0.98480773 -0 -0.17364818,
                        0.93969262 -0 -0.34202015,
                        0.86602539 -0 -0.5,
                        0.76604444 -0 -0.64278764,
                        0.64278764 -0 -0.76604444,
                        0.5 -0 -0.86602539,
                        0.34202015 -0 -0.93969262,
                        0.17364818 -0 -0.98480773,
                        2.220446e-16 -0 -1,
                        -0.17364818 -0 -0.98480773,
                        -0.34202015 -0 -0.93969262,
                        -0.5 -0 -0.86602539,
                        -0.64278764 -0 -0.76604444,
                        -0.76604444 -0 -0.64278764,
                        -0.86602539 -0 -0.5,
                        -0.93969262 -0 -0.34202015,
                        -0.98480773 -0 -0.17364818,
                        -1 -0 -0,
                        -1 -0 -0,
                        -1 -0 -0,
                        -1 -0 -0,
                        -0 -1 -0,
                        -0 -1 -0,
                        -0 -1 -0,
                        -0 -1 -0,
                        -0 -1 -0,
                        -0 -1 -0,
                        -0 -1 -0,
                        -0 -1 -0,
                        -0 -1 -0,
                        -0 -1 -0,
                        -0 -1 -0,
                        -0 -1 -0,
                        -0 -1 -0,
                        -0 -1 -0,
                        -0 -1 -0,
                        -0 -1 -0,
                        -0 -1 -0,
                        -0 -1 -0,
                        -0 -1 -0,
                        -0 -1 -0,
                        -0 -1 -0,
                        1 0 0,
                        1 0 0,
                        1 0 0,
                        1 0 0,
                        1 0 0,
                        1 0 0,
                        1 0 0,
                        1 0 0,
                        1 0 0,
                        1 0 0,
                        1 0 0,
                        1 0 0,
                        1 0 0,
                        1 0 0,
                        1 0 0,
                        1 0 0,
                        1 0 0,
                        1 0 0,
                        1 0 0,
                        1 0 0,
                        -0 -0 1,
                        -0 -0 1,
                        -0 -0 1,
                        -0 -0 1,
                        2.220446e-16 -0 -1,
                        2.220446e-16 -0 -1,
                        0.17364818 -0 -0.98480773,
                        0.34202015 -0 -0.93969262,
                        0.5 -0 -0.86602539,
                        0.64278764 -0 -0.76604444,
                        0.76604444 -0 -0.64278764,
                        0.86602539 -0 -0.5,
                        0.93969262 -0 -0.34202015,
                        0.98480773 -0 -0.17364818,
                        1 -0 1.110223e-16,
                        0.98480773 -0 0.17364818,
                        0.93969262 -0 0.34202015,
                        0.86602539 -0 0.5,
                        0.76604444 -0 0.64278764,
                        0.64278764 -0 0.76604444,
                        0.5 -0 0.86602539,
                        0.34202015 -0 0.93969262,
                        0.17364818 -0 0.98480773,
                        -0 -0 1,
                        -0 -0 1,
                        0.17364818 -0 0.98480773,
                        0.34202015 -0 0.93969262,
                        0.5 -0 0.86602539,
                        0.64278764 -0 0.76604444,
                        0.76604444 -0 0.64278764,
                        0.86602539 -0 0.5,
                        0.93969262 -0 0.34202015,
                        0.98480773 -0 0.17364818,
                        1 -0 1.110223e-16,
                        0.98480773 -0 -0.17364818,
                        0.93969262 -0 -0.34202015,
                        0.86602539 -0 -0.5,
                        0.76604444 -0 -0.64278764,
                        0.64278764 -0 -0.76604444,
                        0.5 -0 -0.86602539,
                        0.34202015 -0 -0.93969262,
                        0.17364818 -0 -0.98480773,
                        -0 -0 -1,
                        -0 -0 -1,
                        -0 -0 -1,
                        -0 -0 -1,
                        -0 -1 -0,
                        -0 -1 -0,
                        -0 -1 -0,
                        -0 -1 -0,
                        -0 -1 -0,
                        -0 -1 -0,
                        -0 -1 -0,
                        -0 -1 -0,
                        -0 -1 -0,
                        -0 -1 -0,
                        -0 -1 -0,
                        -0 -1 -0,
                        -0 -1 -0,
                        -0 -1 -0,
                        -0 -1 -0,
                        -0 -1 -0,
                        -0 -1 -0,
                        -0 -1 -0,
                        -0 -1 -0,
                        -0 -1 -0,
                        -0 -1 -0,
                        0 0 1,
                        0 0 1,
                        0 0 1,
                        0 0 1,
                        0 0 1,
                        0 0 1,
                        0 0 1,
                        0 0 1,
                        0 0 1,
                        0 0 1,
                        0 0 1,
                        0 0 1,
                        0 0 1,
                        0 0 1,
                        0 0 1,
                        0 0 1,
                        0 0 1,
                        0 0 1,
                        0 0 1,
                        0 0 1,
                        0 -1 0,
                        0 -1 0,
                        0 -1 0,
                        0 -1 0,
                        0 -1 0,
                        0 -1 0,
                        0 -1 0,
                        0 -1 0,
                        0 -1 0,
                        0 -1 0,
                        0 -1 0,
                        0 -1 0,
                        0 -1 0,
                        0 -1 0,
                        0 -1 0,
                        0 -1 0,
                        0 -1 0,
                        0 -1 0,
                        0 -1 0,
                        0 -1 0,
                        0 -1 0,
                        -1 0 0,
                        -1 0 0,
                        -1 0 0,
                        -1 0 0,
                        1 -0 -2.220446e-16,
                        1 -0 -2.220446e-16,
                        0.98480773 -0 0.17364818,
                        0.93969262 -0 0.34202015,
                        0.86602539 -0 0.5,
                        0.76604444 -0 0.64278764,
                        0.64278764 -0 0.76604444,
                        0.5 -0 0.86602539,
                        0.34202015 -0 0.93969262,
                        0.17364818 -0 0.98480773,
                        2.220446e-16 -0 1,
                        -0.17364818 -0 0.98480773,
                        -0.34202015 -0 0.93969262,
                        -0.5 -0 0.86602539,
                        -0.64278764 -0 0.76604444,
                        -0.76604444 -0 0.64278764,
                        -0.86602539 -0 0.5,
                        -0.93969262 -0 0.34202015,
                        -0.98480773 -0 0.17364818,
                        -1 -0 2.220446e-16,
                        -1 -0 2.220446e-16,
                        -0.98480773 -0 0.17364818,
                        -0.93969262 -0 0.34202015,
                        -0.86602539 -0 0.5,
                        -0.76604444 -0 0.64278764,
                        -0.64278764 -0 0.76604444,
                        -0.5 -0 0.86602539,
                        -0.34202015 -0 0.93969262,
                        -0.17364818 -0 0.98480773,
                        2.220446e-16 -0 1,
                        0.17364818 -0 0.98480773,
                        0.34202015 -0 0.93969262,
                        0.5 -0 0.86602539,
                        0.64278764 -0 0.76604444,
                        0.76604444 -0 0.64278764,
                        0.86602539 -0 0.5,
                        0.93969262 -0 0.34202015,
                        0.98480773 -0 0.17364818,
                        1 0 0,
                        1 0 0,
                        1 0 0,
                        1 0 0,
                        0 1 0,
                        0 1 0,
                        0 1 0,
                        0 1 0,
                        -1 0 0,
                        -1 0 0,
                        -1 0 0,
                        -1 0 0,
                        1 -0 -2.220446e-16,
                        1 -0 -2.220446e-16,
                        0.98480773 -0 0.17364818,
                        0.93969262 -0 0.34202015,
                        0.86602539 -0 0.5,
                        0.76604444 -0 0.64278764,
                        0.64278764 -0 0.76604444,
                        0.5 -0 0.86602539,
                        0.34202015 -0 0.93969262,
                        0.17364818 -0 0.98480773,
                        2.220446e-16 -0 1,
                        -0.17364818 -0 0.98480773,
                        -0.34202015 -0 0.93969262,
                        -0.5 -0 0.86602539,
                        -0.64278764 -0 0.76604444,
                        -0.76604444 -0 0.64278764,
                        -0.86602539 -0 0.5,
                        -0.93969262 -0 0.34202015,
                        -0.98480773 -0 0.17364818,
                        -1 -0 2.220446e-16,
                        -1 -0 2.220446e-16,
                        -0.98480773 -0 0.17364818,
                        -0.93969262 -0 0.34202015,
                        -0.86602539 -0 0.5,
                        -0.76604444 -0 0.64278764,
                        -0.64278764 -0 0.76604444,
                        -0.5 -0 0.86602539,
                        -0.34202015 -0 0.93969262,
                        -0.17364818 -0 0.98480773,
                        2.220446e-16 -0 1,
                        0.17364818 -0 0.98480773,
                        0.34202015 -0 0.93969262,
                        0.5 -0 0.86602539,
                        0.64278764 -0 0.76604444,
                        0.76604444 -0 0.64278764,
                        0.86602539 -0 0.5,
                        0.93969262 -0 0.34202015,
                        0.98480773 -0 0.17364818,
                        1 0 0,
                        1 0 0,
                        1 0 0,
                        1 0 0,
                        0 -1 0,
                        0 -1 0,
                        0 -1 0,
                        0 -1 0,
                        0 -1 0,
                        0 -1 0,
                        0 -1 0,
                        0 -1 0,
                        0 -1 0,
                        0 -1 0,
                        0 -1 0,
                        0 -1 0,
                        0 -1 0,
                        0 -1 0,
                        0 -1 0,
                        0 -1 0,
                        0 -1 0,
                        0 -1 0,
                        0 -1 0,
                        0 -1 0,
                        0 -1 0,
                        -1 0 0,
                        -1 0 0,
                        -1 0 0,
                        -1 0 0,
                        1 -0 -2.220446e-16,
                        1 -0 -2.220446e-16,
                        0.98480773 -0 0.17364818,
                        0.93969262 -0 0.34202015,
                        0.86602539 -0 0.5,
                        0.76604444 -0 0.64278764,
                        0.64278764 -0 0.76604444,
                        0.5 -0 0.86602539,
                        0.34202015 -0 0.93969262,
                        0.17364818 -0 0.98480773,
                        1.9428903e-16 -0 1,
                        -0.17364818 -0 0.98480773,
                        -0.34202015 -0 0.93969262,
                        -0.5 -0 0.86602539,
                        -0.64278764 -0 0.76604444,
                        -0.76604444 -0 0.64278764,
                        -0.86602539 -0 0.5,
                        -0.93969262 -0 0.34202015,
                        -0.98480773 -0 0.17364818,
                        -1 -0 2.220446e-16,
                        -1 -0 2.220446e-16,
                        -0.98480773 -0 0.17364818,
                        -0.93969262 -0 0.34202015,
                        -0.86602539 -0 0.5,
                        -0.76604444 -0 0.64278764,
                        -0.64278764 -0 0.76604444,
                        -0.5 -0 0.86602539,
                        -0.34202015 -0 0.93969262,
                        -0.17364818 -0 0.98480773,
                        1.9428903e-16 -0 1,
                        0.17364818 -0 0.98480773,
                        0.34202015 -0 0.93969262,
                        0.5 -0 0.86602539,
                        0.64278764 -0 0.76604444,
                        0.76604444 -0 0.64278764,
                        0.86602539 -0 0.5,
                        0.93969262 -0 0.34202015,
                        0.98480773 -0 0.17364818,
                        1 0 0,
                        1 0 0,
                        1 0 0,
                        1 0 0,
                        0 -1 0,
                        0 -1 0,
                        0 -1 0,
                        0 -1 0,
                        0 -1 0,
                        0 -1 0,
                        0 -1 0,
                        0 -1 0,
                        0 -1 0,
                        0 -1 0,
                        0 -1 0,
                        0 -1 0,
                        0 -1 0,
                        0 -1 0,
                        0 -1 0,
                        0 -1 0,
                        0 -1 0,
                        0 -1 0,
                        0 -1 0,
                        0 -1 0,
                        0 -1 0,
                        -1 0 0,
                        -1 0 0,
                        -1 0 0,
                        -1 0 0,
                        1 -0 -2.220446e-16,
                        1 -0 -2.220446e-16,
                        0.98480773 -0 0.17364818,
                        0.93969262 -0 0.34202015,
                        0.86602539 -0 0.5,
                        0.76604444 -0 0.64278764,
                        0.64278764 -0 0.76604444,
                        0.5 -0 0.86602539,
                        0.34202015 -0 0.93969262,
                        0.17364818 -0 0.98480773,
                        1.6653345e-16 -0 1,
                        -0.17364818 -0 0.98480773,
                        -0.34202015 -0 0.93969262,
                        -0.5 -0 0.86602539,
                        -0.64278764 -0 0.76604444,
                        -0.76604444 -0 0.64278764,
                        -0.86602539 -0 0.5,
                        -0.93969262 -0 0.34202015,
                        -0.98480773 -0 0.17364818,
                        -1 -0 2.220446e-16,
                        -1 -0 2.220446e-16,
                        -0.98480773 -0 0.17364818,
                        -0.93969262 -0 0.34202015,
                        -0.86602539 -0 0.5,
                        -0.76604444 -0 0.64278764,
                        -0.64278764 -0 0.76604444,
                        -0.5 -0 0.86602539,
                        -0.34202015 -0 0.93969262,
                        -0.17364818 -0 0.98480773,
                        1.6653345e-16 -0 1,
                        0.17364818 -0 0.98480773,
                        0.34202015 -0 0.93969262,
                        0.5 -0 0.86602539,
                        0.64278764 -0 0.76604444,
                        0.76604444 -0 0.64278764,
                        0.86602539 -0 0.5,
                        0.93969262 -0 0.34202015,
                        0.98480773 -0 0.17364818,
                        1 0 0,
                        1 0 0,
                        1 0 0,
                        1 0 0,
                        0 -1 0,
                        0 -1 0,
                        0 -1 0,
                        0 -1 0,
                        0 -1 0,
                        0 -1 0,
                        0 -1 0,
                        0 -1 0,
                        0 -1 0,
                        0 -1 0,
                        0 -1 0,
                        0 -1 0,
                        0 -1 0,
                        0 -1 0,
                        0 -1 0,
                        0 -1 0,
                        0 -1 0,
                        0 -1 0,
                        0 -1 0,
                        0 -1 0,
                        0 -1 0,
                        -0 -0 1,
                        -0 -0 1,
                        -0 -0 1,
                        -0 -0 1,
                        2.220446e-16 -0 -1,
                        2.220446e-16 -0 -1,
                        0.17364818 -0 -0.98480773,
                        0.34202015 -0 -0.93969262,
                        0.5 -0 -0.86602539,
                        0.64278764 -0 -0.76604444,
                        0.76604444 -0 -0.64278764,
                        0.86602539 -0 -0.5,
                        0.93969262 -0 -0.34202015,
                        0.98480773 -0 -0.17364818,
                        1 -0 1.110223e-16,
                        0.98480773 -0 0.17364818,
                        0.93969262 -0 0.34202015,
                        0.86602539 -0 0.5,
                        0.76604444 -0 0.64278764,
                        0.64278764 -0 0.76604444,
                        0.5 -0 0.86602539,
                        0.34202015 -0 0.93969262,
                        0.17364818 -0 0.98480773,
                        -0 -0 1,
                        -0 -0 1,
                        0.17364818 -0 0.98480773,
                        0.34202015 -0 0.93969262,
                        0.5 -0 0.86602539,
                        0.64278764 -0 0.76604444,
                        0.76604444 -0 0.64278764,
                        0.86602539 -0 0.5,
                        0.93969262 -0 0.34202015,
                        0.98480773 -0 0.17364818,
                        1 -0 1.110223e-16,
                        0.98480773 -0 -0.17364818,
                        0.93969262 -0 -0.34202015,
                        0.86602539 -0 -0.5,
                        0.76604444 -0 -0.64278764,
                        0.64278764 -0 -0.76604444,
                        0.5 -0 -0.86602539,
                        0.34202015 -0 -0.93969262,
                        0.17364818 -0 -0.98480773,
                        -0 -0 -1,
                        -0 -0 -1,
                        -0 -0 -1,
                        -0 -0 -1,
                        -0 -1 -0,
                        -0 -1 -0,
                        -0 -1 -0,
                        -0 -1 -0,
                        -0 -1 -0,
                        -0 -1 -0,
                        -0 -1 -0,
                        -0 -1 -0,
                        -0 -1 -0,
                        -0 -1 -0,
                        -0 -1 -0,
                        -0 -1 -0,
                        -0 -1 -0,
                        -0 -1 -0,
                        -0 -1 -0,
                        -0 -1 -0,
                        -0 -1 -0,
                        -0 -1 -0,
                        -0 -1 -0,
                        -0 -1 -0,
                        -0 -1 -0,
                        -0 -0 1,
                        -0 -0 1,
                        -0 -0 1,
                        -0 -0 1,
                        2.220446e-16 -0 -1,
                        2.220446e-16 -0 -1,
                        0.17364818 -0 -0.98480773,
                        0.34202015 -0 -0.93969262,
                        0.5 -0 -0.86602539,
                        0.64278764 -0 -0.76604444,
                        0.76604444 -0 -0.64278764,
                        0.86602539 -0 -0.5,
                        0.93969262 -0 -0.34202015,
                        0.98480773 -0 -0.17364818,
                        1 -0 1.110223e-16,
                        0.98480773 -0 0.17364818,
                        0.93969262 -0 0.34202015,
                        0.86602539 -0 0.5,
                        0.76604444 -0 0.64278764,
                        0.64278764 -0 0.76604444,
                        0.5 -0 0.86602539,
                        0.34202015 -0 0.93969262,
                        0.17364818 -0 0.98480773,
                        -0 -0 1,
                        -0 -0 1,
                        0.17364818 -0 0.98480773,
                        0.34202015 -0 0.93969262,
                        0.5 -0 0.86602539,
                        0.64278764 -0 0.76604444,
                        0.76604444 -0 0.64278764,
                        0.86602539 -0 0.5,
                        0.93969262 -0 0.34202015,
                        0.98480773 -0 0.17364818,
                        1 -0 1.110223e-16,
                        0.98480773 -0 -0.17364818,
                        0.93969262 -0 -0.34202015,
                        0.86602539 -0 -0.5,
                        0.76604444 -0 -0.64278764,
                        0.64278764 -0 -0.76604444,
                        0.5 -0 -0.86602539,
                        0.34202015 -0 -0.93969262,
                        0.17364818 -0 -0.98480773,
                        -0 -0 -1,
                        -0 -0 -1,
                        -0 -0 -1,
                        -0 -0 -1,
                        -0 -1 -0,
                        -0 -1 -0,
                        -0 -1 -0,
                        -0 -1 -0,
                        -0 -1 -0,
                        -0 -1 -0,
                        -0 -1 -0,
                        -0 -1 -0,
                        -0 -1 -0,
                        -0 -1 -0,
                        -0 -1 -0,
                        -0 -1 -0,
                        -0 -1 -0,
                        -0 -1 -0,
                        -0 -1 -0,
                        -0 -1 -0,
                        -0 -1 -0,
                        -0 -1 -0,
                        -0 -1 -0,
                        -0 -1 -0,
                        -0 -1 -0,
                        -0 -0 1,
                        -0 -0 1,
                        -0 -0 1,
                        -0 -0 1,
                        2.220446e-16 -0 -1,
                        2.220446e-16 -0 -1,
                        0.17364818 -0 -0.98480773,
                        0.34202015 -0 -0.93969262,
                        0.5 -0 -0.86602539,
                        0.64278764 -0 -0.76604444,
                        0.76604444 -0 -0.64278764,
                        0.86602539 -0 -0.5,
                        0.93969262 -0 -0.34202015,
                        0.98480773 -0 -0.17364818,
                        1 -0 1.110223e-16,
                        0.98480773 -0 0.17364818,
                        0.93969262 -0 0.34202015,
                        0.86602539 -0 0.5,
                        0.76604444 -0 0.64278764,
                        0.64278764 -0 0.76604444,
                        0.5 -0 0.86602539,
                        0.34202015 -0 0.93969262,
                        0.17364818 -0 0.98480773,
                        -0 -0 1,
                        -0 -0 1,
                        0.17364818 -0 0.98480773,
                        0.34202015 -0 0.93969262,
                        0.5 -0 0.86602539,
                        0.64278764 -0 0.76604444,
                        0.76604444 -0 0.64278764,
                        0.86602539 -0 0.5,
                        0.93969262 -0 0.34202015,
                        0.98480773 -0 0.17364818,
                        1 -0 1.110223e-16,
                        0.98480773 -0 -0.17364818,
                        0.93969262 -0 -0.34202015,
                        0.86602539 -0 -0.5,
                        0.76604444 -0 -0.64278764,
                        0.64278764 -0 -0.76604444,
                        0.5 -0 -0.86602539,
                        0.34202015 -0 -0.93969262,
                        0.17364818 -0 -0.98480773,
                        -0 -0 -1,
                        -0 -0 -1,
                        -0 -0 -1,
                        -0 -0 -1,
                        -0 -1 -0,
                        -0 -1 -0,
                        -0 -1 -0,
                        -0 -1 -0,
                        -0 -1 -0,
                        -0 -1 -0,
                        -0 -1 -0,
                        -0 -1 -0,
                        -0 -1 -0,
                        -0 -1 -0,
                        -0 -1 -0,
                        -0 -1 -0,
                        -0 -1 -0,
                        -0 -1 -0,
                        -0 -1 -0,
                        -0 -1 -0,
                        -0 -1 -0,
                        -0 -1 -0,
                        -0 -1 -0,
                        -0 -1 -0,
                        -0 -1 -0,
                        -0 -0 1,
                        -0 -0 1,
                        -0 -0 1,
                        -0 -0 1,
                        0.70710677 -0 0.70710677,
                        0.70710677 -0 0.70710677,
                        0.70710677 -0 0.70710677,
                        0.70710677 -0 0.70710677,
                        1 -0 -0,
                        1 -0 -0,
                        1 -0 -0,
                        1 -0 -0,
                        -0 -0 -1,
                        -0 -0 -1,
                        -0 -0 -1,
                        -0 -0 -1,
                        -1 -0 -0,
                        -1 -0 -0,
                        -1 -0 -0,
                        -1 -0 -0,
                        1 -0 -0,
                        1 -0 -0,
                        1 -0 -0,
                        1 -0 -0,
                        -0 -0 -1,
                        -0 -0 -1,
                        -0 -0 -1,
                        -0 -0 -1,
                        -1 -0 -0,
                        -1 -0 -0,
                        -1 -0 -0,
                        -1 -0 -0,
                        -0 -0 1,
                        -0 -0 1,
                        -0 -0 1,
                        -0 -0 1,
                        -0 -1 -0,
                        -0 -1 -0,
                        -0 -1 -0,
                        -0 -1 -0

                      ]
                    }
                    coordIndex [
                      2 1 0 -1 
                      154 2 0 -1 
                      56 55 54 -1 
                      72 165 164 -1 
                      167 166 174 -1 
                      5 3 6 -1 
                      173 168 167 -1 
                      172 169 168 -1 
                      171 170 169 -1 
                      6 3 170 -1 
                      5 4 3 -1 
                      72 166 165 -1 
                      171 6 170 -1 
                      162 72 163 -1 
                      172 171 169 -1 
                      173 172 168 -1 
                      174 173 167 -1 
                      175 174 166 -1 
                      72 175 166 -1 
                      72 176 175 -1 
                      72 164 163 -1 
                      367 368 68 -1 
                      193 182 181 -1 
                      192 183 182 -1 
                      9 7 10 -1 
                      190 185 184 -1 
                      189 186 185 -1 
                      188 187 186 -1 
                      10 7 187 -1 
                      9 8 7 -1 
                      191 184 183 -1 
                      194 181 180 -1 
                      188 10 187 -1 
                      189 188 186 -1 
                      190 189 185 -1 
                      191 190 184 -1 
                      192 191 183 -1 
                      193 192 182 -1 
                      194 193 181 -1 
                      195 194 180 -1 
                      72 195 180 -1 
                      210 199 198 -1 
                      209 200 199 -1 
                      13 11 14 -1 
                      207 202 201 -1 
                      206 203 202 -1 
                      205 204 203 -1 
                      14 11 204 -1 
                      13 12 11 -1 
                      208 201 200 -1 
                      71 198 197 -1 
                      205 14 204 -1 
                      206 205 203 -1 
                      207 206 202 -1 
                      208 207 201 -1 
                      209 208 200 -1 
                      210 209 199 -1 
                      211 210 198 -1 
                      71 211 198 -1 
                      211 71 212 -1 
                      212 71 213 -1 
                      71 214 213 -1 
                      71 217 216 -1 
                      219 218 71 -1 
                      220 219 71 -1 
                      221 220 71 -1 
                      15 221 71 -1 
                      16 15 17 -1 
                      71 218 217 -1 
                      71 216 215 -1 
                      71 17 15 -1 
                      19 18 17 -1 
                      71 19 17 -1 
                      71 222 19 -1 
                      71 223 222 -1 
                      71 224 223 -1 
                      71 225 224 -1 
                      71 226 225 -1 
                      71 227 226 -1 
                      229 228 71 -1 
                      230 229 71 -1 
                      231 230 71 -1 
                      246 245 71 -1 
                      71 232 231 -1 
                      244 233 232 -1 
                      243 234 233 -1 
                      242 235 234 -1 
                      241 236 235 -1 
                      240 237 236 -1 
                      239 238 237 -1 
                      23 20 238 -1 
                      22 21 20 -1 
                      23 22 20 -1 
                      239 23 238 -1 
                      240 239 237 -1 
                      241 240 236 -1 
                      242 241 235 -1 
                      243 242 234 -1 
                      244 243 233 -1 
                      245 244 232 -1 
                      71 245 232 -1 
                      262 249 248 -1 
                      261 250 249 -1 
                      260 251 250 -1 
                      259 252 251 -1 
                      258 253 252 -1 
                      257 254 253 -1 
                      256 255 254 -1 
                      27 24 255 -1 
                      26 25 24 -1 
                      27 26 24 -1 
                      256 27 255 -1 
                      257 256 254 -1 
                      258 257 253 -1 
                      259 258 252 -1 
                      260 259 251 -1 
                      261 260 250 -1 
                      262 261 249 -1 
                      263 262 248 -1 
                      70 266 265 -1 
                      278 267 266 -1 
                      277 268 267 -1 
                      275 270 269 -1 
                      274 271 270 -1 
                      273 272 271 -1 
                      31 28 272 -1 
                      30 29 28 -1 
                      276 269 268 -1 
                      31 30 28 -1 
                      273 31 272 -1 
                      274 273 271 -1 
                      275 274 270 -1 
                      276 275 269 -1 
                      277 276 268 -1 
                      278 277 267 -1 
                      279 278 266 -1 
                      70 279 266 -1 
                      279 70 280 -1 
                      280 70 281 -1 
                      70 282 281 -1 
                      70 284 283 -1 
                      70 285 284 -1 
                      70 286 285 -1 
                      70 287 286 -1 
                      70 288 287 -1 
                      70 289 288 -1 
                      70 32 289 -1 
                      34 33 32 -1 
                      70 34 32 -1 
                      36 35 34 -1 
                      70 36 34 -1 
                      70 306 36 -1 
                      70 305 306 -1 
                      70 304 305 -1 
                      70 303 304 -1 
                      70 302 303 -1 
                      70 301 302 -1 
                      299 300 70 -1 
                      298 299 70 -1 
                      297 298 70 -1 
                      316 317 70 -1 
                      70 296 297 -1 
                      318 295 296 -1 
                      319 294 295 -1 
                      320 293 294 -1 
                      322 291 292 -1 
                      323 290 291 -1 
                      40 37 290 -1 
                      39 38 37 -1 
                      321 292 293 -1 
                      40 39 37 -1 
                      323 40 290 -1 
                      322 323 291 -1 
                      321 322 292 -1 
                      320 321 293 -1 
                      319 320 294 -1 
                      318 319 295 -1 
                      317 318 296 -1 
                      70 317 296 -1 
                      334 313 314 -1 
                      335 312 313 -1 
                      336 311 312 -1 
                      337 310 311 -1 
                      339 308 309 -1 
                      340 307 308 -1 
                      44 41 307 -1 
                      43 42 41 -1 
                      338 309 310 -1 
                      44 43 41 -1 
                      340 44 307 -1 
                      339 340 308 -1 
                      338 339 309 -1 
                      337 338 310 -1 
                      336 337 311 -1 
                      335 336 312 -1 
                      334 335 313 -1 
                      333 334 314 -1 
                      385 386 364 -1 
                      68 330 331 -1 
                      352 329 330 -1 
                      353 328 329 -1 
                      354 327 328 -1 
                      356 325 326 -1 
                      357 324 325 -1 
                      48 45 324 -1 
                      47 46 45 -1 
                      355 326 327 -1 
                      48 47 45 -1 
                      357 48 324 -1 
                      356 357 325 -1 
                      355 356 326 -1 
                      354 355 327 -1 
                      353 354 328 -1 
                      352 353 329 -1 
                      351 352 330 -1 
                      68 351 330 -1 
                      350 68 349 -1 
                      68 348 349 -1 
                      68 346 347 -1 
                      68 51 49 -1 
                      68 344 345 -1 
                      68 343 344 -1 
                      68 342 343 -1 
                      68 341 342 -1 
                      68 49 341 -1 
                      51 50 49 -1 
                      68 345 346 -1 
                      351 68 350 -1 
                      53 52 51 -1 
                      68 53 51 -1 
                      68 374 53 -1 
                      68 373 374 -1 
                      68 372 373 -1 
                      68 371 372 -1 
                      68 370 371 -1 
                      68 369 370 -1 
                      366 367 68 -1 
                      365 366 68 -1 
                      384 385 68 -1 
                      68 364 365 -1 
                      386 363 364 -1 
                      387 362 363 -1 
                      388 361 362 -1 
                      390 359 360 -1 
                      391 358 359 -1 
                      57 54 358 -1 
                      389 360 361 -1 
                      57 56 54 -1 
                      391 57 358 -1 
                      390 391 359 -1 
                      389 390 360 -1 
                      388 389 361 -1 
                      72 180 179 -1 
                      387 388 362 -1 
                      386 387 363 -1 
                      68 385 364 -1 
                      72 179 178 -1 
                      402 403 381 -1 
                      404 379 380 -1 
                      405 378 379 -1 
                      406 377 378 -1 
                      408 375 376 -1 
                      60 59 58 -1 
                      61 58 375 -1 
                      407 376 377 -1 
                      61 60 58 -1 
                      403 380 381 -1 
                      408 61 375 -1 
                      157 156 412 -1 
                      407 408 376 -1 
                      161 72 162 -1 
                      406 407 377 -1 
                      402 381 382 -1 
                      405 406 378 -1 
                      404 405 379 -1 
                      403 404 380 -1 
                      158 72 159 -1 
                      401 402 382 -1 
                      69 401 382 -1 
                      69 400 401 -1 
                      418 419 69 -1 
                      69 72 158 -1 
                      157 413 158 -1 
                      69 396 397 -1 
                      422 395 396 -1 
                      423 394 395 -1 
                      425 392 393 -1 
                      64 63 62 -1 
                      65 62 392 -1 
                      424 393 394 -1 
                      65 64 62 -1 
                      413 69 158 -1 
                      425 65 392 -1 
                      69 397 398 -1 
                      424 425 393 -1 
                      72 160 159 -1 
                      423 424 394 -1 
                      161 160 72 -1 
                      422 423 395 -1 
                      69 398 399 -1 
                      421 422 396 -1 
                      411 156 155 -1 
                      69 421 396 -1 
                      69 420 421 -1 
                      410 155 154 -1 
                      69 419 420 -1 
                      417 418 69 -1 
                      416 417 69 -1 
                      409 154 0 -1 
                      415 416 69 -1 
                      414 415 69 -1 
                      413 414 69 -1 
                      412 413 157 -1 
                      411 412 156 -1 
                      410 411 155 -1 
                      409 410 154 -1 
                      66 409 0 -1 
                      67 66 0 -1 
                      72 178 177 -1 
                      69 399 400 -1 
                      68 347 348 -1 
                      68 368 369 -1 
                      68 331 332 -1 
                      69 382 383 -1 
                      383 384 68 -1 
                      69 383 68 -1 
                      70 283 282 -1 
                      70 300 301 -1 
                      70 265 264 -1 
                      68 332 333 -1 
                      70 314 315 -1 
                      315 316 70 -1 
                      68 333 314 -1 
                      68 314 70 -1 
                      71 215 214 -1 
                      71 228 227 -1 
                      71 197 196 -1 
                      72 196 195 -1 
                      70 264 263 -1 
                      71 248 247 -1 
                      247 246 71 -1 
                      70 263 248 -1 
                      70 248 71 -1 
                      72 177 176 -1 
                      71 196 72 -1 
                      74 73 82 -1 
                      17 73 16 -1 
                      82 73 17 -1 
                      80 81 0 -1 
                      77 82 81 -1 
                      80 0 1 -1 
                      79 81 80 -1 
                      5 79 4 -1 
                      78 81 79 -1 
                      78 79 5 -1 
                      77 81 78 -1 
                      9 77 8 -1 
                      76 82 77 -1 
                      76 77 9 -1 
                      75 82 76 -1 
                      13 75 12 -1 
                      74 82 75 -1 
                      74 75 13 -1 
                      83 74 84 -1 
                      427 84 426 -1 
                      428 84 427 -1 
                      429 84 428 -1 
                      430 84 429 -1 
                      431 84 430 -1 
                      432 84 431 -1 
                      433 84 432 -1 
                      434 84 433 -1 
                      435 84 434 -1 
                      436 84 435 -1 
                      437 84 436 -1 
                      438 84 437 -1 
                      439 84 438 -1 
                      440 84 439 -1 
                      441 84 440 -1 
                      442 84 441 -1 
                      83 84 442 -1 
                      73 74 83 -1 
                      73 15 16 -1 
                      83 15 73 -1 
                      426 84 14 -1 
                      205 426 14 -1 
                      206 427 426 -1 
                      207 428 427 -1 
                      208 429 428 -1 
                      209 430 429 -1 
                      216 437 436 -1 
                      217 438 437 -1 
                      218 439 438 -1 
                      219 440 439 -1 
                      220 441 440 -1 
                      221 442 441 -1 
                      15 83 442 -1 
                      221 15 442 -1 
                      215 436 435 -1 
                      220 221 441 -1 
                      214 435 434 -1 
                      219 220 440 -1 
                      213 434 433 -1 
                      218 219 439 -1 
                      212 433 432 -1 
                      217 218 438 -1 
                      211 432 431 -1 
                      216 217 437 -1 
                      210 431 430 -1 
                      215 216 436 -1 
                      214 215 435 -1 
                      213 214 434 -1 
                      212 213 433 -1 
                      211 212 432 -1 
                      210 211 431 -1 
                      209 210 430 -1 
                      208 209 429 -1 
                      207 208 428 -1 
                      206 207 427 -1 
                      205 206 426 -1 
                      84 13 14 -1 
                      74 13 84 -1 
                      75 11 12 -1 
                      85 11 75 -1 
                      443 86 10 -1 
                      188 443 10 -1 
                      189 444 443 -1 
                      190 445 444 -1 
                      191 446 445 -1 
                      192 447 446 -1 
                      199 454 453 -1 
                      200 455 454 -1 
                      201 456 455 -1 
                      202 457 456 -1 
                      203 458 457 -1 
                      204 459 458 -1 
                      11 85 459 -1 
                      204 11 459 -1 
                      198 453 452 -1 
                      203 204 458 -1 
                      197 452 451 -1 
                      202 203 457 -1 
                      196 451 450 -1 
                      201 202 456 -1 
                      195 450 449 -1 
                      200 201 455 -1 
                      194 449 448 -1 
                      199 200 454 -1 
                      193 448 447 -1 
                      198 199 453 -1 
                      197 198 452 -1 
                      196 197 451 -1 
                      195 196 450 -1 
                      194 195 449 -1 
                      193 194 448 -1 
                      192 193 447 -1 
                      191 192 446 -1 
                      190 191 445 -1 
                      189 190 444 -1 
                      188 189 443 -1 
                      86 9 10 -1 
                      76 9 86 -1 
                      85 76 86 -1 
                      444 86 443 -1 
                      445 86 444 -1 
                      446 86 445 -1 
                      447 86 446 -1 
                      448 86 447 -1 
                      449 86 448 -1 
                      450 86 449 -1 
                      451 86 450 -1 
                      452 86 451 -1 
                      453 86 452 -1 
                      454 86 453 -1 
                      455 86 454 -1 
                      456 86 455 -1 
                      457 86 456 -1 
                      458 86 457 -1 
                      459 86 458 -1 
                      85 86 459 -1 
                      75 76 85 -1 
                      77 7 8 -1 
                      87 7 77 -1 
                      460 88 6 -1 
                      171 460 6 -1 
                      172 461 460 -1 
                      173 462 461 -1 
                      174 463 462 -1 
                      175 464 463 -1 
                      182 471 470 -1 
                      183 472 471 -1 
                      184 473 472 -1 
                      185 474 473 -1 
                      186 475 474 -1 
                      187 476 475 -1 
                      7 87 476 -1 
                      187 7 476 -1 
                      181 470 469 -1 
                      186 187 475 -1 
                      180 469 468 -1 
                      185 186 474 -1 
                      179 468 467 -1 
                      184 185 473 -1 
                      178 467 466 -1 
                      183 184 472 -1 
                      177 466 465 -1 
                      182 183 471 -1 
                      176 465 464 -1 
                      181 182 470 -1 
                      180 181 469 -1 
                      179 180 468 -1 
                      178 179 467 -1 
                      177 178 466 -1 
                      176 177 465 -1 
                      175 176 464 -1 
                      174 175 463 -1 
                      173 174 462 -1 
                      172 173 461 -1 
                      171 172 460 -1 
                      88 5 6 -1 
                      78 5 88 -1 
                      87 78 88 -1 
                      461 88 460 -1 
                      462 88 461 -1 
                      463 88 462 -1 
                      464 88 463 -1 
                      465 88 464 -1 
                      466 88 465 -1 
                      467 88 466 -1 
                      468 88 467 -1 
                      469 88 468 -1 
                      470 88 469 -1 
                      471 88 470 -1 
                      472 88 471 -1 
                      473 88 472 -1 
                      474 88 473 -1 
                      475 88 474 -1 
                      476 88 475 -1 
                      87 88 476 -1 
                      77 78 87 -1 
                      79 3 4 -1 
                      89 3 79 -1 
                      477 90 2 -1 
                      154 477 2 -1 
                      155 478 477 -1 
                      156 479 478 -1 
                      157 480 479 -1 
                      158 481 480 -1 
                      165 488 487 -1 
                      166 489 488 -1 
                      167 490 489 -1 
                      168 491 490 -1 
                      169 492 491 -1 
                      170 493 492 -1 
                      3 89 493 -1 
                      170 3 493 -1 
                      164 487 486 -1 
                      169 170 492 -1 
                      163 486 485 -1 
                      168 169 491 -1 
                      162 485 484 -1 
                      167 168 490 -1 
                      161 484 483 -1 
                      166 167 489 -1 
                      160 483 482 -1 
                      165 166 488 -1 
                      159 482 481 -1 
                      164 165 487 -1 
                      163 164 486 -1 
                      162 163 485 -1 
                      161 162 484 -1 
                      160 161 483 -1 
                      159 160 482 -1 
                      158 159 481 -1 
                      157 158 480 -1 
                      156 157 479 -1 
                      155 156 478 -1 
                      154 155 477 -1 
                      90 1 2 -1 
                      80 1 90 -1 
                      478 90 477 -1 
                      479 90 478 -1 
                      480 90 479 -1 
                      481 90 480 -1 
                      482 90 481 -1 
                      483 90 482 -1 
                      484 90 483 -1 
                      485 90 484 -1 
                      486 90 485 -1 
                      487 90 486 -1 
                      488 90 487 -1 
                      489 90 488 -1 
                      490 90 489 -1 
                      491 90 490 -1 
                      492 90 491 -1 
                      493 90 492 -1 
                      89 90 493 -1 
                      79 80 90 -1 
                      79 90 89 -1 
                      92 91 81 -1 
                      0 91 67 -1 
                      81 91 0 -1 
                      98 99 51 -1 
                      95 81 99 -1 
                      98 51 52 -1 
                      97 99 98 -1 
                      56 97 55 -1 
                      96 99 97 -1 
                      96 97 56 -1 
                      95 99 96 -1 
                      60 95 59 -1 
                      94 81 95 -1 
                      94 95 60 -1 
                      93 81 94 -1 
                      64 93 63 -1 
                      92 81 93 -1 
                      92 93 64 -1 
                      100 91 92 -1 
                      101 100 92 -1 
                      495 494 100 -1 
                      496 495 100 -1 
                      497 496 100 -1 
                      498 497 100 -1 
                      499 498 100 -1 
                      500 499 100 -1 
                      501 500 100 -1 
                      502 501 100 -1 
                      503 502 100 -1 
                      504 503 100 -1 
                      505 504 100 -1 
                      506 505 100 -1 
                      507 506 100 -1 
                      508 507 100 -1 
                      509 508 100 -1 
                      510 509 100 -1 
                      101 510 100 -1 
                      91 100 66 -1 
                      67 91 66 -1 
                      510 101 65 -1 
                      425 510 65 -1 
                      424 509 510 -1 
                      423 508 509 -1 
                      422 507 508 -1 
                      421 506 507 -1 
                      420 505 506 -1 
                      419 504 505 -1 
                      418 503 504 -1 
                      417 502 503 -1 
                      416 501 502 -1 
                      415 500 501 -1 
                      414 499 500 -1 
                      413 498 499 -1 
                      412 497 498 -1 
                      411 496 497 -1 
                      494 495 409 -1 
                      100 494 66 -1 
                      410 495 496 -1 
                      409 66 494 -1 
                      410 409 495 -1 
                      411 410 496 -1 
                      412 411 497 -1 
                      413 412 498 -1 
                      414 413 499 -1 
                      415 414 500 -1 
                      416 415 501 -1 
                      417 416 502 -1 
                      418 417 503 -1 
                      419 418 504 -1 
                      420 419 505 -1 
                      421 420 506 -1 
                      422 421 507 -1 
                      423 422 508 -1 
                      424 423 509 -1 
                      425 424 510 -1 
                      101 92 64 -1 
                      65 101 64 -1 
                      93 102 62 -1 
                      63 93 62 -1 
                      527 103 61 -1 
                      408 527 61 -1 
                      407 526 527 -1 
                      406 525 526 -1 
                      405 524 525 -1 
                      404 523 524 -1 
                      403 522 523 -1 
                      402 521 522 -1 
                      401 520 521 -1 
                      400 519 520 -1 
                      399 518 519 -1 
                      398 517 518 -1 
                      397 516 517 -1 
                      396 515 516 -1 
                      395 514 515 -1 
                      394 513 514 -1 
                      511 512 392 -1 
                      102 511 62 -1 
                      393 512 513 -1 
                      392 62 511 -1 
                      393 392 512 -1 
                      394 393 513 -1 
                      395 394 514 -1 
                      396 395 515 -1 
                      397 396 516 -1 
                      398 397 517 -1 
                      399 398 518 -1 
                      400 399 519 -1 
                      401 400 520 -1 
                      402 401 521 -1 
                      403 402 522 -1 
                      404 403 523 -1 
                      405 404 524 -1 
                      406 405 525 -1 
                      407 406 526 -1 
                      408 407 527 -1 
                      103 94 60 -1 
                      61 103 60 -1 
                      102 93 94 -1 
                      103 102 94 -1 
                      512 511 102 -1 
                      513 512 102 -1 
                      514 513 102 -1 
                      515 514 102 -1 
                      516 515 102 -1 
                      517 516 102 -1 
                      518 517 102 -1 
                      519 518 102 -1 
                      520 519 102 -1 
                      521 520 102 -1 
                      522 521 102 -1 
                      523 522 102 -1 
                      524 523 102 -1 
                      525 524 102 -1 
                      526 525 102 -1 
                      527 526 102 -1 
                      103 527 102 -1 
                      95 104 58 -1 
                      59 95 58 -1 
                      544 105 57 -1 
                      391 544 57 -1 
                      390 543 544 -1 
                      389 542 543 -1 
                      388 541 542 -1 
                      387 540 541 -1 
                      386 539 540 -1 
                      385 538 539 -1 
                      384 537 538 -1 
                      383 536 537 -1 
                      382 535 536 -1 
                      381 534 535 -1 
                      380 533 534 -1 
                      379 532 533 -1 
                      378 531 532 -1 
                      377 530 531 -1 
                      528 529 375 -1 
                      104 528 58 -1 
                      376 529 530 -1 
                      375 58 528 -1 
                      376 375 529 -1 
                      377 376 530 -1 
                      378 377 531 -1 
                      379 378 532 -1 
                      380 379 533 -1 
                      381 380 534 -1 
                      382 381 535 -1 
                      383 382 536 -1 
                      384 383 537 -1 
                      385 384 538 -1 
                      386 385 539 -1 
                      387 386 540 -1 
                      388 387 541 -1 
                      389 388 542 -1 
                      390 389 543 -1 
                      391 390 544 -1 
                      105 96 56 -1 
                      57 105 56 -1 
                      104 95 96 -1 
                      105 104 96 -1 
                      529 528 104 -1 
                      530 529 104 -1 
                      531 530 104 -1 
                      532 531 104 -1 
                      533 532 104 -1 
                      534 533 104 -1 
                      535 534 104 -1 
                      536 535 104 -1 
                      537 536 104 -1 
                      538 537 104 -1 
                      539 538 104 -1 
                      540 539 104 -1 
                      541 540 104 -1 
                      542 541 104 -1 
                      543 542 104 -1 
                      544 543 104 -1 
                      105 544 104 -1 
                      97 106 54 -1 
                      55 97 54 -1 
                      561 107 53 -1 
                      374 561 53 -1 
                      373 560 561 -1 
                      372 559 560 -1 
                      371 558 559 -1 
                      370 557 558 -1 
                      369 556 557 -1 
                      368 555 556 -1 
                      367 554 555 -1 
                      366 553 554 -1 
                      365 552 553 -1 
                      364 551 552 -1 
                      363 550 551 -1 
                      362 549 550 -1 
                      361 548 549 -1 
                      360 547 548 -1 
                      545 546 358 -1 
                      106 545 54 -1 
                      359 546 547 -1 
                      358 54 545 -1 
                      359 358 546 -1 
                      360 359 547 -1 
                      361 360 548 -1 
                      362 361 549 -1 
                      363 362 550 -1 
                      364 363 551 -1 
                      365 364 552 -1 
                      366 365 553 -1 
                      367 366 554 -1 
                      368 367 555 -1 
                      369 368 556 -1 
                      370 369 557 -1 
                      371 370 558 -1 
                      372 371 559 -1 
                      373 372 560 -1 
                      374 373 561 -1 
                      107 98 52 -1 
                      53 107 52 -1 
                      107 106 97 -1 
                      546 545 106 -1 
                      547 546 106 -1 
                      548 547 106 -1 
                      549 548 106 -1 
                      550 549 106 -1 
                      551 550 106 -1 
                      552 551 106 -1 
                      553 552 106 -1 
                      554 553 106 -1 
                      555 554 106 -1 
                      556 555 106 -1 
                      557 556 106 -1 
                      558 557 106 -1 
                      559 558 106 -1 
                      560 559 106 -1 
                      561 560 106 -1 
                      107 97 98 -1 
                      107 561 106 -1 
                      116 38 39 -1 
                      115 110 116 -1 
                      99 110 115 -1 
                      43 115 42 -1 
                      114 115 43 -1 
                      99 115 114 -1 
                      99 114 113 -1 
                      47 113 46 -1 
                      112 113 47 -1 
                      99 113 112 -1 
                      99 112 111 -1 
                      51 111 50 -1 
                      99 111 51 -1 
                      108 38 116 -1 
                      109 110 34 -1 
                      108 116 110 -1 
                      109 34 35 -1 
                      108 110 109 -1 
                      108 117 37 -1 
                      38 108 37 -1 
                      578 118 36 -1 
                      306 578 36 -1 
                      305 577 578 -1 
                      304 576 577 -1 
                      303 575 576 -1 
                      302 574 575 -1 
                      301 573 574 -1 
                      300 572 573 -1 
                      299 571 572 -1 
                      298 570 571 -1 
                      297 569 570 -1 
                      296 568 569 -1 
                      566 567 294 -1 
                      565 566 293 -1 
                      564 565 292 -1 
                      563 564 291 -1 
                      562 563 290 -1 
                      117 562 37 -1 
                      295 567 568 -1 
                      290 37 562 -1 
                      291 290 563 -1 
                      292 291 564 -1 
                      293 292 565 -1 
                      294 293 566 -1 
                      295 294 567 -1 
                      296 295 568 -1 
                      297 296 569 -1 
                      298 297 570 -1 
                      299 298 571 -1 
                      300 299 572 -1 
                      301 300 573 -1 
                      302 301 574 -1 
                      303 302 575 -1 
                      304 303 576 -1 
                      305 304 577 -1 
                      306 305 578 -1 
                      118 109 35 -1 
                      36 118 35 -1 
                      117 108 109 -1 
                      118 117 109 -1 
                      563 562 117 -1 
                      564 563 117 -1 
                      565 564 117 -1 
                      566 565 117 -1 
                      567 566 117 -1 
                      568 567 117 -1 
                      569 568 117 -1 
                      570 569 117 -1 
                      571 570 117 -1 
                      572 571 117 -1 
                      573 572 117 -1 
                      574 573 117 -1 
                      575 574 117 -1 
                      576 575 117 -1 
                      577 576 117 -1 
                      578 577 117 -1 
                      118 578 117 -1 
                      126 82 120 -1 
                      22 120 21 -1 
                      126 120 22 -1 
                      125 82 126 -1 
                      110 82 125 -1 
                      26 125 25 -1 
                      124 125 26 -1 
                      110 125 124 -1 
                      110 124 123 -1 
                      30 123 29 -1 
                      122 123 30 -1 
                      110 123 122 -1 
                      110 122 121 -1 
                      34 121 33 -1 
                      110 121 34 -1 
                      119 82 17 -1 
                      119 120 82 -1 
                      119 17 18 -1 
                      127 119 128 -1 
                      580 128 579 -1 
                      581 128 580 -1 
                      582 128 581 -1 
                      583 128 582 -1 
                      584 128 583 -1 
                      585 128 584 -1 
                      586 128 585 -1 
                      587 128 586 -1 
                      588 128 587 -1 
                      589 128 588 -1 
                      590 128 589 -1 
                      591 128 590 -1 
                      592 128 591 -1 
                      593 128 592 -1 
                      594 128 593 -1 
                      595 128 594 -1 
                      127 128 595 -1 
                      120 119 127 -1 
                      120 20 21 -1 
                      127 20 120 -1 
                      579 128 19 -1 
                      222 579 19 -1 
                      223 580 579 -1 
                      224 581 580 -1 
                      225 582 581 -1 
                      226 583 582 -1 
                      227 584 583 -1 
                      228 585 584 -1 
                      232 589 588 -1 
                      233 590 589 -1 
                      234 591 590 -1 
                      235 592 591 -1 
                      236 593 592 -1 
                      237 594 593 -1 
                      238 595 594 -1 
                      20 127 595 -1 
                      231 588 587 -1 
                      238 20 595 -1 
                      230 587 586 -1 
                      237 238 594 -1 
                      236 237 593 -1 
                      229 586 585 -1 
                      235 236 592 -1 
                      234 235 591 -1 
                      233 234 590 -1 
                      232 233 589 -1 
                      231 232 588 -1 
                      230 231 587 -1 
                      229 230 586 -1 
                      228 229 585 -1 
                      227 228 584 -1 
                      226 227 583 -1 
                      225 226 582 -1 
                      224 225 581 -1 
                      223 224 580 -1 
                      222 223 579 -1 
                      128 18 19 -1 
                      119 18 128 -1 
                      99 82 110 -1 
                      81 82 99 -1 
                      121 32 33 -1 
                      129 32 121 -1 
                      596 130 31 -1 
                      273 596 31 -1 
                      274 597 596 -1 
                      275 598 597 -1 
                      276 599 598 -1 
                      277 600 599 -1 
                      278 601 600 -1 
                      279 602 601 -1 
                      283 606 605 -1 
                      284 607 606 -1 
                      285 608 607 -1 
                      286 609 608 -1 
                      287 610 609 -1 
                      288 611 610 -1 
                      289 612 611 -1 
                      32 129 612 -1 
                      282 605 604 -1 
                      289 32 612 -1 
                      281 604 603 -1 
                      288 289 611 -1 
                      287 288 610 -1 
                      280 603 602 -1 
                      286 287 609 -1 
                      285 286 608 -1 
                      284 285 607 -1 
                      283 284 606 -1 
                      282 283 605 -1 
                      281 282 604 -1 
                      280 281 603 -1 
                      279 280 602 -1 
                      278 279 601 -1 
                      277 278 600 -1 
                      276 277 599 -1 
                      275 276 598 -1 
                      274 275 597 -1 
                      273 274 596 -1 
                      130 30 31 -1 
                      122 30 130 -1 
                      129 122 130 -1 
                      597 130 596 -1 
                      598 130 597 -1 
                      599 130 598 -1 
                      600 130 599 -1 
                      601 130 600 -1 
                      602 130 601 -1 
                      603 130 602 -1 
                      604 130 603 -1 
                      605 130 604 -1 
                      606 130 605 -1 
                      607 130 606 -1 
                      608 130 607 -1 
                      609 130 608 -1 
                      610 130 609 -1 
                      611 130 610 -1 
                      612 130 611 -1 
                      129 121 122 -1 
                      129 130 612 -1 
                      123 28 29 -1 
                      131 28 123 -1 
                      613 132 27 -1 
                      256 613 27 -1 
                      257 614 613 -1 
                      258 615 614 -1 
                      259 616 615 -1 
                      260 617 616 -1 
                      261 618 617 -1 
                      262 619 618 -1 
                      266 623 622 -1 
                      267 624 623 -1 
                      268 625 624 -1 
                      269 626 625 -1 
                      270 627 626 -1 
                      271 628 627 -1 
                      272 629 628 -1 
                      28 131 629 -1 
                      265 622 621 -1 
                      272 28 629 -1 
                      264 621 620 -1 
                      271 272 628 -1 
                      270 271 627 -1 
                      263 620 619 -1 
                      269 270 626 -1 
                      268 269 625 -1 
                      267 268 624 -1 
                      266 267 623 -1 
                      265 266 622 -1 
                      264 265 621 -1 
                      263 264 620 -1 
                      262 263 619 -1 
                      261 262 618 -1 
                      260 261 617 -1 
                      259 260 616 -1 
                      258 259 615 -1 
                      257 258 614 -1 
                      256 257 613 -1 
                      132 26 27 -1 
                      124 26 132 -1 
                      131 124 132 -1 
                      614 132 613 -1 
                      615 132 614 -1 
                      616 132 615 -1 
                      617 132 616 -1 
                      618 132 617 -1 
                      619 132 618 -1 
                      620 132 619 -1 
                      621 132 620 -1 
                      622 132 621 -1 
                      623 132 622 -1 
                      624 132 623 -1 
                      625 132 624 -1 
                      626 132 625 -1 
                      627 132 626 -1 
                      628 132 627 -1 
                      629 132 628 -1 
                      131 132 629 -1 
                      123 124 131 -1 
                      125 24 25 -1 
                      133 24 125 -1 
                      630 134 23 -1 
                      239 630 23 -1 
                      240 631 630 -1 
                      241 632 631 -1 
                      242 633 632 -1 
                      243 634 633 -1 
                      244 635 634 -1 
                      245 636 635 -1 
                      249 640 639 -1 
                      250 641 640 -1 
                      251 642 641 -1 
                      252 643 642 -1 
                      253 644 643 -1 
                      254 645 644 -1 
                      255 646 645 -1 
                      24 133 646 -1 
                      248 639 638 -1 
                      255 24 646 -1 
                      247 638 637 -1 
                      254 255 645 -1 
                      253 254 644 -1 
                      246 637 636 -1 
                      252 253 643 -1 
                      251 252 642 -1 
                      250 251 641 -1 
                      249 250 640 -1 
                      248 249 639 -1 
                      247 248 638 -1 
                      246 247 637 -1 
                      245 246 636 -1 
                      244 245 635 -1 
                      243 244 634 -1 
                      242 243 633 -1 
                      241 242 632 -1 
                      240 241 631 -1 
                      239 240 630 -1 
                      134 22 23 -1 
                      126 22 134 -1 
                      133 126 134 -1 
                      631 134 630 -1 
                      632 134 631 -1 
                      633 134 632 -1 
                      634 134 633 -1 
                      635 134 634 -1 
                      636 134 635 -1 
                      637 134 636 -1 
                      638 134 637 -1 
                      639 134 638 -1 
                      640 134 639 -1 
                      641 134 640 -1 
                      642 134 641 -1 
                      643 134 642 -1 
                      644 134 643 -1 
                      645 134 644 -1 
                      646 134 645 -1 
                      133 134 646 -1 
                      125 126 133 -1 
                      111 135 49 -1 
                      50 111 49 -1 
                      663 136 48 -1 
                      357 663 48 -1 
                      356 662 663 -1 
                      355 661 662 -1 
                      354 660 661 -1 
                      353 659 660 -1 
                      352 658 659 -1 
                      351 657 658 -1 
                      350 656 657 -1 
                      349 655 656 -1 
                      348 654 655 -1 
                      347 653 654 -1 
                      651 652 345 -1 
                      650 651 344 -1 
                      649 650 343 -1 
                      648 649 342 -1 
                      647 648 341 -1 
                      135 647 49 -1 
                      346 652 653 -1 
                      341 49 647 -1 
                      342 341 648 -1 
                      343 342 649 -1 
                      344 343 650 -1 
                      345 344 651 -1 
                      346 345 652 -1 
                      347 346 653 -1 
                      348 347 654 -1 
                      349 348 655 -1 
                      350 349 656 -1 
                      351 350 657 -1 
                      352 351 658 -1 
                      353 352 659 -1 
                      354 353 660 -1 
                      355 354 661 -1 
                      356 355 662 -1 
                      357 356 663 -1 
                      136 112 47 -1 
                      48 136 47 -1 
                      136 135 111 -1 
                      648 647 135 -1 
                      649 648 135 -1 
                      650 649 135 -1 
                      651 650 135 -1 
                      652 651 135 -1 
                      653 652 135 -1 
                      654 653 135 -1 
                      655 654 135 -1 
                      656 655 135 -1 
                      657 656 135 -1 
                      658 657 135 -1 
                      659 658 135 -1 
                      660 659 135 -1 
                      661 660 135 -1 
                      662 661 135 -1 
                      663 662 135 -1 
                      136 663 135 -1 
                      112 136 111 -1 
                      113 137 45 -1 
                      46 113 45 -1 
                      680 138 44 -1 
                      340 680 44 -1 
                      339 679 680 -1 
                      338 678 679 -1 
                      337 677 678 -1 
                      336 676 677 -1 
                      335 675 676 -1 
                      334 674 675 -1 
                      333 673 674 -1 
                      332 672 673 -1 
                      331 671 672 -1 
                      330 670 671 -1 
                      668 669 328 -1 
                      667 668 327 -1 
                      666 667 326 -1 
                      665 666 325 -1 
                      664 665 324 -1 
                      137 664 45 -1 
                      329 669 670 -1 
                      324 45 664 -1 
                      325 324 665 -1 
                      326 325 666 -1 
                      327 326 667 -1 
                      328 327 668 -1 
                      329 328 669 -1 
                      330 329 670 -1 
                      331 330 671 -1 
                      332 331 672 -1 
                      333 332 673 -1 
                      334 333 674 -1 
                      335 334 675 -1 
                      336 335 676 -1 
                      337 336 677 -1 
                      338 337 678 -1 
                      339 338 679 -1 
                      340 339 680 -1 
                      138 114 43 -1 
                      44 138 43 -1 
                      137 113 114 -1 
                      138 137 114 -1 
                      665 664 137 -1 
                      666 665 137 -1 
                      667 666 137 -1 
                      668 667 137 -1 
                      669 668 137 -1 
                      670 669 137 -1 
                      671 670 137 -1 
                      672 671 137 -1 
                      673 672 137 -1 
                      674 673 137 -1 
                      675 674 137 -1 
                      676 675 137 -1 
                      677 676 137 -1 
                      678 677 137 -1 
                      679 678 137 -1 
                      680 679 137 -1 
                      138 680 137 -1 
                      115 139 41 -1 
                      42 115 41 -1 
                      697 140 40 -1 
                      323 697 40 -1 
                      322 696 697 -1 
                      321 695 696 -1 
                      320 694 695 -1 
                      319 693 694 -1 
                      318 692 693 -1 
                      317 691 692 -1 
                      316 690 691 -1 
                      315 689 690 -1 
                      314 688 689 -1 
                      313 687 688 -1 
                      685 686 311 -1 
                      684 685 310 -1 
                      683 684 309 -1 
                      682 683 308 -1 
                      681 682 307 -1 
                      139 681 41 -1 
                      312 686 687 -1 
                      307 41 681 -1 
                      308 307 682 -1 
                      309 308 683 -1 
                      310 309 684 -1 
                      311 310 685 -1 
                      312 311 686 -1 
                      313 312 687 -1 
                      314 313 688 -1 
                      315 314 689 -1 
                      316 315 690 -1 
                      317 316 691 -1 
                      318 317 692 -1 
                      319 318 693 -1 
                      320 319 694 -1 
                      321 320 695 -1 
                      322 321 696 -1 
                      323 322 697 -1 
                      140 116 39 -1 
                      40 140 39 -1 
                      139 115 116 -1 
                      140 139 116 -1 
                      682 681 139 -1 
                      683 682 139 -1 
                      684 683 139 -1 
                      685 684 139 -1 
                      686 685 139 -1 
                      687 686 139 -1 
                      688 687 139 -1 
                      689 688 139 -1 
                      690 689 139 -1 
                      691 690 139 -1 
                      692 691 139 -1 
                      693 692 139 -1 
                      694 693 139 -1 
                      695 694 139 -1 
                      696 695 139 -1 
                      697 696 139 -1 
                      140 697 139 -1 
                      141 68 142 -1 
                      141 69 68 -1 
                      143 72 69 -1 
                      141 143 69 -1 
                      144 72 143 -1 
                      144 71 72 -1 
                      145 71 144 -1 
                      145 70 71 -1 
                      142 70 145 -1 
                      142 68 70 -1 
                      148 146 147 -1 
                      149 148 147 -1 
                      146 150 151 -1 
                      147 146 151 -1 
                      150 152 153 -1 
                      151 150 153 -1 
                      152 148 149 -1 
                      153 152 149 -1 
                      150 148 152 -1 
                      150 146 148 -1 
                    ]
                    normalIndex [
                      2 1 0 -1 
                      3 2 0 -1 
                      277 276 275 -1 
                      344 14 13 -1 
                      16 15 27 -1 
                      22 20 23 -1 
                      26 17 16 -1 
                      25 18 17 -1 
                      24 19 18 -1 
                      23 20 19 -1 
                      22 21 20 -1 
                      344 15 14 -1 
                      24 23 19 -1 
                      11 344 12 -1 
                      25 24 18 -1 
                      26 25 17 -1 
                      27 26 16 -1 
                      28 27 15 -1 
                      344 28 15 -1 
                      344 29 28 -1 
                      344 13 12 -1 
                      265 264 341 -1 
                      50 35 34 -1 
                      49 36 35 -1 
                      43 41 44 -1 
                      47 38 37 -1 
                      46 39 38 -1 
                      45 40 39 -1 
                      44 41 40 -1 
                      43 42 41 -1 
                      48 37 36 -1 
                      51 34 33 -1 
                      45 44 40 -1 
                      46 45 39 -1 
                      47 46 38 -1 
                      48 47 37 -1 
                      49 48 36 -1 
                      50 49 35 -1 
                      51 50 34 -1 
                      52 51 33 -1 
                      344 52 33 -1 
                      71 56 55 -1 
                      70 57 56 -1 
                      64 62 65 -1 
                      68 59 58 -1 
                      67 60 59 -1 
                      66 61 60 -1 
                      65 62 61 -1 
                      64 63 62 -1 
                      69 58 57 -1 
                      343 55 54 -1 
                      66 65 61 -1 
                      67 66 60 -1 
                      68 67 59 -1 
                      69 68 58 -1 
                      70 69 57 -1 
                      71 70 56 -1 
                      72 71 55 -1 
                      343 72 55 -1 
                      72 343 73 -1 
                      73 343 74 -1 
                      343 75 74 -1 
                      343 78 77 -1 
                      80 79 343 -1 
                      81 80 343 -1 
                      82 81 343 -1 
                      83 82 343 -1 
                      84 83 85 -1 
                      343 79 78 -1 
                      343 77 76 -1 
                      343 85 83 -1 
                      87 86 85 -1 
                      343 87 85 -1 
                      343 88 87 -1 
                      343 89 88 -1 
                      343 90 89 -1 
                      343 91 90 -1 
                      343 92 91 -1 
                      343 93 92 -1 
                      95 94 343 -1 
                      96 95 343 -1 
                      97 96 343 -1 
                      116 115 343 -1 
                      343 98 97 -1 
                      114 99 98 -1 
                      113 100 99 -1 
                      112 101 100 -1 
                      111 102 101 -1 
                      110 103 102 -1 
                      109 104 103 -1 
                      108 105 104 -1 
                      107 106 105 -1 
                      108 107 105 -1 
                      109 108 104 -1 
                      110 109 103 -1 
                      111 110 102 -1 
                      112 111 101 -1 
                      113 112 100 -1 
                      114 113 99 -1 
                      115 114 98 -1 
                      343 115 98 -1 
                      136 119 118 -1 
                      135 120 119 -1 
                      134 121 120 -1 
                      133 122 121 -1 
                      132 123 122 -1 
                      131 124 123 -1 
                      130 125 124 -1 
                      129 126 125 -1 
                      128 127 126 -1 
                      129 128 126 -1 
                      130 129 125 -1 
                      131 130 124 -1 
                      132 131 123 -1 
                      133 132 122 -1 
                      134 133 121 -1 
                      135 134 120 -1 
                      136 135 119 -1 
                      137 136 118 -1 
                      342 140 139 -1 
                      156 141 140 -1 
                      155 142 141 -1 
                      153 144 143 -1 
                      152 145 144 -1 
                      151 146 145 -1 
                      150 147 146 -1 
                      149 148 147 -1 
                      154 143 142 -1 
                      150 149 147 -1 
                      151 150 146 -1 
                      152 151 145 -1 
                      153 152 144 -1 
                      154 153 143 -1 
                      155 154 142 -1 
                      156 155 141 -1 
                      157 156 140 -1 
                      342 157 140 -1 
                      157 342 158 -1 
                      158 342 159 -1 
                      342 160 159 -1 
                      342 162 161 -1 
                      342 163 162 -1 
                      342 164 163 -1 
                      342 165 164 -1 
                      342 166 165 -1 
                      342 167 166 -1 
                      342 168 167 -1 
                      170 169 168 -1 
                      342 170 168 -1 
                      172 171 170 -1 
                      342 172 170 -1 
                      342 173 172 -1 
                      342 174 173 -1 
                      342 175 174 -1 
                      342 176 175 -1 
                      342 177 176 -1 
                      342 178 177 -1 
                      180 179 342 -1 
                      181 180 342 -1 
                      182 181 342 -1 
                      201 200 342 -1 
                      342 183 182 -1 
                      199 184 183 -1 
                      198 185 184 -1 
                      197 186 185 -1 
                      195 188 187 -1 
                      194 189 188 -1 
                      193 190 189 -1 
                      192 191 190 -1 
                      196 187 186 -1 
                      193 192 190 -1 
                      194 193 189 -1 
                      195 194 188 -1 
                      196 195 187 -1 
                      197 196 186 -1 
                      198 197 185 -1 
                      199 198 184 -1 
                      200 199 183 -1 
                      342 200 183 -1 
                      221 204 203 -1 
                      220 205 204 -1 
                      219 206 205 -1 
                      218 207 206 -1 
                      216 209 208 -1 
                      215 210 209 -1 
                      214 211 210 -1 
                      213 212 211 -1 
                      217 208 207 -1 
                      214 213 211 -1 
                      215 214 210 -1 
                      216 215 209 -1 
                      217 216 208 -1 
                      218 217 207 -1 
                      219 218 206 -1 
                      220 219 205 -1 
                      221 220 204 -1 
                      222 221 203 -1 
                      285 284 268 -1 
                      341 225 224 -1 
                      241 226 225 -1 
                      240 227 226 -1 
                      239 228 227 -1 
                      237 230 229 -1 
                      236 231 230 -1 
                      235 232 231 -1 
                      234 233 232 -1 
                      238 229 228 -1 
                      235 234 232 -1 
                      236 235 231 -1 
                      237 236 230 -1 
                      238 237 229 -1 
                      239 238 228 -1 
                      240 239 227 -1 
                      241 240 226 -1 
                      242 241 225 -1 
                      341 242 225 -1 
                      243 341 244 -1 
                      341 245 244 -1 
                      341 247 246 -1 
                      341 255 253 -1 
                      341 249 248 -1 
                      341 250 249 -1 
                      341 251 250 -1 
                      341 252 251 -1 
                      341 253 252 -1 
                      255 254 253 -1 
                      341 248 247 -1 
                      242 341 243 -1 
                      257 256 255 -1 
                      341 257 255 -1 
                      341 258 257 -1 
                      341 259 258 -1 
                      341 260 259 -1 
                      341 261 260 -1 
                      341 262 261 -1 
                      341 263 262 -1 
                      266 265 341 -1 
                      267 266 341 -1 
                      286 285 341 -1 
                      341 268 267 -1 
                      284 269 268 -1 
                      283 270 269 -1 
                      282 271 270 -1 
                      280 273 272 -1 
                      279 274 273 -1 
                      278 275 274 -1 
                      281 272 271 -1 
                      278 277 275 -1 
                      279 278 274 -1 
                      280 279 273 -1 
                      281 280 272 -1 
                      282 281 271 -1 
                      344 33 32 -1 
                      283 282 270 -1 
                      284 283 269 -1 
                      341 285 268 -1 
                      344 32 31 -1 
                      306 305 289 -1 
                      304 291 290 -1 
                      303 292 291 -1 
                      302 293 292 -1 
                      300 295 294 -1 
                      298 297 296 -1 
                      299 296 295 -1 
                      301 294 293 -1 
                      299 298 296 -1 
                      305 290 289 -1 
                      300 299 295 -1 
                      6 5 334 -1 
                      301 300 294 -1 
                      10 344 11 -1 
                      302 301 293 -1 
                      306 289 288 -1 
                      303 302 292 -1 
                      304 303 291 -1 
                      305 304 290 -1 
                      7 344 8 -1 
                      307 306 288 -1 
                      340 307 288 -1 
                      340 308 307 -1 
                      328 327 340 -1 
                      340 344 7 -1 
                      6 333 7 -1 
                      340 312 311 -1 
                      324 313 312 -1 
                      323 314 313 -1 
                      321 316 315 -1 
                      319 318 317 -1 
                      320 317 316 -1 
                      322 315 314 -1 
                      320 319 317 -1 
                      333 340 7 -1 
                      321 320 316 -1 
                      340 311 310 -1 
                      322 321 315 -1 
                      344 9 8 -1 
                      323 322 314 -1 
                      10 9 344 -1 
                      324 323 313 -1 
                      340 310 309 -1 
                      325 324 312 -1 
                      335 5 4 -1 
                      340 325 312 -1 
                      340 326 325 -1 
                      336 4 3 -1 
                      340 327 326 -1 
                      329 328 340 -1 
                      330 329 340 -1 
                      337 3 0 -1 
                      331 330 340 -1 
                      332 331 340 -1 
                      333 332 340 -1 
                      334 333 6 -1 
                      335 334 5 -1 
                      336 335 4 -1 
                      337 336 3 -1 
                      338 337 0 -1 
                      339 338 0 -1 
                      344 31 30 -1 
                      340 309 308 -1 
                      341 246 245 -1 
                      341 264 263 -1 
                      341 224 223 -1 
                      340 288 287 -1 
                      287 286 341 -1 
                      340 287 341 -1 
                      342 161 160 -1 
                      342 179 178 -1 
                      342 139 138 -1 
                      341 223 222 -1 
                      342 203 202 -1 
                      202 201 342 -1 
                      341 222 203 -1 
                      341 203 342 -1 
                      343 76 75 -1 
                      343 94 93 -1 
                      343 54 53 -1 
                      344 53 52 -1 
                      342 138 137 -1 
                      343 118 117 -1 
                      117 116 343 -1 
                      342 137 118 -1 
                      342 118 343 -1 
                      344 30 29 -1 
                      343 53 344 -1 
                      364 345 348 -1 
                      347 345 346 -1 
                      348 345 347 -1 
                      352 349 350 -1 
                      357 348 349 -1 
                      352 350 351 -1 
                      353 349 352 -1 
                      355 353 354 -1 
                      356 349 353 -1 
                      356 353 355 -1 
                      357 349 356 -1 
                      359 357 358 -1 
                      360 348 357 -1 
                      360 357 359 -1 
                      361 348 360 -1 
                      363 361 362 -1 
                      364 348 361 -1 
                      364 361 363 -1 
                      384 365 366 -1 
                      368 366 367 -1 
                      369 366 368 -1 
                      370 366 369 -1 
                      371 366 370 -1 
                      372 366 371 -1 
                      373 366 372 -1 
                      374 366 373 -1 
                      375 366 374 -1 
                      376 366 375 -1 
                      377 366 376 -1 
                      378 366 377 -1 
                      379 366 378 -1 
                      380 366 379 -1 
                      381 366 380 -1 
                      382 366 381 -1 
                      383 366 382 -1 
                      384 366 383 -1 
                      385 365 384 -1 
                      388 386 387 -1 
                      389 386 388 -1 
                      392 391 390 -1 
                      427 392 390 -1 
                      426 393 392 -1 
                      425 394 393 -1 
                      424 395 394 -1 
                      423 396 395 -1 
                      416 403 402 -1 
                      415 404 403 -1 
                      414 405 404 -1 
                      413 406 405 -1 
                      412 407 406 -1 
                      411 408 407 -1 
                      410 409 408 -1 
                      411 410 408 -1 
                      417 402 401 -1 
                      412 411 407 -1 
                      418 401 400 -1 
                      413 412 406 -1 
                      419 400 399 -1 
                      414 413 405 -1 
                      420 399 398 -1 
                      415 414 404 -1 
                      421 398 397 -1 
                      416 415 403 -1 
                      422 397 396 -1 
                      417 416 402 -1 
                      418 417 401 -1 
                      419 418 400 -1 
                      420 419 399 -1 
                      421 420 398 -1 
                      422 421 397 -1 
                      423 422 396 -1 
                      424 423 395 -1 
                      425 424 394 -1 
                      426 425 393 -1 
                      427 426 392 -1 
                      430 428 429 -1 
                      431 428 430 -1 
                      434 432 433 -1 
                      435 432 434 -1 
                      438 437 436 -1 
                      473 438 436 -1 
                      472 439 438 -1 
                      471 440 439 -1 
                      470 441 440 -1 
                      469 442 441 -1 
                      462 449 448 -1 
                      461 450 449 -1 
                      460 451 450 -1 
                      459 452 451 -1 
                      458 453 452 -1 
                      457 454 453 -1 
                      456 455 454 -1 
                      457 456 454 -1 
                      463 448 447 -1 
                      458 457 453 -1 
                      464 447 446 -1 
                      459 458 452 -1 
                      465 446 445 -1 
                      460 459 451 -1 
                      466 445 444 -1 
                      461 460 450 -1 
                      467 444 443 -1 
                      462 461 449 -1 
                      468 443 442 -1 
                      463 462 448 -1 
                      464 463 447 -1 
                      465 464 446 -1 
                      466 465 445 -1 
                      467 466 444 -1 
                      468 467 443 -1 
                      469 468 442 -1 
                      470 469 441 -1 
                      471 470 440 -1 
                      472 471 439 -1 
                      473 472 438 -1 
                      476 474 475 -1 
                      477 474 476 -1 
                      497 478 479 -1 
                      481 479 480 -1 
                      482 479 481 -1 
                      483 479 482 -1 
                      484 479 483 -1 
                      485 479 484 -1 
                      486 479 485 -1 
                      487 479 486 -1 
                      488 479 487 -1 
                      489 479 488 -1 
                      490 479 489 -1 
                      491 479 490 -1 
                      492 479 491 -1 
                      493 479 492 -1 
                      494 479 493 -1 
                      495 479 494 -1 
                      496 479 495 -1 
                      497 479 496 -1 
                      498 478 497 -1 
                      501 499 500 -1 
                      502 499 501 -1 
                      505 504 503 -1 
                      540 505 503 -1 
                      539 506 505 -1 
                      538 507 506 -1 
                      537 508 507 -1 
                      536 509 508 -1 
                      529 516 515 -1 
                      528 517 516 -1 
                      527 518 517 -1 
                      526 519 518 -1 
                      525 520 519 -1 
                      524 521 520 -1 
                      523 522 521 -1 
                      524 523 521 -1 
                      530 515 514 -1 
                      525 524 520 -1 
                      531 514 513 -1 
                      526 525 519 -1 
                      532 513 512 -1 
                      527 526 518 -1 
                      533 512 511 -1 
                      528 527 517 -1 
                      534 511 510 -1 
                      529 528 516 -1 
                      535 510 509 -1 
                      530 529 515 -1 
                      531 530 514 -1 
                      532 531 513 -1 
                      533 532 512 -1 
                      534 533 511 -1 
                      535 534 510 -1 
                      536 535 509 -1 
                      537 536 508 -1 
                      538 537 507 -1 
                      539 538 506 -1 
                      540 539 505 -1 
                      543 541 542 -1 
                      544 541 543 -1 
                      564 545 546 -1 
                      548 546 547 -1 
                      549 546 548 -1 
                      550 546 549 -1 
                      551 546 550 -1 
                      552 546 551 -1 
                      553 546 552 -1 
                      554 546 553 -1 
                      555 546 554 -1 
                      556 546 555 -1 
                      557 546 556 -1 
                      558 546 557 -1 
                      559 546 558 -1 
                      560 546 559 -1 
                      561 546 560 -1 
                      562 546 561 -1 
                      563 546 562 -1 
                      564 546 563 -1 
                      565 545 564 -1 
                      568 566 567 -1 
                      569 566 568 -1 
                      572 571 570 -1 
                      607 572 570 -1 
                      606 573 572 -1 
                      605 574 573 -1 
                      604 575 574 -1 
                      603 576 575 -1 
                      596 583 582 -1 
                      595 584 583 -1 
                      594 585 584 -1 
                      593 586 585 -1 
                      592 587 586 -1 
                      591 588 587 -1 
                      590 589 588 -1 
                      591 590 588 -1 
                      597 582 581 -1 
                      592 591 587 -1 
                      598 581 580 -1 
                      593 592 586 -1 
                      599 580 579 -1 
                      594 593 585 -1 
                      600 579 578 -1 
                      595 594 584 -1 
                      601 578 577 -1 
                      596 595 583 -1 
                      602 577 576 -1 
                      597 596 582 -1 
                      598 597 581 -1 
                      599 598 580 -1 
                      600 599 579 -1 
                      601 600 578 -1 
                      602 601 577 -1 
                      603 602 576 -1 
                      604 603 575 -1 
                      605 604 574 -1 
                      606 605 573 -1 
                      607 606 572 -1 
                      610 608 609 -1 
                      611 608 610 -1 
                      614 612 613 -1 
                      615 612 614 -1 
                      616 612 615 -1 
                      617 612 616 -1 
                      618 612 617 -1 
                      619 612 618 -1 
                      620 612 619 -1 
                      621 612 620 -1 
                      622 612 621 -1 
                      623 612 622 -1 
                      624 612 623 -1 
                      625 612 624 -1 
                      626 612 625 -1 
                      627 612 626 -1 
                      628 612 627 -1 
                      629 612 628 -1 
                      630 612 629 -1 
                      631 632 612 -1 
                      631 612 630 -1 
                      652 633 636 -1 
                      635 633 634 -1 
                      636 633 635 -1 
                      640 637 638 -1 
                      645 636 637 -1 
                      640 638 639 -1 
                      641 637 640 -1 
                      643 641 642 -1 
                      644 637 641 -1 
                      644 641 643 -1 
                      645 637 644 -1 
                      647 645 646 -1 
                      648 636 645 -1 
                      648 645 647 -1 
                      649 636 648 -1 
                      651 649 650 -1 
                      652 636 649 -1 
                      652 649 651 -1 
                      655 654 653 -1 
                      673 655 653 -1 
                      657 656 655 -1 
                      658 657 655 -1 
                      659 658 655 -1 
                      660 659 655 -1 
                      661 660 655 -1 
                      662 661 655 -1 
                      663 662 655 -1 
                      664 663 655 -1 
                      665 664 655 -1 
                      666 665 655 -1 
                      667 666 655 -1 
                      668 667 655 -1 
                      669 668 655 -1 
                      670 669 655 -1 
                      671 670 655 -1 
                      672 671 655 -1 
                      673 672 655 -1 
                      676 675 674 -1 
                      677 676 674 -1 
                      680 679 678 -1 
                      715 680 678 -1 
                      714 681 680 -1 
                      713 682 681 -1 
                      712 683 682 -1 
                      711 684 683 -1 
                      710 685 684 -1 
                      709 686 685 -1 
                      708 687 686 -1 
                      707 688 687 -1 
                      706 689 688 -1 
                      705 690 689 -1 
                      704 691 690 -1 
                      703 692 691 -1 
                      702 693 692 -1 
                      701 694 693 -1 
                      696 695 699 -1 
                      697 696 698 -1 
                      700 695 694 -1 
                      699 698 696 -1 
                      700 699 695 -1 
                      701 700 694 -1 
                      702 701 693 -1 
                      703 702 692 -1 
                      704 703 691 -1 
                      705 704 690 -1 
                      706 705 689 -1 
                      707 706 688 -1 
                      708 707 687 -1 
                      709 708 686 -1 
                      710 709 685 -1 
                      711 710 684 -1 
                      712 711 683 -1 
                      713 712 682 -1 
                      714 713 681 -1 
                      715 714 680 -1 
                      718 717 716 -1 
                      719 718 716 -1 
                      722 721 720 -1 
                      723 722 720 -1 
                      726 725 724 -1 
                      761 726 724 -1 
                      760 727 726 -1 
                      759 728 727 -1 
                      758 729 728 -1 
                      757 730 729 -1 
                      756 731 730 -1 
                      755 732 731 -1 
                      754 733 732 -1 
                      753 734 733 -1 
                      752 735 734 -1 
                      751 736 735 -1 
                      750 737 736 -1 
                      749 738 737 -1 
                      748 739 738 -1 
                      747 740 739 -1 
                      742 741 745 -1 
                      743 742 744 -1 
                      746 741 740 -1 
                      745 744 742 -1 
                      746 745 741 -1 
                      747 746 740 -1 
                      748 747 739 -1 
                      749 748 738 -1 
                      750 749 737 -1 
                      751 750 736 -1 
                      752 751 735 -1 
                      753 752 734 -1 
                      754 753 733 -1 
                      755 754 732 -1 
                      756 755 731 -1 
                      757 756 730 -1 
                      758 757 729 -1 
                      759 758 728 -1 
                      760 759 727 -1 
                      761 760 726 -1 
                      764 763 762 -1 
                      765 764 762 -1 
                      768 767 766 -1 
                      786 768 766 -1 
                      770 769 768 -1 
                      771 770 768 -1 
                      772 771 768 -1 
                      773 772 768 -1 
                      774 773 768 -1 
                      775 774 768 -1 
                      776 775 768 -1 
                      777 776 768 -1 
                      778 777 768 -1 
                      779 778 768 -1 
                      780 779 768 -1 
                      781 780 768 -1 
                      782 781 768 -1 
                      783 782 768 -1 
                      784 783 768 -1 
                      785 784 768 -1 
                      786 785 768 -1 
                      789 788 787 -1 
                      790 789 787 -1 
                      793 792 791 -1 
                      828 793 791 -1 
                      827 794 793 -1 
                      826 795 794 -1 
                      825 796 795 -1 
                      824 797 796 -1 
                      823 798 797 -1 
                      822 799 798 -1 
                      821 800 799 -1 
                      820 801 800 -1 
                      819 802 801 -1 
                      818 803 802 -1 
                      817 804 803 -1 
                      816 805 804 -1 
                      815 806 805 -1 
                      814 807 806 -1 
                      809 808 812 -1 
                      810 809 811 -1 
                      813 808 807 -1 
                      812 811 809 -1 
                      813 812 808 -1 
                      814 813 807 -1 
                      815 814 806 -1 
                      816 815 805 -1 
                      817 816 804 -1 
                      818 817 803 -1 
                      819 818 802 -1 
                      820 819 801 -1 
                      821 820 800 -1 
                      822 821 799 -1 
                      823 822 798 -1 
                      824 823 797 -1 
                      825 824 796 -1 
                      826 825 795 -1 
                      827 826 794 -1 
                      828 827 793 -1 
                      831 830 829 -1 
                      832 831 829 -1 
                      835 834 833 -1 
                      853 835 833 -1 
                      837 836 835 -1 
                      838 837 835 -1 
                      839 838 835 -1 
                      840 839 835 -1 
                      841 840 835 -1 
                      842 841 835 -1 
                      843 842 835 -1 
                      844 843 835 -1 
                      845 844 835 -1 
                      846 845 835 -1 
                      847 846 835 -1 
                      848 847 835 -1 
                      849 848 835 -1 
                      850 849 835 -1 
                      851 850 835 -1 
                      852 851 835 -1 
                      853 852 835 -1 
                      856 855 854 -1 
                      857 856 854 -1 
                      860 859 858 -1 
                      895 860 858 -1 
                      894 861 860 -1 
                      893 862 861 -1 
                      892 863 862 -1 
                      891 864 863 -1 
                      890 865 864 -1 
                      889 866 865 -1 
                      888 867 866 -1 
                      887 868 867 -1 
                      886 869 868 -1 
                      885 870 869 -1 
                      884 871 870 -1 
                      883 872 871 -1 
                      882 873 872 -1 
                      881 874 873 -1 
                      876 875 879 -1 
                      877 876 878 -1 
                      880 875 874 -1 
                      879 878 876 -1 
                      880 879 875 -1 
                      881 880 874 -1 
                      882 881 873 -1 
                      883 882 872 -1 
                      884 883 871 -1 
                      885 884 870 -1 
                      886 885 869 -1 
                      887 886 868 -1 
                      888 887 867 -1 
                      889 888 866 -1 
                      890 889 865 -1 
                      891 890 864 -1 
                      892 891 863 -1 
                      893 892 862 -1 
                      894 893 861 -1 
                      895 894 860 -1 
                      898 897 896 -1 
                      899 898 896 -1 
                      919 901 900 -1 
                      903 902 901 -1 
                      904 903 901 -1 
                      905 904 901 -1 
                      906 905 901 -1 
                      907 906 901 -1 
                      908 907 901 -1 
                      909 908 901 -1 
                      910 909 901 -1 
                      911 910 901 -1 
                      912 911 901 -1 
                      913 912 901 -1 
                      914 913 901 -1 
                      915 914 901 -1 
                      916 915 901 -1 
                      917 916 901 -1 
                      918 917 901 -1 
                      919 900 920 -1 
                      919 918 901 -1 
                      923 921 922 -1 
                      924 936 923 -1 
                      935 936 924 -1 
                      926 924 925 -1 
                      927 924 926 -1 
                      935 924 927 -1 
                      935 927 928 -1 
                      930 928 929 -1 
                      931 928 930 -1 
                      935 928 931 -1 
                      935 931 932 -1 
                      934 932 933 -1 
                      935 932 934 -1 
                      940 921 923 -1 
                      939 936 937 -1 
                      940 923 936 -1 
                      939 937 938 -1 
                      940 936 939 -1 
                      943 942 941 -1 
                      944 943 941 -1 
                      947 946 945 -1 
                      982 947 945 -1 
                      981 948 947 -1 
                      980 949 948 -1 
                      979 950 949 -1 
                      978 951 950 -1 
                      977 952 951 -1 
                      976 953 952 -1 
                      975 954 953 -1 
                      974 955 954 -1 
                      973 956 955 -1 
                      972 957 956 -1 
                      959 958 970 -1 
                      960 959 969 -1 
                      961 960 968 -1 
                      962 961 967 -1 
                      963 962 966 -1 
                      964 963 965 -1 
                      971 958 957 -1 
                      966 965 963 -1 
                      967 966 962 -1 
                      968 967 961 -1 
                      969 968 960 -1 
                      970 969 959 -1 
                      971 970 958 -1 
                      972 971 957 -1 
                      973 972 956 -1 
                      974 973 955 -1 
                      975 974 954 -1 
                      976 975 953 -1 
                      977 976 952 -1 
                      978 977 951 -1 
                      979 978 950 -1 
                      980 979 949 -1 
                      981 980 948 -1 
                      982 981 947 -1 
                      985 984 983 -1 
                      986 985 983 -1 
                      989 988 987 -1 
                      1007 989 987 -1 
                      991 990 989 -1 
                      992 991 989 -1 
                      993 992 989 -1 
                      994 993 989 -1 
                      995 994 989 -1 
                      996 995 989 -1 
                      997 996 989 -1 
                      998 997 989 -1 
                      999 998 989 -1 
                      1000 999 989 -1 
                      1001 1000 989 -1 
                      1002 1001 989 -1 
                      1003 1002 989 -1 
                      1004 1003 989 -1 
                      1005 1004 989 -1 
                      1006 1005 989 -1 
                      1007 1006 989 -1 
                      1011 1024 1008 -1 
                      1010 1008 1009 -1 
                      1011 1008 1010 -1 
                      1012 1024 1011 -1 
                      1023 1024 1012 -1 
                      1014 1012 1013 -1 
                      1015 1012 1014 -1 
                      1023 1012 1015 -1 
                      1023 1015 1016 -1 
                      1018 1016 1017 -1 
                      1019 1016 1018 -1 
                      1023 1016 1019 -1 
                      1023 1019 1020 -1 
                      1022 1020 1021 -1 
                      1023 1020 1022 -1 
                      1027 1024 1025 -1 
                      1027 1008 1024 -1 
                      1027 1025 1026 -1 
                      1047 1028 1029 -1 
                      1031 1029 1030 -1 
                      1032 1029 1031 -1 
                      1033 1029 1032 -1 
                      1034 1029 1033 -1 
                      1035 1029 1034 -1 
                      1036 1029 1035 -1 
                      1037 1029 1036 -1 
                      1038 1029 1037 -1 
                      1039 1029 1038 -1 
                      1040 1029 1039 -1 
                      1041 1029 1040 -1 
                      1042 1029 1041 -1 
                      1043 1029 1042 -1 
                      1044 1029 1043 -1 
                      1045 1029 1044 -1 
                      1046 1029 1045 -1 
                      1047 1029 1046 -1 
                      1048 1028 1047 -1 
                      1051 1049 1050 -1 
                      1052 1049 1051 -1 
                      1055 1054 1053 -1 
                      1090 1055 1053 -1 
                      1089 1056 1055 -1 
                      1088 1057 1056 -1 
                      1087 1058 1057 -1 
                      1086 1059 1058 -1 
                      1085 1060 1059 -1 
                      1084 1061 1060 -1 
                      1080 1065 1064 -1 
                      1079 1066 1065 -1 
                      1078 1067 1066 -1 
                      1077 1068 1067 -1 
                      1076 1069 1068 -1 
                      1075 1070 1069 -1 
                      1074 1071 1070 -1 
                      1073 1072 1071 -1 
                      1081 1064 1063 -1 
                      1074 1073 1071 -1 
                      1082 1063 1062 -1 
                      1075 1074 1070 -1 
                      1076 1075 1069 -1 
                      1083 1062 1061 -1 
                      1077 1076 1068 -1 
                      1078 1077 1067 -1 
                      1079 1078 1066 -1 
                      1080 1079 1065 -1 
                      1081 1080 1064 -1 
                      1082 1081 1063 -1 
                      1083 1082 1062 -1 
                      1084 1083 1061 -1 
                      1085 1084 1060 -1 
                      1086 1085 1059 -1 
                      1087 1086 1058 -1 
                      1088 1087 1057 -1 
                      1089 1088 1056 -1 
                      1090 1089 1055 -1 
                      1093 1091 1092 -1 
                      1094 1091 1093 -1 
                      1097 1095 1096 -1 
                      1098 1095 1097 -1 
                      1101 1099 1100 -1 
                      1102 1099 1101 -1 
                      1105 1104 1103 -1 
                      1140 1105 1103 -1 
                      1139 1106 1105 -1 
                      1138 1107 1106 -1 
                      1137 1108 1107 -1 
                      1136 1109 1108 -1 
                      1135 1110 1109 -1 
                      1134 1111 1110 -1 
                      1130 1115 1114 -1 
                      1129 1116 1115 -1 
                      1128 1117 1116 -1 
                      1127 1118 1117 -1 
                      1126 1119 1118 -1 
                      1125 1120 1119 -1 
                      1124 1121 1120 -1 
                      1123 1122 1121 -1 
                      1131 1114 1113 -1 
                      1124 1123 1121 -1 
                      1132 1113 1112 -1 
                      1125 1124 1120 -1 
                      1126 1125 1119 -1 
                      1133 1112 1111 -1 
                      1127 1126 1118 -1 
                      1128 1127 1117 -1 
                      1129 1128 1116 -1 
                      1130 1129 1115 -1 
                      1131 1130 1114 -1 
                      1132 1131 1113 -1 
                      1133 1132 1112 -1 
                      1134 1133 1111 -1 
                      1135 1134 1110 -1 
                      1136 1135 1109 -1 
                      1137 1136 1108 -1 
                      1138 1137 1107 -1 
                      1139 1138 1106 -1 
                      1140 1139 1105 -1 
                      1143 1141 1142 -1 
                      1144 1141 1143 -1 
                      1164 1145 1146 -1 
                      1148 1146 1147 -1 
                      1149 1146 1148 -1 
                      1150 1146 1149 -1 
                      1151 1146 1150 -1 
                      1152 1146 1151 -1 
                      1153 1146 1152 -1 
                      1154 1146 1153 -1 
                      1155 1146 1154 -1 
                      1156 1146 1155 -1 
                      1157 1146 1156 -1 
                      1158 1146 1157 -1 
                      1159 1146 1158 -1 
                      1160 1146 1159 -1 
                      1161 1146 1160 -1 
                      1162 1146 1161 -1 
                      1163 1146 1162 -1 
                      1164 1165 1145 -1 
                      1164 1146 1163 -1 
                      1168 1166 1167 -1 
                      1169 1166 1168 -1 
                      1172 1171 1170 -1 
                      1207 1172 1170 -1 
                      1206 1173 1172 -1 
                      1205 1174 1173 -1 
                      1204 1175 1174 -1 
                      1203 1176 1175 -1 
                      1202 1177 1176 -1 
                      1201 1178 1177 -1 
                      1197 1182 1181 -1 
                      1196 1183 1182 -1 
                      1195 1184 1183 -1 
                      1194 1185 1184 -1 
                      1193 1186 1185 -1 
                      1192 1187 1186 -1 
                      1191 1188 1187 -1 
                      1190 1189 1188 -1 
                      1198 1181 1180 -1 
                      1191 1190 1188 -1 
                      1199 1180 1179 -1 
                      1192 1191 1187 -1 
                      1193 1192 1186 -1 
                      1200 1179 1178 -1 
                      1194 1193 1185 -1 
                      1195 1194 1184 -1 
                      1196 1195 1183 -1 
                      1197 1196 1182 -1 
                      1198 1197 1181 -1 
                      1199 1198 1180 -1 
                      1200 1199 1179 -1 
                      1201 1200 1178 -1 
                      1202 1201 1177 -1 
                      1203 1202 1176 -1 
                      1204 1203 1175 -1 
                      1205 1204 1174 -1 
                      1206 1205 1173 -1 
                      1207 1206 1172 -1 
                      1210 1208 1209 -1 
                      1211 1208 1210 -1 
                      1231 1212 1213 -1 
                      1215 1213 1214 -1 
                      1216 1213 1215 -1 
                      1217 1213 1216 -1 
                      1218 1213 1217 -1 
                      1219 1213 1218 -1 
                      1220 1213 1219 -1 
                      1221 1213 1220 -1 
                      1222 1213 1221 -1 
                      1223 1213 1222 -1 
                      1224 1213 1223 -1 
                      1225 1213 1224 -1 
                      1226 1213 1225 -1 
                      1227 1213 1226 -1 
                      1228 1213 1227 -1 
                      1229 1213 1228 -1 
                      1230 1213 1229 -1 
                      1231 1213 1230 -1 
                      1232 1212 1231 -1 
                      1235 1233 1234 -1 
                      1236 1233 1235 -1 
                      1239 1238 1237 -1 
                      1274 1239 1237 -1 
                      1273 1240 1239 -1 
                      1272 1241 1240 -1 
                      1271 1242 1241 -1 
                      1270 1243 1242 -1 
                      1269 1244 1243 -1 
                      1268 1245 1244 -1 
                      1264 1249 1248 -1 
                      1263 1250 1249 -1 
                      1262 1251 1250 -1 
                      1261 1252 1251 -1 
                      1260 1253 1252 -1 
                      1259 1254 1253 -1 
                      1258 1255 1254 -1 
                      1257 1256 1255 -1 
                      1265 1248 1247 -1 
                      1258 1257 1255 -1 
                      1266 1247 1246 -1 
                      1259 1258 1254 -1 
                      1260 1259 1253 -1 
                      1267 1246 1245 -1 
                      1261 1260 1252 -1 
                      1262 1261 1251 -1 
                      1263 1262 1250 -1 
                      1264 1263 1249 -1 
                      1265 1264 1248 -1 
                      1266 1265 1247 -1 
                      1267 1266 1246 -1 
                      1268 1267 1245 -1 
                      1269 1268 1244 -1 
                      1270 1269 1243 -1 
                      1271 1270 1242 -1 
                      1272 1271 1241 -1 
                      1273 1272 1240 -1 
                      1274 1273 1239 -1 
                      1277 1275 1276 -1 
                      1278 1275 1277 -1 
                      1298 1279 1280 -1 
                      1282 1280 1281 -1 
                      1283 1280 1282 -1 
                      1284 1280 1283 -1 
                      1285 1280 1284 -1 
                      1286 1280 1285 -1 
                      1287 1280 1286 -1 
                      1288 1280 1287 -1 
                      1289 1280 1288 -1 
                      1290 1280 1289 -1 
                      1291 1280 1290 -1 
                      1292 1280 1291 -1 
                      1293 1280 1292 -1 
                      1294 1280 1293 -1 
                      1295 1280 1294 -1 
                      1296 1280 1295 -1 
                      1297 1280 1296 -1 
                      1298 1280 1297 -1 
                      1299 1279 1298 -1 
                      1302 1301 1300 -1 
                      1303 1302 1300 -1 
                      1306 1305 1304 -1 
                      1341 1306 1304 -1 
                      1340 1307 1306 -1 
                      1339 1308 1307 -1 
                      1338 1309 1308 -1 
                      1337 1310 1309 -1 
                      1336 1311 1310 -1 
                      1335 1312 1311 -1 
                      1334 1313 1312 -1 
                      1333 1314 1313 -1 
                      1332 1315 1314 -1 
                      1331 1316 1315 -1 
                      1318 1317 1329 -1 
                      1319 1318 1328 -1 
                      1320 1319 1327 -1 
                      1321 1320 1326 -1 
                      1322 1321 1325 -1 
                      1323 1322 1324 -1 
                      1330 1317 1316 -1 
                      1325 1324 1322 -1 
                      1326 1325 1321 -1 
                      1327 1326 1320 -1 
                      1328 1327 1319 -1 
                      1329 1328 1318 -1 
                      1330 1329 1317 -1 
                      1331 1330 1316 -1 
                      1332 1331 1315 -1 
                      1333 1332 1314 -1 
                      1334 1333 1313 -1 
                      1335 1334 1312 -1 
                      1336 1335 1311 -1 
                      1337 1336 1310 -1 
                      1338 1337 1309 -1 
                      1339 1338 1308 -1 
                      1340 1339 1307 -1 
                      1341 1340 1306 -1 
                      1344 1343 1342 -1 
                      1345 1344 1342 -1 
                      1365 1347 1346 -1 
                      1349 1348 1347 -1 
                      1350 1349 1347 -1 
                      1351 1350 1347 -1 
                      1352 1351 1347 -1 
                      1353 1352 1347 -1 
                      1354 1353 1347 -1 
                      1355 1354 1347 -1 
                      1356 1355 1347 -1 
                      1357 1356 1347 -1 
                      1358 1357 1347 -1 
                      1359 1358 1347 -1 
                      1360 1359 1347 -1 
                      1361 1360 1347 -1 
                      1362 1361 1347 -1 
                      1363 1362 1347 -1 
                      1364 1363 1347 -1 
                      1365 1364 1347 -1 
                      1366 1365 1346 -1 
                      1369 1368 1367 -1 
                      1370 1369 1367 -1 
                      1373 1372 1371 -1 
                      1408 1373 1371 -1 
                      1407 1374 1373 -1 
                      1406 1375 1374 -1 
                      1405 1376 1375 -1 
                      1404 1377 1376 -1 
                      1403 1378 1377 -1 
                      1402 1379 1378 -1 
                      1401 1380 1379 -1 
                      1400 1381 1380 -1 
                      1399 1382 1381 -1 
                      1398 1383 1382 -1 
                      1385 1384 1396 -1 
                      1386 1385 1395 -1 
                      1387 1386 1394 -1 
                      1388 1387 1393 -1 
                      1389 1388 1392 -1 
                      1390 1389 1391 -1 
                      1397 1384 1383 -1 
                      1392 1391 1389 -1 
                      1393 1392 1388 -1 
                      1394 1393 1387 -1 
                      1395 1394 1386 -1 
                      1396 1395 1385 -1 
                      1397 1396 1384 -1 
                      1398 1397 1383 -1 
                      1399 1398 1382 -1 
                      1400 1399 1381 -1 
                      1401 1400 1380 -1 
                      1402 1401 1379 -1 
                      1403 1402 1378 -1 
                      1404 1403 1377 -1 
                      1405 1404 1376 -1 
                      1406 1405 1375 -1 
                      1407 1406 1374 -1 
                      1408 1407 1373 -1 
                      1411 1410 1409 -1 
                      1412 1411 1409 -1 
                      1415 1414 1413 -1 
                      1433 1415 1413 -1 
                      1417 1416 1415 -1 
                      1418 1417 1415 -1 
                      1419 1418 1415 -1 
                      1420 1419 1415 -1 
                      1421 1420 1415 -1 
                      1422 1421 1415 -1 
                      1423 1422 1415 -1 
                      1424 1423 1415 -1 
                      1425 1424 1415 -1 
                      1426 1425 1415 -1 
                      1427 1426 1415 -1 
                      1428 1427 1415 -1 
                      1429 1428 1415 -1 
                      1430 1429 1415 -1 
                      1431 1430 1415 -1 
                      1432 1431 1415 -1 
                      1433 1432 1415 -1 
                      1436 1435 1434 -1 
                      1437 1436 1434 -1 
                      1440 1439 1438 -1 
                      1475 1440 1438 -1 
                      1474 1441 1440 -1 
                      1473 1442 1441 -1 
                      1472 1443 1442 -1 
                      1471 1444 1443 -1 
                      1470 1445 1444 -1 
                      1469 1446 1445 -1 
                      1468 1447 1446 -1 
                      1467 1448 1447 -1 
                      1466 1449 1448 -1 
                      1465 1450 1449 -1 
                      1452 1451 1463 -1 
                      1453 1452 1462 -1 
                      1454 1453 1461 -1 
                      1455 1454 1460 -1 
                      1456 1455 1459 -1 
                      1457 1456 1458 -1 
                      1464 1451 1450 -1 
                      1459 1458 1456 -1 
                      1460 1459 1455 -1 
                      1461 1460 1454 -1 
                      1462 1461 1453 -1 
                      1463 1462 1452 -1 
                      1464 1463 1451 -1 
                      1465 1464 1450 -1 
                      1466 1465 1449 -1 
                      1467 1466 1448 -1 
                      1468 1467 1447 -1 
                      1469 1468 1446 -1 
                      1470 1469 1445 -1 
                      1471 1470 1444 -1 
                      1472 1471 1443 -1 
                      1473 1472 1442 -1 
                      1474 1473 1441 -1 
                      1475 1474 1440 -1 
                      1478 1477 1476 -1 
                      1479 1478 1476 -1 
                      1482 1481 1480 -1 
                      1500 1482 1480 -1 
                      1484 1483 1482 -1 
                      1485 1484 1482 -1 
                      1486 1485 1482 -1 
                      1487 1486 1482 -1 
                      1488 1487 1482 -1 
                      1489 1488 1482 -1 
                      1490 1489 1482 -1 
                      1491 1490 1482 -1 
                      1492 1491 1482 -1 
                      1493 1492 1482 -1 
                      1494 1493 1482 -1 
                      1495 1494 1482 -1 
                      1496 1495 1482 -1 
                      1497 1496 1482 -1 
                      1498 1497 1482 -1 
                      1499 1498 1482 -1 
                      1500 1499 1482 -1 
                      1503 1501 1504 -1 
                      1503 1502 1501 -1 
                      1507 1506 1505 -1 
                      1508 1507 1505 -1 
                      1511 1509 1512 -1 
                      1511 1510 1509 -1 
                      1515 1513 1516 -1 
                      1515 1514 1513 -1 
                      1519 1517 1520 -1 
                      1519 1518 1517 -1 
                      1523 1522 1521 -1 
                      1524 1523 1521 -1 
                      1527 1526 1525 -1 
                      1528 1527 1525 -1 
                      1531 1530 1529 -1 
                      1532 1531 1529 -1 
                      1535 1534 1533 -1 
                      1536 1535 1533 -1 
                      1539 1537 1540 -1 
                      1539 1538 1537 -1 
                    ]
                  }
                }
                DEF BODY-QFN_3 Shape {
                  appearance DEF __10 Appearance {
                    material DEF __11 Material {
                      ambientIntensity 0.235294118524
                      diffuseColor 0.850000023842 0.850000023842 0.850000023842
                      shininess 0
                    }
                  }
                  geometry DEF __12 IndexedFaceSet {
                    solid FALSE
                    coord Coordinate {
                      point [
                        -0.00117 6e-05 -0.00117,
                        -0.00117 6e-05 0.00117,
                        0.00117 6e-05 -0.00117,
                        0.00117 6e-05 0.00117,
                        -0.00107 6e-05 0.00107,
                        -0.00107 6e-05 -0.00072,
                        0.00107 6e-05 0.00107,
                        0.00107 6e-05 -0.00107,
                        -0.00072 6e-05 -0.00107

                      ]
                    }
                    normal Normal {
                      vector [
                        0 1 0,
                        0 1 0,
                        0 1 0,
                        0 1 0,
                        0 1 0,
                        0 1 0,
                        0 1 0,
                        0 1 0,
                        0 1 0

                      ]
                    }
                    coordIndex [
                      4 5 1 -1 
                      5 0 1 -1 
                      6 1 3 -1 
                      7 6 3 -1 
                      8 2 0 -1 
                      8 0 5 -1 
                      7 3 2 -1 
                      7 2 8 -1 
                      4 1 6 -1 
                    ]
                    normalIndex [
                      8 4 0 -1 
                      4 3 0 -1 
                      7 0 1 -1 
                      6 7 1 -1 
                      5 2 3 -1 
                      5 3 4 -1 
                      6 1 2 -1 
                      6 2 5 -1 
                      8 0 7 -1 
                    ]
                  }
                }
              ]
            }
          ]
        }
        DEF FRAME-RVA0016A Transform {
          rotation 1 0 0 1.57079632679
          children [
            DEF FRAME-RVA0016A_1 Group {
              children [
                DEF FRAME-RVA0016A_2 Shape {
                  appearance DEF __16 Appearance {
                    material DEF __17 Material {
                      ambientIntensity 0.480017602444
                      diffuseColor 0.827450990677 0.329412013292 0.0705880001187
                      shininess 0
                    }
                  }
                  geometry DEF __18 IndexedFaceSet {
                    solid FALSE
                    coord Coordinate {
                      point [
                        -0.00107 0 -0.00072,
                        -0.00107 0.0001 -0.00072,
                        -0.00072 0 -0.00107,
                        -0.00072 0.0001 -0.00107,
                        -0.00107 0.0001 0.00107,
                        -0.00107 0 0.00107,
                        -0.00117 0.0001 -0.00117,
                        -0.00117 0.0001 0.00117,
                        0.00117 0.0001 0.00117,
                        0.00117 0.0001 -0.00117,
                        0.00107 0.0001 -0.00107,
                        0.00107 0.0001 0.00107,
                        -0.00117 0.0002 -0.00117,
                        -0.00117 0.0002 0.00117,
                        0.00117 0.0002 -0.00117,
                        0.00117 0.0002 0.00117,
                        0.00107 0 -0.00107,
                        0.00107 0 0.00107

                      ]
                    }
                    normal Normal {
                      vector [
                        -0.70710677 0 -0.70710677,
                        -0.70710677 0 -0.70710677,
                        -0.70710677 0 -0.70710677,
                        -0.70710677 0 -0.70710677,
                        -1 0 0,
                        -1 0 0,
                        -1 0 0,
                        -1 0 0,
                        -0 -1 -0,
                        -0 -1 -0,
                        -0 -1 -0,
                        -0 -1 -0,
                        -0 -1 -0,
                        -0 -1 -0,
                        -0 -1 -0,
                        -0 -1 -0,
                        -0 -1 -0,
                        -1 0 0,
                        -1 0 0,
                        -1 0 0,
                        -1 0 0,
                        0 0 -1,
                        0 0 -1,
                        0 0 -1,
                        0 0 -1,
                        1 0 0,
                        1 0 0,
                        1 0 0,
                        1 0 0,
                        0 0 1,
                        0 0 1,
                        0 0 1,
                        0 0 1,
                        0 1 0,
                        0 1 0,
                        0 1 0,
                        0 1 0,
                        0 0 -1,
                        0 0 -1,
                        0 0 -1,
                        0 0 -1,
                        0 0 1,
                        0 0 1,
                        0 0 1,
                        0 0 1,
                        1 0 0,
                        1 0 0,
                        1 0 0,
                        1 0 0

                      ]
                    }
                    coordIndex [
                      2 0 1 -1 
                      2 1 3 -1 
                      4 1 0 -1 
                      4 0 5 -1 
                      11 8 4 -1 
                      1 7 6 -1 
                      4 8 7 -1 
                      10 8 11 -1 
                      1 4 7 -1 
                      3 6 9 -1 
                      3 1 6 -1 
                      10 9 8 -1 
                      10 3 9 -1 
                      12 7 13 -1 
                      6 7 12 -1 
                      14 6 12 -1 
                      9 6 14 -1 
                      15 9 14 -1 
                      8 9 15 -1 
                      13 8 15 -1 
                      7 8 13 -1 
                      14 13 15 -1 
                      12 13 14 -1 
                      16 3 10 -1 
                      2 3 16 -1 
                      17 4 5 -1 
                      11 4 17 -1 
                      16 11 17 -1 
                      10 11 16 -1 
                    ]
                    normalIndex [
                      2 3 0 -1 
                      2 0 1 -1 
                      6 7 4 -1 
                      6 4 5 -1 
                      16 10 12 -1 
                      13 9 8 -1 
                      12 10 9 -1 
                      15 10 16 -1 
                      13 12 9 -1 
                      14 8 11 -1 
                      14 13 8 -1 
                      15 11 10 -1 
                      15 14 11 -1 
                      19 17 18 -1 
                      20 17 19 -1 
                      23 21 22 -1 
                      24 21 23 -1 
                      27 25 26 -1 
                      28 25 27 -1 
                      31 29 30 -1 
                      32 29 31 -1 
                      35 33 34 -1 
                      36 33 35 -1 
                      39 37 38 -1 
                      40 37 39 -1 
                      43 41 42 -1 
                      44 41 43 -1 
                      47 45 46 -1 
                      48 45 47 -1 
                    ]
                  }
                }
                DEF FRAME-RVA0016A_3 Shape {
                  appearance DEF __20 Appearance {
                    material DEF __21 Material {
                      diffuseColor 1 1 1
                      shininess 0
                    }
                  }
                  geometry DEF __22 IndexedFaceSet {
                    solid FALSE
                    coord Coordinate {
                      point [
                        -0.00107 0 -0.00072,
                        -0.00072 0 -0.00107,
                        -0.00107 0 0.00107,
                        0.00107 0 0.00107,
                        0.00107 0 -0.00107

                      ]
                    }
                    normal Normal {
                      vector [
                        0 -1 0,
                        0 -1 0,
                        0 -1 0,
                        0 -1 0,
                        0 -1 0

                      ]
                    }
                    coordIndex [
                      4 3 1 -1 
                      0 1 3 -1 
                      0 3 2 -1 
                    ]
                    normalIndex [
                      1 2 0 -1 
                      4 0 2 -1 
                      4 2 3 -1 
                    ]
                  }
                }
                DEF FRAME-RVA0016A_4 Shape {
                  appearance DEF __24 Appearance {
                    material DEF __25 Material {
                      ambientIntensity 0.204000040889
                      diffuseColor 0.980391979218 0.980391979218 0.980391979218
                      shininess 0
                    }
                  }
                  geometry DEF __26 IndexedFaceSet {
                    solid FALSE
                    coord Coordinate {
                      point [
                        0.00175 0 0.00063,
                        0.00147 0 0.00063,
                        0.00147 0 0.00087,
                        0.00175 0 0.00087,
                        0.00144916221868 0 0.000631823069639,
                        0.0014289575828 0 0.000637236885506,
                        0.00141 0 0.000646076951546,
                        0.00139286548684 0 0.000658074666826,
                        0.00137807466683 0 0.000672865486838,
                        0.00136607695155 0 0.00069,
                        0.00135723688551 0 0.000708957582801,
                        0.00135182306964 0 0.00072916221868,
                        0.00135 0 0.00075,
                        0.00135182306964 0 0.00077083778132,
                        0.00135723688551 0 0.000791042417199,
                        0.00136607695155 0 0.00081,
                        0.00137807466683 0 0.000827134513162,
                        0.00139286548684 0 0.000841925333174,
                        0.00141 0 0.000853923048454,
                        0.0014289575828 0 0.000862763114494,
                        0.00144916221868 0 0.000868176930361

                      ]
                    }
                    normal Normal {
                      vector [
                        -0 -1 -0,
                        -0 -1 -0,
                        -0 -1 -0,
                        -0 -1 -0,
                        -0 -1 -0,
                        -0 -1 -0,
                        -0 -1 -0,
                        -0 -1 -0,
                        -0 -1 -0,
                        -0 -1 -0,
                        -0 -1 -0,
                        -0 -1 -0,
                        -0 -1 -0,
                        -0 -1 -0,
                        -0 -1 -0,
                        -0 -1 -0,
                        -0 -1 -0,
                        -0 -1 -0,
                        -0 -1 -0,
                        -0 -1 -0,
                        -0 -1 -0

                      ]
                    }
                    coordIndex [
                      2 1 0 -1 
                      5 4 1 -1 
                      6 5 1 -1 
                      7 6 1 -1 
                      8 7 1 -1 
                      9 8 1 -1 
                      10 9 1 -1 
                      11 10 1 -1 
                      12 11 1 -1 
                      13 12 1 -1 
                      14 13 1 -1 
                      15 14 1 -1 
                      16 15 1 -1 
                      17 16 1 -1 
                      18 17 1 -1 
                      19 18 1 -1 
                      20 19 1 -1 
                      2 20 1 -1 
                      3 2 0 -1 
                    ]
                    normalIndex [
                      19 1 0 -1 
                      3 2 1 -1 
                      4 3 1 -1 
                      5 4 1 -1 
                      6 5 1 -1 
                      7 6 1 -1 
                      8 7 1 -1 
                      9 8 1 -1 
                      10 9 1 -1 
                      11 10 1 -1 
                      12 11 1 -1 
                      13 12 1 -1 
                      14 13 1 -1 
                      15 14 1 -1 
                      16 15 1 -1 
                      17 16 1 -1 
                      18 17 1 -1 
                      19 18 1 -1 
                      20 19 0 -1 
                    ]
                  }
                }
                DEF FRAME-RVA0016A_5 Shape {
                  appearance DEF __28 Appearance {
                    material DEF __29 Material {
                      ambientIntensity 0.480017602444
                      diffuseColor 0.827450990677 0.329412013292 0.0705880001187
                      shininess 0
                    }
                  }
                  geometry DEF __30 IndexedFaceSet {
                    solid FALSE
                    coord Coordinate {
                      point [
                        0.00175 0 0.00063,
                        0.00147 0 0.00063,
                        0.00175 0.0002 0.00063,
                        0.00147 0.0002 0.00063,
                        0.00175 0 0.00087,
                        0.00175 0.0002 0.00087,
                        0.00147 0 0.00087,
                        0.00147 0.0002 0.00087,
                        0.00144916221868 0 0.000631823069639,
                        0.0014289575828 0 0.000637236885506,
                        0.00141 0 0.000646076951546,
                        0.00139286548684 0 0.000658074666826,
                        0.00137807466683 0 0.000672865486838,
                        0.00136607695155 0 0.00069,
                        0.00135723688551 0 0.000708957582801,
                        0.00135182306964 0 0.00072916221868,
                        0.00135 0 0.00075,
                        0.00135182306964 0 0.00077083778132,
                        0.00135723688551 0 0.000791042417199,
                        0.00136607695155 0 0.00081,
                        0.00137807466683 0 0.000827134513162,
                        0.00139286548684 0 0.000841925333174,
                        0.00141 0 0.000853923048454,
                        0.0014289575828 0 0.000862763114494,
                        0.00144916221868 0 0.000868176930361,
                        0.00144916221868 0.0002 0.000631823069639,
                        0.0014289575828 0.0002 0.000637236885506,
                        0.00141 0.0002 0.000646076951546,
                        0.00139286548684 0.0002 0.000658074666826,
                        0.00137807466683 0.0002 0.000672865486838,
                        0.00136607695155 0.0002 0.00069,
                        0.00135723688551 0.0002 0.000708957582801,
                        0.00135182306964 0.0002 0.00072916221868,
                        0.00135 0.0002 0.00075,
                        0.00135182306964 0.0002 0.00077083778132,
                        0.00135723688551 0.0002 0.000791042417199,
                        0.00136607695155 0.0002 0.00081,
                        0.00137807466683 0.0002 0.000827134513162,
                        0.00139286548684 0.0002 0.000841925333174,
                        0.00141 0.0002 0.000853923048454,
                        0.0014289575828 0.0002 0.000862763114494,
                        0.00144916221868 0.0002 0.000868176930361

                      ]
                    }
                    normal Normal {
                      vector [
                        0 0 -1,
                        0 0 -1,
                        0 0 -1,
                        0 0 -1,
                        1 0 0,
                        1 0 0,
                        1 0 0,
                        1 0 0,
                        0 0 1,
                        0 0 1,
                        0 0 1,
                        0 0 1,
                        -2.220446e-16 0 1,
                        -2.220446e-16 0 1,
                        -0.17364818 0 0.98480773,
                        -0.34202015 0 0.93969262,
                        -0.5 0 0.86602539,
                        -0.64278764 0 0.76604444,
                        -0.76604444 0 0.64278764,
                        -0.86602539 0 0.5,
                        -0.93969262 0 0.34202015,
                        -0.98480773 0 0.17364818,
                        -1 0 -1.110223e-16,
                        -0.98480773 0 -0.17364818,
                        -0.93969262 0 -0.34202015,
                        -0.86602539 0 -0.5,
                        -0.76604444 0 -0.64278764,
                        -0.64278764 0 -0.76604444,
                        -0.5 0 -0.86602539,
                        -0.34202015 0 -0.93969262,
                        -0.17364818 0 -0.98480773,
                        0 0 -1,
                        0 0 -1,
                        -0.17364818 0 -0.98480773,
                        -0.34202015 0 -0.93969262,
                        -0.5 0 -0.86602539,
                        -0.64278764 0 -0.76604444,
                        -0.76604444 0 -0.64278764,
                        -0.86602539 0 -0.5,
                        -0.93969262 0 -0.34202015,
                        -0.98480773 0 -0.17364818,
                        -1 0 -1.110223e-16,
                        -0.98480773 0 0.17364818,
                        -0.93969262 0 0.34202015,
                        -0.86602539 0 0.5,
                        -0.76604444 0 0.64278764,
                        -0.64278764 0 0.76604444,
                        -0.5 0 0.86602539,
                        -0.34202015 0 0.93969262,
                        -0.17364818 0 0.98480773,
                        0 1 0,
                        0 1 0,
                        0 1 0,
                        0 1 0,
                        0 1 0,
                        0 1 0,
                        0 1 0,
                        0 1 0,
                        0 1 0,
                        0 1 0,
                        0 1 0,
                        0 1 0,
                        0 1 0,
                        0 1 0,
                        0 1 0,
                        0 1 0,
                        0 1 0,
                        0 1 0,
                        0 1 0,
                        0 1 0,
                        0 1 0

                      ]
                    }
                    coordIndex [
                      2 1 3 -1 
                      0 1 2 -1 
                      5 0 2 -1 
                      4 0 5 -1 
                      7 4 5 -1 
                      6 4 7 -1 
                      41 6 7 -1 
                      24 6 41 -1 
                      23 41 40 -1 
                      22 40 39 -1 
                      21 39 38 -1 
                      20 38 37 -1 
                      19 37 36 -1 
                      18 36 35 -1 
                      17 35 34 -1 
                      16 34 33 -1 
                      15 33 32 -1 
                      14 32 31 -1 
                      29 12 30 -1 
                      28 11 29 -1 
                      27 10 28 -1 
                      26 9 27 -1 
                      25 8 26 -1 
                      3 1 25 -1 
                      13 31 30 -1 
                      8 25 1 -1 
                      9 26 8 -1 
                      10 27 9 -1 
                      11 28 10 -1 
                      12 29 11 -1 
                      13 30 12 -1 
                      14 31 13 -1 
                      15 32 14 -1 
                      16 33 15 -1 
                      17 34 16 -1 
                      18 35 17 -1 
                      19 36 18 -1 
                      20 37 19 -1 
                      21 38 20 -1 
                      22 39 21 -1 
                      23 40 22 -1 
                      24 41 23 -1 
                      26 3 25 -1 
                      27 3 26 -1 
                      28 3 27 -1 
                      29 3 28 -1 
                      30 3 29 -1 
                      31 3 30 -1 
                      32 3 31 -1 
                      33 3 32 -1 
                      34 3 33 -1 
                      35 3 34 -1 
                      36 3 35 -1 
                      37 3 36 -1 
                      38 3 37 -1 
                      39 3 38 -1 
                      40 3 39 -1 
                      41 3 40 -1 
                      7 3 41 -1 
                      5 2 3 -1 
                      5 3 7 -1 
                    ]
                    normalIndex [
                      2 0 1 -1 
                      3 0 2 -1 
                      6 4 5 -1 
                      7 4 6 -1 
                      10 8 9 -1 
                      11 8 10 -1 
                      14 12 13 -1 
                      49 12 14 -1 
                      48 14 15 -1 
                      47 15 16 -1 
                      46 16 17 -1 
                      45 17 18 -1 
                      44 18 19 -1 
                      43 19 20 -1 
                      42 20 21 -1 
                      41 21 22 -1 
                      40 22 23 -1 
                      39 23 24 -1 
                      26 37 25 -1 
                      27 36 26 -1 
                      28 35 27 -1 
                      29 34 28 -1 
                      30 33 29 -1 
                      31 32 30 -1 
                      38 24 25 -1 
                      33 30 32 -1 
                      34 29 33 -1 
                      35 28 34 -1 
                      36 27 35 -1 
                      37 26 36 -1 
                      38 25 37 -1 
                      39 24 38 -1 
                      40 23 39 -1 
                      41 22 40 -1 
                      42 21 41 -1 
                      43 20 42 -1 
                      44 19 43 -1 
                      45 18 44 -1 
                      46 17 45 -1 
                      47 16 46 -1 
                      48 15 47 -1 
                      49 14 48 -1 
                      52 50 51 -1 
                      53 50 52 -1 
                      54 50 53 -1 
                      55 50 54 -1 
                      56 50 55 -1 
                      57 50 56 -1 
                      58 50 57 -1 
                      59 50 58 -1 
                      60 50 59 -1 
                      61 50 60 -1 
                      62 50 61 -1 
                      63 50 62 -1 
                      64 50 63 -1 
                      65 50 64 -1 
                      66 50 65 -1 
                      67 50 66 -1 
                      68 50 67 -1 
                      69 70 50 -1 
                      69 50 68 -1 
                    ]
                  }
                }
                DEF FRAME-RVA0016A_6 Shape {
                  appearance DEF __32 Appearance {
                    material DEF __33 Material {
                      ambientIntensity 0.204000040889
                      diffuseColor 0.980391979218 0.980391979218 0.980391979218
                      shininess 0
                    }
                  }
                  geometry DEF __34 IndexedFaceSet {
                    solid FALSE
                    coord Coordinate {
                      point [
                        0.00175 0 0.00013,
                        0.00147 0 0.00013,
                        0.00147 0 0.00037,
                        0.00175 0 0.00037,
                        0.00144916221868 0 0.000131823069639,
                        0.0014289575828 0 0.000137236885506,
                        0.00141 0 0.000146076951546,
                        0.00139286548684 0 0.000158074666826,
                        0.00137807466683 0 0.000172865486838,
                        0.00136607695155 0 0.00019,
                        0.00135723688551 0 0.000208957582801,
                        0.00135182306964 0 0.00022916221868,
                        0.00135 0 0.00025,
                        0.00135182306964 0 0.00027083778132,
                        0.00135723688551 0 0.000291042417199,
                        0.00136607695155 0 0.00031,
                        0.00137807466683 0 0.000327134513162,
                        0.00139286548684 0 0.000341925333174,
                        0.00141 0 0.000353923048454,
                        0.0014289575828 0 0.000362763114494,
                        0.00144916221868 0 0.000368176930361

                      ]
                    }
                    normal Normal {
                      vector [
                        -0 -1 -0,
                        -0 -1 -0,
                        -0 -1 -0,
                        -0 -1 -0,
                        -0 -1 -0,
                        -0 -1 -0,
                        -0 -1 -0,
                        -0 -1 -0,
                        -0 -1 -0,
                        -0 -1 -0,
                        -0 -1 -0,
                        -0 -1 -0,
                        -0 -1 -0,
                        -0 -1 -0,
                        -0 -1 -0,
                        -0 -1 -0,
                        -0 -1 -0,
                        -0 -1 -0,
                        -0 -1 -0,
                        -0 -1 -0,
                        -0 -1 -0

                      ]
                    }
                    coordIndex [
                      2 1 0 -1 
                      5 4 1 -1 
                      6 5 1 -1 
                      7 6 1 -1 
                      8 7 1 -1 
                      9 8 1 -1 
                      10 9 1 -1 
                      11 10 1 -1 
                      12 11 1 -1 
                      13 12 1 -1 
                      14 13 1 -1 
                      15 14 1 -1 
                      16 15 1 -1 
                      17 16 1 -1 
                      18 17 1 -1 
                      19 18 1 -1 
                      20 19 1 -1 
                      2 20 1 -1 
                      3 2 0 -1 
                    ]
                    normalIndex [
                      19 1 0 -1 
                      3 2 1 -1 
                      4 3 1 -1 
                      5 4 1 -1 
                      6 5 1 -1 
                      7 6 1 -1 
                      8 7 1 -1 
                      9 8 1 -1 
                      10 9 1 -1 
                      11 10 1 -1 
                      12 11 1 -1 
                      13 12 1 -1 
                      14 13 1 -1 
                      15 14 1 -1 
                      16 15 1 -1 
                      17 16 1 -1 
                      18 17 1 -1 
                      19 18 1 -1 
                      20 19 0 -1 
                    ]
                  }
                }
                DEF FRAME-RVA0016A_7 Shape {
                  appearance DEF __36 Appearance {
                    material DEF __37 Material {
                      ambientIntensity 0.480017602444
                      diffuseColor 0.827450990677 0.329412013292 0.0705880001187
                      shininess 0
                    }
                  }
                  geometry DEF __38 IndexedFaceSet {
                    solid FALSE
                    coord Coordinate {
                      point [
                        0.00175 0 0.00013,
                        0.00147 0 0.00013,
                        0.00175 0.0002 0.00013,
                        0.00147 0.0002 0.00013,
                        0.00175 0 0.00037,
                        0.00175 0.0002 0.00037,
                        0.00147 0 0.00037,
                        0.00147 0.0002 0.00037,
                        0.00144916221868 0 0.000131823069639,
                        0.0014289575828 0 0.000137236885506,
                        0.00141 0 0.000146076951546,
                        0.00139286548684 0 0.000158074666826,
                        0.00137807466683 0 0.000172865486838,
                        0.00136607695155 0 0.00019,
                        0.00135723688551 0 0.000208957582801,
                        0.00135182306964 0 0.00022916221868,
                        0.00135 0 0.00025,
                        0.00135182306964 0 0.00027083778132,
                        0.00135723688551 0 0.000291042417199,
                        0.00136607695155 0 0.00031,
                        0.00137807466683 0 0.000327134513162,
                        0.00139286548684 0 0.000341925333174,
                        0.00141 0 0.000353923048454,
                        0.0014289575828 0 0.000362763114494,
                        0.00144916221868 0 0.000368176930361,
                        0.00144916221868 0.0002 0.000131823069639,
                        0.0014289575828 0.0002 0.000137236885506,
                        0.00141 0.0002 0.000146076951546,
                        0.00139286548684 0.0002 0.000158074666826,
                        0.00137807466683 0.0002 0.000172865486838,
                        0.00136607695155 0.0002 0.00019,
                        0.00135723688551 0.0002 0.000208957582801,
                        0.00135182306964 0.0002 0.00022916221868,
                        0.00135 0.0002 0.00025,
                        0.00135182306964 0.0002 0.00027083778132,
                        0.00135723688551 0.0002 0.000291042417199,
                        0.00136607695155 0.0002 0.00031,
                        0.00137807466683 0.0002 0.000327134513162,
                        0.00139286548684 0.0002 0.000341925333174,
                        0.00141 0.0002 0.000353923048454,
                        0.0014289575828 0.0002 0.000362763114494,
                        0.00144916221868 0.0002 0.000368176930361

                      ]
                    }
                    normal Normal {
                      vector [
                        0 0 -1,
                        0 0 -1,
                        0 0 -1,
                        0 0 -1,
                        1 0 0,
                        1 0 0,
                        1 0 0,
                        1 0 0,
                        0 0 1,
                        0 0 1,
                        0 0 1,
                        0 0 1,
                        -2.220446e-16 0 1,
                        -2.220446e-16 0 1,
                        -0.17364818 0 0.98480773,
                        -0.34202015 0 0.93969262,
                        -0.5 0 0.86602539,
                        -0.64278764 0 0.76604444,
                        -0.76604444 0 0.64278764,
                        -0.86602539 0 0.5,
                        -0.93969262 0 0.34202015,
                        -0.98480773 0 0.17364818,
                        -1 0 -1.110223e-16,
                        -0.98480773 0 -0.17364818,
                        -0.93969262 0 -0.34202015,
                        -0.86602539 0 -0.5,
                        -0.76604444 0 -0.64278764,
                        -0.64278764 0 -0.76604444,
                        -0.5 0 -0.86602539,
                        -0.34202015 0 -0.93969262,
                        -0.17364818 0 -0.98480773,
                        0 0 -1,
                        0 0 -1,
                        -0.17364818 0 -0.98480773,
                        -0.34202015 0 -0.93969262,
                        -0.5 0 -0.86602539,
                        -0.64278764 0 -0.76604444,
                        -0.76604444 0 -0.64278764,
                        -0.86602539 0 -0.5,
                        -0.93969262 0 -0.34202015,
                        -0.98480773 0 -0.17364818,
                        -1 0 -1.110223e-16,
                        -0.98480773 0 0.17364818,
                        -0.93969262 0 0.34202015,
                        -0.86602539 0 0.5,
                        -0.76604444 0 0.64278764,
                        -0.64278764 0 0.76604444,
                        -0.5 0 0.86602539,
                        -0.34202015 0 0.93969262,
                        -0.17364818 0 0.98480773,
                        0 1 0,
                        0 1 0,
                        0 1 0,
                        0 1 0,
                        0 1 0,
                        0 1 0,
                        0 1 0,
                        0 1 0,
                        0 1 0,
                        0 1 0,
                        0 1 0,
                        0 1 0,
                        0 1 0,
                        0 1 0,
                        0 1 0,
                        0 1 0,
                        0 1 0,
                        0 1 0,
                        0 1 0,
                        0 1 0,
                        0 1 0

                      ]
                    }
                    coordIndex [
                      2 1 3 -1 
                      0 1 2 -1 
                      5 0 2 -1 
                      4 0 5 -1 
                      7 4 5 -1 
                      6 4 7 -1 
                      41 6 7 -1 
                      24 6 41 -1 
                      23 41 40 -1 
                      22 40 39 -1 
                      21 39 38 -1 
                      20 38 37 -1 
                      19 37 36 -1 
                      18 36 35 -1 
                      17 35 34 -1 
                      16 34 33 -1 
                      15 33 32 -1 
                      14 32 31 -1 
                      29 12 30 -1 
                      28 11 29 -1 
                      27 10 28 -1 
                      26 9 27 -1 
                      25 8 26 -1 
                      3 1 25 -1 
                      13 31 30 -1 
                      8 25 1 -1 
                      9 26 8 -1 
                      10 27 9 -1 
                      11 28 10 -1 
                      12 29 11 -1 
                      13 30 12 -1 
                      14 31 13 -1 
                      15 32 14 -1 
                      16 33 15 -1 
                      17 34 16 -1 
                      18 35 17 -1 
                      19 36 18 -1 
                      20 37 19 -1 
                      21 38 20 -1 
                      22 39 21 -1 
                      23 40 22 -1 
                      24 41 23 -1 
                      26 27 3 -1 
                      26 3 25 -1 
                      28 3 27 -1 
                      29 3 28 -1 
                      30 3 29 -1 
                      31 3 30 -1 
                      32 3 31 -1 
                      33 3 32 -1 
                      34 3 33 -1 
                      35 3 34 -1 
                      36 3 35 -1 
                      37 3 36 -1 
                      38 3 37 -1 
                      39 3 38 -1 
                      40 3 39 -1 
                      41 3 40 -1 
                      7 3 41 -1 
                      5 2 3 -1 
                      5 3 7 -1 
                    ]
                    normalIndex [
                      2 0 1 -1 
                      3 0 2 -1 
                      6 4 5 -1 
                      7 4 6 -1 
                      10 8 9 -1 
                      11 8 10 -1 
                      14 12 13 -1 
                      49 12 14 -1 
                      48 14 15 -1 
                      47 15 16 -1 
                      46 16 17 -1 
                      45 17 18 -1 
                      44 18 19 -1 
                      43 19 20 -1 
                      42 20 21 -1 
                      41 21 22 -1 
                      40 22 23 -1 
                      39 23 24 -1 
                      26 37 25 -1 
                      27 36 26 -1 
                      28 35 27 -1 
                      29 34 28 -1 
                      30 33 29 -1 
                      31 32 30 -1 
                      38 24 25 -1 
                      33 30 32 -1 
                      34 29 33 -1 
                      35 28 34 -1 
                      36 27 35 -1 
                      37 26 36 -1 
                      38 25 37 -1 
                      39 24 38 -1 
                      40 23 39 -1 
                      41 22 40 -1 
                      42 21 41 -1 
                      43 20 42 -1 
                      44 19 43 -1 
                      45 18 44 -1 
                      46 17 45 -1 
                      47 16 46 -1 
                      48 15 47 -1 
                      49 14 48 -1 
                      52 53 50 -1 
                      52 50 51 -1 
                      54 50 53 -1 
                      55 50 54 -1 
                      56 50 55 -1 
                      57 50 56 -1 
                      58 50 57 -1 
                      59 50 58 -1 
                      60 50 59 -1 
                      61 50 60 -1 
                      62 50 61 -1 
                      63 50 62 -1 
                      64 50 63 -1 
                      65 50 64 -1 
                      66 50 65 -1 
                      67 50 66 -1 
                      68 50 67 -1 
                      69 70 50 -1 
                      69 50 68 -1 
                    ]
                  }
                }
                DEF FRAME-RVA0016A_8 Shape {
                  appearance DEF __40 Appearance {
                    material DEF __41 Material {
                      ambientIntensity 0.204000040889
                      diffuseColor 0.980391979218 0.980391979218 0.980391979218
                      shininess 0
                    }
                  }
                  geometry DEF __42 IndexedFaceSet {
                    solid FALSE
                    coord Coordinate {
                      point [
                        0.00175 0 -0.00037,
                        0.00147 0 -0.00037,
                        0.00147 0 -0.00013,
                        0.00175 0 -0.00013,
                        0.00144916221868 0 -0.000368176930361,
                        0.0014289575828 0 -0.000362763114494,
                        0.00141 0 -0.000353923048454,
                        0.00139286548684 0 -0.000341925333174,
                        0.00137807466683 0 -0.000327134513162,
                        0.00136607695155 0 -0.00031,
                        0.00135723688551 0 -0.000291042417199,
                        0.00135182306964 0 -0.00027083778132,
                        0.00135 0 -0.00025,
                        0.00135182306964 0 -0.00022916221868,
                        0.00135723688551 0 -0.000208957582801,
                        0.00136607695155 0 -0.00019,
                        0.00137807466683 0 -0.000172865486838,
                        0.00139286548684 0 -0.000158074666826,
                        0.00141 0 -0.000146076951546,
                        0.0014289575828 0 -0.000137236885506,
                        0.00144916221868 0 -0.000131823069639

                      ]
                    }
                    normal Normal {
                      vector [
                        -0 -1 -0,
                        -0 -1 -0,
                        -0 -1 -0,
                        -0 -1 -0,
                        -0 -1 -0,
                        -0 -1 -0,
                        -0 -1 -0,
                        -0 -1 -0,
                        -0 -1 -0,
                        -0 -1 -0,
                        -0 -1 -0,
                        -0 -1 -0,
                        -0 -1 -0,
                        -0 -1 -0,
                        -0 -1 -0,
                        -0 -1 -0,
                        -0 -1 -0,
                        -0 -1 -0,
                        -0 -1 -0,
                        -0 -1 -0,
                        -0 -1 -0

                      ]
                    }
                    coordIndex [
                      2 1 0 -1 
                      5 4 1 -1 
                      6 5 1 -1 
                      7 6 1 -1 
                      8 7 1 -1 
                      9 8 1 -1 
                      10 9 1 -1 
                      11 10 1 -1 
                      12 11 1 -1 
                      13 12 1 -1 
                      14 13 1 -1 
                      15 14 1 -1 
                      16 15 1 -1 
                      17 16 1 -1 
                      18 17 1 -1 
                      19 18 1 -1 
                      20 19 1 -1 
                      2 20 1 -1 
                      3 2 0 -1 
                    ]
                    normalIndex [
                      19 1 0 -1 
                      3 2 1 -1 
                      4 3 1 -1 
                      5 4 1 -1 
                      6 5 1 -1 
                      7 6 1 -1 
                      8 7 1 -1 
                      9 8 1 -1 
                      10 9 1 -1 
                      11 10 1 -1 
                      12 11 1 -1 
                      13 12 1 -1 
                      14 13 1 -1 
                      15 14 1 -1 
                      16 15 1 -1 
                      17 16 1 -1 
                      18 17 1 -1 
                      19 18 1 -1 
                      20 19 0 -1 
                    ]
                  }
                }
                DEF FRAME-RVA0016A_9 Shape {
                  appearance DEF __44 Appearance {
                    material DEF __45 Material {
                      ambientIntensity 0.480017602444
                      diffuseColor 0.827450990677 0.329412013292 0.0705880001187
                      shininess 0
                    }
                  }
                  geometry DEF __46 IndexedFaceSet {
                    solid FALSE
                    coord Coordinate {
                      point [
                        0.00175 0 -0.00037,
                        0.00147 0 -0.00037,
                        0.00175 0.0002 -0.00037,
                        0.00147 0.0002 -0.00037,
                        0.00175 0 -0.00013,
                        0.00175 0.0002 -0.00013,
                        0.00147 0 -0.00013,
                        0.00147 0.0002 -0.00013,
                        0.00144916221868 0 -0.000368176930361,
                        0.0014289575828 0 -0.000362763114494,
                        0.00141 0 -0.000353923048454,
                        0.00139286548684 0 -0.000341925333174,
                        0.00137807466683 0 -0.000327134513162,
                        0.00136607695155 0 -0.00031,
                        0.00135723688551 0 -0.000291042417199,
                        0.00135182306964 0 -0.00027083778132,
                        0.00135 0 -0.00025,
                        0.00135182306964 0 -0.00022916221868,
                        0.00135723688551 0 -0.000208957582801,
                        0.00136607695155 0 -0.00019,
                        0.00137807466683 0 -0.000172865486838,
                        0.00139286548684 0 -0.000158074666826,
                        0.00141 0 -0.000146076951546,
                        0.0014289575828 0 -0.000137236885506,
                        0.00144916221868 0 -0.000131823069639,
                        0.00144916221868 0.0002 -0.000368176930361,
                        0.0014289575828 0.0002 -0.000362763114494,
                        0.00141 0.0002 -0.000353923048454,
                        0.00139286548684 0.0002 -0.000341925333174,
                        0.00137807466683 0.0002 -0.000327134513162,
                        0.00136607695155 0.0002 -0.00031,
                        0.00135723688551 0.0002 -0.000291042417199,
                        0.00135182306964 0.0002 -0.00027083778132,
                        0.00135 0.0002 -0.00025,
                        0.00135182306964 0.0002 -0.00022916221868,
                        0.00135723688551 0.0002 -0.000208957582801,
                        0.00136607695155 0.0002 -0.00019,
                        0.00137807466683 0.0002 -0.000172865486838,
                        0.00139286548684 0.0002 -0.000158074666826,
                        0.00141 0.0002 -0.000146076951546,
                        0.0014289575828 0.0002 -0.000137236885506,
                        0.00144916221868 0.0002 -0.000131823069639

                      ]
                    }
                    normal Normal {
                      vector [
                        0 0 -1,
                        0 0 -1,
                        0 0 -1,
                        0 0 -1,
                        1 0 0,
                        1 0 0,
                        1 0 0,
                        1 0 0,
                        0 0 1,
                        0 0 1,
                        0 0 1,
                        0 0 1,
                        -2.220446e-16 0 1,
                        -2.220446e-16 0 1,
                        -0.17364818 0 0.98480773,
                        -0.34202015 0 0.93969262,
                        -0.5 0 0.86602539,
                        -0.64278764 0 0.76604444,
                        -0.76604444 0 0.64278764,
                        -0.86602539 0 0.5,
                        -0.93969262 0 0.34202015,
                        -0.98480773 0 0.17364818,
                        -1 0 -1.110223e-16,
                        -0.98480773 0 -0.17364818,
                        -0.93969262 0 -0.34202015,
                        -0.86602539 0 -0.5,
                        -0.76604444 0 -0.64278764,
                        -0.64278764 0 -0.76604444,
                        -0.5 0 -0.86602539,
                        -0.34202015 0 -0.93969262,
                        -0.17364818 0 -0.98480773,
                        0 0 -1,
                        0 0 -1,
                        -0.17364818 0 -0.98480773,
                        -0.34202015 0 -0.93969262,
                        -0.5 0 -0.86602539,
                        -0.64278764 0 -0.76604444,
                        -0.76604444 0 -0.64278764,
                        -0.86602539 0 -0.5,
                        -0.93969262 0 -0.34202015,
                        -0.98480773 0 -0.17364818,
                        -1 0 -1.110223e-16,
                        -0.98480773 0 0.17364818,
                        -0.93969262 0 0.34202015,
                        -0.86602539 0 0.5,
                        -0.76604444 0 0.64278764,
                        -0.64278764 0 0.76604444,
                        -0.5 0 0.86602539,
                        -0.34202015 0 0.93969262,
                        -0.17364818 0 0.98480773,
                        0 1 0,
                        0 1 0,
                        0 1 0,
                        0 1 0,
                        0 1 0,
                        0 1 0,
                        0 1 0,
                        0 1 0,
                        0 1 0,
                        0 1 0,
                        0 1 0,
                        0 1 0,
                        0 1 0,
                        0 1 0,
                        0 1 0,
                        0 1 0,
                        0 1 0,
                        0 1 0,
                        0 1 0,
                        0 1 0,
                        0 1 0

                      ]
                    }
                    coordIndex [
                      2 1 3 -1 
                      0 1 2 -1 
                      5 0 2 -1 
                      4 0 5 -1 
                      7 4 5 -1 
                      6 4 7 -1 
                      41 6 7 -1 
                      24 6 41 -1 
                      23 41 40 -1 
                      22 40 39 -1 
                      21 39 38 -1 
                      20 38 37 -1 
                      19 37 36 -1 
                      18 36 35 -1 
                      17 35 34 -1 
                      16 34 33 -1 
                      15 33 32 -1 
                      14 32 31 -1 
                      29 12 30 -1 
                      28 11 29 -1 
                      27 10 28 -1 
                      26 9 27 -1 
                      25 8 26 -1 
                      3 1 25 -1 
                      13 31 30 -1 
                      8 25 1 -1 
                      9 26 8 -1 
                      10 27 9 -1 
                      11 28 10 -1 
                      12 29 11 -1 
                      13 30 12 -1 
                      14 31 13 -1 
                      15 32 14 -1 
                      16 33 15 -1 
                      17 34 16 -1 
                      18 35 17 -1 
                      19 36 18 -1 
                      20 37 19 -1 
                      21 38 20 -1 
                      22 39 21 -1 
                      23 40 22 -1 
                      24 41 23 -1 
                      26 3 25 -1 
                      27 3 26 -1 
                      28 3 27 -1 
                      29 3 28 -1 
                      30 3 29 -1 
                      31 3 30 -1 
                      32 3 31 -1 
                      33 3 32 -1 
                      34 3 33 -1 
                      35 3 34 -1 
                      36 3 35 -1 
                      37 3 36 -1 
                      38 3 37 -1 
                      39 3 38 -1 
                      40 3 39 -1 
                      41 3 40 -1 
                      7 3 41 -1 
                      5 2 3 -1 
                      5 3 7 -1 
                    ]
                    normalIndex [
                      2 0 1 -1 
                      3 0 2 -1 
                      6 4 5 -1 
                      7 4 6 -1 
                      10 8 9 -1 
                      11 8 10 -1 
                      14 12 13 -1 
                      49 12 14 -1 
                      48 14 15 -1 
                      47 15 16 -1 
                      46 16 17 -1 
                      45 17 18 -1 
                      44 18 19 -1 
                      43 19 20 -1 
                      42 20 21 -1 
                      41 21 22 -1 
                      40 22 23 -1 
                      39 23 24 -1 
                      26 37 25 -1 
                      27 36 26 -1 
                      28 35 27 -1 
                      29 34 28 -1 
                      30 33 29 -1 
                      31 32 30 -1 
                      38 24 25 -1 
                      33 30 32 -1 
                      34 29 33 -1 
                      35 28 34 -1 
                      36 27 35 -1 
                      37 26 36 -1 
                      38 25 37 -1 
                      39 24 38 -1 
                      40 23 39 -1 
                      41 22 40 -1 
                      42 21 41 -1 
                      43 20 42 -1 
                      44 19 43 -1 
                      45 18 44 -1 
                      46 17 45 -1 
                      47 16 46 -1 
                      48 15 47 -1 
                      49 14 48 -1 
                      52 50 51 -1 
                      53 50 52 -1 
                      54 50 53 -1 
                      55 50 54 -1 
                      56 50 55 -1 
                      57 50 56 -1 
                      58 50 57 -1 
                      59 50 58 -1 
                      60 50 59 -1 
                      61 50 60 -1 
                      62 50 61 -1 
                      63 50 62 -1 
                      64 50 63 -1 
                      65 50 64 -1 
                      66 50 65 -1 
                      67 50 66 -1 
                      68 50 67 -1 
                      69 70 50 -1 
                      69 50 68 -1 
                    ]
                  }
                }
                DEF FRAME-RVA0016A_10 Shape {
                  appearance DEF __48 Appearance {
                    material DEF __49 Material {
                      ambientIntensity 0.204000040889
                      diffuseColor 0.980391979218 0.980391979218 0.980391979218
                      shininess 0
                    }
                  }
                  geometry DEF __50 IndexedFaceSet {
                    solid FALSE
                    coord Coordinate {
                      point [
                        0.00175 0 -0.00087,
                        0.00147 0 -0.00087,
                        0.00147 0 -0.00063,
                        0.00175 0 -0.00063,
                        0.00144916221868 0 -0.000868176930361,
                        0.0014289575828 0 -0.000862763114494,
                        0.00141 0 -0.000853923048454,
                        0.00139286548684 0 -0.000841925333174,
                        0.00137807466683 0 -0.000827134513162,
                        0.00136607695155 0 -0.00081,
                        0.00135723688551 0 -0.000791042417199,
                        0.00135182306964 0 -0.00077083778132,
                        0.00135 0 -0.00075,
                        0.00135182306964 0 -0.00072916221868,
                        0.00135723688551 0 -0.000708957582801,
                        0.00136607695155 0 -0.00069,
                        0.00137807466683 0 -0.000672865486838,
                        0.00139286548684 0 -0.000658074666826,
                        0.00141 0 -0.000646076951546,
                        0.0014289575828 0 -0.000637236885506,
                        0.00144916221868 0 -0.000631823069639

                      ]
                    }
                    normal Normal {
                      vector [
                        -0 -1 -0,
                        -0 -1 -0,
                        -0 -1 -0,
                        -0 -1 -0,
                        -0 -1 -0,
                        -0 -1 -0,
                        -0 -1 -0,
                        -0 -1 -0,
                        -0 -1 -0,
                        -0 -1 -0,
                        -0 -1 -0,
                        -0 -1 -0,
                        -0 -1 -0,
                        -0 -1 -0,
                        -0 -1 -0,
                        -0 -1 -0,
                        -0 -1 -0,
                        -0 -1 -0,
                        -0 -1 -0,
                        -0 -1 -0,
                        -0 -1 -0

                      ]
                    }
                    coordIndex [
                      2 1 0 -1 
                      5 4 1 -1 
                      6 5 1 -1 
                      7 6 1 -1 
                      8 7 1 -1 
                      9 8 1 -1 
                      10 9 1 -1 
                      11 10 1 -1 
                      12 11 1 -1 
                      13 12 1 -1 
                      14 13 1 -1 
                      15 14 1 -1 
                      16 15 1 -1 
                      17 16 1 -1 
                      18 17 1 -1 
                      19 18 1 -1 
                      20 19 1 -1 
                      2 20 1 -1 
                      3 2 0 -1 
                    ]
                    normalIndex [
                      19 1 0 -1 
                      3 2 1 -1 
                      4 3 1 -1 
                      5 4 1 -1 
                      6 5 1 -1 
                      7 6 1 -1 
                      8 7 1 -1 
                      9 8 1 -1 
                      10 9 1 -1 
                      11 10 1 -1 
                      12 11 1 -1 
                      13 12 1 -1 
                      14 13 1 -1 
                      15 14 1 -1 
                      16 15 1 -1 
                      17 16 1 -1 
                      18 17 1 -1 
                      19 18 1 -1 
                      20 19 0 -1 
                    ]
                  }
                }
                DEF FRAME-RVA0016A_11 Shape {
                  appearance DEF __52 Appearance {
                    material DEF __53 Material {
                      ambientIntensity 0.480017602444
                      diffuseColor 0.827450990677 0.329412013292 0.0705880001187
                      shininess 0
                    }
                  }
                  geometry DEF __54 IndexedFaceSet {
                    solid FALSE
                    coord Coordinate {
                      point [
                        0.00175 0 -0.00087,
                        0.00147 0 -0.00087,
                        0.00175 0.0002 -0.00087,
                        0.00147 0.0002 -0.00087,
                        0.00175 0 -0.00063,
                        0.00175 0.0002 -0.00063,
                        0.00147 0 -0.00063,
                        0.00147 0.0002 -0.00063,
                        0.00144916221868 0 -0.000868176930361,
                        0.0014289575828 0 -0.000862763114494,
                        0.00141 0 -0.000853923048454,
                        0.00139286548684 0 -0.000841925333174,
                        0.00137807466683 0 -0.000827134513162,
                        0.00136607695155 0 -0.00081,
                        0.00135723688551 0 -0.000791042417199,
                        0.00135182306964 0 -0.00077083778132,
                        0.00135 0 -0.00075,
                        0.00135182306964 0 -0.00072916221868,
                        0.00135723688551 0 -0.000708957582801,
                        0.00136607695155 0 -0.00069,
                        0.00137807466683 0 -0.000672865486838,
                        0.00139286548684 0 -0.000658074666826,
                        0.00141 0 -0.000646076951546,
                        0.0014289575828 0 -0.000637236885506,
                        0.00144916221868 0 -0.000631823069639,
                        0.00144916221868 0.0002 -0.000868176930361,
                        0.0014289575828 0.0002 -0.000862763114494,
                        0.00141 0.0002 -0.000853923048454,
                        0.00139286548684 0.0002 -0.000841925333174,
                        0.00137807466683 0.0002 -0.000827134513162,
                        0.00136607695155 0.0002 -0.00081,
                        0.00135723688551 0.0002 -0.000791042417199,
                        0.00135182306964 0.0002 -0.00077083778132,
                        0.00135 0.0002 -0.00075,
                        0.00135182306964 0.0002 -0.00072916221868,
                        0.00135723688551 0.0002 -0.000708957582801,
                        0.00136607695155 0.0002 -0.00069,
                        0.00137807466683 0.0002 -0.000672865486838,
                        0.00139286548684 0.0002 -0.000658074666826,
                        0.00141 0.0002 -0.000646076951546,
                        0.0014289575828 0.0002 -0.000637236885506,
                        0.00144916221868 0.0002 -0.000631823069639

                      ]
                    }
                    normal Normal {
                      vector [
                        0 0 -1,
                        0 0 -1,
                        0 0 -1,
                        0 0 -1,
                        1 0 0,
                        1 0 0,
                        1 0 0,
                        1 0 0,
                        0 0 1,
                        0 0 1,
                        0 0 1,
                        0 0 1,
                        -2.220446e-16 0 1,
                        -2.220446e-16 0 1,
                        -0.17364818 0 0.98480773,
                        -0.34202015 0 0.93969262,
                        -0.5 0 0.86602539,
                        -0.64278764 0 0.76604444,
                        -0.76604444 0 0.64278764,
                        -0.86602539 0 0.5,
                        -0.93969262 0 0.34202015,
                        -0.98480773 0 0.17364818,
                        -1 0 -1.110223e-16,
                        -0.98480773 0 -0.17364818,
                        -0.93969262 0 -0.34202015,
                        -0.86602539 0 -0.5,
                        -0.76604444 0 -0.64278764,
                        -0.64278764 0 -0.76604444,
                        -0.5 0 -0.86602539,
                        -0.34202015 0 -0.93969262,
                        -0.17364818 0 -0.98480773,
                        0 0 -1,
                        0 0 -1,
                        -0.17364818 0 -0.98480773,
                        -0.34202015 0 -0.93969262,
                        -0.5 0 -0.86602539,
                        -0.64278764 0 -0.76604444,
                        -0.76604444 0 -0.64278764,
                        -0.86602539 0 -0.5,
                        -0.93969262 0 -0.34202015,
                        -0.98480773 0 -0.17364818,
                        -1 0 -1.110223e-16,
                        -0.98480773 0 0.17364818,
                        -0.93969262 0 0.34202015,
                        -0.86602539 0 0.5,
                        -0.76604444 0 0.64278764,
                        -0.64278764 0 0.76604444,
                        -0.5 0 0.86602539,
                        -0.34202015 0 0.93969262,
                        -0.17364818 0 0.98480773,
                        0 1 0,
                        0 1 0,
                        0 1 0,
                        0 1 0,
                        0 1 0,
                        0 1 0,
                        0 1 0,
                        0 1 0,
                        0 1 0,
                        0 1 0,
                        0 1 0,
                        0 1 0,
                        0 1 0,
                        0 1 0,
                        0 1 0,
                        0 1 0,
                        0 1 0,
                        0 1 0,
                        0 1 0,
                        0 1 0,
                        0 1 0

                      ]
                    }
                    coordIndex [
                      2 1 3 -1 
                      0 1 2 -1 
                      5 0 2 -1 
                      4 0 5 -1 
                      7 4 5 -1 
                      6 4 7 -1 
                      41 6 7 -1 
                      24 6 41 -1 
                      23 41 40 -1 
                      22 40 39 -1 
                      21 39 38 -1 
                      20 38 37 -1 
                      19 37 36 -1 
                      18 36 35 -1 
                      17 35 34 -1 
                      16 34 33 -1 
                      15 33 32 -1 
                      14 32 31 -1 
                      29 12 30 -1 
                      28 11 29 -1 
                      27 10 28 -1 
                      26 9 27 -1 
                      25 8 26 -1 
                      3 1 25 -1 
                      13 31 30 -1 
                      8 25 1 -1 
                      9 26 8 -1 
                      10 27 9 -1 
                      11 28 10 -1 
                      12 29 11 -1 
                      13 30 12 -1 
                      14 31 13 -1 
                      15 32 14 -1 
                      16 33 15 -1 
                      17 34 16 -1 
                      18 35 17 -1 
                      19 36 18 -1 
                      20 37 19 -1 
                      21 38 20 -1 
                      22 39 21 -1 
                      23 40 22 -1 
                      24 41 23 -1 
                      26 3 25 -1 
                      27 3 26 -1 
                      28 3 27 -1 
                      29 3 28 -1 
                      30 3 29 -1 
                      31 3 30 -1 
                      32 3 31 -1 
                      33 3 32 -1 
                      34 3 33 -1 
                      35 3 34 -1 
                      36 3 35 -1 
                      37 3 36 -1 
                      38 3 37 -1 
                      39 3 38 -1 
                      40 3 39 -1 
                      41 3 40 -1 
                      7 3 41 -1 
                      5 2 3 -1 
                      5 3 7 -1 
                    ]
                    normalIndex [
                      2 0 1 -1 
                      3 0 2 -1 
                      6 4 5 -1 
                      7 4 6 -1 
                      10 8 9 -1 
                      11 8 10 -1 
                      14 12 13 -1 
                      49 12 14 -1 
                      48 14 15 -1 
                      47 15 16 -1 
                      46 16 17 -1 
                      45 17 18 -1 
                      44 18 19 -1 
                      43 19 20 -1 
                      42 20 21 -1 
                      41 21 22 -1 
                      40 22 23 -1 
                      39 23 24 -1 
                      26 37 25 -1 
                      27 36 26 -1 
                      28 35 27 -1 
                      29 34 28 -1 
                      30 33 29 -1 
                      31 32 30 -1 
                      38 24 25 -1 
                      33 30 32 -1 
                      34 29 33 -1 
                      35 28 34 -1 
                      36 27 35 -1 
                      37 26 36 -1 
                      38 25 37 -1 
                      39 24 38 -1 
                      40 23 39 -1 
                      41 22 40 -1 
                      42 21 41 -1 
                      43 20 42 -1 
                      44 19 43 -1 
                      45 18 44 -1 
                      46 17 45 -1 
                      47 16 46 -1 
                      48 15 47 -1 
                      49 14 48 -1 
                      52 50 51 -1 
                      53 50 52 -1 
                      54 50 53 -1 
                      55 50 54 -1 
                      56 50 55 -1 
                      57 50 56 -1 
                      58 50 57 -1 
                      59 50 58 -1 
                      60 50 59 -1 
                      61 50 60 -1 
                      62 50 61 -1 
                      63 50 62 -1 
                      64 50 63 -1 
                      65 50 64 -1 
                      66 50 65 -1 
                      67 50 66 -1 
                      68 50 67 -1 
                      69 70 50 -1 
                      69 50 68 -1 
                    ]
                  }
                }
                DEF FRAME-RVA0016A_12 Shape {
                  appearance DEF __56 Appearance {
                    material DEF __57 Material {
                      ambientIntensity 0.204000040889
                      diffuseColor 0.980391979218 0.980391979218 0.980391979218
                      shininess 0
                    }
                  }
                  geometry DEF __58 IndexedFaceSet {
                    solid FALSE
                    coord Coordinate {
                      point [
                        -0.00175 0 0.00063,
                        -0.00147 0 0.00063,
                        -0.00175 0 0.00087,
                        -0.00147 0 0.00087,
                        -0.00144916221868 0 0.000631823069639,
                        -0.0014289575828 0 0.000637236885506,
                        -0.00141 0 0.000646076951546,
                        -0.00139286548684 0 0.000658074666826,
                        -0.00137807466683 0 0.000672865486838,
                        -0.00136607695155 0 0.00069,
                        -0.00135723688551 0 0.000708957582801,
                        -0.00135182306964 0 0.00072916221868,
                        -0.00135 0 0.00075,
                        -0.00135182306964 0 0.00077083778132,
                        -0.00135723688551 0 0.000791042417199,
                        -0.00136607695155 0 0.00081,
                        -0.00137807466683 0 0.000827134513162,
                        -0.00139286548684 0 0.000841925333174,
                        -0.00141 0 0.000853923048454,
                        -0.0014289575828 0 0.000862763114494,
                        -0.00144916221868 0 0.000868176930361

                      ]
                    }
                    normal Normal {
                      vector [
                        0 -1 0,
                        0 -1 0,
                        0 -1 0,
                        0 -1 0,
                        0 -1 0,
                        0 -1 0,
                        0 -1 0,
                        0 -1 0,
                        0 -1 0,
                        0 -1 0,
                        0 -1 0,
                        0 -1 0,
                        0 -1 0,
                        0 -1 0,
                        0 -1 0,
                        0 -1 0,
                        0 -1 0,
                        0 -1 0,
                        0 -1 0,
                        0 -1 0,
                        0 -1 0

                      ]
                    }
                    coordIndex [
                      5 1 4 -1 
                      6 1 5 -1 
                      7 1 6 -1 
                      8 1 7 -1 
                      9 1 8 -1 
                      10 1 9 -1 
                      11 1 10 -1 
                      12 1 11 -1 
                      13 1 12 -1 
                      14 1 13 -1 
                      15 1 14 -1 
                      16 1 15 -1 
                      17 1 16 -1 
                      18 1 17 -1 
                      19 1 18 -1 
                      20 1 19 -1 
                      3 1 20 -1 
                      2 0 1 -1 
                      2 1 3 -1 
                    ]
                    normalIndex [
                      2 0 1 -1 
                      3 0 2 -1 
                      4 0 3 -1 
                      5 0 4 -1 
                      6 0 5 -1 
                      7 0 6 -1 
                      8 0 7 -1 
                      9 0 8 -1 
                      10 0 9 -1 
                      11 0 10 -1 
                      12 0 11 -1 
                      13 0 12 -1 
                      14 0 13 -1 
                      15 0 14 -1 
                      16 0 15 -1 
                      17 0 16 -1 
                      18 0 17 -1 
                      19 20 0 -1 
                      19 0 18 -1 
                    ]
                  }
                }
                DEF FRAME-RVA0016A_13 Shape {
                  appearance DEF __60 Appearance {
                    material DEF __61 Material {
                      ambientIntensity 0.480017602444
                      diffuseColor 0.827450990677 0.329412013292 0.0705880001187
                      shininess 0
                    }
                  }
                  geometry DEF __62 IndexedFaceSet {
                    solid FALSE
                    coord Coordinate {
                      point [
                        -0.00175 0 0.00063,
                        -0.00147 0 0.00063,
                        -0.00147 0.0002 0.00063,
                        -0.00175 0.0002 0.00063,
                        -0.00147 0 0.00087,
                        -0.00147 0.0002 0.00087,
                        -0.00175 0 0.00087,
                        -0.00175 0.0002 0.00087,
                        -0.00144916221868 0 0.000631823069639,
                        -0.0014289575828 0 0.000637236885506,
                        -0.00141 0 0.000646076951546,
                        -0.00139286548684 0 0.000658074666826,
                        -0.00137807466683 0 0.000672865486838,
                        -0.00136607695155 0 0.00069,
                        -0.00135723688551 0 0.000708957582801,
                        -0.00135182306964 0 0.00072916221868,
                        -0.00135 0 0.00075,
                        -0.00135182306964 0 0.00077083778132,
                        -0.00135723688551 0 0.000791042417199,
                        -0.00136607695155 0 0.00081,
                        -0.00137807466683 0 0.000827134513162,
                        -0.00139286548684 0 0.000841925333174,
                        -0.00141 0 0.000853923048454,
                        -0.0014289575828 0 0.000862763114494,
                        -0.00144916221868 0 0.000868176930361,
                        -0.00144916221868 0.0002 0.000631823069639,
                        -0.0014289575828 0.0002 0.000637236885506,
                        -0.00141 0.0002 0.000646076951546,
                        -0.00139286548684 0.0002 0.000658074666826,
                        -0.00137807466683 0.0002 0.000672865486838,
                        -0.00136607695155 0.0002 0.00069,
                        -0.00135723688551 0.0002 0.000708957582801,
                        -0.00135182306964 0.0002 0.00072916221868,
                        -0.00135 0.0002 0.00075,
                        -0.00135182306964 0.0002 0.00077083778132,
                        -0.00135723688551 0.0002 0.000791042417199,
                        -0.00136607695155 0.0002 0.00081,
                        -0.00137807466683 0.0002 0.000827134513162,
                        -0.00139286548684 0.0002 0.000841925333174,
                        -0.00141 0.0002 0.000853923048454,
                        -0.0014289575828 0.0002 0.000862763114494,
                        -0.00144916221868 0.0002 0.000868176930361

                      ]
                    }
                    normal Normal {
                      vector [
                        -0 -0 -1,
                        -0 -0 -1,
                        -0 -0 -1,
                        -0 -0 -1,
                        0 0 -1,
                        0 0 -1,
                        0.17364818 0 -0.98480773,
                        0.34202015 0 -0.93969262,
                        0.5 0 -0.86602539,
                        0.64278764 0 -0.76604444,
                        0.76604444 0 -0.64278764,
                        0.86602539 0 -0.5,
                        0.93969262 0 -0.34202015,
                        0.98480773 0 -0.17364818,
                        1 0 -1.110223e-16,
                        0.98480773 0 0.17364818,
                        0.93969262 0 0.34202015,
                        0.86602539 0 0.5,
                        0.76604444 0 0.64278764,
                        0.64278764 0 0.76604444,
                        0.5 0 0.86602539,
                        0.34202015 0 0.93969262,
                        0.17364818 0 0.98480773,
                        2.220446e-16 0 1,
                        2.220446e-16 0 1,
                        0.17364818 0 0.98480773,
                        0.34202015 0 0.93969262,
                        0.5 0 0.86602539,
                        0.64278764 0 0.76604444,
                        0.76604444 0 0.64278764,
                        0.86602539 0 0.5,
                        0.93969262 0 0.34202015,
                        0.98480773 0 0.17364818,
                        1 0 -1.110223e-16,
                        0.98480773 0 -0.17364818,
                        0.93969262 0 -0.34202015,
                        0.86602539 0 -0.5,
                        0.76604444 0 -0.64278764,
                        0.64278764 0 -0.76604444,
                        0.5 0 -0.86602539,
                        0.34202015 0 -0.93969262,
                        0.17364818 0 -0.98480773,
                        -0 -0 1,
                        -0 -0 1,
                        -0 -0 1,
                        -0 -0 1,
                        -1 -0 -0,
                        -1 -0 -0,
                        -1 -0 -0,
                        -1 -0 -0,
                        -0 1 -0,
                        -0 1 -0,
                        -0 1 -0,
                        -0 1 -0,
                        -0 1 -0,
                        -0 1 -0,
                        -0 1 -0,
                        -0 1 -0,
                        -0 1 -0,
                        -0 1 -0,
                        -0 1 -0,
                        -0 1 -0,
                        -0 1 -0,
                        -0 1 -0,
                        -0 1 -0,
                        -0 1 -0,
                        -0 1 -0,
                        -0 1 -0,
                        -0 1 -0,
                        -0 1 -0,
                        -0 1 -0

                      ]
                    }
                    coordIndex [
                      2 1 0 -1 
                      3 2 0 -1 
                      25 1 2 -1 
                      8 1 25 -1 
                      9 25 26 -1 
                      10 26 27 -1 
                      11 27 28 -1 
                      12 28 29 -1 
                      13 29 30 -1 
                      19 35 36 -1 
                      20 36 37 -1 
                      21 37 38 -1 
                      22 38 39 -1 
                      23 39 40 -1 
                      24 40 41 -1 
                      4 41 5 -1 
                      18 34 35 -1 
                      24 41 4 -1 
                      17 33 34 -1 
                      23 40 24 -1 
                      16 32 33 -1 
                      22 39 23 -1 
                      15 31 32 -1 
                      21 38 22 -1 
                      20 37 21 -1 
                      14 30 31 -1 
                      19 36 20 -1 
                      18 35 19 -1 
                      17 34 18 -1 
                      16 33 17 -1 
                      15 32 16 -1 
                      14 31 15 -1 
                      13 30 14 -1 
                      12 29 13 -1 
                      11 28 12 -1 
                      10 27 11 -1 
                      9 26 10 -1 
                      8 25 9 -1 
                      7 6 4 -1 
                      5 7 4 -1 
                      3 0 6 -1 
                      7 3 6 -1 
                      5 2 3 -1 
                      26 25 2 -1 
                      27 26 2 -1 
                      28 27 2 -1 
                      29 28 2 -1 
                      30 29 2 -1 
                      31 30 2 -1 
                      32 31 2 -1 
                      33 32 2 -1 
                      34 33 2 -1 
                      35 34 2 -1 
                      36 35 2 -1 
                      37 36 2 -1 
                      38 37 2 -1 
                      39 38 2 -1 
                      40 39 2 -1 
                      41 40 2 -1 
                      5 41 2 -1 
                      7 5 3 -1 
                    ]
                    normalIndex [
                      2 1 0 -1 
                      3 2 0 -1 
                      6 4 5 -1 
                      41 4 6 -1 
                      40 6 7 -1 
                      39 7 8 -1 
                      38 8 9 -1 
                      37 9 10 -1 
                      36 10 11 -1 
                      30 16 17 -1 
                      29 17 18 -1 
                      28 18 19 -1 
                      27 19 20 -1 
                      26 20 21 -1 
                      25 21 22 -1 
                      24 22 23 -1 
                      31 15 16 -1 
                      25 22 24 -1 
                      32 14 15 -1 
                      26 21 25 -1 
                      33 13 14 -1 
                      27 20 26 -1 
                      34 12 13 -1 
                      28 19 27 -1 
                      29 18 28 -1 
                      35 11 12 -1 
                      30 17 29 -1 
                      31 16 30 -1 
                      32 15 31 -1 
                      33 14 32 -1 
                      34 13 33 -1 
                      35 12 34 -1 
                      36 11 35 -1 
                      37 10 36 -1 
                      38 9 37 -1 
                      39 8 38 -1 
                      40 7 39 -1 
                      41 6 40 -1 
                      44 43 42 -1 
                      45 44 42 -1 
                      48 47 46 -1 
                      49 48 46 -1 
                      69 51 50 -1 
                      53 52 51 -1 
                      54 53 51 -1 
                      55 54 51 -1 
                      56 55 51 -1 
                      57 56 51 -1 
                      58 57 51 -1 
                      59 58 51 -1 
                      60 59 51 -1 
                      61 60 51 -1 
                      62 61 51 -1 
                      63 62 51 -1 
                      64 63 51 -1 
                      65 64 51 -1 
                      66 65 51 -1 
                      67 66 51 -1 
                      68 67 51 -1 
                      69 68 51 -1 
                      70 69 50 -1 
                    ]
                  }
                }
                DEF FRAME-RVA0016A_14 Shape {
                  appearance DEF __64 Appearance {
                    material DEF __65 Material {
                      ambientIntensity 0.204000040889
                      diffuseColor 0.980391979218 0.980391979218 0.980391979218
                      shininess 0
                    }
                  }
                  geometry DEF __66 IndexedFaceSet {
                    solid FALSE
                    coord Coordinate {
                      point [
                        -0.00175 0 0.00013,
                        -0.00147 0 0.00013,
                        -0.00175 0 0.00037,
                        -0.00147 0 0.00037,
                        -0.00144916221868 0 0.000131823069639,
                        -0.0014289575828 0 0.000137236885506,
                        -0.00141 0 0.000146076951546,
                        -0.00139286548684 0 0.000158074666826,
                        -0.00137807466683 0 0.000172865486838,
                        -0.00136607695155 0 0.00019,
                        -0.00135723688551 0 0.000208957582801,
                        -0.00135182306964 0 0.00022916221868,
                        -0.00135 0 0.00025,
                        -0.00135182306964 0 0.00027083778132,
                        -0.00135723688551 0 0.000291042417199,
                        -0.00136607695155 0 0.00031,
                        -0.00137807466683 0 0.000327134513162,
                        -0.00139286548684 0 0.000341925333174,
                        -0.00141 0 0.000353923048454,
                        -0.0014289575828 0 0.000362763114494,
                        -0.00144916221868 0 0.000368176930361

                      ]
                    }
                    normal Normal {
                      vector [
                        0 -1 0,
                        0 -1 0,
                        0 -1 0,
                        0 -1 0,
                        0 -1 0,
                        0 -1 0,
                        0 -1 0,
                        0 -1 0,
                        0 -1 0,
                        0 -1 0,
                        0 -1 0,
                        0 -1 0,
                        0 -1 0,
                        0 -1 0,
                        0 -1 0,
                        0 -1 0,
                        0 -1 0,
                        0 -1 0,
                        0 -1 0,
                        0 -1 0,
                        0 -1 0

                      ]
                    }
                    coordIndex [
                      5 6 1 -1 
                      5 1 4 -1 
                      7 1 6 -1 
                      8 1 7 -1 
                      9 1 8 -1 
                      10 1 9 -1 
                      11 1 10 -1 
                      12 1 11 -1 
                      13 1 12 -1 
                      14 1 13 -1 
                      15 1 14 -1 
                      16 1 15 -1 
                      17 1 16 -1 
                      18 1 17 -1 
                      19 1 18 -1 
                      20 1 19 -1 
                      3 1 20 -1 
                      2 0 1 -1 
                      2 1 3 -1 
                    ]
                    normalIndex [
                      2 3 0 -1 
                      2 0 1 -1 
                      4 0 3 -1 
                      5 0 4 -1 
                      6 0 5 -1 
                      7 0 6 -1 
                      8 0 7 -1 
                      9 0 8 -1 
                      10 0 9 -1 
                      11 0 10 -1 
                      12 0 11 -1 
                      13 0 12 -1 
                      14 0 13 -1 
                      15 0 14 -1 
                      16 0 15 -1 
                      17 0 16 -1 
                      18 0 17 -1 
                      19 20 0 -1 
                      19 0 18 -1 
                    ]
                  }
                }
                DEF FRAME-RVA0016A_15 Shape {
                  appearance DEF __68 Appearance {
                    material DEF __69 Material {
                      ambientIntensity 0.480017602444
                      diffuseColor 0.827450990677 0.329412013292 0.0705880001187
                      shininess 0
                    }
                  }
                  geometry DEF __70 IndexedFaceSet {
                    solid FALSE
                    coord Coordinate {
                      point [
                        -0.00175 0 0.00013,
                        -0.00147 0 0.00013,
                        -0.00147 0.0002 0.00013,
                        -0.00175 0.0002 0.00013,
                        -0.00147 0 0.00037,
                        -0.00147 0.0002 0.00037,
                        -0.00175 0 0.00037,
                        -0.00175 0.0002 0.00037,
                        -0.00144916221868 0 0.000131823069639,
                        -0.0014289575828 0 0.000137236885506,
                        -0.00141 0 0.000146076951546,
                        -0.00139286548684 0 0.000158074666826,
                        -0.00137807466683 0 0.000172865486838,
                        -0.00136607695155 0 0.00019,
                        -0.00135723688551 0 0.000208957582801,
                        -0.00135182306964 0 0.00022916221868,
                        -0.00135 0 0.00025,
                        -0.00135182306964 0 0.00027083778132,
                        -0.00135723688551 0 0.000291042417199,
                        -0.00136607695155 0 0.00031,
                        -0.00137807466683 0 0.000327134513162,
                        -0.00139286548684 0 0.000341925333174,
                        -0.00141 0 0.000353923048454,
                        -0.0014289575828 0 0.000362763114494,
                        -0.00144916221868 0 0.000368176930361,
                        -0.00144916221868 0.0002 0.000131823069639,
                        -0.0014289575828 0.0002 0.000137236885506,
                        -0.00141 0.0002 0.000146076951546,
                        -0.00139286548684 0.0002 0.000158074666826,
                        -0.00137807466683 0.0002 0.000172865486838,
                        -0.00136607695155 0.0002 0.00019,
                        -0.00135723688551 0.0002 0.000208957582801,
                        -0.00135182306964 0.0002 0.00022916221868,
                        -0.00135 0.0002 0.00025,
                        -0.00135182306964 0.0002 0.00027083778132,
                        -0.00135723688551 0.0002 0.000291042417199,
                        -0.00136607695155 0.0002 0.00031,
                        -0.00137807466683 0.0002 0.000327134513162,
                        -0.00139286548684 0.0002 0.000341925333174,
                        -0.00141 0.0002 0.000353923048454,
                        -0.0014289575828 0.0002 0.000362763114494,
                        -0.00144916221868 0.0002 0.000368176930361

                      ]
                    }
                    normal Normal {
                      vector [
                        -0 -0 -1,
                        -0 -0 -1,
                        -0 -0 -1,
                        -0 -0 -1,
                        0 0 -1,
                        0 0 -1,
                        0.17364818 0 -0.98480773,
                        0.34202015 0 -0.93969262,
                        0.5 0 -0.86602539,
                        0.64278764 0 -0.76604444,
                        0.76604444 0 -0.64278764,
                        0.86602539 0 -0.5,
                        0.93969262 0 -0.34202015,
                        0.98480773 0 -0.17364818,
                        1 0 -1.110223e-16,
                        0.98480773 0 0.17364818,
                        0.93969262 0 0.34202015,
                        0.86602539 0 0.5,
                        0.76604444 0 0.64278764,
                        0.64278764 0 0.76604444,
                        0.5 0 0.86602539,
                        0.34202015 0 0.93969262,
                        0.17364818 0 0.98480773,
                        2.220446e-16 0 1,
                        2.220446e-16 0 1,
                        0.17364818 0 0.98480773,
                        0.34202015 0 0.93969262,
                        0.5 0 0.86602539,
                        0.64278764 0 0.76604444,
                        0.76604444 0 0.64278764,
                        0.86602539 0 0.5,
                        0.93969262 0 0.34202015,
                        0.98480773 0 0.17364818,
                        1 0 -1.110223e-16,
                        0.98480773 0 -0.17364818,
                        0.93969262 0 -0.34202015,
                        0.86602539 0 -0.5,
                        0.76604444 0 -0.64278764,
                        0.64278764 0 -0.76604444,
                        0.5 0 -0.86602539,
                        0.34202015 0 -0.93969262,
                        0.17364818 0 -0.98480773,
                        -0 -0 1,
                        -0 -0 1,
                        -0 -0 1,
                        -0 -0 1,
                        -1 -0 -0,
                        -1 -0 -0,
                        -1 -0 -0,
                        -1 -0 -0,
                        -0 1 -0,
                        -0 1 -0,
                        -0 1 -0,
                        -0 1 -0,
                        -0 1 -0,
                        -0 1 -0,
                        -0 1 -0,
                        -0 1 -0,
                        -0 1 -0,
                        -0 1 -0,
                        -0 1 -0,
                        -0 1 -0,
                        -0 1 -0,
                        -0 1 -0,
                        -0 1 -0,
                        -0 1 -0,
                        -0 1 -0,
                        -0 1 -0,
                        -0 1 -0,
                        -0 1 -0,
                        -0 1 -0

                      ]
                    }
                    coordIndex [
                      2 1 0 -1 
                      3 2 0 -1 
                      25 1 2 -1 
                      8 1 25 -1 
                      9 25 26 -1 
                      10 26 27 -1 
                      11 27 28 -1 
                      12 28 29 -1 
                      13 29 30 -1 
                      19 35 36 -1 
                      20 36 37 -1 
                      21 37 38 -1 
                      22 38 39 -1 
                      23 39 40 -1 
                      24 40 41 -1 
                      4 41 5 -1 
                      18 34 35 -1 
                      24 41 4 -1 
                      17 33 34 -1 
                      23 40 24 -1 
                      16 32 33 -1 
                      22 39 23 -1 
                      15 31 32 -1 
                      21 38 22 -1 
                      20 37 21 -1 
                      14 30 31 -1 
                      19 36 20 -1 
                      18 35 19 -1 
                      17 34 18 -1 
                      16 33 17 -1 
                      15 32 16 -1 
                      14 31 15 -1 
                      13 30 14 -1 
                      12 29 13 -1 
                      11 28 12 -1 
                      10 27 11 -1 
                      9 26 10 -1 
                      8 25 9 -1 
                      7 6 4 -1 
                      5 7 4 -1 
                      3 0 6 -1 
                      7 3 6 -1 
                      5 2 3 -1 
                      26 25 2 -1 
                      27 26 2 -1 
                      28 27 2 -1 
                      29 28 2 -1 
                      30 29 2 -1 
                      31 30 2 -1 
                      32 31 2 -1 
                      33 32 2 -1 
                      34 33 2 -1 
                      35 34 2 -1 
                      36 35 2 -1 
                      37 36 2 -1 
                      38 37 2 -1 
                      39 38 2 -1 
                      40 39 2 -1 
                      41 40 2 -1 
                      5 41 2 -1 
                      7 5 3 -1 
                    ]
                    normalIndex [
                      2 1 0 -1 
                      3 2 0 -1 
                      6 4 5 -1 
                      41 4 6 -1 
                      40 6 7 -1 
                      39 7 8 -1 
                      38 8 9 -1 
                      37 9 10 -1 
                      36 10 11 -1 
                      30 16 17 -1 
                      29 17 18 -1 
                      28 18 19 -1 
                      27 19 20 -1 
                      26 20 21 -1 
                      25 21 22 -1 
                      24 22 23 -1 
                      31 15 16 -1 
                      25 22 24 -1 
                      32 14 15 -1 
                      26 21 25 -1 
                      33 13 14 -1 
                      27 20 26 -1 
                      34 12 13 -1 
                      28 19 27 -1 
                      29 18 28 -1 
                      35 11 12 -1 
                      30 17 29 -1 
                      31 16 30 -1 
                      32 15 31 -1 
                      33 14 32 -1 
                      34 13 33 -1 
                      35 12 34 -1 
                      36 11 35 -1 
                      37 10 36 -1 
                      38 9 37 -1 
                      39 8 38 -1 
                      40 7 39 -1 
                      41 6 40 -1 
                      44 43 42 -1 
                      45 44 42 -1 
                      48 47 46 -1 
                      49 48 46 -1 
                      69 51 50 -1 
                      53 52 51 -1 
                      54 53 51 -1 
                      55 54 51 -1 
                      56 55 51 -1 
                      57 56 51 -1 
                      58 57 51 -1 
                      59 58 51 -1 
                      60 59 51 -1 
                      61 60 51 -1 
                      62 61 51 -1 
                      63 62 51 -1 
                      64 63 51 -1 
                      65 64 51 -1 
                      66 65 51 -1 
                      67 66 51 -1 
                      68 67 51 -1 
                      69 68 51 -1 
                      70 69 50 -1 
                    ]
                  }
                }
                DEF FRAME-RVA0016A_16 Shape {
                  appearance DEF __72 Appearance {
                    material DEF __73 Material {
                      ambientIntensity 0.204000040889
                      diffuseColor 0.980391979218 0.980391979218 0.980391979218
                      shininess 0
                    }
                  }
                  geometry DEF __74 IndexedFaceSet {
                    solid FALSE
                    coord Coordinate {
                      point [
                        -0.00175 0 -0.00037,
                        -0.00147 0 -0.00037,
                        -0.00175 0 -0.00013,
                        -0.00147 0 -0.00013,
                        -0.00144916221868 0 -0.000368176930361,
                        -0.0014289575828 0 -0.000362763114494,
                        -0.00141 0 -0.000353923048454,
                        -0.00139286548684 0 -0.000341925333174,
                        -0.00137807466683 0 -0.000327134513162,
                        -0.00136607695155 0 -0.00031,
                        -0.00135723688551 0 -0.000291042417199,
                        -0.00135182306964 0 -0.00027083778132,
                        -0.00135 0 -0.00025,
                        -0.00135182306964 0 -0.00022916221868,
                        -0.00135723688551 0 -0.000208957582801,
                        -0.00136607695155 0 -0.00019,
                        -0.00137807466683 0 -0.000172865486838,
                        -0.00139286548684 0 -0.000158074666826,
                        -0.00141 0 -0.000146076951546,
                        -0.0014289575828 0 -0.000137236885506,
                        -0.00144916221868 0 -0.000131823069639

                      ]
                    }
                    normal Normal {
                      vector [
                        0 -1 0,
                        0 -1 0,
                        0 -1 0,
                        0 -1 0,
                        0 -1 0,
                        0 -1 0,
                        0 -1 0,
                        0 -1 0,
                        0 -1 0,
                        0 -1 0,
                        0 -1 0,
                        0 -1 0,
                        0 -1 0,
                        0 -1 0,
                        0 -1 0,
                        0 -1 0,
                        0 -1 0,
                        0 -1 0,
                        0 -1 0,
                        0 -1 0,
                        0 -1 0

                      ]
                    }
                    coordIndex [
                      5 1 4 -1 
                      6 1 5 -1 
                      7 1 6 -1 
                      8 1 7 -1 
                      9 1 8 -1 
                      10 1 9 -1 
                      11 1 10 -1 
                      12 1 11 -1 
                      13 1 12 -1 
                      14 1 13 -1 
                      15 1 14 -1 
                      16 1 15 -1 
                      17 1 16 -1 
                      18 1 17 -1 
                      19 1 18 -1 
                      20 1 19 -1 
                      3 1 20 -1 
                      2 0 1 -1 
                      2 1 3 -1 
                    ]
                    normalIndex [
                      2 0 1 -1 
                      3 0 2 -1 
                      4 0 3 -1 
                      5 0 4 -1 
                      6 0 5 -1 
                      7 0 6 -1 
                      8 0 7 -1 
                      9 0 8 -1 
                      10 0 9 -1 
                      11 0 10 -1 
                      12 0 11 -1 
                      13 0 12 -1 
                      14 0 13 -1 
                      15 0 14 -1 
                      16 0 15 -1 
                      17 0 16 -1 
                      18 0 17 -1 
                      19 20 0 -1 
                      19 0 18 -1 
                    ]
                  }
                }
                DEF FRAME-RVA0016A_17 Shape {
                  appearance DEF __76 Appearance {
                    material DEF __77 Material {
                      ambientIntensity 0.480017602444
                      diffuseColor 0.827450990677 0.329412013292 0.0705880001187
                      shininess 0
                    }
                  }
                  geometry DEF __78 IndexedFaceSet {
                    solid FALSE
                    coord Coordinate {
                      point [
                        -0.00175 0 -0.00037,
                        -0.00147 0 -0.00037,
                        -0.00147 0.0002 -0.00037,
                        -0.00175 0.0002 -0.00037,
                        -0.00147 0 -0.00013,
                        -0.00147 0.0002 -0.00013,
                        -0.00175 0 -0.00013,
                        -0.00175 0.0002 -0.00013,
                        -0.00144916221868 0 -0.000368176930361,
                        -0.0014289575828 0 -0.000362763114494,
                        -0.00141 0 -0.000353923048454,
                        -0.00139286548684 0 -0.000341925333174,
                        -0.00137807466683 0 -0.000327134513162,
                        -0.00136607695155 0 -0.00031,
                        -0.00135723688551 0 -0.000291042417199,
                        -0.00135182306964 0 -0.00027083778132,
                        -0.00135 0 -0.00025,
                        -0.00135182306964 0 -0.00022916221868,
                        -0.00135723688551 0 -0.000208957582801,
                        -0.00136607695155 0 -0.00019,
                        -0.00137807466683 0 -0.000172865486838,
                        -0.00139286548684 0 -0.000158074666826,
                        -0.00141 0 -0.000146076951546,
                        -0.0014289575828 0 -0.000137236885506,
                        -0.00144916221868 0 -0.000131823069639,
                        -0.00144916221868 0.0002 -0.000368176930361,
                        -0.0014289575828 0.0002 -0.000362763114494,
                        -0.00141 0.0002 -0.000353923048454,
                        -0.00139286548684 0.0002 -0.000341925333174,
                        -0.00137807466683 0.0002 -0.000327134513162,
                        -0.00136607695155 0.0002 -0.00031,
                        -0.00135723688551 0.0002 -0.000291042417199,
                        -0.00135182306964 0.0002 -0.00027083778132,
                        -0.00135 0.0002 -0.00025,
                        -0.00135182306964 0.0002 -0.00022916221868,
                        -0.00135723688551 0.0002 -0.000208957582801,
                        -0.00136607695155 0.0002 -0.00019,
                        -0.00137807466683 0.0002 -0.000172865486838,
                        -0.00139286548684 0.0002 -0.000158074666826,
                        -0.00141 0.0002 -0.000146076951546,
                        -0.0014289575828 0.0002 -0.000137236885506,
                        -0.00144916221868 0.0002 -0.000131823069639

                      ]
                    }
                    normal Normal {
                      vector [
                        -0 -0 -1,
                        -0 -0 -1,
                        -0 -0 -1,
                        -0 -0 -1,
                        0 0 -1,
                        0 0 -1,
                        0.17364818 0 -0.98480773,
                        0.34202015 0 -0.93969262,
                        0.5 0 -0.86602539,
                        0.64278764 0 -0.76604444,
                        0.76604444 0 -0.64278764,
                        0.86602539 0 -0.5,
                        0.93969262 0 -0.34202015,
                        0.98480773 0 -0.17364818,
                        1 0 -1.110223e-16,
                        0.98480773 0 0.17364818,
                        0.93969262 0 0.34202015,
                        0.86602539 0 0.5,
                        0.76604444 0 0.64278764,
                        0.64278764 0 0.76604444,
                        0.5 0 0.86602539,
                        0.34202015 0 0.93969262,
                        0.17364818 0 0.98480773,
                        2.220446e-16 0 1,
                        2.220446e-16 0 1,
                        0.17364818 0 0.98480773,
                        0.34202015 0 0.93969262,
                        0.5 0 0.86602539,
                        0.64278764 0 0.76604444,
                        0.76604444 0 0.64278764,
                        0.86602539 0 0.5,
                        0.93969262 0 0.34202015,
                        0.98480773 0 0.17364818,
                        1 0 -1.110223e-16,
                        0.98480773 0 -0.17364818,
                        0.93969262 0 -0.34202015,
                        0.86602539 0 -0.5,
                        0.76604444 0 -0.64278764,
                        0.64278764 0 -0.76604444,
                        0.5 0 -0.86602539,
                        0.34202015 0 -0.93969262,
                        0.17364818 0 -0.98480773,
                        -0 -0 1,
                        -0 -0 1,
                        -0 -0 1,
                        -0 -0 1,
                        -1 -0 -0,
                        -1 -0 -0,
                        -1 -0 -0,
                        -1 -0 -0,
                        -0 1 -0,
                        -0 1 -0,
                        -0 1 -0,
                        -0 1 -0,
                        -0 1 -0,
                        -0 1 -0,
                        -0 1 -0,
                        -0 1 -0,
                        -0 1 -0,
                        -0 1 -0,
                        -0 1 -0,
                        -0 1 -0,
                        -0 1 -0,
                        -0 1 -0,
                        -0 1 -0,
                        -0 1 -0,
                        -0 1 -0,
                        -0 1 -0,
                        -0 1 -0,
                        -0 1 -0,
                        -0 1 -0

                      ]
                    }
                    coordIndex [
                      2 1 0 -1 
                      3 2 0 -1 
                      25 1 2 -1 
                      8 1 25 -1 
                      9 25 26 -1 
                      10 26 27 -1 
                      11 27 28 -1 
                      12 28 29 -1 
                      13 29 30 -1 
                      19 35 36 -1 
                      20 36 37 -1 
                      21 37 38 -1 
                      22 38 39 -1 
                      23 39 40 -1 
                      24 40 41 -1 
                      4 41 5 -1 
                      18 34 35 -1 
                      24 41 4 -1 
                      17 33 34 -1 
                      23 40 24 -1 
                      16 32 33 -1 
                      22 39 23 -1 
                      15 31 32 -1 
                      21 38 22 -1 
                      20 37 21 -1 
                      14 30 31 -1 
                      19 36 20 -1 
                      18 35 19 -1 
                      17 34 18 -1 
                      16 33 17 -1 
                      15 32 16 -1 
                      14 31 15 -1 
                      13 30 14 -1 
                      12 29 13 -1 
                      11 28 12 -1 
                      10 27 11 -1 
                      9 26 10 -1 
                      8 25 9 -1 
                      7 6 4 -1 
                      5 7 4 -1 
                      3 0 6 -1 
                      7 3 6 -1 
                      5 2 3 -1 
                      26 25 2 -1 
                      27 26 2 -1 
                      28 27 2 -1 
                      29 28 2 -1 
                      30 29 2 -1 
                      31 30 2 -1 
                      32 31 2 -1 
                      33 32 2 -1 
                      34 33 2 -1 
                      35 34 2 -1 
                      36 35 2 -1 
                      37 36 2 -1 
                      38 37 2 -1 
                      39 38 2 -1 
                      40 39 2 -1 
                      41 40 2 -1 
                      5 41 2 -1 
                      7 5 3 -1 
                    ]
                    normalIndex [
                      2 1 0 -1 
                      3 2 0 -1 
                      6 4 5 -1 
                      41 4 6 -1 
                      40 6 7 -1 
                      39 7 8 -1 
                      38 8 9 -1 
                      37 9 10 -1 
                      36 10 11 -1 
                      30 16 17 -1 
                      29 17 18 -1 
                      28 18 19 -1 
                      27 19 20 -1 
                      26 20 21 -1 
                      25 21 22 -1 
                      24 22 23 -1 
                      31 15 16 -1 
                      25 22 24 -1 
                      32 14 15 -1 
                      26 21 25 -1 
                      33 13 14 -1 
                      27 20 26 -1 
                      34 12 13 -1 
                      28 19 27 -1 
                      29 18 28 -1 
                      35 11 12 -1 
                      30 17 29 -1 
                      31 16 30 -1 
                      32 15 31 -1 
                      33 14 32 -1 
                      34 13 33 -1 
                      35 12 34 -1 
                      36 11 35 -1 
                      37 10 36 -1 
                      38 9 37 -1 
                      39 8 38 -1 
                      40 7 39 -1 
                      41 6 40 -1 
                      44 43 42 -1 
                      45 44 42 -1 
                      48 47 46 -1 
                      49 48 46 -1 
                      69 51 50 -1 
                      53 52 51 -1 
                      54 53 51 -1 
                      55 54 51 -1 
                      56 55 51 -1 
                      57 56 51 -1 
                      58 57 51 -1 
                      59 58 51 -1 
                      60 59 51 -1 
                      61 60 51 -1 
                      62 61 51 -1 
                      63 62 51 -1 
                      64 63 51 -1 
                      65 64 51 -1 
                      66 65 51 -1 
                      67 66 51 -1 
                      68 67 51 -1 
                      69 68 51 -1 
                      70 69 50 -1 
                    ]
                  }
                }
                DEF FRAME-RVA0016A_18 Shape {
                  appearance DEF __80 Appearance {
                    material DEF __81 Material {
                      ambientIntensity 0.204000040889
                      diffuseColor 0.980391979218 0.980391979218 0.980391979218
                      shininess 0
                    }
                  }
                  geometry DEF __82 IndexedFaceSet {
                    solid FALSE
                    coord Coordinate {
                      point [
                        -0.00175 0 -0.00087,
                        -0.00147 0 -0.00087,
                        -0.00175 0 -0.00063,
                        -0.00147 0 -0.00063,
                        -0.00144916221868 0 -0.000868176930361,
                        -0.0014289575828 0 -0.000862763114494,
                        -0.00141 0 -0.000853923048454,
                        -0.00139286548684 0 -0.000841925333174,
                        -0.00137807466683 0 -0.000827134513162,
                        -0.00136607695155 0 -0.00081,
                        -0.00135723688551 0 -0.000791042417199,
                        -0.00135182306964 0 -0.00077083778132,
                        -0.00135 0 -0.00075,
                        -0.00135182306964 0 -0.00072916221868,
                        -0.00135723688551 0 -0.000708957582801,
                        -0.00136607695155 0 -0.00069,
                        -0.00137807466683 0 -0.000672865486838,
                        -0.00139286548684 0 -0.000658074666826,
                        -0.00141 0 -0.000646076951546,
                        -0.0014289575828 0 -0.000637236885506,
                        -0.00144916221868 0 -0.000631823069639

                      ]
                    }
                    normal Normal {
                      vector [
                        0 -1 0,
                        0 -1 0,
                        0 -1 0,
                        0 -1 0,
                        0 -1 0,
                        0 -1 0,
                        0 -1 0,
                        0 -1 0,
                        0 -1 0,
                        0 -1 0,
                        0 -1 0,
                        0 -1 0,
                        0 -1 0,
                        0 -1 0,
                        0 -1 0,
                        0 -1 0,
                        0 -1 0,
                        0 -1 0,
                        0 -1 0,
                        0 -1 0,
                        0 -1 0

                      ]
                    }
                    coordIndex [
                      5 1 4 -1 
                      6 1 5 -1 
                      7 1 6 -1 
                      8 1 7 -1 
                      9 1 8 -1 
                      10 1 9 -1 
                      11 1 10 -1 
                      12 1 11 -1 
                      13 1 12 -1 
                      14 1 13 -1 
                      15 1 14 -1 
                      16 1 15 -1 
                      17 1 16 -1 
                      18 1 17 -1 
                      19 1 18 -1 
                      20 1 19 -1 
                      3 1 20 -1 
                      2 0 1 -1 
                      2 1 3 -1 
                    ]
                    normalIndex [
                      2 0 1 -1 
                      3 0 2 -1 
                      4 0 3 -1 
                      5 0 4 -1 
                      6 0 5 -1 
                      7 0 6 -1 
                      8 0 7 -1 
                      9 0 8 -1 
                      10 0 9 -1 
                      11 0 10 -1 
                      12 0 11 -1 
                      13 0 12 -1 
                      14 0 13 -1 
                      15 0 14 -1 
                      16 0 15 -1 
                      17 0 16 -1 
                      18 0 17 -1 
                      19 20 0 -1 
                      19 0 18 -1 
                    ]
                  }
                }
                DEF FRAME-RVA0016A_19 Shape {
                  appearance DEF __84 Appearance {
                    material DEF __85 Material {
                      ambientIntensity 0.480017602444
                      diffuseColor 0.827450990677 0.329412013292 0.0705880001187
                      shininess 0
                    }
                  }
                  geometry DEF __86 IndexedFaceSet {
                    solid FALSE
                    coord Coordinate {
                      point [
                        -0.00175 0 -0.00087,
                        -0.00147 0 -0.00087,
                        -0.00147 0.0002 -0.00087,
                        -0.00175 0.0002 -0.00087,
                        -0.00147 0 -0.00063,
                        -0.00147 0.0002 -0.00063,
                        -0.00175 0 -0.00063,
                        -0.00175 0.0002 -0.00063,
                        -0.00144916221868 0 -0.000868176930361,
                        -0.0014289575828 0 -0.000862763114494,
                        -0.00141 0 -0.000853923048454,
                        -0.00139286548684 0 -0.000841925333174,
                        -0.00137807466683 0 -0.000827134513162,
                        -0.00136607695155 0 -0.00081,
                        -0.00135723688551 0 -0.000791042417199,
                        -0.00135182306964 0 -0.00077083778132,
                        -0.00135 0 -0.00075,
                        -0.00135182306964 0 -0.00072916221868,
                        -0.00135723688551 0 -0.000708957582801,
                        -0.00136607695155 0 -0.00069,
                        -0.00137807466683 0 -0.000672865486838,
                        -0.00139286548684 0 -0.000658074666826,
                        -0.00141 0 -0.000646076951546,
                        -0.0014289575828 0 -0.000637236885506,
                        -0.00144916221868 0 -0.000631823069639,
                        -0.00144916221868 0.0002 -0.000868176930361,
                        -0.0014289575828 0.0002 -0.000862763114494,
                        -0.00141 0.0002 -0.000853923048454,
                        -0.00139286548684 0.0002 -0.000841925333174,
                        -0.00137807466683 0.0002 -0.000827134513162,
                        -0.00136607695155 0.0002 -0.00081,
                        -0.00135723688551 0.0002 -0.000791042417199,
                        -0.00135182306964 0.0002 -0.00077083778132,
                        -0.00135 0.0002 -0.00075,
                        -0.00135182306964 0.0002 -0.00072916221868,
                        -0.00135723688551 0.0002 -0.000708957582801,
                        -0.00136607695155 0.0002 -0.00069,
                        -0.00137807466683 0.0002 -0.000672865486838,
                        -0.00139286548684 0.0002 -0.000658074666826,
                        -0.00141 0.0002 -0.000646076951546,
                        -0.0014289575828 0.0002 -0.000637236885506,
                        -0.00144916221868 0.0002 -0.000631823069639

                      ]
                    }
                    normal Normal {
                      vector [
                        -0 -0 -1,
                        -0 -0 -1,
                        -0 -0 -1,
                        -0 -0 -1,
                        0 0 -1,
                        0 0 -1,
                        0.17364818 0 -0.98480773,
                        0.34202015 0 -0.93969262,
                        0.5 0 -0.86602539,
                        0.64278764 0 -0.76604444,
                        0.76604444 0 -0.64278764,
                        0.86602539 0 -0.5,
                        0.93969262 0 -0.34202015,
                        0.98480773 0 -0.17364818,
                        1 0 -1.110223e-16,
                        0.98480773 0 0.17364818,
                        0.93969262 0 0.34202015,
                        0.86602539 0 0.5,
                        0.76604444 0 0.64278764,
                        0.64278764 0 0.76604444,
                        0.5 0 0.86602539,
                        0.34202015 0 0.93969262,
                        0.17364818 0 0.98480773,
                        2.220446e-16 0 1,
                        2.220446e-16 0 1,
                        0.17364818 0 0.98480773,
                        0.34202015 0 0.93969262,
                        0.5 0 0.86602539,
                        0.64278764 0 0.76604444,
                        0.76604444 0 0.64278764,
                        0.86602539 0 0.5,
                        0.93969262 0 0.34202015,
                        0.98480773 0 0.17364818,
                        1 0 -1.110223e-16,
                        0.98480773 0 -0.17364818,
                        0.93969262 0 -0.34202015,
                        0.86602539 0 -0.5,
                        0.76604444 0 -0.64278764,
                        0.64278764 0 -0.76604444,
                        0.5 0 -0.86602539,
                        0.34202015 0 -0.93969262,
                        0.17364818 0 -0.98480773,
                        -0 -0 1,
                        -0 -0 1,
                        -0 -0 1,
                        -0 -0 1,
                        -1 -0 -0,
                        -1 -0 -0,
                        -1 -0 -0,
                        -1 -0 -0,
                        -0 1 -0,
                        -0 1 -0,
                        -0 1 -0,
                        -0 1 -0,
                        -0 1 -0,
                        -0 1 -0,
                        -0 1 -0,
                        -0 1 -0,
                        -0 1 -0,
                        -0 1 -0,
                        -0 1 -0,
                        -0 1 -0,
                        -0 1 -0,
                        -0 1 -0,
                        -0 1 -0,
                        -0 1 -0,
                        -0 1 -0,
                        -0 1 -0,
                        -0 1 -0,
                        -0 1 -0,
                        -0 1 -0

                      ]
                    }
                    coordIndex [
                      2 1 0 -1 
                      3 2 0 -1 
                      25 1 2 -1 
                      8 1 25 -1 
                      9 25 26 -1 
                      10 26 27 -1 
                      11 27 28 -1 
                      12 28 29 -1 
                      13 29 30 -1 
                      19 35 36 -1 
                      20 36 37 -1 
                      21 37 38 -1 
                      22 38 39 -1 
                      23 39 40 -1 
                      24 40 41 -1 
                      4 41 5 -1 
                      18 34 35 -1 
                      24 41 4 -1 
                      17 33 34 -1 
                      23 40 24 -1 
                      16 32 33 -1 
                      22 39 23 -1 
                      15 31 32 -1 
                      21 38 22 -1 
                      20 37 21 -1 
                      14 30 31 -1 
                      19 36 20 -1 
                      18 35 19 -1 
                      17 34 18 -1 
                      16 33 17 -1 
                      15 32 16 -1 
                      14 31 15 -1 
                      13 30 14 -1 
                      12 29 13 -1 
                      11 28 12 -1 
                      10 27 11 -1 
                      9 26 10 -1 
                      8 25 9 -1 
                      7 6 4 -1 
                      5 7 4 -1 
                      3 0 6 -1 
                      7 3 6 -1 
                      5 2 3 -1 
                      26 25 2 -1 
                      27 26 2 -1 
                      28 27 2 -1 
                      29 28 2 -1 
                      30 29 2 -1 
                      31 30 2 -1 
                      32 31 2 -1 
                      33 32 2 -1 
                      34 33 2 -1 
                      35 34 2 -1 
                      36 35 2 -1 
                      37 36 2 -1 
                      38 37 2 -1 
                      39 38 2 -1 
                      40 39 2 -1 
                      41 40 2 -1 
                      5 41 2 -1 
                      7 5 3 -1 
                    ]
                    normalIndex [
                      2 1 0 -1 
                      3 2 0 -1 
                      6 4 5 -1 
                      41 4 6 -1 
                      40 6 7 -1 
                      39 7 8 -1 
                      38 8 9 -1 
                      37 9 10 -1 
                      36 10 11 -1 
                      30 16 17 -1 
                      29 17 18 -1 
                      28 18 19 -1 
                      27 19 20 -1 
                      26 20 21 -1 
                      25 21 22 -1 
                      24 22 23 -1 
                      31 15 16 -1 
                      25 22 24 -1 
                      32 14 15 -1 
                      26 21 25 -1 
                      33 13 14 -1 
                      27 20 26 -1 
                      34 12 13 -1 
                      28 19 27 -1 
                      29 18 28 -1 
                      35 11 12 -1 
                      30 17 29 -1 
                      31 16 30 -1 
                      32 15 31 -1 
                      33 14 32 -1 
                      34 13 33 -1 
                      35 12 34 -1 
                      36 11 35 -1 
                      37 10 36 -1 
                      38 9 37 -1 
                      39 8 38 -1 
                      40 7 39 -1 
                      41 6 40 -1 
                      44 43 42 -1 
                      45 44 42 -1 
                      48 47 46 -1 
                      49 48 46 -1 
                      69 51 50 -1 
                      53 52 51 -1 
                      54 53 51 -1 
                      55 54 51 -1 
                      56 55 51 -1 
                      57 56 51 -1 
                      58 57 51 -1 
                      59 58 51 -1 
                      60 59 51 -1 
                      61 60 51 -1 
                      62 61 51 -1 
                      63 62 51 -1 
                      64 63 51 -1 
                      65 64 51 -1 
                      66 65 51 -1 
                      67 66 51 -1 
                      68 67 51 -1 
                      69 68 51 -1 
                      70 69 50 -1 
                    ]
                  }
                }
                DEF FRAME-RVA0016A_20 Shape {
                  appearance DEF __88 Appearance {
                    material DEF __89 Material {
                      ambientIntensity 0.204000040889
                      diffuseColor 0.980391979218 0.980391979218 0.980391979218
                      shininess 0
                    }
                  }
                  geometry DEF __90 IndexedFaceSet {
                    solid FALSE
                    coord Coordinate {
                      point [
                        -0.00087 0 -0.00175,
                        -0.00087 0 -0.00147,
                        -0.00063 0 -0.00147,
                        -0.00063 0 -0.00175,
                        -0.000868176930361 0 -0.00144916221868,
                        -0.000862763114494 0 -0.0014289575828,
                        -0.000853923048454 0 -0.00141,
                        -0.000841925333174 0 -0.00139286548684,
                        -0.000827134513162 0 -0.00137807466683,
                        -0.00081 0 -0.00136607695155,
                        -0.000791042417199 0 -0.00135723688551,
                        -0.00077083778132 0 -0.00135182306964,
                        -0.00075 0 -0.00135,
                        -0.00072916221868 0 -0.00135182306964,
                        -0.000708957582801 0 -0.00135723688551,
                        -0.00069 0 -0.00136607695155,
                        -0.000672865486838 0 -0.00137807466683,
                        -0.000658074666826 0 -0.00139286548684,
                        -0.000646076951546 0 -0.00141,
                        -0.000637236885506 0 -0.0014289575828,
                        -0.000631823069639 0 -0.00144916221868

                      ]
                    }
                    normal Normal {
                      vector [
                        -0 -1 -0,
                        -0 -1 -0,
                        -0 -1 -0,
                        -0 -1 -0,
                        -0 -1 -0,
                        -0 -1 -0,
                        -0 -1 -0,
                        -0 -1 -0,
                        -0 -1 -0,
                        -0 -1 -0,
                        -0 -1 -0,
                        -0 -1 -0,
                        -0 -1 -0,
                        -0 -1 -0,
                        -0 -1 -0,
                        -0 -1 -0,
                        -0 -1 -0,
                        -0 -1 -0,
                        -0 -1 -0,
                        -0 -1 -0,
                        -0 -1 -0

                      ]
                    }
                    coordIndex [
                      2 1 0 -1 
                      5 4 1 -1 
                      6 5 1 -1 
                      7 6 1 -1 
                      8 7 1 -1 
                      9 8 1 -1 
                      10 9 1 -1 
                      11 10 1 -1 
                      12 11 1 -1 
                      13 12 1 -1 
                      14 13 1 -1 
                      15 14 1 -1 
                      16 15 1 -1 
                      17 16 1 -1 
                      18 17 1 -1 
                      19 18 1 -1 
                      20 19 1 -1 
                      2 20 1 -1 
                      3 2 0 -1 
                    ]
                    normalIndex [
                      19 1 0 -1 
                      3 2 1 -1 
                      4 3 1 -1 
                      5 4 1 -1 
                      6 5 1 -1 
                      7 6 1 -1 
                      8 7 1 -1 
                      9 8 1 -1 
                      10 9 1 -1 
                      11 10 1 -1 
                      12 11 1 -1 
                      13 12 1 -1 
                      14 13 1 -1 
                      15 14 1 -1 
                      16 15 1 -1 
                      17 16 1 -1 
                      18 17 1 -1 
                      19 18 1 -1 
                      20 19 0 -1 
                    ]
                  }
                }
                DEF FRAME-RVA0016A_21 Shape {
                  appearance DEF __92 Appearance {
                    material DEF __93 Material {
                      ambientIntensity 0.480017602444
                      diffuseColor 0.827450990677 0.329412013292 0.0705880001187
                      shininess 0
                    }
                  }
                  geometry DEF __94 IndexedFaceSet {
                    solid FALSE
                    coord Coordinate {
                      point [
                        -0.00087 0 -0.00175,
                        -0.00087 0 -0.00147,
                        -0.00087 0.0002 -0.00175,
                        -0.00087 0.0002 -0.00147,
                        -0.00063 0 -0.00175,
                        -0.00063 0.0002 -0.00175,
                        -0.00063 0 -0.00147,
                        -0.00063 0.0002 -0.00147,
                        -0.000868176930361 0.0002 -0.00144916221868,
                        -0.000862763114494 0.0002 -0.0014289575828,
                        -0.000853923048454 0.0002 -0.00141,
                        -0.000841925333174 0.0002 -0.00139286548684,
                        -0.000827134513162 0.0002 -0.00137807466683,
                        -0.00081 0.0002 -0.00136607695155,
                        -0.000791042417199 0.0002 -0.00135723688551,
                        -0.00077083778132 0.0002 -0.00135182306964,
                        -0.00075 0.0002 -0.00135,
                        -0.00072916221868 0.0002 -0.00135182306964,
                        -0.000708957582801 0.0002 -0.00135723688551,
                        -0.00069 0.0002 -0.00136607695155,
                        -0.000672865486838 0.0002 -0.00137807466683,
                        -0.000658074666826 0.0002 -0.00139286548684,
                        -0.000646076951546 0.0002 -0.00141,
                        -0.000637236885506 0.0002 -0.0014289575828,
                        -0.000631823069639 0.0002 -0.00144916221868,
                        -0.000868176930361 0 -0.00144916221868,
                        -0.000862763114494 0 -0.0014289575828,
                        -0.000853923048454 0 -0.00141,
                        -0.000841925333174 0 -0.00139286548684,
                        -0.000827134513162 0 -0.00137807466683,
                        -0.00081 0 -0.00136607695155,
                        -0.000791042417199 0 -0.00135723688551,
                        -0.00077083778132 0 -0.00135182306964,
                        -0.00075 0 -0.00135,
                        -0.00072916221868 0 -0.00135182306964,
                        -0.000708957582801 0 -0.00135723688551,
                        -0.00069 0 -0.00136607695155,
                        -0.000672865486838 0 -0.00137807466683,
                        -0.000658074666826 0 -0.00139286548684,
                        -0.000646076951546 0 -0.00141,
                        -0.000637236885506 0 -0.0014289575828,
                        -0.000631823069639 0 -0.00144916221868

                      ]
                    }
                    normal Normal {
                      vector [
                        -1 0 0,
                        -1 0 0,
                        -1 0 0,
                        -1 0 0,
                        0 0 -1,
                        0 0 -1,
                        0 0 -1,
                        0 0 -1,
                        1 0 0,
                        1 0 0,
                        1 0 0,
                        1 0 0,
                        1 0 2.220446e-16,
                        1 0 2.220446e-16,
                        0.98480773 0 0.17364818,
                        0.93969262 0 0.34202015,
                        0.86602539 0 0.5,
                        0.76604444 0 0.64278764,
                        0.64278764 0 0.76604444,
                        0.5 0 0.86602539,
                        0.34202015 0 0.93969262,
                        0.17364818 0 0.98480773,
                        -2.220446e-16 0 1,
                        -0.17364818 0 0.98480773,
                        -0.34202015 0 0.93969262,
                        -0.5 0 0.86602539,
                        -0.64278764 0 0.76604444,
                        -0.76604444 0 0.64278764,
                        -0.86602539 0 0.5,
                        -0.93969262 0 0.34202015,
                        -0.98480773 0 0.17364818,
                        -1 0 -2.220446e-16,
                        -1 0 -2.220446e-16,
                        -0.98480773 0 0.17364818,
                        -0.93969262 0 0.34202015,
                        -0.86602539 0 0.5,
                        -0.76604444 0 0.64278764,
                        -0.64278764 0 0.76604444,
                        -0.5 0 0.86602539,
                        -0.34202015 0 0.93969262,
                        -0.17364818 0 0.98480773,
                        -2.220446e-16 0 1,
                        0.17364818 0 0.98480773,
                        0.34202015 0 0.93969262,
                        0.5 0 0.86602539,
                        0.64278764 0 0.76604444,
                        0.76604444 0 0.64278764,
                        0.86602539 0 0.5,
                        0.93969262 0 0.34202015,
                        0.98480773 0 0.17364818,
                        0 1 0,
                        0 1 0,
                        0 1 0,
                        0 1 0,
                        0 1 0,
                        0 1 0,
                        0 1 0,
                        0 1 0,
                        0 1 0,
                        0 1 0,
                        0 1 0,
                        0 1 0,
                        0 1 0,
                        0 1 0,
                        0 1 0,
                        0 1 0,
                        0 1 0,
                        0 1 0,
                        0 1 0,
                        0 1 0,
                        0 1 0

                      ]
                    }
                    coordIndex [
                      2 1 3 -1 
                      0 1 2 -1 
                      5 0 2 -1 
                      4 0 5 -1 
                      7 4 5 -1 
                      6 4 7 -1 
                      24 6 7 -1 
                      41 6 24 -1 
                      40 24 23 -1 
                      39 23 22 -1 
                      38 22 21 -1 
                      37 21 20 -1 
                      36 20 19 -1 
                      35 19 18 -1 
                      34 18 17 -1 
                      33 17 16 -1 
                      32 16 15 -1 
                      31 15 14 -1 
                      30 14 13 -1 
                      29 13 12 -1 
                      28 12 11 -1 
                      27 11 10 -1 
                      8 25 9 -1 
                      3 1 8 -1 
                      26 10 9 -1 
                      25 8 1 -1 
                      26 9 25 -1 
                      27 10 26 -1 
                      28 11 27 -1 
                      29 12 28 -1 
                      30 13 29 -1 
                      31 14 30 -1 
                      32 15 31 -1 
                      33 16 32 -1 
                      34 17 33 -1 
                      35 18 34 -1 
                      36 19 35 -1 
                      37 20 36 -1 
                      38 21 37 -1 
                      39 22 38 -1 
                      40 23 39 -1 
                      41 24 40 -1 
                      9 3 8 -1 
                      10 3 9 -1 
                      11 3 10 -1 
                      12 3 11 -1 
                      13 3 12 -1 
                      14 3 13 -1 
                      15 3 14 -1 
                      16 3 15 -1 
                      17 3 16 -1 
                      18 3 17 -1 
                      19 3 18 -1 
                      20 3 19 -1 
                      21 3 20 -1 
                      22 3 21 -1 
                      23 3 22 -1 
                      24 3 23 -1 
                      7 3 24 -1 
                      5 3 7 -1 
                      2 3 5 -1 
                    ]
                    normalIndex [
                      2 0 1 -1 
                      3 0 2 -1 
                      6 4 5 -1 
                      7 4 6 -1 
                      10 8 9 -1 
                      11 8 10 -1 
                      14 12 13 -1 
                      49 12 14 -1 
                      48 14 15 -1 
                      47 15 16 -1 
                      46 16 17 -1 
                      45 17 18 -1 
                      44 18 19 -1 
                      43 19 20 -1 
                      42 20 21 -1 
                      41 21 22 -1 
                      40 22 23 -1 
                      39 23 24 -1 
                      38 24 25 -1 
                      37 25 26 -1 
                      36 26 27 -1 
                      35 27 28 -1 
                      30 33 29 -1 
                      31 32 30 -1 
                      34 28 29 -1 
                      33 30 32 -1 
                      34 29 33 -1 
                      35 28 34 -1 
                      36 27 35 -1 
                      37 26 36 -1 
                      38 25 37 -1 
                      39 24 38 -1 
                      40 23 39 -1 
                      41 22 40 -1 
                      42 21 41 -1 
                      43 20 42 -1 
                      44 19 43 -1 
                      45 18 44 -1 
                      46 17 45 -1 
                      47 16 46 -1 
                      48 15 47 -1 
                      49 14 48 -1 
                      52 50 51 -1 
                      53 50 52 -1 
                      54 50 53 -1 
                      55 50 54 -1 
                      56 50 55 -1 
                      57 50 56 -1 
                      58 50 57 -1 
                      59 50 58 -1 
                      60 50 59 -1 
                      61 50 60 -1 
                      62 50 61 -1 
                      63 50 62 -1 
                      64 50 63 -1 
                      65 50 64 -1 
                      66 50 65 -1 
                      67 50 66 -1 
                      68 50 67 -1 
                      69 50 68 -1 
                      70 50 69 -1 
                    ]
                  }
                }
                DEF FRAME-RVA0016A_22 Shape {
                  appearance DEF __96 Appearance {
                    material DEF __97 Material {
                      ambientIntensity 0.204000040889
                      diffuseColor 0.980391979218 0.980391979218 0.980391979218
                      shininess 0
                    }
                  }
                  geometry DEF __98 IndexedFaceSet {
                    solid FALSE
                    coord Coordinate {
                      point [
                        -0.00037 0 -0.00175,
                        -0.00037 0 -0.00147,
                        -0.00013 0 -0.00147,
                        -0.00013 0 -0.00175,
                        -0.000368176930361 0 -0.00144916221868,
                        -0.000362763114494 0 -0.0014289575828,
                        -0.000353923048454 0 -0.00141,
                        -0.000341925333174 0 -0.00139286548684,
                        -0.000327134513162 0 -0.00137807466683,
                        -0.00031 0 -0.00136607695155,
                        -0.000291042417199 0 -0.00135723688551,
                        -0.00027083778132 0 -0.00135182306964,
                        -0.00025 0 -0.00135,
                        -0.00022916221868 0 -0.00135182306964,
                        -0.000208957582801 0 -0.00135723688551,
                        -0.00019 0 -0.00136607695155,
                        -0.000172865486838 0 -0.00137807466683,
                        -0.000158074666826 0 -0.00139286548684,
                        -0.000146076951546 0 -0.00141,
                        -0.000137236885506 0 -0.0014289575828,
                        -0.000131823069639 0 -0.00144916221868

                      ]
                    }
                    normal Normal {
                      vector [
                        -0 -1 -0,
                        -0 -1 -0,
                        -0 -1 -0,
                        -0 -1 -0,
                        -0 -1 -0,
                        -0 -1 -0,
                        -0 -1 -0,
                        -0 -1 -0,
                        -0 -1 -0,
                        -0 -1 -0,
                        -0 -1 -0,
                        -0 -1 -0,
                        -0 -1 -0,
                        -0 -1 -0,
                        -0 -1 -0,
                        -0 -1 -0,
                        -0 -1 -0,
                        -0 -1 -0,
                        -0 -1 -0,
                        -0 -1 -0,
                        -0 -1 -0

                      ]
                    }
                    coordIndex [
                      2 1 0 -1 
                      5 4 1 -1 
                      6 5 1 -1 
                      7 6 1 -1 
                      8 7 1 -1 
                      9 8 1 -1 
                      10 9 1 -1 
                      11 10 1 -1 
                      12 11 1 -1 
                      13 12 1 -1 
                      14 13 1 -1 
                      15 14 1 -1 
                      16 15 1 -1 
                      17 16 1 -1 
                      18 17 1 -1 
                      19 18 1 -1 
                      20 19 1 -1 
                      2 20 1 -1 
                      3 2 0 -1 
                    ]
                    normalIndex [
                      19 1 0 -1 
                      3 2 1 -1 
                      4 3 1 -1 
                      5 4 1 -1 
                      6 5 1 -1 
                      7 6 1 -1 
                      8 7 1 -1 
                      9 8 1 -1 
                      10 9 1 -1 
                      11 10 1 -1 
                      12 11 1 -1 
                      13 12 1 -1 
                      14 13 1 -1 
                      15 14 1 -1 
                      16 15 1 -1 
                      17 16 1 -1 
                      18 17 1 -1 
                      19 18 1 -1 
                      20 19 0 -1 
                    ]
                  }
                }
                DEF FRAME-RVA0016A_23 Shape {
                  appearance DEF __100 Appearance {
                    material DEF __101 Material {
                      ambientIntensity 0.480017602444
                      diffuseColor 0.827450990677 0.329412013292 0.0705880001187
                      shininess 0
                    }
                  }
                  geometry DEF __102 IndexedFaceSet {
                    solid FALSE
                    coord Coordinate {
                      point [
                        -0.00037 0 -0.00175,
                        -0.00037 0 -0.00147,
                        -0.00037 0.0002 -0.00175,
                        -0.00037 0.0002 -0.00147,
                        -0.00013 0 -0.00175,
                        -0.00013 0.0002 -0.00175,
                        -0.00013 0 -0.00147,
                        -0.00013 0.0002 -0.00147,
                        -0.000368176930361 0.0002 -0.00144916221868,
                        -0.000362763114494 0.0002 -0.0014289575828,
                        -0.000353923048454 0.0002 -0.00141,
                        -0.000341925333174 0.0002 -0.00139286548684,
                        -0.000327134513162 0.0002 -0.00137807466683,
                        -0.00031 0.0002 -0.00136607695155,
                        -0.000291042417199 0.0002 -0.00135723688551,
                        -0.00027083778132 0.0002 -0.00135182306964,
                        -0.00025 0.0002 -0.00135,
                        -0.00022916221868 0.0002 -0.00135182306964,
                        -0.000208957582801 0.0002 -0.00135723688551,
                        -0.00019 0.0002 -0.00136607695155,
                        -0.000172865486838 0.0002 -0.00137807466683,
                        -0.000158074666826 0.0002 -0.00139286548684,
                        -0.000146076951546 0.0002 -0.00141,
                        -0.000137236885506 0.0002 -0.0014289575828,
                        -0.000131823069639 0.0002 -0.00144916221868,
                        -0.000368176930361 0 -0.00144916221868,
                        -0.000362763114494 0 -0.0014289575828,
                        -0.000353923048454 0 -0.00141,
                        -0.000341925333174 0 -0.00139286548684,
                        -0.000327134513162 0 -0.00137807466683,
                        -0.00031 0 -0.00136607695155,
                        -0.000291042417199 0 -0.00135723688551,
                        -0.00027083778132 0 -0.00135182306964,
                        -0.00025 0 -0.00135,
                        -0.00022916221868 0 -0.00135182306964,
                        -0.000208957582801 0 -0.00135723688551,
                        -0.00019 0 -0.00136607695155,
                        -0.000172865486838 0 -0.00137807466683,
                        -0.000158074666826 0 -0.00139286548684,
                        -0.000146076951546 0 -0.00141,
                        -0.000137236885506 0 -0.0014289575828,
                        -0.000131823069639 0 -0.00144916221868

                      ]
                    }
                    normal Normal {
                      vector [
                        -1 0 0,
                        -1 0 0,
                        -1 0 0,
                        -1 0 0,
                        0 0 -1,
                        0 0 -1,
                        0 0 -1,
                        0 0 -1,
                        1 0 0,
                        1 0 0,
                        1 0 0,
                        1 0 0,
                        1 0 2.220446e-16,
                        1 0 2.220446e-16,
                        0.98480773 0 0.17364818,
                        0.93969262 0 0.34202015,
                        0.86602539 0 0.5,
                        0.76604444 0 0.64278764,
                        0.64278764 0 0.76604444,
                        0.5 0 0.86602539,
                        0.34202015 0 0.93969262,
                        0.17364818 0 0.98480773,
                        -1.6653345e-16 0 1,
                        -0.17364818 0 0.98480773,
                        -0.34202015 0 0.93969262,
                        -0.5 0 0.86602539,
                        -0.64278764 0 0.76604444,
                        -0.76604444 0 0.64278764,
                        -0.86602539 0 0.5,
                        -0.93969262 0 0.34202015,
                        -0.98480773 0 0.17364818,
                        -1 0 -2.220446e-16,
                        -1 0 -2.220446e-16,
                        -0.98480773 0 0.17364818,
                        -0.93969262 0 0.34202015,
                        -0.86602539 0 0.5,
                        -0.76604444 0 0.64278764,
                        -0.64278764 0 0.76604444,
                        -0.5 0 0.86602539,
                        -0.34202015 0 0.93969262,
                        -0.17364818 0 0.98480773,
                        -1.6653345e-16 0 1,
                        0.17364818 0 0.98480773,
                        0.34202015 0 0.93969262,
                        0.5 0 0.86602539,
                        0.64278764 0 0.76604444,
                        0.76604444 0 0.64278764,
                        0.86602539 0 0.5,
                        0.93969262 0 0.34202015,
                        0.98480773 0 0.17364818,
                        0 1 0,
                        0 1 0,
                        0 1 0,
                        0 1 0,
                        0 1 0,
                        0 1 0,
                        0 1 0,
                        0 1 0,
                        0 1 0,
                        0 1 0,
                        0 1 0,
                        0 1 0,
                        0 1 0,
                        0 1 0,
                        0 1 0,
                        0 1 0,
                        0 1 0,
                        0 1 0,
                        0 1 0,
                        0 1 0,
                        0 1 0

                      ]
                    }
                    coordIndex [
                      2 1 3 -1 
                      0 1 2 -1 
                      5 0 2 -1 
                      4 0 5 -1 
                      7 4 5 -1 
                      6 4 7 -1 
                      24 6 7 -1 
                      41 6 24 -1 
                      40 24 23 -1 
                      39 23 22 -1 
                      38 22 21 -1 
                      37 21 20 -1 
                      36 20 19 -1 
                      35 19 18 -1 
                      34 18 17 -1 
                      33 17 16 -1 
                      32 16 15 -1 
                      31 15 14 -1 
                      30 14 13 -1 
                      29 13 12 -1 
                      28 12 11 -1 
                      27 11 10 -1 
                      8 25 9 -1 
                      3 1 8 -1 
                      26 10 9 -1 
                      25 8 1 -1 
                      26 9 25 -1 
                      27 10 26 -1 
                      28 11 27 -1 
                      29 12 28 -1 
                      30 13 29 -1 
                      31 14 30 -1 
                      32 15 31 -1 
                      33 16 32 -1 
                      34 17 33 -1 
                      35 18 34 -1 
                      36 19 35 -1 
                      37 20 36 -1 
                      38 21 37 -1 
                      39 22 38 -1 
                      40 23 39 -1 
                      41 24 40 -1 
                      9 3 8 -1 
                      10 3 9 -1 
                      11 3 10 -1 
                      12 3 11 -1 
                      13 3 12 -1 
                      14 3 13 -1 
                      15 3 14 -1 
                      16 3 15 -1 
                      17 3 16 -1 
                      18 3 17 -1 
                      19 3 18 -1 
                      20 3 19 -1 
                      21 3 20 -1 
                      22 3 21 -1 
                      23 3 22 -1 
                      24 3 23 -1 
                      7 3 24 -1 
                      5 3 7 -1 
                      2 3 5 -1 
                    ]
                    normalIndex [
                      2 0 1 -1 
                      3 0 2 -1 
                      6 4 5 -1 
                      7 4 6 -1 
                      10 8 9 -1 
                      11 8 10 -1 
                      14 12 13 -1 
                      49 12 14 -1 
                      48 14 15 -1 
                      47 15 16 -1 
                      46 16 17 -1 
                      45 17 18 -1 
                      44 18 19 -1 
                      43 19 20 -1 
                      42 20 21 -1 
                      41 21 22 -1 
                      40 22 23 -1 
                      39 23 24 -1 
                      38 24 25 -1 
                      37 25 26 -1 
                      36 26 27 -1 
                      35 27 28 -1 
                      30 33 29 -1 
                      31 32 30 -1 
                      34 28 29 -1 
                      33 30 32 -1 
                      34 29 33 -1 
                      35 28 34 -1 
                      36 27 35 -1 
                      37 26 36 -1 
                      38 25 37 -1 
                      39 24 38 -1 
                      40 23 39 -1 
                      41 22 40 -1 
                      42 21 41 -1 
                      43 20 42 -1 
                      44 19 43 -1 
                      45 18 44 -1 
                      46 17 45 -1 
                      47 16 46 -1 
                      48 15 47 -1 
                      49 14 48 -1 
                      52 50 51 -1 
                      53 50 52 -1 
                      54 50 53 -1 
                      55 50 54 -1 
                      56 50 55 -1 
                      57 50 56 -1 
                      58 50 57 -1 
                      59 50 58 -1 
                      60 50 59 -1 
                      61 50 60 -1 
                      62 50 61 -1 
                      63 50 62 -1 
                      64 50 63 -1 
                      65 50 64 -1 
                      66 50 65 -1 
                      67 50 66 -1 
                      68 50 67 -1 
                      69 50 68 -1 
                      70 50 69 -1 
                    ]
                  }
                }
                DEF FRAME-RVA0016A_24 Shape {
                  appearance DEF __104 Appearance {
                    material DEF __105 Material {
                      ambientIntensity 0.204000040889
                      diffuseColor 0.980391979218 0.980391979218 0.980391979218
                      shininess 0
                    }
                  }
                  geometry DEF __106 IndexedFaceSet {
                    solid FALSE
                    coord Coordinate {
                      point [
                        0.00013 0 -0.00175,
                        0.00013 0 -0.00147,
                        0.00037 0 -0.00147,
                        0.00037 0 -0.00175,
                        0.000131823069639 0 -0.00144916221868,
                        0.000137236885506 0 -0.0014289575828,
                        0.000146076951546 0 -0.00141,
                        0.000158074666826 0 -0.00139286548684,
                        0.000172865486838 0 -0.00137807466683,
                        0.00019 0 -0.00136607695155,
                        0.000208957582801 0 -0.00135723688551,
                        0.00022916221868 0 -0.00135182306964,
                        0.00025 0 -0.00135,
                        0.00027083778132 0 -0.00135182306964,
                        0.000291042417199 0 -0.00135723688551,
                        0.00031 0 -0.00136607695155,
                        0.000327134513162 0 -0.00137807466683,
                        0.000341925333174 0 -0.00139286548684,
                        0.000353923048454 0 -0.00141,
                        0.000362763114494 0 -0.0014289575828,
                        0.000368176930361 0 -0.00144916221868

                      ]
                    }
                    normal Normal {
                      vector [
                        -0 -1 -0,
                        -0 -1 -0,
                        -0 -1 -0,
                        -0 -1 -0,
                        -0 -1 -0,
                        -0 -1 -0,
                        -0 -1 -0,
                        -0 -1 -0,
                        -0 -1 -0,
                        -0 -1 -0,
                        -0 -1 -0,
                        -0 -1 -0,
                        -0 -1 -0,
                        -0 -1 -0,
                        -0 -1 -0,
                        -0 -1 -0,
                        -0 -1 -0,
                        -0 -1 -0,
                        -0 -1 -0,
                        -0 -1 -0,
                        -0 -1 -0

                      ]
                    }
                    coordIndex [
                      2 1 0 -1 
                      5 4 1 -1 
                      6 5 1 -1 
                      7 6 1 -1 
                      8 7 1 -1 
                      9 8 1 -1 
                      10 9 1 -1 
                      11 10 1 -1 
                      12 11 1 -1 
                      13 12 1 -1 
                      14 13 1 -1 
                      15 14 1 -1 
                      16 15 1 -1 
                      17 16 1 -1 
                      18 17 1 -1 
                      19 18 1 -1 
                      20 19 1 -1 
                      2 20 1 -1 
                      3 2 0 -1 
                    ]
                    normalIndex [
                      19 1 0 -1 
                      3 2 1 -1 
                      4 3 1 -1 
                      5 4 1 -1 
                      6 5 1 -1 
                      7 6 1 -1 
                      8 7 1 -1 
                      9 8 1 -1 
                      10 9 1 -1 
                      11 10 1 -1 
                      12 11 1 -1 
                      13 12 1 -1 
                      14 13 1 -1 
                      15 14 1 -1 
                      16 15 1 -1 
                      17 16 1 -1 
                      18 17 1 -1 
                      19 18 1 -1 
                      20 19 0 -1 
                    ]
                  }
                }
                DEF FRAME-RVA0016A_25 Shape {
                  appearance DEF __108 Appearance {
                    material DEF __109 Material {
                      ambientIntensity 0.480017602444
                      diffuseColor 0.827450990677 0.329412013292 0.0705880001187
                      shininess 0
                    }
                  }
                  geometry DEF __110 IndexedFaceSet {
                    solid FALSE
                    coord Coordinate {
                      point [
                        0.00013 0 -0.00175,
                        0.00013 0 -0.00147,
                        0.00013 0.0002 -0.00175,
                        0.00013 0.0002 -0.00147,
                        0.00037 0 -0.00175,
                        0.00037 0.0002 -0.00175,
                        0.00037 0 -0.00147,
                        0.00037 0.0002 -0.00147,
                        0.000131823069639 0.0002 -0.00144916221868,
                        0.000137236885506 0.0002 -0.0014289575828,
                        0.000146076951546 0.0002 -0.00141,
                        0.000158074666826 0.0002 -0.00139286548684,
                        0.000172865486838 0.0002 -0.00137807466683,
                        0.00019 0.0002 -0.00136607695155,
                        0.000208957582801 0.0002 -0.00135723688551,
                        0.00022916221868 0.0002 -0.00135182306964,
                        0.00025 0.0002 -0.00135,
                        0.00027083778132 0.0002 -0.00135182306964,
                        0.000291042417199 0.0002 -0.00135723688551,
                        0.00031 0.0002 -0.00136607695155,
                        0.000327134513162 0.0002 -0.00137807466683,
                        0.000341925333174 0.0002 -0.00139286548684,
                        0.000353923048454 0.0002 -0.00141,
                        0.000362763114494 0.0002 -0.0014289575828,
                        0.000368176930361 0.0002 -0.00144916221868,
                        0.000131823069639 0 -0.00144916221868,
                        0.000137236885506 0 -0.0014289575828,
                        0.000146076951546 0 -0.00141,
                        0.000158074666826 0 -0.00139286548684,
                        0.000172865486838 0 -0.00137807466683,
                        0.00019 0 -0.00136607695155,
                        0.000208957582801 0 -0.00135723688551,
                        0.00022916221868 0 -0.00135182306964,
                        0.00025 0 -0.00135,
                        0.00027083778132 0 -0.00135182306964,
                        0.000291042417199 0 -0.00135723688551,
                        0.00031 0 -0.00136607695155,
                        0.000327134513162 0 -0.00137807466683,
                        0.000341925333174 0 -0.00139286548684,
                        0.000353923048454 0 -0.00141,
                        0.000362763114494 0 -0.0014289575828,
                        0.000368176930361 0 -0.00144916221868

                      ]
                    }
                    normal Normal {
                      vector [
                        -1 0 0,
                        -1 0 0,
                        -1 0 0,
                        -1 0 0,
                        0 0 -1,
                        0 0 -1,
                        0 0 -1,
                        0 0 -1,
                        1 0 0,
                        1 0 0,
                        1 0 0,
                        1 0 0,
                        1 0 2.220446e-16,
                        1 0 2.220446e-16,
                        0.98480773 0 0.17364818,
                        0.93969262 0 0.34202015,
                        0.86602539 0 0.5,
                        0.76604444 0 0.64278764,
                        0.64278764 0 0.76604444,
                        0.5 0 0.86602539,
                        0.34202015 0 0.93969262,
                        0.17364818 0 0.98480773,
                        -1.9428903e-16 0 1,
                        -0.17364818 0 0.98480773,
                        -0.34202015 0 0.93969262,
                        -0.5 0 0.86602539,
                        -0.64278764 0 0.76604444,
                        -0.76604444 0 0.64278764,
                        -0.86602539 0 0.5,
                        -0.93969262 0 0.34202015,
                        -0.98480773 0 0.17364818,
                        -1 0 -2.220446e-16,
                        -1 0 -2.220446e-16,
                        -0.98480773 0 0.17364818,
                        -0.93969262 0 0.34202015,
                        -0.86602539 0 0.5,
                        -0.76604444 0 0.64278764,
                        -0.64278764 0 0.76604444,
                        -0.5 0 0.86602539,
                        -0.34202015 0 0.93969262,
                        -0.17364818 0 0.98480773,
                        -1.9428903e-16 0 1,
                        0.17364818 0 0.98480773,
                        0.34202015 0 0.93969262,
                        0.5 0 0.86602539,
                        0.64278764 0 0.76604444,
                        0.76604444 0 0.64278764,
                        0.86602539 0 0.5,
                        0.93969262 0 0.34202015,
                        0.98480773 0 0.17364818,
                        0 1 0,
                        0 1 0,
                        0 1 0,
                        0 1 0,
                        0 1 0,
                        0 1 0,
                        0 1 0,
                        0 1 0,
                        0 1 0,
                        0 1 0,
                        0 1 0,
                        0 1 0,
                        0 1 0,
                        0 1 0,
                        0 1 0,
                        0 1 0,
                        0 1 0,
                        0 1 0,
                        0 1 0,
                        0 1 0,
                        0 1 0

                      ]
                    }
                    coordIndex [
                      2 1 3 -1 
                      0 1 2 -1 
                      5 0 2 -1 
                      4 0 5 -1 
                      7 4 5 -1 
                      6 4 7 -1 
                      24 6 7 -1 
                      41 6 24 -1 
                      40 24 23 -1 
                      39 23 22 -1 
                      38 22 21 -1 
                      37 21 20 -1 
                      36 20 19 -1 
                      35 19 18 -1 
                      34 18 17 -1 
                      33 17 16 -1 
                      32 16 15 -1 
                      31 15 14 -1 
                      30 14 13 -1 
                      29 13 12 -1 
                      28 12 11 -1 
                      27 11 10 -1 
                      8 25 9 -1 
                      3 1 8 -1 
                      26 10 9 -1 
                      25 8 1 -1 
                      26 9 25 -1 
                      27 10 26 -1 
                      28 11 27 -1 
                      29 12 28 -1 
                      30 13 29 -1 
                      31 14 30 -1 
                      32 15 31 -1 
                      33 16 32 -1 
                      34 17 33 -1 
                      35 18 34 -1 
                      36 19 35 -1 
                      37 20 36 -1 
                      38 21 37 -1 
                      39 22 38 -1 
                      40 23 39 -1 
                      41 24 40 -1 
                      9 3 8 -1 
                      10 3 9 -1 
                      11 3 10 -1 
                      12 3 11 -1 
                      13 3 12 -1 
                      14 3 13 -1 
                      15 3 14 -1 
                      16 3 15 -1 
                      17 3 16 -1 
                      18 3 17 -1 
                      19 3 18 -1 
                      20 3 19 -1 
                      21 3 20 -1 
                      22 3 21 -1 
                      23 3 22 -1 
                      24 3 23 -1 
                      7 3 24 -1 
                      5 3 7 -1 
                      2 3 5 -1 
                    ]
                    normalIndex [
                      2 0 1 -1 
                      3 0 2 -1 
                      6 4 5 -1 
                      7 4 6 -1 
                      10 8 9 -1 
                      11 8 10 -1 
                      14 12 13 -1 
                      49 12 14 -1 
                      48 14 15 -1 
                      47 15 16 -1 
                      46 16 17 -1 
                      45 17 18 -1 
                      44 18 19 -1 
                      43 19 20 -1 
                      42 20 21 -1 
                      41 21 22 -1 
                      40 22 23 -1 
                      39 23 24 -1 
                      38 24 25 -1 
                      37 25 26 -1 
                      36 26 27 -1 
                      35 27 28 -1 
                      30 33 29 -1 
                      31 32 30 -1 
                      34 28 29 -1 
                      33 30 32 -1 
                      34 29 33 -1 
                      35 28 34 -1 
                      36 27 35 -1 
                      37 26 36 -1 
                      38 25 37 -1 
                      39 24 38 -1 
                      40 23 39 -1 
                      41 22 40 -1 
                      42 21 41 -1 
                      43 20 42 -1 
                      44 19 43 -1 
                      45 18 44 -1 
                      46 17 45 -1 
                      47 16 46 -1 
                      48 15 47 -1 
                      49 14 48 -1 
                      52 50 51 -1 
                      53 50 52 -1 
                      54 50 53 -1 
                      55 50 54 -1 
                      56 50 55 -1 
                      57 50 56 -1 
                      58 50 57 -1 
                      59 50 58 -1 
                      60 50 59 -1 
                      61 50 60 -1 
                      62 50 61 -1 
                      63 50 62 -1 
                      64 50 63 -1 
                      65 50 64 -1 
                      66 50 65 -1 
                      67 50 66 -1 
                      68 50 67 -1 
                      69 50 68 -1 
                      70 50 69 -1 
                    ]
                  }
                }
                DEF FRAME-RVA0016A_26 Shape {
                  appearance DEF __112 Appearance {
                    material DEF __113 Material {
                      ambientIntensity 0.204000040889
                      diffuseColor 0.980391979218 0.980391979218 0.980391979218
                      shininess 0
                    }
                  }
                  geometry DEF __114 IndexedFaceSet {
                    solid FALSE
                    coord Coordinate {
                      point [
                        0.00063 0 -0.00175,
                        0.00063 0 -0.00147,
                        0.00087 0 -0.00147,
                        0.00087 0 -0.00175,
                        0.000631823069639 0 -0.00144916221868,
                        0.000637236885506 0 -0.0014289575828,
                        0.000646076951546 0 -0.00141,
                        0.000658074666826 0 -0.00139286548684,
                        0.000672865486838 0 -0.00137807466683,
                        0.00069 0 -0.00136607695155,
                        0.000708957582801 0 -0.00135723688551,
                        0.00072916221868 0 -0.00135182306964,
                        0.00075 0 -0.00135,
                        0.00077083778132 0 -0.00135182306964,
                        0.000791042417199 0 -0.00135723688551,
                        0.00081 0 -0.00136607695155,
                        0.000827134513162 0 -0.00137807466683,
                        0.000841925333174 0 -0.00139286548684,
                        0.000853923048454 0 -0.00141,
                        0.000862763114494 0 -0.0014289575828,
                        0.000868176930361 0 -0.00144916221868

                      ]
                    }
                    normal Normal {
                      vector [
                        -0 -1 -0,
                        -0 -1 -0,
                        -0 -1 -0,
                        -0 -1 -0,
                        -0 -1 -0,
                        -0 -1 -0,
                        -0 -1 -0,
                        -0 -1 -0,
                        -0 -1 -0,
                        -0 -1 -0,
                        -0 -1 -0,
                        -0 -1 -0,
                        -0 -1 -0,
                        -0 -1 -0,
                        -0 -1 -0,
                        -0 -1 -0,
                        -0 -1 -0,
                        -0 -1 -0,
                        -0 -1 -0,
                        -0 -1 -0,
                        -0 -1 -0

                      ]
                    }
                    coordIndex [
                      2 1 0 -1 
                      5 4 1 -1 
                      6 5 1 -1 
                      7 6 1 -1 
                      8 7 1 -1 
                      9 8 1 -1 
                      10 9 1 -1 
                      11 10 1 -1 
                      12 11 1 -1 
                      13 12 1 -1 
                      14 13 1 -1 
                      15 14 1 -1 
                      16 15 1 -1 
                      17 16 1 -1 
                      18 17 1 -1 
                      19 18 1 -1 
                      20 19 1 -1 
                      2 0 3 -1 
                      2 20 1 -1 
                    ]
                    normalIndex [
                      19 1 0 -1 
                      3 2 1 -1 
                      4 3 1 -1 
                      5 4 1 -1 
                      6 5 1 -1 
                      7 6 1 -1 
                      8 7 1 -1 
                      9 8 1 -1 
                      10 9 1 -1 
                      11 10 1 -1 
                      12 11 1 -1 
                      13 12 1 -1 
                      14 13 1 -1 
                      15 14 1 -1 
                      16 15 1 -1 
                      17 16 1 -1 
                      18 17 1 -1 
                      19 0 20 -1 
                      19 18 1 -1 
                    ]
                  }
                }
                DEF FRAME-RVA0016A_27 Shape {
                  appearance DEF __116 Appearance {
                    material DEF __117 Material {
                      ambientIntensity 0.480017602444
                      diffuseColor 0.827450990677 0.329412013292 0.0705880001187
                      shininess 0
                    }
                  }
                  geometry DEF __118 IndexedFaceSet {
                    solid FALSE
                    coord Coordinate {
                      point [
                        0.00063 0 -0.00175,
                        0.00063 0 -0.00147,
                        0.00063 0.0002 -0.00175,
                        0.00063 0.0002 -0.00147,
                        0.00087 0 -0.00175,
                        0.00087 0.0002 -0.00175,
                        0.00087 0 -0.00147,
                        0.00087 0.0002 -0.00147,
                        0.000631823069639 0.0002 -0.00144916221868,
                        0.000637236885506 0.0002 -0.0014289575828,
                        0.000646076951546 0.0002 -0.00141,
                        0.000658074666826 0.0002 -0.00139286548684,
                        0.000672865486838 0.0002 -0.00137807466683,
                        0.00069 0.0002 -0.00136607695155,
                        0.000708957582801 0.0002 -0.00135723688551,
                        0.00072916221868 0.0002 -0.00135182306964,
                        0.00075 0.0002 -0.00135,
                        0.00077083778132 0.0002 -0.00135182306964,
                        0.000791042417199 0.0002 -0.00135723688551,
                        0.00081 0.0002 -0.00136607695155,
                        0.000827134513162 0.0002 -0.00137807466683,
                        0.000841925333174 0.0002 -0.00139286548684,
                        0.000853923048454 0.0002 -0.00141,
                        0.000862763114494 0.0002 -0.0014289575828,
                        0.000868176930361 0.0002 -0.00144916221868,
                        0.000631823069639 0 -0.00144916221868,
                        0.000637236885506 0 -0.0014289575828,
                        0.000646076951546 0 -0.00141,
                        0.000658074666826 0 -0.00139286548684,
                        0.000672865486838 0 -0.00137807466683,
                        0.00069 0 -0.00136607695155,
                        0.000708957582801 0 -0.00135723688551,
                        0.00072916221868 0 -0.00135182306964,
                        0.00075 0 -0.00135,
                        0.00077083778132 0 -0.00135182306964,
                        0.000791042417199 0 -0.00135723688551,
                        0.00081 0 -0.00136607695155,
                        0.000827134513162 0 -0.00137807466683,
                        0.000841925333174 0 -0.00139286548684,
                        0.000853923048454 0 -0.00141,
                        0.000862763114494 0 -0.0014289575828,
                        0.000868176930361 0 -0.00144916221868

                      ]
                    }
                    normal Normal {
                      vector [
                        -1 0 0,
                        -1 0 0,
                        -1 0 0,
                        -1 0 0,
                        0 0 -1,
                        0 0 -1,
                        0 0 -1,
                        0 0 -1,
                        1 0 0,
                        1 0 0,
                        1 0 0,
                        1 0 0,
                        1 0 2.220446e-16,
                        1 0 2.220446e-16,
                        0.98480773 0 0.17364818,
                        0.93969262 0 0.34202015,
                        0.86602539 0 0.5,
                        0.76604444 0 0.64278764,
                        0.64278764 0 0.76604444,
                        0.5 0 0.86602539,
                        0.34202015 0 0.93969262,
                        0.17364818 0 0.98480773,
                        -2.220446e-16 0 1,
                        -0.17364818 0 0.98480773,
                        -0.34202015 0 0.93969262,
                        -0.5 0 0.86602539,
                        -0.64278764 0 0.76604444,
                        -0.76604444 0 0.64278764,
                        -0.86602539 0 0.5,
                        -0.93969262 0 0.34202015,
                        -0.98480773 0 0.17364818,
                        -1 0 -2.220446e-16,
                        -1 0 -2.220446e-16,
                        -0.98480773 0 0.17364818,
                        -0.93969262 0 0.34202015,
                        -0.86602539 0 0.5,
                        -0.76604444 0 0.64278764,
                        -0.64278764 0 0.76604444,
                        -0.5 0 0.86602539,
                        -0.34202015 0 0.93969262,
                        -0.17364818 0 0.98480773,
                        -2.220446e-16 0 1,
                        0.17364818 0 0.98480773,
                        0.34202015 0 0.93969262,
                        0.5 0 0.86602539,
                        0.64278764 0 0.76604444,
                        0.76604444 0 0.64278764,
                        0.86602539 0 0.5,
                        0.93969262 0 0.34202015,
                        0.98480773 0 0.17364818,
                        0 1 0,
                        0 1 0,
                        0 1 0,
                        0 1 0,
                        0 1 0,
                        0 1 0,
                        0 1 0,
                        0 1 0,
                        0 1 0,
                        0 1 0,
                        0 1 0,
                        0 1 0,
                        0 1 0,
                        0 1 0,
                        0 1 0,
                        0 1 0,
                        0 1 0,
                        0 1 0,
                        0 1 0,
                        0 1 0,
                        0 1 0

                      ]
                    }
                    coordIndex [
                      2 1 3 -1 
                      0 1 2 -1 
                      5 0 2 -1 
                      4 0 5 -1 
                      7 4 5 -1 
                      6 4 7 -1 
                      24 6 7 -1 
                      41 6 24 -1 
                      40 24 23 -1 
                      39 23 22 -1 
                      38 22 21 -1 
                      37 21 20 -1 
                      36 20 19 -1 
                      35 19 18 -1 
                      34 18 17 -1 
                      33 17 16 -1 
                      32 16 15 -1 
                      31 15 14 -1 
                      30 14 13 -1 
                      29 13 12 -1 
                      28 12 11 -1 
                      27 11 10 -1 
                      8 25 9 -1 
                      3 1 8 -1 
                      26 10 9 -1 
                      25 8 1 -1 
                      26 9 25 -1 
                      27 10 26 -1 
                      28 11 27 -1 
                      29 12 28 -1 
                      30 13 29 -1 
                      31 14 30 -1 
                      32 15 31 -1 
                      33 16 32 -1 
                      34 17 33 -1 
                      35 18 34 -1 
                      36 19 35 -1 
                      37 20 36 -1 
                      38 21 37 -1 
                      39 22 38 -1 
                      40 23 39 -1 
                      41 24 40 -1 
                      9 3 8 -1 
                      10 3 9 -1 
                      11 3 10 -1 
                      12 3 11 -1 
                      13 3 12 -1 
                      14 3 13 -1 
                      15 3 14 -1 
                      16 3 15 -1 
                      17 3 16 -1 
                      18 3 17 -1 
                      19 3 18 -1 
                      20 3 19 -1 
                      21 3 20 -1 
                      22 3 21 -1 
                      23 3 22 -1 
                      24 3 23 -1 
                      7 3 24 -1 
                      5 3 7 -1 
                      2 3 5 -1 
                    ]
                    normalIndex [
                      2 0 1 -1 
                      3 0 2 -1 
                      6 4 5 -1 
                      7 4 6 -1 
                      10 8 9 -1 
                      11 8 10 -1 
                      14 12 13 -1 
                      49 12 14 -1 
                      48 14 15 -1 
                      47 15 16 -1 
                      46 16 17 -1 
                      45 17 18 -1 
                      44 18 19 -1 
                      43 19 20 -1 
                      42 20 21 -1 
                      41 21 22 -1 
                      40 22 23 -1 
                      39 23 24 -1 
                      38 24 25 -1 
                      37 25 26 -1 
                      36 26 27 -1 
                      35 27 28 -1 
                      30 33 29 -1 
                      31 32 30 -1 
                      34 28 29 -1 
                      33 30 32 -1 
                      34 29 33 -1 
                      35 28 34 -1 
                      36 27 35 -1 
                      37 26 36 -1 
                      38 25 37 -1 
                      39 24 38 -1 
                      40 23 39 -1 
                      41 22 40 -1 
                      42 21 41 -1 
                      43 20 42 -1 
                      44 19 43 -1 
                      45 18 44 -1 
                      46 17 45 -1 
                      47 16 46 -1 
                      48 15 47 -1 
                      49 14 48 -1 
                      52 50 51 -1 
                      53 50 52 -1 
                      54 50 53 -1 
                      55 50 54 -1 
                      56 50 55 -1 
                      57 50 56 -1 
                      58 50 57 -1 
                      59 50 58 -1 
                      60 50 59 -1 
                      61 50 60 -1 
                      62 50 61 -1 
                      63 50 62 -1 
                      64 50 63 -1 
                      65 50 64 -1 
                      66 50 65 -1 
                      67 50 66 -1 
                      68 50 67 -1 
                      69 50 68 -1 
                      70 50 69 -1 
                    ]
                  }
                }
                DEF FRAME-RVA0016A_28 Shape {
                  appearance DEF __120 Appearance {
                    material DEF __121 Material {
                      ambientIntensity 0.204000040889
                      diffuseColor 0.980391979218 0.980391979218 0.980391979218
                      shininess 0
                    }
                  }
                  geometry DEF __122 IndexedFaceSet {
                    solid FALSE
                    coord Coordinate {
                      point [
                        -0.00087 0 0.00175,
                        -0.00087 0 0.00147,
                        -0.00063 0 0.00175,
                        -0.00063 0 0.00147,
                        -0.000868176930361 0 0.00144916221868,
                        -0.000862763114494 0 0.0014289575828,
                        -0.000853923048454 0 0.00141,
                        -0.000841925333174 0 0.00139286548684,
                        -0.000827134513162 0 0.00137807466683,
                        -0.00081 0 0.00136607695155,
                        -0.000791042417199 0 0.00135723688551,
                        -0.00077083778132 0 0.00135182306964,
                        -0.00075 0 0.00135,
                        -0.00072916221868 0 0.00135182306964,
                        -0.000708957582801 0 0.00135723688551,
                        -0.00069 0 0.00136607695155,
                        -0.000672865486838 0 0.00137807466683,
                        -0.000658074666826 0 0.00139286548684,
                        -0.000646076951546 0 0.00141,
                        -0.000637236885506 0 0.0014289575828,
                        -0.000631823069639 0 0.00144916221868

                      ]
                    }
                    normal Normal {
                      vector [
                        0 -1 0,
                        0 -1 0,
                        0 -1 0,
                        0 -1 0,
                        0 -1 0,
                        0 -1 0,
                        0 -1 0,
                        0 -1 0,
                        0 -1 0,
                        0 -1 0,
                        0 -1 0,
                        0 -1 0,
                        0 -1 0,
                        0 -1 0,
                        0 -1 0,
                        0 -1 0,
                        0 -1 0,
                        0 -1 0,
                        0 -1 0,
                        0 -1 0,
                        0 -1 0

                      ]
                    }
                    coordIndex [
                      5 1 4 -1 
                      6 1 5 -1 
                      7 1 6 -1 
                      8 1 7 -1 
                      9 1 8 -1 
                      10 1 9 -1 
                      11 1 10 -1 
                      12 1 11 -1 
                      13 1 12 -1 
                      14 1 13 -1 
                      15 1 14 -1 
                      16 1 15 -1 
                      17 1 16 -1 
                      18 1 17 -1 
                      19 1 18 -1 
                      20 1 19 -1 
                      3 1 20 -1 
                      2 1 3 -1 
                      0 1 2 -1 
                    ]
                    normalIndex [
                      2 0 1 -1 
                      3 0 2 -1 
                      4 0 3 -1 
                      5 0 4 -1 
                      6 0 5 -1 
                      7 0 6 -1 
                      8 0 7 -1 
                      9 0 8 -1 
                      10 0 9 -1 
                      11 0 10 -1 
                      12 0 11 -1 
                      13 0 12 -1 
                      14 0 13 -1 
                      15 0 14 -1 
                      16 0 15 -1 
                      17 0 16 -1 
                      18 0 17 -1 
                      19 0 18 -1 
                      20 0 19 -1 
                    ]
                  }
                }
                DEF FRAME-RVA0016A_29 Shape {
                  appearance DEF __124 Appearance {
                    material DEF __125 Material {
                      ambientIntensity 0.480017602444
                      diffuseColor 0.827450990677 0.329412013292 0.0705880001187
                      shininess 0
                    }
                  }
                  geometry DEF __126 IndexedFaceSet {
                    solid FALSE
                    coord Coordinate {
                      point [
                        -0.00087 0 0.00175,
                        -0.00087 0 0.00147,
                        -0.00087 0.0002 0.00147,
                        -0.00087 0.0002 0.00175,
                        -0.00063 0.0002 0.00147,
                        -0.00063 0 0.00147,
                        -0.00063 0 0.00175,
                        -0.00063 0.0002 0.00175,
                        -0.000868176930361 0.0002 0.00144916221868,
                        -0.000862763114494 0.0002 0.0014289575828,
                        -0.000853923048454 0.0002 0.00141,
                        -0.000841925333174 0.0002 0.00139286548684,
                        -0.000827134513162 0.0002 0.00137807466683,
                        -0.00081 0.0002 0.00136607695155,
                        -0.000791042417199 0.0002 0.00135723688551,
                        -0.00077083778132 0.0002 0.00135182306964,
                        -0.00075 0.0002 0.00135,
                        -0.00072916221868 0.0002 0.00135182306964,
                        -0.000708957582801 0.0002 0.00135723688551,
                        -0.00069 0.0002 0.00136607695155,
                        -0.000672865486838 0.0002 0.00137807466683,
                        -0.000658074666826 0.0002 0.00139286548684,
                        -0.000646076951546 0.0002 0.00141,
                        -0.000637236885506 0.0002 0.0014289575828,
                        -0.000631823069639 0.0002 0.00144916221868,
                        -0.000868176930361 0 0.00144916221868,
                        -0.000862763114494 0 0.0014289575828,
                        -0.000853923048454 0 0.00141,
                        -0.000841925333174 0 0.00139286548684,
                        -0.000827134513162 0 0.00137807466683,
                        -0.00081 0 0.00136607695155,
                        -0.000791042417199 0 0.00135723688551,
                        -0.00077083778132 0 0.00135182306964,
                        -0.00075 0 0.00135,
                        -0.00072916221868 0 0.00135182306964,
                        -0.000708957582801 0 0.00135723688551,
                        -0.00069 0 0.00136607695155,
                        -0.000672865486838 0 0.00137807466683,
                        -0.000658074666826 0 0.00139286548684,
                        -0.000646076951546 0 0.00141,
                        -0.000637236885506 0 0.0014289575828,
                        -0.000631823069639 0 0.00144916221868

                      ]
                    }
                    normal Normal {
                      vector [
                        -1 -0 -0,
                        -1 -0 -0,
                        -1 -0 -0,
                        -1 -0 -0,
                        -1 0 2.220446e-16,
                        -1 0 2.220446e-16,
                        -0.98480773 0 -0.17364818,
                        -0.93969262 0 -0.34202015,
                        -0.86602539 0 -0.5,
                        -0.76604444 0 -0.64278764,
                        -0.64278764 0 -0.76604444,
                        -0.5 0 -0.86602539,
                        -0.34202015 0 -0.93969262,
                        -0.17364818 0 -0.98480773,
                        -2.220446e-16 0 -1,
                        0.17364818 0 -0.98480773,
                        0.34202015 0 -0.93969262,
                        0.5 0 -0.86602539,
                        0.64278764 0 -0.76604444,
                        0.76604444 0 -0.64278764,
                        0.86602539 0 -0.5,
                        0.93969262 0 -0.34202015,
                        0.98480773 0 -0.17364818,
                        1 0 -2.220446e-16,
                        1 0 -2.220446e-16,
                        0.98480773 0 -0.17364818,
                        0.93969262 0 -0.34202015,
                        0.86602539 0 -0.5,
                        0.76604444 0 -0.64278764,
                        0.64278764 0 -0.76604444,
                        0.5 0 -0.86602539,
                        0.34202015 0 -0.93969262,
                        0.17364818 0 -0.98480773,
                        -2.220446e-16 0 -1,
                        -0.17364818 0 -0.98480773,
                        -0.34202015 0 -0.93969262,
                        -0.5 0 -0.86602539,
                        -0.64278764 0 -0.76604444,
                        -0.76604444 0 -0.64278764,
                        -0.86602539 0 -0.5,
                        -0.93969262 0 -0.34202015,
                        -0.98480773 0 -0.17364818,
                        1 -0 -0,
                        1 -0 -0,
                        1 -0 -0,
                        1 -0 -0,
                        -0 -0 1,
                        -0 -0 1,
                        -0 -0 1,
                        -0 -0 1,
                        -0 1 -0,
                        -0 1 -0,
                        -0 1 -0,
                        -0 1 -0,
                        -0 1 -0,
                        -0 1 -0,
                        -0 1 -0,
                        -0 1 -0,
                        -0 1 -0,
                        -0 1 -0,
                        -0 1 -0,
                        -0 1 -0,
                        -0 1 -0,
                        -0 1 -0,
                        -0 1 -0,
                        -0 1 -0,
                        -0 1 -0,
                        -0 1 -0,
                        -0 1 -0,
                        -0 1 -0,
                        -0 1 -0

                      ]
                    }
                    coordIndex [
                      2 1 0 -1 
                      3 2 0 -1 
                      8 1 2 -1 
                      25 1 8 -1 
                      26 8 9 -1 
                      27 9 10 -1 
                      28 10 11 -1 
                      29 11 12 -1 
                      30 12 13 -1 
                      31 13 14 -1 
                      35 17 18 -1 
                      36 18 19 -1 
                      37 19 20 -1 
                      38 20 21 -1 
                      39 21 22 -1 
                      40 22 23 -1 
                      41 23 24 -1 
                      5 24 4 -1 
                      34 16 17 -1 
                      41 24 5 -1 
                      33 15 16 -1 
                      40 23 41 -1 
                      32 14 15 -1 
                      39 22 40 -1 
                      38 21 39 -1 
                      37 20 38 -1 
                      36 19 37 -1 
                      35 18 36 -1 
                      34 17 35 -1 
                      33 16 34 -1 
                      32 15 33 -1 
                      31 14 32 -1 
                      30 13 31 -1 
                      29 12 30 -1 
                      28 11 29 -1 
                      27 10 28 -1 
                      26 9 27 -1 
                      25 8 26 -1 
                      7 6 5 -1 
                      4 7 5 -1 
                      3 0 6 -1 
                      7 3 6 -1 
                      4 2 3 -1 
                      9 8 2 -1 
                      10 9 2 -1 
                      11 10 2 -1 
                      12 11 2 -1 
                      13 12 2 -1 
                      14 13 2 -1 
                      15 14 2 -1 
                      16 15 2 -1 
                      17 16 2 -1 
                      18 17 2 -1 
                      19 18 2 -1 
                      20 19 2 -1 
                      21 20 2 -1 
                      22 21 2 -1 
                      23 22 2 -1 
                      24 23 2 -1 
                      4 24 2 -1 
                      7 4 3 -1 
                    ]
                    normalIndex [
                      2 1 0 -1 
                      3 2 0 -1 
                      6 4 5 -1 
                      41 4 6 -1 
                      40 6 7 -1 
                      39 7 8 -1 
                      38 8 9 -1 
                      37 9 10 -1 
                      36 10 11 -1 
                      35 11 12 -1 
                      31 15 16 -1 
                      30 16 17 -1 
                      29 17 18 -1 
                      28 18 19 -1 
                      27 19 20 -1 
                      26 20 21 -1 
                      25 21 22 -1 
                      24 22 23 -1 
                      32 14 15 -1 
                      25 22 24 -1 
                      33 13 14 -1 
                      26 21 25 -1 
                      34 12 13 -1 
                      27 20 26 -1 
                      28 19 27 -1 
                      29 18 28 -1 
                      30 17 29 -1 
                      31 16 30 -1 
                      32 15 31 -1 
                      33 14 32 -1 
                      34 13 33 -1 
                      35 12 34 -1 
                      36 11 35 -1 
                      37 10 36 -1 
                      38 9 37 -1 
                      39 8 38 -1 
                      40 7 39 -1 
                      41 6 40 -1 
                      44 43 42 -1 
                      45 44 42 -1 
                      48 47 46 -1 
                      49 48 46 -1 
                      69 51 50 -1 
                      53 52 51 -1 
                      54 53 51 -1 
                      55 54 51 -1 
                      56 55 51 -1 
                      57 56 51 -1 
                      58 57 51 -1 
                      59 58 51 -1 
                      60 59 51 -1 
                      61 60 51 -1 
                      62 61 51 -1 
                      63 62 51 -1 
                      64 63 51 -1 
                      65 64 51 -1 
                      66 65 51 -1 
                      67 66 51 -1 
                      68 67 51 -1 
                      69 68 51 -1 
                      70 69 50 -1 
                    ]
                  }
                }
                DEF FRAME-RVA0016A_30 Shape {
                  appearance DEF __128 Appearance {
                    material DEF __129 Material {
                      ambientIntensity 0.204000040889
                      diffuseColor 0.980391979218 0.980391979218 0.980391979218
                      shininess 0
                    }
                  }
                  geometry DEF __130 IndexedFaceSet {
                    solid FALSE
                    coord Coordinate {
                      point [
                        -0.00037 0 0.00175,
                        -0.00037 0 0.00147,
                        -0.00013 0 0.00175,
                        -0.00013 0 0.00147,
                        -0.000368176930361 0 0.00144916221868,
                        -0.000362763114494 0 0.0014289575828,
                        -0.000353923048454 0 0.00141,
                        -0.000341925333174 0 0.00139286548684,
                        -0.000327134513162 0 0.00137807466683,
                        -0.00031 0 0.00136607695155,
                        -0.000291042417199 0 0.00135723688551,
                        -0.00027083778132 0 0.00135182306964,
                        -0.00025 0 0.00135,
                        -0.00022916221868 0 0.00135182306964,
                        -0.000208957582801 0 0.00135723688551,
                        -0.00019 0 0.00136607695155,
                        -0.000172865486838 0 0.00137807466683,
                        -0.000158074666826 0 0.00139286548684,
                        -0.000146076951546 0 0.00141,
                        -0.000137236885506 0 0.0014289575828,
                        -0.000131823069639 0 0.00144916221868

                      ]
                    }
                    normal Normal {
                      vector [
                        0 -1 0,
                        0 -1 0,
                        0 -1 0,
                        0 -1 0,
                        0 -1 0,
                        0 -1 0,
                        0 -1 0,
                        0 -1 0,
                        0 -1 0,
                        0 -1 0,
                        0 -1 0,
                        0 -1 0,
                        0 -1 0,
                        0 -1 0,
                        0 -1 0,
                        0 -1 0,
                        0 -1 0,
                        0 -1 0,
                        0 -1 0,
                        0 -1 0,
                        0 -1 0

                      ]
                    }
                    coordIndex [
                      5 1 4 -1 
                      6 1 5 -1 
                      7 1 6 -1 
                      8 1 7 -1 
                      9 1 8 -1 
                      10 1 9 -1 
                      11 1 10 -1 
                      12 1 11 -1 
                      13 1 12 -1 
                      14 1 13 -1 
                      15 1 14 -1 
                      16 1 15 -1 
                      17 1 16 -1 
                      18 1 17 -1 
                      19 1 18 -1 
                      20 1 19 -1 
                      3 1 20 -1 
                      2 1 3 -1 
                      0 1 2 -1 
                    ]
                    normalIndex [
                      2 0 1 -1 
                      3 0 2 -1 
                      4 0 3 -1 
                      5 0 4 -1 
                      6 0 5 -1 
                      7 0 6 -1 
                      8 0 7 -1 
                      9 0 8 -1 
                      10 0 9 -1 
                      11 0 10 -1 
                      12 0 11 -1 
                      13 0 12 -1 
                      14 0 13 -1 
                      15 0 14 -1 
                      16 0 15 -1 
                      17 0 16 -1 
                      18 0 17 -1 
                      19 0 18 -1 
                      20 0 19 -1 
                    ]
                  }
                }
                DEF FRAME-RVA0016A_31 Shape {
                  appearance DEF __132 Appearance {
                    material DEF __133 Material {
                      ambientIntensity 0.480017602444
                      diffuseColor 0.827450990677 0.329412013292 0.0705880001187
                      shininess 0
                    }
                  }
                  geometry DEF __134 IndexedFaceSet {
                    solid FALSE
                    coord Coordinate {
                      point [
                        -0.00037 0 0.00175,
                        -0.00037 0 0.00147,
                        -0.00037 0.0002 0.00147,
                        -0.00037 0.0002 0.00175,
                        -0.00013 0.0002 0.00147,
                        -0.00013 0 0.00147,
                        -0.00013 0 0.00175,
                        -0.00013 0.0002 0.00175,
                        -0.000368176930361 0.0002 0.00144916221868,
                        -0.000362763114494 0.0002 0.0014289575828,
                        -0.000353923048454 0.0002 0.00141,
                        -0.000341925333174 0.0002 0.00139286548684,
                        -0.000327134513162 0.0002 0.00137807466683,
                        -0.00031 0.0002 0.00136607695155,
                        -0.000291042417199 0.0002 0.00135723688551,
                        -0.00027083778132 0.0002 0.00135182306964,
                        -0.00025 0.0002 0.00135,
                        -0.00022916221868 0.0002 0.00135182306964,
                        -0.000208957582801 0.0002 0.00135723688551,
                        -0.00019 0.0002 0.00136607695155,
                        -0.000172865486838 0.0002 0.00137807466683,
                        -0.000158074666826 0.0002 0.00139286548684,
                        -0.000146076951546 0.0002 0.00141,
                        -0.000137236885506 0.0002 0.0014289575828,
                        -0.000131823069639 0.0002 0.00144916221868,
                        -0.000368176930361 0 0.00144916221868,
                        -0.000362763114494 0 0.0014289575828,
                        -0.000353923048454 0 0.00141,
                        -0.000341925333174 0 0.00139286548684,
                        -0.000327134513162 0 0.00137807466683,
                        -0.00031 0 0.00136607695155,
                        -0.000291042417199 0 0.00135723688551,
                        -0.00027083778132 0 0.00135182306964,
                        -0.00025 0 0.00135,
                        -0.00022916221868 0 0.00135182306964,
                        -0.000208957582801 0 0.00135723688551,
                        -0.00019 0 0.00136607695155,
                        -0.000172865486838 0 0.00137807466683,
                        -0.000158074666826 0 0.00139286548684,
                        -0.000146076951546 0 0.00141,
                        -0.000137236885506 0 0.0014289575828,
                        -0.000131823069639 0 0.00144916221868

                      ]
                    }
                    normal Normal {
                      vector [
                        -1 -0 -0,
                        -1 -0 -0,
                        -1 -0 -0,
                        -1 -0 -0,
                        -1 0 2.220446e-16,
                        -1 0 2.220446e-16,
                        -0.98480773 0 -0.17364818,
                        -0.93969262 0 -0.34202015,
                        -0.86602539 0 -0.5,
                        -0.76604444 0 -0.64278764,
                        -0.64278764 0 -0.76604444,
                        -0.5 0 -0.86602539,
                        -0.34202015 0 -0.93969262,
                        -0.17364818 0 -0.98480773,
                        -1.6653345e-16 0 -1,
                        0.17364818 0 -0.98480773,
                        0.34202015 0 -0.93969262,
                        0.5 0 -0.86602539,
                        0.64278764 0 -0.76604444,
                        0.76604444 0 -0.64278764,
                        0.86602539 0 -0.5,
                        0.93969262 0 -0.34202015,
                        0.98480773 0 -0.17364818,
                        1 0 -2.220446e-16,
                        1 0 -2.220446e-16,
                        0.98480773 0 -0.17364818,
                        0.93969262 0 -0.34202015,
                        0.86602539 0 -0.5,
                        0.76604444 0 -0.64278764,
                        0.64278764 0 -0.76604444,
                        0.5 0 -0.86602539,
                        0.34202015 0 -0.93969262,
                        0.17364818 0 -0.98480773,
                        -1.6653345e-16 0 -1,
                        -0.17364818 0 -0.98480773,
                        -0.34202015 0 -0.93969262,
                        -0.5 0 -0.86602539,
                        -0.64278764 0 -0.76604444,
                        -0.76604444 0 -0.64278764,
                        -0.86602539 0 -0.5,
                        -0.93969262 0 -0.34202015,
                        -0.98480773 0 -0.17364818,
                        1 -0 -0,
                        1 -0 -0,
                        1 -0 -0,
                        1 -0 -0,
                        -0 -0 1,
                        -0 -0 1,
                        -0 -0 1,
                        -0 -0 1,
                        -0 1 -0,
                        -0 1 -0,
                        -0 1 -0,
                        -0 1 -0,
                        -0 1 -0,
                        -0 1 -0,
                        -0 1 -0,
                        -0 1 -0,
                        -0 1 -0,
                        -0 1 -0,
                        -0 1 -0,
                        -0 1 -0,
                        -0 1 -0,
                        -0 1 -0,
                        -0 1 -0,
                        -0 1 -0,
                        -0 1 -0,
                        -0 1 -0,
                        -0 1 -0,
                        -0 1 -0,
                        -0 1 -0

                      ]
                    }
                    coordIndex [
                      2 1 0 -1 
                      3 2 0 -1 
                      8 1 2 -1 
                      25 1 8 -1 
                      26 8 9 -1 
                      27 9 10 -1 
                      28 10 11 -1 
                      29 11 12 -1 
                      30 12 13 -1 
                      31 13 14 -1 
                      35 17 18 -1 
                      36 18 19 -1 
                      37 19 20 -1 
                      38 20 21 -1 
                      39 21 22 -1 
                      40 22 23 -1 
                      41 23 24 -1 
                      5 24 4 -1 
                      34 16 17 -1 
                      41 24 5 -1 
                      33 15 16 -1 
                      40 23 41 -1 
                      32 14 15 -1 
                      39 22 40 -1 
                      38 21 39 -1 
                      37 20 38 -1 
                      36 19 37 -1 
                      35 18 36 -1 
                      34 17 35 -1 
                      33 16 34 -1 
                      32 15 33 -1 
                      31 14 32 -1 
                      30 13 31 -1 
                      29 12 30 -1 
                      28 11 29 -1 
                      27 10 28 -1 
                      26 9 27 -1 
                      25 8 26 -1 
                      7 6 5 -1 
                      4 7 5 -1 
                      3 0 6 -1 
                      7 3 6 -1 
                      4 2 3 -1 
                      9 8 2 -1 
                      10 9 2 -1 
                      11 10 2 -1 
                      12 11 2 -1 
                      13 12 2 -1 
                      14 13 2 -1 
                      15 14 2 -1 
                      16 15 2 -1 
                      17 16 2 -1 
                      18 17 2 -1 
                      19 18 2 -1 
                      20 19 2 -1 
                      21 20 2 -1 
                      22 21 2 -1 
                      23 22 2 -1 
                      24 23 2 -1 
                      4 24 2 -1 
                      7 4 3 -1 
                    ]
                    normalIndex [
                      2 1 0 -1 
                      3 2 0 -1 
                      6 4 5 -1 
                      41 4 6 -1 
                      40 6 7 -1 
                      39 7 8 -1 
                      38 8 9 -1 
                      37 9 10 -1 
                      36 10 11 -1 
                      35 11 12 -1 
                      31 15 16 -1 
                      30 16 17 -1 
                      29 17 18 -1 
                      28 18 19 -1 
                      27 19 20 -1 
                      26 20 21 -1 
                      25 21 22 -1 
                      24 22 23 -1 
                      32 14 15 -1 
                      25 22 24 -1 
                      33 13 14 -1 
                      26 21 25 -1 
                      34 12 13 -1 
                      27 20 26 -1 
                      28 19 27 -1 
                      29 18 28 -1 
                      30 17 29 -1 
                      31 16 30 -1 
                      32 15 31 -1 
                      33 14 32 -1 
                      34 13 33 -1 
                      35 12 34 -1 
                      36 11 35 -1 
                      37 10 36 -1 
                      38 9 37 -1 
                      39 8 38 -1 
                      40 7 39 -1 
                      41 6 40 -1 
                      44 43 42 -1 
                      45 44 42 -1 
                      48 47 46 -1 
                      49 48 46 -1 
                      69 51 50 -1 
                      53 52 51 -1 
                      54 53 51 -1 
                      55 54 51 -1 
                      56 55 51 -1 
                      57 56 51 -1 
                      58 57 51 -1 
                      59 58 51 -1 
                      60 59 51 -1 
                      61 60 51 -1 
                      62 61 51 -1 
                      63 62 51 -1 
                      64 63 51 -1 
                      65 64 51 -1 
                      66 65 51 -1 
                      67 66 51 -1 
                      68 67 51 -1 
                      69 68 51 -1 
                      70 69 50 -1 
                    ]
                  }
                }
                DEF FRAME-RVA0016A_32 Shape {
                  appearance DEF __136 Appearance {
                    material DEF __137 Material {
                      ambientIntensity 0.204000040889
                      diffuseColor 0.980391979218 0.980391979218 0.980391979218
                      shininess 0
                    }
                  }
                  geometry DEF __138 IndexedFaceSet {
                    solid FALSE
                    coord Coordinate {
                      point [
                        0.00013 0 0.00175,
                        0.00013 0 0.00147,
                        0.00037 0 0.00175,
                        0.00037 0 0.00147,
                        0.000131823069639 0 0.00144916221868,
                        0.000137236885506 0 0.0014289575828,
                        0.000146076951546 0 0.00141,
                        0.000158074666826 0 0.00139286548684,
                        0.000172865486838 0 0.00137807466683,
                        0.00019 0 0.00136607695155,
                        0.000208957582801 0 0.00135723688551,
                        0.00022916221868 0 0.00135182306964,
                        0.00025 0 0.00135,
                        0.00027083778132 0 0.00135182306964,
                        0.000291042417199 0 0.00135723688551,
                        0.00031 0 0.00136607695155,
                        0.000327134513162 0 0.00137807466683,
                        0.000341925333174 0 0.00139286548684,
                        0.000353923048454 0 0.00141,
                        0.000362763114494 0 0.0014289575828,
                        0.000368176930361 0 0.00144916221868

                      ]
                    }
                    normal Normal {
                      vector [
                        0 -1 0,
                        0 -1 0,
                        0 -1 0,
                        0 -1 0,
                        0 -1 0,
                        0 -1 0,
                        0 -1 0,
                        0 -1 0,
                        0 -1 0,
                        0 -1 0,
                        0 -1 0,
                        0 -1 0,
                        0 -1 0,
                        0 -1 0,
                        0 -1 0,
                        0 -1 0,
                        0 -1 0,
                        0 -1 0,
                        0 -1 0,
                        0 -1 0,
                        0 -1 0

                      ]
                    }
                    coordIndex [
                      5 1 4 -1 
                      6 1 5 -1 
                      7 1 6 -1 
                      8 1 7 -1 
                      9 1 8 -1 
                      10 1 9 -1 
                      11 1 10 -1 
                      12 1 11 -1 
                      13 1 12 -1 
                      14 1 13 -1 
                      15 1 14 -1 
                      16 1 15 -1 
                      17 1 16 -1 
                      18 1 17 -1 
                      19 1 18 -1 
                      20 1 19 -1 
                      3 1 20 -1 
                      2 1 3 -1 
                      0 1 2 -1 
                    ]
                    normalIndex [
                      2 0 1 -1 
                      3 0 2 -1 
                      4 0 3 -1 
                      5 0 4 -1 
                      6 0 5 -1 
                      7 0 6 -1 
                      8 0 7 -1 
                      9 0 8 -1 
                      10 0 9 -1 
                      11 0 10 -1 
                      12 0 11 -1 
                      13 0 12 -1 
                      14 0 13 -1 
                      15 0 14 -1 
                      16 0 15 -1 
                      17 0 16 -1 
                      18 0 17 -1 
                      19 0 18 -1 
                      20 0 19 -1 
                    ]
                  }
                }
                DEF FRAME-RVA0016A_33 Shape {
                  appearance DEF __140 Appearance {
                    material DEF __141 Material {
                      ambientIntensity 0.480017602444
                      diffuseColor 0.827450990677 0.329412013292 0.0705880001187
                      shininess 0
                    }
                  }
                  geometry DEF __142 IndexedFaceSet {
                    solid FALSE
                    coord Coordinate {
                      point [
                        0.00013 0 0.00175,
                        0.00013 0 0.00147,
                        0.00013 0.0002 0.00147,
                        0.00013 0.0002 0.00175,
                        0.00037 0.0002 0.00147,
                        0.00037 0 0.00147,
                        0.00037 0 0.00175,
                        0.00037 0.0002 0.00175,
                        0.000131823069639 0.0002 0.00144916221868,
                        0.000137236885506 0.0002 0.0014289575828,
                        0.000146076951546 0.0002 0.00141,
                        0.000158074666826 0.0002 0.00139286548684,
                        0.000172865486838 0.0002 0.00137807466683,
                        0.00019 0.0002 0.00136607695155,
                        0.000208957582801 0.0002 0.00135723688551,
                        0.00022916221868 0.0002 0.00135182306964,
                        0.00025 0.0002 0.00135,
                        0.00027083778132 0.0002 0.00135182306964,
                        0.000291042417199 0.0002 0.00135723688551,
                        0.00031 0.0002 0.00136607695155,
                        0.000327134513162 0.0002 0.00137807466683,
                        0.000341925333174 0.0002 0.00139286548684,
                        0.000353923048454 0.0002 0.00141,
                        0.000362763114494 0.0002 0.0014289575828,
                        0.000368176930361 0.0002 0.00144916221868,
                        0.000131823069639 0 0.00144916221868,
                        0.000137236885506 0 0.0014289575828,
                        0.000146076951546 0 0.00141,
                        0.000158074666826 0 0.00139286548684,
                        0.000172865486838 0 0.00137807466683,
                        0.00019 0 0.00136607695155,
                        0.000208957582801 0 0.00135723688551,
                        0.00022916221868 0 0.00135182306964,
                        0.00025 0 0.00135,
                        0.00027083778132 0 0.00135182306964,
                        0.000291042417199 0 0.00135723688551,
                        0.00031 0 0.00136607695155,
                        0.000327134513162 0 0.00137807466683,
                        0.000341925333174 0 0.00139286548684,
                        0.000353923048454 0 0.00141,
                        0.000362763114494 0 0.0014289575828,
                        0.000368176930361 0 0.00144916221868

                      ]
                    }
                    normal Normal {
                      vector [
                        -1 -0 -0,
                        -1 -0 -0,
                        -1 -0 -0,
                        -1 -0 -0,
                        -1 0 2.220446e-16,
                        -1 0 2.220446e-16,
                        -0.98480773 0 -0.17364818,
                        -0.93969262 0 -0.34202015,
                        -0.86602539 0 -0.5,
                        -0.76604444 0 -0.64278764,
                        -0.64278764 0 -0.76604444,
                        -0.5 0 -0.86602539,
                        -0.34202015 0 -0.93969262,
                        -0.17364818 0 -0.98480773,
                        -1.9428903e-16 0 -1,
                        0.17364818 0 -0.98480773,
                        0.34202015 0 -0.93969262,
                        0.5 0 -0.86602539,
                        0.64278764 0 -0.76604444,
                        0.76604444 0 -0.64278764,
                        0.86602539 0 -0.5,
                        0.93969262 0 -0.34202015,
                        0.98480773 0 -0.17364818,
                        1 0 -2.220446e-16,
                        1 0 -2.220446e-16,
                        0.98480773 0 -0.17364818,
                        0.93969262 0 -0.34202015,
                        0.86602539 0 -0.5,
                        0.76604444 0 -0.64278764,
                        0.64278764 0 -0.76604444,
                        0.5 0 -0.86602539,
                        0.34202015 0 -0.93969262,
                        0.17364818 0 -0.98480773,
                        -1.9428903e-16 0 -1,
                        -0.17364818 0 -0.98480773,
                        -0.34202015 0 -0.93969262,
                        -0.5 0 -0.86602539,
                        -0.64278764 0 -0.76604444,
                        -0.76604444 0 -0.64278764,
                        -0.86602539 0 -0.5,
                        -0.93969262 0 -0.34202015,
                        -0.98480773 0 -0.17364818,
                        1 -0 -0,
                        1 -0 -0,
                        1 -0 -0,
                        1 -0 -0,
                        -0 -0 1,
                        -0 -0 1,
                        -0 -0 1,
                        -0 -0 1,
                        -0 1 -0,
                        -0 1 -0,
                        -0 1 -0,
                        -0 1 -0,
                        -0 1 -0,
                        -0 1 -0,
                        -0 1 -0,
                        -0 1 -0,
                        -0 1 -0,
                        -0 1 -0,
                        -0 1 -0,
                        -0 1 -0,
                        -0 1 -0,
                        -0 1 -0,
                        -0 1 -0,
                        -0 1 -0,
                        -0 1 -0,
                        -0 1 -0,
                        -0 1 -0,
                        -0 1 -0,
                        -0 1 -0

                      ]
                    }
                    coordIndex [
                      2 1 0 -1 
                      3 2 0 -1 
                      8 1 2 -1 
                      25 1 8 -1 
                      26 8 9 -1 
                      27 9 10 -1 
                      28 10 11 -1 
                      29 11 12 -1 
                      30 12 13 -1 
                      31 13 14 -1 
                      35 17 18 -1 
                      36 18 19 -1 
                      37 19 20 -1 
                      38 20 21 -1 
                      39 21 22 -1 
                      40 22 23 -1 
                      41 23 24 -1 
                      5 24 4 -1 
                      34 16 17 -1 
                      41 24 5 -1 
                      33 15 16 -1 
                      40 23 41 -1 
                      32 14 15 -1 
                      39 22 40 -1 
                      38 21 39 -1 
                      37 20 38 -1 
                      36 19 37 -1 
                      35 18 36 -1 
                      34 17 35 -1 
                      33 16 34 -1 
                      32 15 33 -1 
                      31 14 32 -1 
                      30 13 31 -1 
                      29 12 30 -1 
                      28 11 29 -1 
                      27 10 28 -1 
                      26 9 27 -1 
                      25 8 26 -1 
                      7 6 5 -1 
                      4 7 5 -1 
                      3 0 6 -1 
                      7 3 6 -1 
                      4 2 3 -1 
                      9 8 2 -1 
                      10 9 2 -1 
                      11 10 2 -1 
                      12 11 2 -1 
                      13 12 2 -1 
                      14 13 2 -1 
                      15 14 2 -1 
                      16 15 2 -1 
                      17 16 2 -1 
                      18 17 2 -1 
                      19 18 2 -1 
                      20 19 2 -1 
                      21 20 2 -1 
                      22 21 2 -1 
                      23 22 2 -1 
                      24 23 2 -1 
                      4 24 2 -1 
                      7 4 3 -1 
                    ]
                    normalIndex [
                      2 1 0 -1 
                      3 2 0 -1 
                      6 4 5 -1 
                      41 4 6 -1 
                      40 6 7 -1 
                      39 7 8 -1 
                      38 8 9 -1 
                      37 9 10 -1 
                      36 10 11 -1 
                      35 11 12 -1 
                      31 15 16 -1 
                      30 16 17 -1 
                      29 17 18 -1 
                      28 18 19 -1 
                      27 19 20 -1 
                      26 20 21 -1 
                      25 21 22 -1 
                      24 22 23 -1 
                      32 14 15 -1 
                      25 22 24 -1 
                      33 13 14 -1 
                      26 21 25 -1 
                      34 12 13 -1 
                      27 20 26 -1 
                      28 19 27 -1 
                      29 18 28 -1 
                      30 17 29 -1 
                      31 16 30 -1 
                      32 15 31 -1 
                      33 14 32 -1 
                      34 13 33 -1 
                      35 12 34 -1 
                      36 11 35 -1 
                      37 10 36 -1 
                      38 9 37 -1 
                      39 8 38 -1 
                      40 7 39 -1 
                      41 6 40 -1 
                      44 43 42 -1 
                      45 44 42 -1 
                      48 47 46 -1 
                      49 48 46 -1 
                      69 51 50 -1 
                      53 52 51 -1 
                      54 53 51 -1 
                      55 54 51 -1 
                      56 55 51 -1 
                      57 56 51 -1 
                      58 57 51 -1 
                      59 58 51 -1 
                      60 59 51 -1 
                      61 60 51 -1 
                      62 61 51 -1 
                      63 62 51 -1 
                      64 63 51 -1 
                      65 64 51 -1 
                      66 65 51 -1 
                      67 66 51 -1 
                      68 67 51 -1 
                      69 68 51 -1 
                      70 69 50 -1 
                    ]
                  }
                }
                DEF FRAME-RVA0016A_34 Shape {
                  appearance DEF __144 Appearance {
                    material DEF __145 Material {
                      ambientIntensity 0.204000040889
                      diffuseColor 0.980391979218 0.980391979218 0.980391979218
                      shininess 0
                    }
                  }
                  geometry DEF __146 IndexedFaceSet {
                    solid FALSE
                    coord Coordinate {
                      point [
                        0.00063 0 0.00175,
                        0.00063 0 0.00147,
                        0.00087 0 0.00175,
                        0.00087 0 0.00147,
                        0.000631823069639 0 0.00144916221868,
                        0.000637236885506 0 0.0014289575828,
                        0.000646076951546 0 0.00141,
                        0.000658074666826 0 0.00139286548684,
                        0.000672865486838 0 0.00137807466683,
                        0.00069 0 0.00136607695155,
                        0.000708957582801 0 0.00135723688551,
                        0.00072916221868 0 0.00135182306964,
                        0.00075 0 0.00135,
                        0.00077083778132 0 0.00135182306964,
                        0.000791042417199 0 0.00135723688551,
                        0.00081 0 0.00136607695155,
                        0.000827134513162 0 0.00137807466683,
                        0.000841925333174 0 0.00139286548684,
                        0.000853923048454 0 0.00141,
                        0.000862763114494 0 0.0014289575828,
                        0.000868176930361 0 0.00144916221868

                      ]
                    }
                    normal Normal {
                      vector [
                        0 -1 0,
                        0 -1 0,
                        0 -1 0,
                        0 -1 0,
                        0 -1 0,
                        0 -1 0,
                        0 -1 0,
                        0 -1 0,
                        0 -1 0,
                        0 -1 0,
                        0 -1 0,
                        0 -1 0,
                        0 -1 0,
                        0 -1 0,
                        0 -1 0,
                        0 -1 0,
                        0 -1 0,
                        0 -1 0,
                        0 -1 0,
                        0 -1 0,
                        0 -1 0

                      ]
                    }
                    coordIndex [
                      5 1 4 -1 
                      6 1 5 -1 
                      7 1 6 -1 
                      8 1 7 -1 
                      9 1 8 -1 
                      10 1 9 -1 
                      11 1 10 -1 
                      12 1 11 -1 
                      13 1 12 -1 
                      14 1 13 -1 
                      15 1 14 -1 
                      16 1 15 -1 
                      17 1 16 -1 
                      18 1 17 -1 
                      19 1 18 -1 
                      20 1 19 -1 
                      3 1 20 -1 
                      2 1 3 -1 
                      0 1 2 -1 
                    ]
                    normalIndex [
                      2 0 1 -1 
                      3 0 2 -1 
                      4 0 3 -1 
                      5 0 4 -1 
                      6 0 5 -1 
                      7 0 6 -1 
                      8 0 7 -1 
                      9 0 8 -1 
                      10 0 9 -1 
                      11 0 10 -1 
                      12 0 11 -1 
                      13 0 12 -1 
                      14 0 13 -1 
                      15 0 14 -1 
                      16 0 15 -1 
                      17 0 16 -1 
                      18 0 17 -1 
                      19 0 18 -1 
                      20 0 19 -1 
                    ]
                  }
                }
                DEF FRAME-RVA0016A_35 Shape {
                  appearance DEF __148 Appearance {
                    material DEF __149 Material {
                      ambientIntensity 0.480017602444
                      diffuseColor 0.827450990677 0.329412013292 0.0705880001187
                      shininess 0
                    }
                  }
                  geometry DEF __150 IndexedFaceSet {
                    solid FALSE
                    coord Coordinate {
                      point [
                        0.00063 0 0.00175,
                        0.00063 0 0.00147,
                        0.00063 0.0002 0.00147,
                        0.00063 0.0002 0.00175,
                        0.00087 0.0002 0.00147,
                        0.00087 0 0.00147,
                        0.00087 0 0.00175,
                        0.00087 0.0002 0.00175,
                        0.000631823069639 0.0002 0.00144916221868,
                        0.000637236885506 0.0002 0.0014289575828,
                        0.000646076951546 0.0002 0.00141,
                        0.000658074666826 0.0002 0.00139286548684,
                        0.000672865486838 0.0002 0.00137807466683,
                        0.00069 0.0002 0.00136607695155,
                        0.000708957582801 0.0002 0.00135723688551,
                        0.00072916221868 0.0002 0.00135182306964,
                        0.00075 0.0002 0.00135,
                        0.00077083778132 0.0002 0.00135182306964,
                        0.000791042417199 0.0002 0.00135723688551,
                        0.00081 0.0002 0.00136607695155,
                        0.000827134513162 0.0002 0.00137807466683,
                        0.000841925333174 0.0002 0.00139286548684,
                        0.000853923048454 0.0002 0.00141,
                        0.000862763114494 0.0002 0.0014289575828,
                        0.000868176930361 0.0002 0.00144916221868,
                        0.000631823069639 0 0.00144916221868,
                        0.000637236885506 0 0.0014289575828,
                        0.000646076951546 0 0.00141,
                        0.000658074666826 0 0.00139286548684,
                        0.000672865486838 0 0.00137807466683,
                        0.00069 0 0.00136607695155,
                        0.000708957582801 0 0.00135723688551,
                        0.00072916221868 0 0.00135182306964,
                        0.00075 0 0.00135,
                        0.00077083778132 0 0.00135182306964,
                        0.000791042417199 0 0.00135723688551,
                        0.00081 0 0.00136607695155,
                        0.000827134513162 0 0.00137807466683,
                        0.000841925333174 0 0.00139286548684,
                        0.000853923048454 0 0.00141,
                        0.000862763114494 0 0.0014289575828,
                        0.000868176930361 0 0.00144916221868

                      ]
                    }
                    normal Normal {
                      vector [
                        -1 -0 -0,
                        -1 -0 -0,
                        -1 -0 -0,
                        -1 -0 -0,
                        -1 0 2.220446e-16,
                        -1 0 2.220446e-16,
                        -0.98480773 0 -0.17364818,
                        -0.93969262 0 -0.34202015,
                        -0.86602539 0 -0.5,
                        -0.76604444 0 -0.64278764,
                        -0.64278764 0 -0.76604444,
                        -0.5 0 -0.86602539,
                        -0.34202015 0 -0.93969262,
                        -0.17364818 0 -0.98480773,
                        -2.220446e-16 0 -1,
                        0.17364818 0 -0.98480773,
                        0.34202015 0 -0.93969262,
                        0.5 0 -0.86602539,
                        0.64278764 0 -0.76604444,
                        0.76604444 0 -0.64278764,
                        0.86602539 0 -0.5,
                        0.93969262 0 -0.34202015,
                        0.98480773 0 -0.17364818,
                        1 0 -2.220446e-16,
                        1 0 -2.220446e-16,
                        0.98480773 0 -0.17364818,
                        0.93969262 0 -0.34202015,
                        0.86602539 0 -0.5,
                        0.76604444 0 -0.64278764,
                        0.64278764 0 -0.76604444,
                        0.5 0 -0.86602539,
                        0.34202015 0 -0.93969262,
                        0.17364818 0 -0.98480773,
                        -2.220446e-16 0 -1,
                        -0.17364818 0 -0.98480773,
                        -0.34202015 0 -0.93969262,
                        -0.5 0 -0.86602539,
                        -0.64278764 0 -0.76604444,
                        -0.76604444 0 -0.64278764,
                        -0.86602539 0 -0.5,
                        -0.93969262 0 -0.34202015,
                        -0.98480773 0 -0.17364818,
                        1 -0 -0,
                        1 -0 -0,
                        1 -0 -0,
                        1 -0 -0,
                        -0 -0 1,
                        -0 -0 1,
                        -0 -0 1,
                        -0 -0 1,
                        -0 1 -0,
                        -0 1 -0,
                        -0 1 -0,
                        -0 1 -0,
                        -0 1 -0,
                        -0 1 -0,
                        -0 1 -0,
                        -0 1 -0,
                        -0 1 -0,
                        -0 1 -0,
                        -0 1 -0,
                        -0 1 -0,
                        -0 1 -0,
                        -0 1 -0,
                        -0 1 -0,
                        -0 1 -0,
                        -0 1 -0,
                        -0 1 -0,
                        -0 1 -0,
                        -0 1 -0,
                        -0 1 -0

                      ]
                    }
                    coordIndex [
                      2 1 0 -1 
                      3 2 0 -1 
                      8 1 2 -1 
                      25 1 8 -1 
                      26 8 9 -1 
                      27 9 10 -1 
                      28 10 11 -1 
                      29 11 12 -1 
                      30 12 13 -1 
                      31 13 14 -1 
                      35 17 18 -1 
                      36 18 19 -1 
                      37 19 20 -1 
                      38 20 21 -1 
                      39 21 22 -1 
                      40 22 23 -1 
                      41 23 24 -1 
                      5 24 4 -1 
                      34 16 17 -1 
                      41 24 5 -1 
                      33 15 16 -1 
                      40 23 41 -1 
                      32 14 15 -1 
                      39 22 40 -1 
                      38 21 39 -1 
                      37 20 38 -1 
                      36 19 37 -1 
                      35 18 36 -1 
                      34 17 35 -1 
                      33 16 34 -1 
                      32 15 33 -1 
                      31 14 32 -1 
                      30 13 31 -1 
                      29 12 30 -1 
                      28 11 29 -1 
                      27 10 28 -1 
                      26 9 27 -1 
                      25 8 26 -1 
                      7 6 5 -1 
                      4 7 5 -1 
                      3 0 6 -1 
                      7 3 6 -1 
                      4 2 3 -1 
                      9 8 2 -1 
                      10 9 2 -1 
                      11 10 2 -1 
                      12 11 2 -1 
                      13 12 2 -1 
                      14 13 2 -1 
                      15 14 2 -1 
                      16 15 2 -1 
                      17 16 2 -1 
                      18 17 2 -1 
                      19 18 2 -1 
                      20 19 2 -1 
                      21 20 2 -1 
                      22 21 2 -1 
                      23 22 2 -1 
                      24 23 2 -1 
                      4 3 7 -1 
                      4 24 2 -1 
                    ]
                    normalIndex [
                      2 1 0 -1 
                      3 2 0 -1 
                      6 4 5 -1 
                      41 4 6 -1 
                      40 6 7 -1 
                      39 7 8 -1 
                      38 8 9 -1 
                      37 9 10 -1 
                      36 10 11 -1 
                      35 11 12 -1 
                      31 15 16 -1 
                      30 16 17 -1 
                      29 17 18 -1 
                      28 18 19 -1 
                      27 19 20 -1 
                      26 20 21 -1 
                      25 21 22 -1 
                      24 22 23 -1 
                      32 14 15 -1 
                      25 22 24 -1 
                      33 13 14 -1 
                      26 21 25 -1 
                      34 12 13 -1 
                      27 20 26 -1 
                      28 19 27 -1 
                      29 18 28 -1 
                      30 17 29 -1 
                      31 16 30 -1 
                      32 15 31 -1 
                      33 14 32 -1 
                      34 13 33 -1 
                      35 12 34 -1 
                      36 11 35 -1 
                      37 10 36 -1 
                      38 9 37 -1 
                      39 8 38 -1 
                      40 7 39 -1 
                      41 6 40 -1 
                      44 43 42 -1 
                      45 44 42 -1 
                      48 47 46 -1 
                      49 48 46 -1 
                      69 51 50 -1 
                      53 52 51 -1 
                      54 53 51 -1 
                      55 54 51 -1 
                      56 55 51 -1 
                      57 56 51 -1 
                      58 57 51 -1 
                      59 58 51 -1 
                      60 59 51 -1 
                      61 60 51 -1 
                      62 61 51 -1 
                      63 62 51 -1 
                      64 63 51 -1 
                      65 64 51 -1 
                      66 65 51 -1 
                      67 66 51 -1 
                      68 67 51 -1 
                      69 50 70 -1 
                      69 68 51 -1 
                    ]
                  }
                }
              ]
            }
          ]
        }
      ]
    }
  ]
}
