timestamp_ms,enc0,enc1,enc2,enc3
0.000,0,1,0,1
0.050,0,1,0,1
0.100,0,0,0,1
0.150,0,0,0,1
0.200,0,0,0,1
0.250,0,0,0,1
0.300,0,0,0,1
0.350,1,0,0,1
0.400,1,0,0,1
0.450,1,0,1,0
0.500,1,0,1,0
0.550,1,0,1,0
0.600,1,1,1,0
0.650,1,1,1,0
0.700,1,1,1,0
0.750,1,1,1,0
0.800,1,1,1,0
0.850,0,1,1,0
0.900,0,1,1,0
0.950,0,1,0,1
1.000,0,1,0,1
1.050,0,1,0,1
1.100,0,0,0,1
1.150,0,0,0,1
1.200,0,0,0,1
1.250,0,0,0,1
1.300,1,0,0,1
1.350,1,0,0,1
1.400,1,0,1,0
1.450,1,0,1,0
1.500,1,0,1,0
1.550,1,0,1,0
1.600,1,0,1,0
1.650,1,1,1,0
1.700,1,1,1,0
1.750,1,1,1,0
1.800,0,1,1,0
1.850,0,1,1,0
1.900,0,1,0,1
1.950,0,1,0,1
2.000,0,1,0,1
2.050,0,1,0,1
2.100,0,0,0,1
2.150,0,0,0,1
2.200,0,0,0,1
2.250,1,0,0,1
2.300,1,0,0,1
2.350,1,0,1,1
2.400,1,0,1,0
2.450,1,0,1,0
2.500,1,0,1,0
2.550,1,0,1,0
2.600,1,0,1,0
2.650,1,1,1,0
2.700,1,1,1,0
2.750,0,1,1,0
2.800,0,1,0,0
2.850,0,1,0,0
2.900,0,1,0,1
2.950,0,1,0,1
3.000,0,1,0,1
3.050,0,1,0,1
3.100,0,1,0,1
3.150,0,0,0,1
3.200,1,0,0,1
3.250,1,0,0,1
3.300,1,0,1,1
3.350,1,0,1,0
3.400,1,0,1,0
3.450,1,0,1,0
3.500,1,0,1,0
3.550,1,0,1,0
3.600,1,0,1,0
3.650,1,1,1,0
3.700,0,1,1,0
3.750,0,1,0,0
3.800,0,1,0,0
3.850,0,1,0,1
3.900,0,1,0,1
3.950,0,1,0,1
4.000,0,1,0,1
4.050,0,1,0,1
4.100,0,1,0,1
4.150,1,0,0,1
4.200,1,0,0,1
4.250,1,0,1,1
4.300,1,0,1,1
4.350,1,0,1,0
4.400,1,0,1,0
4.450,1,0,1,0
4.500,1,0,1,0
4.550,1,0,1,0
4.600,1,0,1,0
4.650,0,0,1,0
4.700,0,1,0,0
4.750,0,1,0,0
4.800,0,1,0,1
4.850,0,1,0,1
4.900,0,1,0,1
4.950,0,1,0,1
5.000,0,1,0,1
5.050,0,1,0,1
5.100,1,1,0,1
5.150,1,1,0,1
5.200,1,0,1,1
5.250,1,0,1,1
5.300,1,0,1,0
5.350,1,0,1,0
5.400,1,0,1,0
5.450,1,0,1,0
5.500,1,0,1,0
5.550,1,0,1,0
5.600,0,0,1,0
5.650,0,0,0,0
5.700,0,0,0,0
5.750,0,1,0,0
5.800,0,1,0,1
5.850,0,1,0,1
5.900,0,1,0,1
5.950,0,1,0,1
6.000,0,1,0,1
6.050,1,1,0,1
6.100,1,1,0,1
6.150,1,1,1,1
6.200,1,0,1,1
6.250,1,0,1,0
6.300,1,0,1,0
6.350,1,0,1,0
6.400,1,0,1,0
6.450,1,0,1,0
6.500,1,0,1,0
6.550,0,0,1,0
6.600,0,0,0,0
6.650,0,0,0,0
6.700,0,0,0,0
6.750,0,1,0,1
6.800,0,1,0,1
6.850,0,1,0,1
6.900,0,1,0,1
6.950,0,1,0,1
7.000,1,1,0,1
7.050,1,1,0,1
7.100,1,1,1,1
7.150,1,1,1,1
7.200,1,1,1,0
7.250,1,0,1,0
7.300,1,0,1,0
7.350,1,0,1,0
7.400,1,0,1,0
7.450,0,0,1,0
7.500,0,0,1,0
7.550,0,0,0,0
7.600,0,0,0,0
7.650,0,0,0,0
7.700,0,0,0,1
7.750,0,0,0,1
7.800,0,1,0,1
7.850,0,1,0,1
7.900,0,1,0,1
7.950,1,1,0,1
8.000,1,1,0,1
8.050,1,1,1,1
8.100,1,1,1,1
8.150,1,1,1,0
8.200,1,1,1,0
8.250,1,1,1,0
8.300,1,0,1,0
8.350,1,0,1,0
8.400,1,0,1,0
8.450,0,0,1,0
8.500,0,0,0,0
8.550,0,0,0,0
8.600,0,0,0,0
8.650,0,0,0,1
8.700,0,0,0,1
8.750,0,0,0,1
8.800,0,0,0,1
8.850,0,1,0,1
8.900,1,1,0,1
8.950,1,1,0,1
9.000,1,1,1,1
9.050,1,1,1,1
9.100,1,1,1,0
9.150,1,1,1,0
9.200,1,1,1,0
9.250,1,1,1,0
9.300,1,0,1,0
9.350,0,0,1,0
9.400,0,0,1,0
9.450,0,0,0,0
9.500,0,0,0,0
9.550,0,0,0,0
9.600,0,0,0,1
9.650,0,0,0,1
9.700,0,0,0,1
9.750,0,0,0,1
9.800,0,0,0,1
9.850,1,1,0,1
9.900,1,1,1,1
9.950,1,1,1,1
10.000,1,1,1,1
10.050,1,1,1,1
10.100,1,1,1,0
10.150,1,1,1,0
10.200,1,1,1,0
10.250,1,1,1,0
10.300,0,1,1,0
10.350,0,0,0,0
10.400,0,0,0,0
10.450,0,0,0,0
10.500,0,0,0,0
10.550,0,0,0,0
10.600,0,0,0,1
10.650,0,0,0,1
10.700,0,0,0,1
10.750,0,0,0,1
10.800,1,0,0,1
10.850,1,0,1,1
10.900,1,1,1,1
10.950,1,1,1,1
11.000,1,1,1,1
11.050,1,1,1,0
11.100,1,1,1,0
11.150,1,1,1,0
11.200,1,1,1,0
11.250,0,1,1,0
11.300,0,1,0,0
11.350,0,0,0,0
11.400,0,0,0,0
11.450,0,0,0,0
11.500,0,0,0,0
11.550,0,0,0,1
11.600,0,0,0,1
11.650,0,0,0,1
11.700,0,0,0,1
11.750,1,0,0,1
11.800,1,0,1,1
11.850,1,0,1,1
11.900,1,1,1,1
11.950,1,1,1,1
12.000,1,1,1,1
12.050,1,1,1,0
12.100,1,1,1,0
12.150,1,1,1,0
12.200,1,1,1,0
12.250,0,1,0,0
12.300,0,1,0,0
12.350,0,1,0,0
12.400,0,0,0,0
12.450,0,0,0,0
12.500,0,0,0,1
12.550,0,0,0,1
12.600,0,0,0,1
12.650,0,0,0,1
12.700,1,0,0,1
12.750,1,0,1,1
12.800,1,0,1,1
12.850,1,0,1,1
12.900,1,0,1,1
12.950,1,1,1,1
13.000,1,1,1,0
13.050,1,1,1,0
13.100,1,1,1,0
13.150,1,1,1,0
13.200,0,1,0,0
13.250,0,1,0,0
13.300,0,1,0,0
13.350,0,1,0,0
13.400,0,0,0,0
13.450,0,0,0,0
13.500,0,0,0,1
13.550,0,0,0,1
13.600,0,0,0,1
13.650,1,0,1,1
13.700,1,0,1,1
13.750,1,0,1,1
13.800,1,0,1,1
13.850,1,0,1,1
13.900,1,0,1,1
13.950,1,1,1,0
14.000,1,1,1,0
14.050,1,1,1,0
14.100,0,1,1,0
14.150,0,1,0,0
14.200,0,1,0,0
14.250,0,1,0,0
14.300,0,1,0,0
14.350,0,1,0,0
14.400,0,1,0,0
14.450,0,0,0,1
14.500,0,0,0,1
14.550,0,0,0,1
14.600,1,0,1,1
14.650,1,0,1,1
14.700,1,0,1,1
14.750,1,0,1,1
14.800,1,0,1,1
14.850,1,0,1,1
14.900,1,0,1,0
14.950,1,0,1,0
15.000,1,1,1,0
15.050,1,1,0,0
15.100,0,1,0,0
15.150,0,1,0,0
15.200,0,1,0,0
15.250,0,1,0,0
15.300,0,1,0,0
15.350,0,1,0,0
15.400,0,1,0,1
15.450,0,1,0,1
15.500,0,0,0,1
15.550,1,0,1,1
15.600,1,0,1,1
15.650,1,0,1,1
15.700,1,0,1,1
15.750,1,0,1,1
15.800,1,0,1,1
15.850,1,0,1,0
15.900,1,0,1,0
15.950,1,0,1,0
16.000,1,0,0,0
16.050,0,1,0,0
16.100,0,1,0,0
16.150,0,1,0,0
16.200,0,1,0,0
16.250,0,1,0,0
16.300,0,1,0,0
16.350,0,1,0,1
16.400,0,1,0,1
16.450,0,1,1,1
16.500,1,1,1,1
16.550,1,0,1,1
16.600,1,0,1,1
16.650,1,0,1,1
16.700,1,0,1,1
16.750,1,0,1,1
16.800,1,0,1,0
16.850,1,0,1,0
16.900,1,0,0,0
16.950,1,0,0,0
17.000,0,0,0,0
17.050,0,0,0,0
17.100,0,1,0,0
17.150,0,1,0,0
17.200,0,1,0,0
17.250,0,1,0,0
17.300,0,1,0,1
17.350,0,1,0,1
17.400,0,1,1,1
17.450,1,1,1,1
17.500,1,1,1,1
17.550,1,1,1,1
17.600,1,0,1,1
17.650,1,0,1,1
17.700,1,0,1,1
17.750,1,0,1,1
17.800,1,0,1,0
17.850,1,0,0,0
17.900,0,0,0,0
17.950,0,0,0,0
18.000,0,0,0,0
18.050,0,0,0,0
18.100,0,0,0,0
18.150,0,1,0,0
18.200,0,1,0,0
18.250,0,1,0,1
18.300,0,1,0,1
18.350,0,1,1,1
18.400,1,1,1,1
18.450,1,1,1,1
18.500,1,1,1,1
18.550,1,1,1,1
18.600,1,1,1,1
18.650,1,1,1,1
18.700,1,0,1,1
18.750,1,0,1,0
18.800,1,0,0,0
18.850,0,0,0,0
18.900,0,0,0,0
18.950,0,0,0,0
19.000,0,0,0,0
19.050,0,0,0,0
19.100,0,0,0,0
19.150,0,0,0,0
19.200,0,0,0,1
19.250,0,1,1,1
19.300,0,1,1,1
19.350,1,1,1,1
19.400,1,1,1,1
19.450,1,1,1,1
19.500,1,1,1,1
19.550,1,1,1,1
19.600,1,1,1,1
19.650,1,1,1,1
19.700,1,1,1,0
19.750,1,1,0,0
19.800,0,0,0,0
19.850,0,0,0,0
19.900,0,0,0,0
19.950,0,0,0,0
20.000,0,0,0,0
20.050,0,0,0,0
20.100,0,0,0,0
20.150,0,0,0,0
20.200,0,0,1,1
20.250,0,0,1,1
20.300,1,0,1,1
20.350,1,1,1,1
20.400,1,1,1,1
20.450,1,1,1,1
20.500,1,1,1,1
20.550,1,1,1,1
20.600,1,1,1,1
20.650,1,1,0,0
20.700,1,1,0,0
20.750,0,1,0,0
20.800,0,1,0,0
20.850,0,1,0,0
20.900,0,0,0,0
20.950,0,0,0,0
21.000,0,0,0,0
21.050,0,0,0,0
21.100,0,0,0,0
21.150,0,0,1,1
21.200,0,0,1,1
21.250,1,0,1,1
21.300,1,0,1,1
21.350,1,0,1,1
21.400,1,0,1,1
21.450,1,1,1,1
21.500,1,1,1,1
21.550,1,1,1,1
21.600,1,1,0,1
21.650,1,1,0,0
21.700,0,1,0,0
21.750,0,1,0,0
21.800,0,1,0,0
21.850,0,1,0,0
21.900,0,1,0,0
21.950,0,1,0,0
22.000,0,0,0,0
22.050,0,0,0,0
22.100,0,0,1,1
22.150,0,0,1,1
22.200,1,0,1,1
22.250,1,0,1,1
22.300,1,0,1,1
22.350,1,0,1,1
22.400,1,0,1,1
22.450,1,0,1,1
22.500,1,0,1,1
22.550,1,1,0,1
22.600,1,1,0,0
22.650,1,1,0,0
22.700,0,1,0,0
22.750,0,1,0,0
22.800,0,1,0,0
22.850,0,1,0,0
22.900,0,1,0,0
22.950,0,1,0,0
23.000,0,1,1,0
23.050,0,0,1,0
23.100,0,0,1,1
23.150,1,0,1,1
23.200,1,0,1,1
23.250,1,0,1,1
23.300,1,0,1,1
23.350,1,0,1,1
23.400,1,0,1,1
23.450,1,0,1,1
23.500,1,0,0,1
23.550,1,0,0,0
23.600,1,0,0,0
23.650,0,1,0,0
23.700,0,1,0,0
23.750,0,1,0,0
23.800,0,1,0,0
23.850,0,1,0,0
23.900,0,1,0,0
23.950,0,1,1,0
24.000,0,1,1,0
24.050,0,1,1,1
24.100,1,1,1,1
24.150,1,0,1,1
24.200,1,0,1,1
24.250,1,0,1,1
24.300,1,0,1,1
24.350,1,0,1,1
24.400,1,0,0,1
24.450,1,0,0,1
24.500,1,0,0,0
24.550,1,0,0,0
24.600,0,0,0,0
24.650,0,0,0,0
24.700,0,0,0,0
24.750,0,1,0,0
24.800,0,1,0,0
24.850,0,1,0,0
24.900,0,1,1,0
24.950,0,1,1,0
25.000,0,1,1,1
25.050,1,1,1,1
25.100,1,1,1,1
25.150,1,1,1,1
25.200,1,1,1,1
25.250,1,0,1,1
25.300,1,0,1,1
25.350,1,0,0,1
25.400,1,0,0,1
25.450,1,0,0,0
25.500,1,0,0,0
25.550,0,0,0,0
25.600,0,0,0,0
25.650,0,0,0,0
25.700,0,0,0,0
25.750,0,0,0,0
25.800,0,1,0,0
25.850,0,1,1,0
25.900,0,1,1,0
25.950,0,1,1,1
26.000,0,1,1,1
26.050,1,1,1,1
26.100,1,1,1,1
26.150,1,1,1,1
26.200,1,1,1,1
26.250,1,1,1,1
26.300,1,1,0,1
26.350,1,0,0,1
26.400,1,0,0,1
26.450,1,0,0,0
26.500,0,0,0,0
26.550,0,0,0,0
26.600,0,0,0,0
26.650,0,0,0,0
26.700,0,0,0,0
26.750,0,0,0,0
26.800,0,0,1,0
26.850,0,0,1,0
26.900,0,1,1,0
26.950,0,1,1,1
27.000,1,1,1,1
27.050,1,1,1,1
27.100,1,1,1,1
27.150,1,1,1,1
27.200,1,1,1,1
27.250,1,1,0,1
27.300,1,1,0,1
27.350,1,1,0,1
27.400,1,1,0,0
27.450,0,0,0,0
27.500,0,0,0,0
27.550,0,0,0,0
27.600,0,0,0,0
27.650,0,0,0,0
27.700,0,0,0,0
27.750,0,0,1,0
27.800,0,0,1,0
27.850,0,0,1,0
27.900,0,0,1,1
27.950,1,0,1,1
28.000,1,1,1,1
28.050,1,1,1,1
28.100,1,1,1,1
28.150,1,1,1,1
28.200,1,1,0,1
28.250,1,1,0,1
28.300,1,1,0,1
28.350,1,1,0,1
28.400,0,1,0,0
28.450,0,1,0,0
28.500,0,1,0,0
28.550,0,0,0,0
28.600,0,0,0,0
28.650,0,0,0,0
28.700,0,0,1,0
28.750,0,0,1,0
28.800,0,0,1,0
28.850,0,0,1,0
28.900,1,0,1,1
28.950,1,0,1,1
29.000,1,0,1,1
29.050,1,0,1,1
29.100,1,1,1,1
29.150,1,1,0,1
29.200,1,1,0,1
29.250,1,1,0,1
29.300,1,1,0,1
29.350,0,1,0,1
29.400,0,1,0,0
29.450,0,1,0,0
29.500,0,1,0,0
29.550,0,1,0,0
29.600,0,1,0,0
29.650,0,0,1,0
29.700,0,0,1,0
29.750,0,0,1,0
29.800,0,0,1,0
29.850,1,0,1,0
29.900,1,0,1,0
29.950,1,0,1,1
30.000,1,0,1,1
30.050,1,0,1,1
30.100,1,0,0,1
30.150,1,0,0,1
30.200,1,0,0,1
30.250,1,1,0,1
30.300,1,1,0,1
30.350,0,1,0,1
30.400,0,1,0,1
30.450,0,1,0,0
30.500,0,1,0,0
30.550,0,1,0,0
30.600,0,1,1,0
30.650,0,1,1,0
30.700,0,1,1,0
30.750,0,1,1,0
30.800,1,0,1,0
30.850,1,0,1,0
30.900,1,0,1,0
30.950,1,0,1,1
31.000,1,0,1,1
31.050,1,0,0,1
31.100,1,0,0,1
31.150,1,0,0,1
31.200,1,0,0,1
31.250,1,0,0,1
31.300,0,0,0,1
31.350,0,1,0,1
31.400,0,1,0,1
31.450,0,1,0,1
31.500,0,1,0,0
31.550,0,1,1,0
31.600,0,1,1,0
31.650,0,1,1,0
31.700,0,1,1,0
31.750,0,1,1,0
31.800,1,1,1,0
31.850,1,1,1,0
31.900,1,0,1,0
31.950,1,0,1,0
32.000,1,0,0,1
32.050,1,0,0,1
32.100,1,0,0,1
32.150,1,0,0,1
32.200,1,0,0,1
32.250,0,0,0,1
32.300,0,0,0,1
32.350,0,0,0,1
32.400,0,0,0,1
32.450,0,0,0,1
32.500,0,1,1,1
32.550,0,1,1,0
32.600,0,1,1,0
32.650,0,1,1,0
32.700,0,1,1,0
32.750,1,1,1,0
32.800,1,1,1,0
32.850,1,1,1,0
32.900,1,1,1,0
32.950,1,1,0,0
33.000,1,1,0,0
33.050,1,0,0,1
33.100,1,0,0,1
33.150,1,0,0,1
33.200,0,0,0,1
33.250,0,0,0,1
33.300,0,0,0,1
33.350,0,0,0,1
33.400,0,0,0,1
33.450,0,0,1,1
33.500,0,0,1,1
33.550,0,0,1,0
33.600,0,1,1,0
33.650,0,1,1,0
33.700,1,1,1,0
33.750,1,1,1,0
33.800,1,1,1,0
33.850,1,1,1,0
33.900,1,1,1,0
33.950,1,1,0,0
34.000,1,1,0,0
34.050,1,1,0,0
34.100,1,1,0,1
34.150,0,0,0,1
34.200,0,0,0,1
34.250,0,0,0,1
34.300,0,0,0,1
34.350,0,0,0,1
34.400,0,0,1,1
34.450,0,0,1,1
34.500,0,0,1,1
34.550,0,0,1,1
34.600,0,0,1,0
34.650,1,0,1,0
34.700,1,0,1,0
34.750,1,1,1,0
34.800,1,1,1,0
34.850,1,1,1,0
34.900,1,1,0,0
34.950,1,1,0,0
35.000,1,1,0,0
35.050,1,1,0,0
35.100,1,1,0,0
35.150,0,1,0,1
35.200,0,1,0,1
35.250,0,1,0,1
35.300,0,0,0,1
35.350,0,0,0,1
35.400,0,0,1,1
35.450,0,0,1,1
35.500,0,0,1,1
35.550,0,0,1,1
35.600,1,0,1,1
35.650,1,0,1,0
35.700,1,0,1,0
35.750,1,0,1,0
35.800,1,0,1,0
35.850,1,1,0,0
35.900,1,1,0,0
35.950,1,1,0,0
36.000,1,1,0,0
36.050,1,1,0,0
36.100,0,1,0,0
36.150,0,1,0,1
36.200,0,1,0,1
36.250,0,1,0,1
36.300,0,1,0,1
36.350,0,1,1,1
36.400,0,0,1,1
36.450,0,0,1,1
36.500,0,0,1,1
36.550,0,0,1,1
36.600,1,0,1,1
36.650,1,0,1,0
36.700,1,0,1,0
36.750,1,0,1,0
36.800,1,0,1,0
36.850,1,0,0,0
36.900,1,0,0,0
36.950,1,1,0,0
37.000,1,1,0,0
37.050,0,1,0,0
37.100,0,1,0,0
37.150,0,1,0,0
37.200,0,1,0,1
37.250,0,1,0,1
37.300,0,1,0,1
37.350,0,1,1,1
37.400,0,1,1,1
37.450,0,1,1,1
37.500,0,0,1,1
37.550,1,0,1,1
37.600,1,0,1,1
37.650,1,0,1,1
37.700,1,0,1,0
37.750,1,0,1,0
37.800,1,0,0,0
37.850,1,0,0,0
37.900,1,0,0,0
37.950,1,0,0,0
38.000,0,0,0,0
38.050,0,1,0,0
38.100,0,1,0,0
38.150,0,1,0,0
38.200,0,1,0,1
38.250,0,1,0,1
38.300,0,1,1,1
38.350,0,1,1,1
38.400,0,1,1,1
38.450,0,1,1,1
38.500,1,1,1,1
38.550,1,1,1,1
38.600,1,0,1,1
38.650,1,0,1,1
38.700,1,0,1,0
38.750,1,0,1,0
38.800,1,0,0,0
38.850,1,0,0,0
38.900,1,0,0,0
38.950,0,0,0,0
39.000,0,0,0,0
39.050,0,0,0,0
39.100,0,0,0,0
39.150,0,0,0,0
39.200,0,1,0,0
39.250,0,1,0,1
39.300,0,1,1,1
39.350,0,1,1,1
39.400,0,1,1,1
39.450,1,1,1,1
39.500,1,1,1,1
39.550,1,1,1,1
39.600,1,1,1,1
39.650,1,1,1,1
39.700,1,1,1,1
39.750,1,0,0,0
39.800,1,0,0,0
39.850,1,0,0,0
39.900,1,0,0,0
39.950,0,0,0,0
40.000,0,0,0,0
40.050,0,0,0,0
40.100,0,0,0,0
40.150,0,0,0,0
40.200,0,0,0,0
40.250,0,0,1,1
40.300,0,1,1,1
40.350,0,1,1,1
40.400,1,1,1,1
40.450,1,1,1,1
40.500,1,1,1,1
40.550,1,1,1,1
40.600,1,1,1,1
40.650,1,1,1,1
40.700,1,1,1,1
40.750,1,1,0,0
40.800,1,1,0,0
40.850,1,0,0,0
40.900,0,0,0,0
40.950,0,0,0,0
41.000,0,0,0,0
41.050,0,0,0,0
41.100,0,0,0,0
41.150,0,0,0,0
41.200,0,0,0,0
41.250,0,0,1,0
41.300,0,0,1,1
41.350,0,0,1,1
41.400,1,1,1,1
41.450,1,1,1,1
41.500,1,1,1,1
41.550,1,1,1,1
41.600,1,1,1,1
41.650,1,1,1,1
41.700,1,1,0,1
41.750,1,1,0,1
41.800,1,1,0,0
41.850,0,1,0,0
41.900,0,1,0,0
41.950,0,0,0,0
42.000,0,0,0,0
42.050,0,0,0,0
42.100,0,0,0,0
42.150,0,0,0,0
42.200,0,0,0,0
42.250,0,0,1,0
42.300,0,0,1,1
42.350,1,0,1,1
42.400,1,0,1,1
42.450,1,0,1,1
42.500,1,0,1,1
42.550,1,1,1,1
42.600,1,1,1,1
42.650,1,1,1,1
42.700,1,1,0,1
42.750,1,1,0,1
42.800,0,1,0,1
42.850,0,1,0,0
42.900,0,1,0,0
42.950,0,1,0,0
43.000,0,1,0,0
43.050,0,1,0,0
43.100,0,0,0,0
43.150,0,0,0,0
43.200,0,0,1,0
43.250,0,0,1,0
43.300,1,0,1,0
43.350,1,0,1,1
43.400,1,0,1,1
43.450,1,0,1,1
43.500,1,0,1,1
43.550,1,0,1,1
43.600,1,0,1,1
43.650,1,1,1,1
43.700,1,1,0,1
43.750,1,1,0,1
43.800,0,1,0,1
43.850,0,1,0,0
43.900,0,1,0,0
43.950,0,1,0,0
44.000,0,1,0,0
44.050,0,1,0,0
44.100,0,1,0,0
44.150,0,1,0,0
44.200,0,0,1,0
44.250,1,0,1,0
44.300,1,0,1,0
44.350,1,0,1,0
44.400,1,0,1,1
44.450,1,0,1,1
44.500,1,0,1,1
44.550,1,0,1,1
44.600,1,0,1,1
44.650,1,0,0,1
44.700,1,0,0,1
44.750,0,0,0,1
44.800,0,1,0,1
44.850,0,1,0,1
44.900,0,1,0,0
44.950,0,1,0,0
45.000,0,1,0,0
45.050,0,1,0,0
45.100,0,1,0,0
45.150,0,1,1,0
45.200,0,1,1,0
45.250,1,1,1,0
45.300,1,0,1,0
45.350,1,0,1,0
45.400,1,0,1,1
45.450,1,0,1,1
45.500,1,0,1,1
45.550,1,0,1,1
45.600,1,0,1,1
45.650,1,0,0,1
45.700,0,0,0,1
45.750,0,0,0,1
45.800,0,0,0,1
45.850,0,0,0,1
45.900,0,1,0,0
45.950,0,1,0,0
46.000,0,1,0,0
46.050,0,1,0,0
46.100,0,1,0,0
46.150,0,1,1,0
46.200,1,1,1,0
46.250,1,1,1,0
46.300,1,1,1,0
46.350,1,1,1,0
46.400,1,0,1,1
46.450,1,0,1,1
46.500,1,0,1,1
46.550,1,0,1,1
46.600,1,0,0,1
46.650,0,0,0,1
46.700,0,0,0,1
46.750,0,0,0,1
46.800,0,0,0,1
46.850,0,0,0,1
46.900,0,0,0,0
46.950,0,0,0,0
47.000,0,1,0,0
47.050,0,1,0,0
47.100,0,1,1,0
47.150,1,1,1,0
47.200,1,1,1,0
47.250,1,1,1,0
47.300,1,1,1,0
47.350,1,1,1,0
47.400,1,1,1,1
47.450,1,1,1,1
47.500,1,0,1,1
47.550,1,0,1,1
47.600,1,0,0,1
47.650,0,0,0,1
47.700,0,0,0,1
47.750,0,0,0,1
47.800,0,0,0,1
47.850,0,0,0,1
47.900,0,0,0,0
47.950,0,0,0,0
48.000,0,0,0,0
48.050,0,1,0,0
48.100,1,1,1,0
48.150,1,1,1,0
48.200,1,1,1,0
48.250,1,1,1,0
48.300,1,1,1,0
48.350,1,1,1,0
48.400,1,1,1,1
48.450,1,1,1,1
48.500,1,1,1,1
48.550,1,1,0,1
48.600,0,0,0,1
48.650,0,0,0,1
48.700,0,0,0,1
48.750,0,0,0,1
48.800,0,0,0,1
48.850,0,0,0,1
48.900,0,0,0,0
48.950,0,0,0,0
49.000,0,0,0,0
49.050,0,0,1,0
49.100,1,0,1,0
49.150,1,1,1,0
49.200,1,1,1,0
49.250,1,1,1,0
49.300,1,1,1,0
49.350,1,1,1,0
49.400,1,1,1,1
49.450,1,1,1,1
49.500,1,1,1,1
49.550,0,1,0,1
49.600,0,1,0,1
49.650,0,1,0,1
49.700,0,0,0,1
49.750,0,0,0,1
49.800,0,0,0,1
49.850,0,0,0,1
49.900,0,0,0,0
49.950,0,0,0,0
50.000,0,0,0,0
50.050,1,0,1,0
50.100,1,0,1,0
50.150,1,0,1,0
50.200,1,0,1,0
50.250,1,1,1,0
50.300,1,1,1,0
50.350,1,1,1,0
50.400,1,1,1,1
50.450,1,1,1,1
50.500,0,1,0,1
50.550,0,1,0,1
50.600,0,1,0,1
50.650,0,1,0,1
50.700,0,1,0,1
50.750,0,1,0,1
50.800,0,0,0,1
50.850,0,0,0,1
50.900,0,0,0,0
50.950,0,0,0,0
51.000,1,0,1,0
51.050,1,0,1,0
51.100,1,0,1,0
51.150,1,0,1,0
51.200,1,0,1,0
51.250,1,0,1,0
51.300,1,0,1,0
51.350,1,1,1,1
51.400,1,1,1,1
51.450,0,1,1,1
51.500,0,1,0,1
51.550,0,1,0,1
51.600,0,1,0,1
51.650,0,1,0,1
51.700,0,1,0,1
51.750,0,1,0,1
51.800,0,1,0,1
51.850,0,1,0,0
51.900,0,0,0,0
51.950,1,0,0,0
52.000,1,0,1,0
52.050,1,0,1,0
52.100,1,0,1,0
52.150,1,0,1,0
52.200,1,0,1,0
52.250,1,0,1,0
52.300,1,0,1,0
52.350,1,0,1,1
52.400,0,0,1,1
52.450,0,1,0,1
52.500,0,1,0,1
52.550,0,1,0,1
52.600,0,1,0,1
52.650,0,1,0,1
52.700,0,1,0,1
52.750,0,1,0,1
52.800,0,1,0,1
52.850,0,1,0,0
52.900,1,1,0,0
52.950,1,0,1,0
53.000,1,0,1,0
53.050,1,0,1,0
53.100,1,0,1,0
53.150,1,0,1,0
53.200,1,0,1,0
53.250,1,0,1,0
53.300,1,0,1,0
53.350,0,0,1,1
53.400,0,0,1,1
53.450,0,0,0,1
53.500,0,0,0,1
53.550,0,1,0,1
53.600,0,1,0,1
53.650,0,1,0,1
53.700,0,1,0,1
53.750,0,1,0,1
53.800,0,1,0,1
53.850,1,1,0,0
53.900,1,1,1,0
53.950,1,1,1,0
54.000,1,1,1,0
54.050,1,0,1,0
54.100,1,0,1,0
54.150,1,0,1,0
54.200,1,0,1,0
54.250,1,0,1,0
54.300,1,0,1,0
54.350,0,0,1,1
54.400,0,0,0,1
54.450,0,0,0,1
54.500,0,0,0,1
54.550,0,0,0,1
54.600,0,1,0,1
54.650,0,1,0,1
54.700,0,1,0,1
54.750,0,1,0,1
54.800,1,1,0,1
54.850,1,1,0,0
54.900,1,1,1,0
54.950,1,1,1,0
55.000,1,1,1,0
55.050,1,1,1,0
55.100,1,1,1,0
55.150,1,0,1,0
55.200,1,0,1,0
55.250,1,0,1,0
55.300,0,0,1,0
55.350,0,0,0,1
55.400,0,0,0,1
55.450,0,0,0,1
55.500,0,0,0,1
55.550,0,0,0,1
55.600,0,0,0,1
55.650,0,0,0,1
55.700,0,0,0,1
55.750,1,1,0,1
55.800,1,1,0,0
55.850,1,1,1,0
55.900,1,1,1,0
55.950,1,1,1,0
56.000,1,1,1,0
56.050,1,1,1,0
56.100,1,1,1,0
56.150,1,1,1,0
56.200,1,1,1,0
56.250,0,0,1,0
56.300,0,0,1,1
56.350,0,0,0,1
56.400,0,0,0,1
56.450,0,0,0,1
56.500,0,0,0,1
56.550,0,0,0,1
56.600,0,0,0,1
56.650,0,0,0,1
56.700,1,0,0,1
56.750,1,0,0,1
56.800,1,0,1,0
56.850,1,1,1,0
56.900,1,1,1,0
56.950,1,1,1,0
57.000,1,1,1,0
57.050,1,1,1,0
57.100,1,1,1,0
57.150,1,1,1,0
57.200,0,1,1,0
57.250,0,1,1,0
57.300,0,1,0,1
57.350,0,0,0,1
57.400,0,0,0,1
57.450,0,0,0,1
57.500,0,0,0,1
57.550,0,0,0,1
57.600,0,0,0,1
57.650,1,0,0,1
57.700,1,0,0,1
57.750,1,0,1,0
57.800,1,0,1,0
57.850,1,0,1,0
57.900,1,0,1,0
57.950,1,1,1,0
58.000,1,1,1,0
58.050,1,1,1,0
58.100,1,1,1,0
58.150,0,1,1,0
58.200,0,1,1,0
58.250,0,1,0,1
58.300,0,1,0,1
58.350,0,1,0,1
58.400,0,1,0,1
58.450,0,0,0,1
58.500,0,0,0,1
58.550,0,0,0,1
58.600,1,0,0,1
58.650,1,0,0,1
58.700,1,0,0,1
58.750,1,0,1,0
58.800,1,0,1,0
58.850,1,0,1,0
58.900,1,0,1,0
58.950,1,0,1,0
59.000,1,1,1,0
59.050,1,1,1,0
59.100,0,1,1,0
59.150,0,1,1,0
59.200,0,1,0,0
59.250,0,1,0,1
59.300,0,1,0,1
59.350,0,1,0,1
59.400,0,1,0,1
59.450,0,1,0,1
59.500,0,1,0,1
59.550,1,0,0,1
59.600,1,0,0,1
59.650,1,0,0,1
59.700,1,0,1,0
59.750,1,0,1,0
59.800,1,0,1,0
59.850,1,0,1,0
59.900,1,0,1,0
59.950,1,0,1,0
60.000,0,0,1,0
60.050,0,0,1,0
60.100,0,1,1,0
60.150,0,1,0,0
60.200,0,1,0,1
60.250,0,1,0,1
60.300,0,1,0,1
60.350,0,1,0,1
60.400,0,1,0,1
60.450,0,1,0,1
60.500,1,1,0,1
60.550,1,1,0,1
60.600,1,0,0,1
60.650,1,0,1,1
60.700,1,0,1,0
60.750,1,0,1,0
60.800,1,0,1,0
60.850,1,0,1,0
60.900,1,0,1,0
60.950,0,0,1,0
61.000,0,0,1,0
61.050,0,0,1,0
61.100,0,0,0,0
61.150,0,1,0,0
61.200,0,1,0,1
61.250,0,1,0,1
61.300,0,1,0,1
61.350,0,1,0,1
61.400,0,1,0,1
61.450,1,1,0,1
61.500,1,1,0,1
61.550,1,1,0,1
61.600,1,1,1,1
61.650,1,1,1,1
61.700,1,0,1,0
61.750,1,0,1,0
61.800,1,0,1,0
61.850,1,0,1,0
61.900,0,0,1,0
61.950,0,0,1,0
62.000,0,0,1,0
62.050,0,0,0,0
62.100,0,0,0,0
62.150,0,0,0,1
62.200,0,0,0,1
62.250,0,1,0,1
62.300,0,1,0,1
62.350,0,1,0,1
62.400,1,1,0,1
62.450,1,1,0,1
62.500,1,1,0,1
62.550,1,1,1,1
62.600,1,1,1,1
62.650,1,1,1,0
62.700,1,1,1,0
62.750,1,0,1,0
62.800,1,0,1,0
62.850,0,0,1,0
62.900,0,0,1,0
62.950,0,0,1,0
63.000,0,0,0,0
63.050,0,0,0,0
63.100,0,0,0,0
63.150,0,0,0,1
63.200,0,0,0,1
63.250,0,0,0,1
63.300,0,0,0,1
63.350,1,1,0,1
63.400,1,1,0,1
63.450,1,1,0,1
63.500,1,1,1,1
63.550,1,1,1,1
63.600,1,1,1,1
63.650,1,1,1,0
63.700,1,1,1,0
63.750,1,1,1,0
63.800,0,1,1,0
63.850,0,0,1,0
63.900,0,0,1,0
63.950,0,0,0,0
64.000,0,0,0,0
64.050,0,0,0,0
64.100,0,0,0,0
64.150,0,0,0,1
64.200,0,0,0,1
64.250,0,0,0,1
64.300,1,0,0,1
64.350,1,0,0,1
64.400,1,1,0,1
64.450,1,1,1,1
64.500,1,1,1,1
64.550,1,1,1,1
64.600,1,1,1,1
64.650,1,1,1,0
64.700,1,1,1,0
64.750,0,1,1,0
64.800,0,1,1,0
64.850,0,1,1,0
64.900,0,1,0,0
64.950,0,0,0,0
65.000,0,0,0,0
65.050,0,0,0,0
65.100,0,0,0,0
65.150,0,0,0,1
65.200,0,0,0,1
65.250,1,0,0,1
65.300,1,0,0,1
65.350,1,0,0,1
65.400,1,0,1,1
65.450,1,0,1,1
65.500,1,0,1,1
65.550,1,1,1,1
65.600,1,1,1,1
65.650,1,1,1,0
65.700,0,1,1,0
65.750,0,1,1,0
65.800,0,1,1,0
65.850,0,1,0,0
65.900,0,1,0,0
65.950,0,1,0,0
66.000,0,1,0,0
66.050,0,0,0,0
66.100,0,0,0,0
66.150,0,0,0,1
66.200,1,0,0,1
66.250,1,0,0,1
66.300,1,0,0,1
66.350,1,0,1,1
66.400,1,0,1,1
66.450,1,0,1,1
66.500,1,0,1,1
66.550,1,0,1,1
66.600,1,0,1,0
66.650,0,1,1,0
66.700,0,1,1,0
66.750,0,1,1,0
66.800,0,1,1,0
66.850,0,1,0,0
66.900,0,1,0,0
66.950,0,1,0,0
67.000,0,1,0,0
67.050,0,1,0,0
67.100,1,1,0,1
67.150,1,1,0,1
67.200,1,0,0,1
67.250,1,0,0,1
67.300,1,0,0,1
67.350,1,0,1,1
67.400,1,0,1,1
67.450,1,0,1,1
67.500,1,0,1,1
67.550,1,0,1,1
67.600,0,0,1,0
67.650,0,0,1,0
67.700,0,0,1,0
67.750,0,0,1,0
67.800,0,1,0,0
67.850,0,1,0,0
67.900,0,1,0,0
67.950,0,1,0,0
68.000,0,1,0,0
68.050,1,1,0,0
68.100,1,1,0,1
68.150,1,1,0,1
68.200,1,1,0,1
68.250,1,1,1,1
68.300,1,1,1,1
68.350,1,0,1,1
68.400,1,0,1,1
68.450,1,0,1,1
68.500,1,0,1,1
68.550,0,0,1,1
68.600,0,0,1,0
68.650,0,0,1,0
68.700,0,0,1,0
68.750,0,0,0,0
68.800,0,0,0,0
68.850,0,0,0,0
68.900,0,1,0,0
68.950,0,1,0,0
69.000,1,1,0,0
69.050,1,1,0,1
69.100,1,1,0,1
69.150,1,1,0,1
69.200,1,1,0,1
69.250,1,1,1,1
69.300,1,1,1,1
69.350,1,1,1,1
69.400,1,1,1,1
69.450,0,0,1,1
69.500,0,0,1,1
69.550,0,0,1,0
69.600,0,0,1,0
69.650,0,0,1,0
69.700,0,0,0,0
69.750,0,0,0,0
69.800,0,0,0,0
69.850,0,0,0,0
69.900,0,0,0,0
69.950,1,0,0,0
70.000,1,0,0,0
70.050,1,1,0,1
70.100,1,1,0,1
70.150,1,1,0,1
70.200,1,1,1,1
70.250,1,1,1,1
70.300,1,1,1,1
70.350,1,1,1,1
70.400,0,1,1,1
70.450,0,1,1,1
70.500,0,1,1,0
70.550,0,1,1,0
70.600,0,0,1,0
70.650,0,0,0,0
70.700,0,0,0,0
70.750,0,0,0,0
70.800,0,0,0,0
70.850,0,0,0,0
70.900,1,0,0,0
70.950,1,0,0,0
71.000,1,0,0,1
71.050,1,0,0,1
71.100,1,0,0,1
71.150,1,0,1,1
71.200,1,1,1,1
71.250,1,1,1,1
71.300,1,1,1,1
71.350,0,1,1,1
71.400,0,1,1,1
71.450,0,1,1,1
71.500,0,1,1,0
71.550,0,1,1,0
71.600,0,1,0,0
71.650,0,1,0,0
71.700,0,1,0,0
71.750,0,0,0,0
71.800,1,0,0,0
71.850,1,0,0,0
71.900,1,0,0,0
71.950,1,0,0,0
72.000,1,0,0,1
72.050,1,0,0,1
72.100,1,0,1,1
72.150,1,0,1,1
72.200,1,0,1,1
72.250,1,0,1,1
72.300,0,0,1,1
72.350,0,1,1,1
72.400,0,1,1,1
72.450,0,1,1,1
72.500,0,1,1,0
72.550,0,1,0,0
72.600,0,1,0,0
72.650,0,1,0,0
72.700,0,1,0,0
72.750,1,1,0,0
72.800,1,1,0,0
72.850,1,1,0,0
72.900,1,0,0,0
72.950,1,0,0,0
73.000,1,0,0,1
73.050,1,0,1,1
73.100,1,0,1,1
73.150,1,0,1,1
73.200,0,0,1,1
73.250,0,0,1,1
73.300,0,0,1,1
73.350,0,0,1,1
73.400,0,0,1,1
73.450,0,0,1,0
73.500,0,1,1,0
73.550,0,1,0,0
73.600,0,1,0,0
73.650,0,1,0,0
73.700,1,1,0,0
73.750,1,1,0,0
73.800,1,1,0,0
73.850,1,1,0,0
73.900,1,1,0,0
73.950,1,1,0,0
74.000,1,1,0,1
74.050,1,0,1,1
74.100,1,0,1,1
74.150,0,0,1,1
74.200,0,0,1,1
74.250,0,0,1,1
74.300,0,0,1,1
74.350,0,0,1,1
74.400,0,0,1,1
74.450,0,0,1,0
74.500,0,0,0,0
74.550,0,0,0,0
74.600,0,0,0,0
74.650,1,1,0,0
74.700,1,1,0,0
74.750,1,1,0,0
74.800,1,1,0,0
74.850,1,1,0,0
74.900,1,1,0,0
74.950,1,1,0,0
75.000,1,1,1,1
75.050,1,1,1,1
75.100,0,1,1,1
75.150,0,1,1,1
75.200,0,0,1,1
75.250,0,0,1,1
75.300,0,0,1,1
75.350,0,0,1,1
75.400,0,0,1,1
75.450,0,0,0,1
75.500,0,0,0,0
75.550,1,0,0,0
75.600,1,0,0,0
75.650,1,0,0,0
75.700,1,0,0,0
75.750,1,0,0,0
75.800,1,1,0,0
75.850,1,1,0,0
75.900,1,1,0,0
75.950,1,1,1,0
76.000,1,1,1,1
76.050,0,1,1,1
76.100,0,1,1,1
76.150,0,1,1,1
76.200,0,1,1,1
76.250,0,1,1,1
76.300,0,1,1,1
76.350,0,0,1,1
76.400,0,0,0,1
76.450,0,0,0,1
76.500,1,0,0,1
76.550,1,0,0,0
76.600,1,0,0,0
76.650,1,0,0,0
76.700,1,0,0,0
76.750,1,0,0,0
76.800,1,0,0,0
76.850,1,0,0,0
76.900,1,1,1,0
76.950,0,1,1,0
77.000,0,1,1,0
77.050,0,1,1,1
77.100,0,1,1,1
77.150,0,1,1,1
77.200,0,1,1,1
77.250,0,1,1,1
77.300,0,1,1,1
77.350,0,1,1,1
77.400,0,1,0,1
77.450,1,1,0,1
77.500,1,0,0,1
77.550,1,0,0,0
77.600,1,0,0,0
77.650,1,0,0,0
77.700,1,0,0,0
77.750,1,0,0,0
77.800,1,0,0,0
77.850,1,0,0,0
77.900,0,0,1,0
77.950,0,0,1,0
78.000,0,0,1,0
78.050,0,0,1,0
78.100,0,1,1,1
78.150,0,1,1,1
78.200,0,1,1,1
78.250,0,1,1,1
78.300,0,1,1,1
78.350,1,1,0,1
78.400,1,1,0,1
78.450,1,1,0,1
78.500,1,1,0,1
78.550,1,1,0,1
78.600,1,1,0,0
78.650,1,0,0,0
78.700,1,0,0,0
78.750,1,0,0,0
78.800,1,0,0,0
78.850,0,0,1,0
78.900,0,0,1,0
78.950,0,0,1,0
79.000,0,0,1,0
79.050,0,0,1,0
79.100,0,0,1,0
79.150,0,0,1,1
79.200,0,0,1,1
79.250,0,1,1,1
79.300,1,1,0,1
79.350,1,1,0,1
79.400,1,1,0,1
79.450,1,1,0,1
79.500,1,1,0,1
79.550,1,1,0,1
79.600,1,1,0,1
79.650,1,1,0,0
79.700,1,1,0,0
79.750,0,1,0,0
79.800,0,0,1,0
79.850,0,0,1,0
79.900,0,0,1,0
79.950,0,0,1,0
80.000,0,0,1,0
80.050,0,0,1,0
80.100,0,0,1,0
80.150,0,0,1,1
80.200,0,0,1,1
80.250,1,0,0,1
80.300,1,0,0,1
80.350,1,0,0,1
80.400,1,1,0,1
80.450,1,1,0,1
80.500,1,1,0,1
80.550,1,1,0,1
80.600,1,1,0,1
80.650,1,1,0,1
80.700,0,1,0,0
80.750,0,1,1,0
80.800,0,1,1,0
80.850,0,1,1,0
80.900,0,1,1,0
80.950,0,0,1,0
81.000,0,0,1,0
81.050,0,0,1,0
81.100,0,0,1,0
81.150,1,0,1,0
81.200,1,0,1,1
81.250,1,0,0,1
81.300,1,0,0,1
81.350,1,0,0,1
81.400,1,0,0,1
81.450,1,0,0,1
81.500,1,0,0,1
81.550,1,1,0,1
81.600,1,1,0,1
81.650,0,1,0,1
81.700,0,1,0,0
81.750,0,1,1,0
81.800,0,1,1,0
81.850,0,1,1,0
81.900,0,1,1,0
81.950,0,1,1,0
82.000,0,1,1,0
82.050,0,1,1,0
82.100,1,0,1,0
82.150,1,0,1,0
82.200,1,0,0,0
82.250,1,0,0,1
82.300,1,0,0,1
82.350,1,0,0,1
82.400,1,0,0,1
82.450,1,0,0,1
82.500,1,0,0,1
82.550,0,0,0,1
82.600,0,0,0,1
82.650,0,0,0,1
82.700,0,1,1,1
82.750,0,1,1,0
82.800,0,1,1,0
82.850,0,1,1,0
82.900,0,1,1,0
82.950,0,1,1,0
83.000,0,1,1,0
83.050,1,1,1,0
83.100,1,1,1,0
83.150,1,1,1,0
83.200,1,1,0,0
83.250,1,0,0,0
83.300,1,0,0,1
83.350,1,0,0,1
83.400,1,0,0,1
83.450,1,0,0,1
83.500,0,0,0,1
83.550,0,0,0,1
83.600,0,0,0,1
83.650,0,0,1,1
83.700,0,0,1,1
83.750,0,0,1,1
83.800,0,0,1,0
83.850,0,1,1,0
83.900,0,1,1,0
83.950,0,1,1,0
84.000,1,1,1,0
84.050,1,1,1,0
84.100,1,1,1,0
84.150,1,1,0,0
84.200,1,1,0,0
84.250,1,1,0,0
84.300,1,1,0,0
84.350,1,1,0,1
84.400,1,0,0,1
84.450,0,0,0,1
84.500,0,0,0,1
84.550,0,0,0,1
84.600,0,0,0,1
84.650,0,0,1,1
84.700,0,0,1,1
84.750,0,0,1,1
84.800,0,0,1,1
84.850,0,0,1,0
84.900,1,0,1,0
84.950,1,0,1,0
85.000,1,1,1,0
85.050,1,1,1,0
85.100,1,1,0,0
85.150,1,1,0,0
85.200,1,1,0,0
85.250,1,1,0,0
85.300,1,1,0,0
85.350,0,1,0,0
85.400,0,1,0,1
85.450,0,1,0,1
85.500,0,1,0,1
85.550,0,0,0,1
85.600,0,0,1,1
85.650,0,0,1,1
85.700,0,0,1,1
85.750,0,0,1,1
85.800,0,0,1,1
85.850,1,0,1,1
85.900,1,0,1,0
85.950,1,0,1,0
86.000,1,0,1,0
86.050,1,0,0,0
86.100,1,1,0,0
86.150,1,1,0,0
86.200,1,1,0,0
86.250,1,1,0,0
86.300,0,1,0,0
86.350,0,1,0,0
86.400,0,1,0,0
86.450,0,1,0,1
86.500,0,1,0,1
86.550,0,1,1,1
86.600,0,1,1,1
86.650,0,0,1,1
86.700,0,0,1,1
86.750,0,0,1,1
86.800,1,0,1,1
86.850,1,0,1,1
86.900,1,0,1,1
86.950,1,0,1,0
87.000,1,0,1,0
87.050,1,0,0,0
87.100,1,0,0,0
87.150,1,0,0,0
87.200,1,0,0,0
87.250,0,1,0,0
87.300,0,1,0,0
87.350,0,1,0,0
87.400,0,1,0,0
87.450,0,1,0,0
87.500,0,1,1,1
87.550,0,1,1,1
87.600,0,1,1,1
87.650,0,1,1,1
87.700,1,1,1,1
87.750,1,1,1,1
87.800,1,0,1,1
87.850,1,0,1,1
87.900,1,0,1,1
87.950,1,0,1,1
88.000,1,0,0,0
88.050,1,0,0,0
88.100,1,0,0,0
88.150,1,0,0,0
88.200,0,0,0,0
88.250,0,0,0,0
88.300,0,0,0,0
88.350,0,1,0,0
88.400,0,1,0,0
88.450,0,1,0,0
88.500,0,1,1,0
88.550,0,1,1,1
88.600,0,1,1,1
88.650,1,1,1,1
88.700,1,1,1,1
88.750,1,1,1,1
88.800,1,1,1,1
88.850,1,1,1,1
88.900,1,0,1,1
88.950,1,0,0,1
89.000,1,0,0,1
89.050,1,0,0,0
89.100,1,0,0,0
89.150,0,0,0,0
89.200,0,0,0,0
89.250,0,0,0,0
89.300,0,0,0,0
89.350,0,0,0,0
89.400,0,0,1,0
89.450,0,1,1,0
89.500,0,1,1,0
89.550,0,1,1,0
89.600,1,1,1,1
89.650,1,1,1,1
89.700,1,1,1,1
89.750,1,1,1,1
89.800,1,1,1,1
89.850,1,1,1,1
89.900,1,1,0,1
89.950,1,1,0,1
90.000,1,0,0,1
90.050,0,0,0,1
90.100,0,0,0,0
90.150,0,0,0,0
90.200,0,0,0,0
90.250,0,0,0,0
90.300,0,0,0,0
90.350,0,0,0,0
90.400,0,0,1,0
90.450,0,0,1,0
90.500,0,0,1,0
90.550,1,0,1,0
90.600,1,1,1,1
90.650,1,1,1,1
90.700,1,1,1,1
90.750,1,1,1,1
90.800,1,1,1,1
90.850,1,1,0,1
90.900,1,1,0,1
90.950,1,1,0,1
91.000,0,1,0,1
91.050,0,1,0,1
91.100,0,0,0,0
91.150,0,0,0,0
91.200,0,0,0,0
91.250,0,0,0,0
91.300,0,0,0,0
91.350,0,0,1,0
91.400,0,0,1,0
91.450,0,0,1,0
91.500,1,0,1,0
91.550,1,0,1,0
91.600,1,0,1,0
91.650,1,0,1,1
91.700,1,1,1,1
91.750,1,1,1,1
91.800,1,1,0,1
91.850,1,1,0,1
91.900,1,1,0,1
91.950,0,1,0,1
92.000,0,1,0,1
92.050,0,1,0,1
92.100,0,1,0,1
92.150,0,1,0,0
92.200,0,1,0,0
92.250,0,0,1,0
92.300,0,0,1,0
92.350,0,0,1,0
92.400,1,0,1,0
92.450,1,0,1,0
92.500,1,0,1,0
92.550,1,0,1,0
92.600,1,0,1,0
92.650,1,0,1,1
92.700,1,0,1,1
92.750,1,0,0,1
92.800,1,1,0,1
92.850,1,1,0,1
92.900,0,1,0,1
92.950,0,1,0,1
93.000,0,1,0,1
93.050,0,1,0,1
93.100,0,1,0,1
93.150,0,1,0,0
93.200,0,1,0,0
93.250,0,1,1,0
93.300,0,1,1,0
93.350,1,0,1,0
93.400,1,0,1,0
93.450,1,0,1,0
93.500,1,0,1,0
93.550,1,0,1,0
93.600,1,0,1,0
93.650,1,0,1,0
93.700,1,0,0,1
93.750,1,0,0,1
93.800,1,0,0,1
93.850,0,0,0,1
93.900,0,1,0,1
93.950,0,1,0,1
94.000,0,1,0,1
94.050,0,1,0,1
94.100,0,1,0,1
94.150,0,1,0,1
94.200,0,1,1,0
94.250,0,1,1,0
94.300,1,1,1,0
94.350,1,1,1,0
94.400,1,0,1,0
94.450,1,0,1,0
94.500,1,0,1,0
94.550,1,0,1,0
94.600,1,0,1,0
94.650,1,0,0,0
94.700,1,0,0,0
94.750,0,0,0,1
94.800,0,0,0,1
94.850,0,0,0,1
94.900,0,0,0,1
94.950,0,0,0,1
95.000,0,1,0,1
95.050,0,1,0,1
95.100,0,1,0,1
95.150,0,1,1,1
95.200,0,1,1,1
95.250,1,1,1,0
95.300,1,1,1,0
95.350,1,1,1,0
95.400,1,1,1,0
95.450,1,1,1,0
95.500,1,0,1,0
95.550,1,0,1,0
95.600,1,0,0,0
95.650,1,0,0,0
95.700,1,0,0,0
95.750,0,0,0,1
95.800,0,0,0,1
95.850,0,0,0,1
95.900,0,0,0,1
95.950,0,0,0,1
96.000,0,0,0,1
96.050,0,1,0,1
96.100,0,1,1,1
96.150,0,1,1,1
96.200,1,1,1,1
96.250,1,1,1,0
96.300,1,1,1,0
96.350,1,1,1,0
96.400,1,1,1,0
96.450,1,1,1,0
96.500,1,1,1,0
96.550,1,0,0,0
96.600,1,0,0,0
96.650,1,0,0,0
96.700,0,0,0,0
96.750,0,0,0,0
96.800,0,0,0,1
96.850,0,0,0,1
96.900,0,0,0,1
96.950,0,0,0,1
97.000,0,0,0,1
97.050,0,0,1,1
97.100,0,1,1,1
97.150,1,1,1,1
97.200,1,1,1,1
97.250,1,1,1,1
97.300,1,1,1,0
97.350,1,1,1,0
97.400,1,1,1,0
97.450,1,1,1,0
97.500,1,1,0,0
97.550,1,1,0,0
97.600,0,1,0,0
97.650,0,0,0,0
97.700,0,0,0,0
97.750,0,0,0,0
97.800,0,0,0,1
97.850,0,0,0,1
97.900,0,0,0,1
97.950,0,0,0,1
98.000,0,0,1,1
98.050,0,0,1,1
98.100,1,0,1,1
98.150,1,0,1,1
98.200,1,1,1,1
98.250,1,1,1,1
98.300,1,1,1,1
98.350,1,1,1,0
98.400,1,1,1,0
98.450,1,1,0,0
98.500,1,1,0,0
98.550,1,1,0,0
98.600,0,1,0,0
98.650,0,1,0,0
98.700,0,0,0,0
98.750,0,0,0,0
98.800,0,0,0,0
98.850,0,0,0,1
98.900,0,0,0,1
98.950,0,0,1,1
99.000,0,0,1,1
99.050,1,0,1,1
99.100,1,0,1,1
99.150,1,0,1,1
99.200,1,0,1,1
99.250,1,1,1,1
99.300,1,1,1,1
99.350,1,1,1,0
99.400,1,1,1,0
99.450,1,1,0,0
99.500,1,1,0,0
99.550,0,1,0,0
99.600,0,1,0,0
99.650,0,1,0,0
99.700,0,1,0,0
99.750,0,0,0,0
99.800,0,0,0,0
99.850,0,0,0,1
99.900,0,0,1,1
99.950,0,0,1,1
100.000,1,0,1,0
100.050,1,0,1,1
100.100,1,0,1,1
100.150,0,0,1,1
100.200,0,0,0,1
100.250,0,0,0,1
100.300,0,0,0,1
100.350,0,0,0,1
100.400,0,0,0,1
100.450,0,1,0,1
100.500,0,1,0,1
100.550,0,1,0,0
100.600,0,1,0,0
100.650,1,1,1,0
100.700,1,1,1,0
100.750,1,1,1,0
100.800,1,1,1,0
100.850,1,1,1,0
100.900,1,0,1,0
100.950,1,0,1,0
101.000,1,0,1,0
101.050,1,0,1,1
101.100,1,0,1,1
101.150,0,0,0,1
101.200,0,0,0,1
101.250,0,0,0,1
101.300,0,0,0,1
101.350,0,0,0,1
101.400,0,0,0,1
101.450,0,1,0,1
101.500,0,1,0,1
101.550,0,1,0,0
101.600,0,1,0,0
101.650,1,1,1,0
101.700,1,1,1,0
101.750,1,1,1,0
101.800,1,1,1,0
101.850,1,1,1,0
101.900,1,0,1,0
101.950,1,0,1,0
102.000,1,0,1,0
102.050,1,0,1,1
102.100,0,0,0,1
102.150,0,0,0,1
102.200,0,0,0,1
102.250,0,0,0,1
102.300,0,0,0,1
102.350,0,0,0,1
102.400,0,0,0,1
102.450,0,1,0,1
102.500,0,1,0,1
102.550,0,1,0,0
102.600,1,1,1,0
102.650,1,1,1,0
102.700,1,1,1,0
102.750,1,1,1,0
102.800,1,1,1,0
102.850,1,1,1,0
102.900,1,1,1,0
102.950,1,0,1,0
103.000,1,0,1,0
103.050,1,0,0,1
103.100,0,0,0,1
103.150,0,0,0,1
103.200,0,0,0,1
103.250,0,0,0,1
103.300,0,0,0,1
103.350,0,0,0,1
103.400,0,0,0,1
103.450,0,1,0,1
103.500,0,1,0,1
103.550,0,1,1,0
103.600,1,1,1,0
103.650,1,1,1,0
103.700,1,1,1,0
103.750,1,1,1,0
103.800,1,1,1,0
103.850,1,1,1,0
103.900,1,1,1,0
103.950,1,0,1,0
104.000,1,0,0,0
104.050,0,0,0,0
104.100,0,0,0,1
104.150,0,0,0,1
104.200,0,0,0,1
104.250,0,0,0,1
104.300,0,0,0,1
104.350,0,0,0,1
104.400,0,0,0,1
104.450,0,0,0,1
104.500,0,1,1,1
104.550,1,1,1,0
104.600,1,1,1,0
104.650,1,1,1,0
104.700,1,1,1,0
104.750,1,1,1,0
104.800,1,1,1,0
104.850,1,1,1,0
104.900,1,1,1,0
104.950,1,1,0,0
105.000,1,0,0,0
105.050,0,0,0,0
105.100,0,0,0,1
105.150,0,0,0,1
105.200,0,0,0,1
105.250,0,0,0,1
105.300,0,0,0,1
105.350,0,0,0,1
105.400,0,0,0,1
105.450,0,0,1,1
105.500,0,1,1,1
105.550,1,1,1,1
105.600,1,1,1,0
105.650,1,1,1,0
105.700,1,1,1,0
105.750,1,1,1,0
105.800,1,1,1,0
105.850,1,1,1,0
105.900,1,1,0,0
105.950,1,1,0,0
106.000,0,0,0,0
106.050,0,0,0,0
106.100,0,0,0,1
106.150,0,0,0,1
106.200,0,0,0,1
106.250,0,0,0,1
106.300,0,0,0,1
106.350,0,0,0,1
106.400,0,0,1,1
106.450,0,0,1,1
106.500,1,0,1,1
106.550,1,1,1,1
106.600,1,1,1,0
106.650,1,1,1,0
106.700,1,1,1,0
106.750,1,1,1,0
106.800,1,1,1,0
106.850,1,1,0,0
106.900,1,1,0,0
106.950,1,1,0,0
107.000,0,1,0,0
107.050,0,0,0,0
107.100,0,0,0,1
107.150,0,0,0,1
107.200,0,0,0,1
107.250,0,0,0,1
107.300,0,0,0,1
107.350,0,0,1,1
107.400,0,0,1,1
107.450,0,0,1,1
107.500,1,0,1,1
107.550,1,1,1,1
107.600,1,1,1,0
107.650,1,1,1,0
107.700,1,1,1,0
107.750,1,1,1,0
107.800,1,1,0,0
107.850,1,1,0,0
107.900,1,1,0,0
107.950,0,1,0,0
108.000,0,1,0,0
108.050,0,0,0,0
108.100,0,0,0,1
108.150,0,0,0,1
108.200,0,0,0,1
108.250,0,0,0,1
108.300,0,0,1,1
108.350,0,0,1,1
108.400,0,0,1,1
108.450,1,0,1,1
108.500,1,0,1,1
108.550,1,1,1,1
108.600,1,1,1,0
108.650,1,1,1,0
108.700,1,1,1,0
108.750,1,1,0,0
108.800,1,1,0,0
108.850,1,1,0,0
108.900,1,1,0,0
108.950,0,1,0,0
109.000,0,1,0,0
109.050,0,0,0,0
109.100,0,0,0,1
109.150,0,0,0,1
109.200,0,0,0,1
109.250,0,0,1,1
109.300,0,0,1,1
109.350,0,0,1,1
109.400,0,0,1,1
109.450,1,0,1,1
109.500,1,0,1,1
109.550,1,0,1,0
109.600,1,1,1,0
109.650,1,1,1,0
109.700,1,1,0,0
109.750,1,1,0,0
109.800,1,1,0,0
109.850,1,1,0,0
109.900,0,1,0,0
109.950,0,1,0,0
110.000,0,1,0,0
110.050,0,1,0,1
110.100,0,0,0,1
110.150,0,0,0,1
110.200,0,0,1,1
110.250,0,0,1,1
110.300,0,0,1,1
110.350,0,0,1,1
110.400,1,0,1,1
110.450,1,0,1,1
110.500,1,0,1,1
110.550,1,0,1,0
110.600,1,1,1,0
110.650,1,1,0,0
110.700,1,1,0,0
110.750,1,1,0,0
110.800,1,1,0,0
110.850,0,1,0,0
110.900,0,1,0,0
110.950,0,1,0,0
111.000,0,1,0,0
111.050,0,1,0,1
111.100,0,0,0,1
111.150,0,0,1,1
111.200,0,0,1,1
111.250,0,0,1,1
111.300,0,0,1,1
111.350,1,0,1,1
111.400,1,0,1,1
111.450,1,0,1,1
111.500,1,0,1,0
111.550,1,0,1,0
111.600,1,1,0,0
111.650,1,1,0,0
111.700,1,1,0,0
111.750,1,1,0,0
111.800,1,1,0,0
111.850,0,1,0,0
111.900,0,1,0,0
111.950,0,1,0,0
112.000,0,1,0,1
112.050,0,1,0,1
112.100,0,0,1,1
112.150,0,0,1,1
112.200,0,0,1,1
112.250,0,0,1,1
112.300,0,0,1,1
112.350,1,0,1,1
112.400,1,0,1,1
112.450,1,0,1,0
112.500,1,0,1,0
112.550,1,0,0,0
112.600,1,1,0,0
112.650,1,1,0,0
112.700,1,1,0,0
112.750,1,1,0,0
112.800,0,1,0,0
112.850,0,1,0,0
112.900,0,1,0,0
112.950,0,1,0,0
113.000,0,1,0,1
113.050,0,1,1,1
113.100,0,0,1,1
113.150,0,0,1,1
113.200,0,0,1,1
113.250,0,0,1,1
113.300,1,0,1,1
113.350,1,0,1,1
113.400,1,0,1,1
113.450,1,0,1,0
113.500,1,0,0,0
113.550,1,0,0,0
113.600,1,0,0,0
113.650,1,1,0,0
113.700,1,1,0,0
113.750,0,1,0,0
113.800,0,1,0,0
113.850,0,1,0,0
113.900,0,1,0,0
113.950,0,1,1,1
114.000,0,1,1,1
114.050,0,1,1,1
114.100,0,0,1,1
114.150,0,0,1,1
114.200,0,0,1,1
114.250,1,0,1,1
114.300,1,0,1,1
114.350,1,0,1,1
114.400,1,0,0,1
114.450,1,0,0,0
114.500,1,0,0,0
114.550,1,0,0,0
114.600,1,0,0,0
114.650,1,1,0,0
114.700,0,1,0,0
114.750,0,1,0,0
114.800,0,1,0,0
114.850,0,1,0,0
114.900,0,1,1,0
114.950,0,1,1,1
115.000,0,1,1,1
115.050,0,1,1,1
115.100,0,1,1,1
115.150,0,0,1,1
115.200,1,0,1,1
115.250,1,0,1,1
115.300,1,0,1,1
115.350,1,0,0,1
115.400,1,0,0,1
115.450,1,0,0,0
115.500,1,0,0,0
115.550,1,0,0,0
115.600,1,0,0,0
115.650,0,1,0,0
115.700,0,1,0,0
115.750,0,1,0,0
115.800,0,1,0,0
115.850,0,1,1,0
115.900,0,1,1,0
115.950,0,1,1,1
116.000,0,1,1,1
116.050,0,1,1,1
116.100,0,1,1,1
116.150,1,0,1,1
116.200,1,0,1,1
116.250,1,0,1,1
116.300,1,0,0,1
116.350,1,0,0,1
116.400,1,0,0,1
116.450,1,0,0,0
116.500,1,0,0,0
116.550,1,0,0,0
116.600,0,0,0,0
116.650,0,0,0,0
116.700,0,1,0,0
116.750,0,1,1,0
116.800,0,1,1,0
116.850,0,1,1,0
116.900,0,1,1,0
116.950,0,1,1,1
117.000,0,1,1,1
117.050,0,1,1,1
117.100,1,1,1,1
117.150,1,0,1,1
117.200,1,0,0,1
117.250,1,0,0,1
117.300,1,0,0,1
117.350,1,0,0,1
117.400,1,0,0,1
117.450,1,0,0,0
117.500,1,0,0,0
117.550,0,0,0,0
117.600,0,0,0,0
117.650,0,0,0,0
117.700,0,1,1,0
117.750,0,1,1,0
117.800,0,1,1,0
117.850,0,1,1,0
117.900,0,1,1,0
117.950,0,1,1,1
118.000,0,1,1,1
118.050,1,1,1,1
118.100,1,1,1,1
118.150,1,0,0,1
118.200,1,0,0,1
118.250,1,0,0,1
118.300,1,0,0,1
118.350,1,0,0,1
118.400,1,0,0,1
118.450,1,0,0,0
118.500,0,0,0,0
118.550,0,0,0,0
118.600,0,0,0,0
118.650,0,0,1,0
118.700,0,1,1,0
118.750,0,1,1,0
118.800,0,1,1,0
118.850,0,1,1,0
118.900,0,1,1,0
118.950,0,1,1,1
119.000,1,1,1,1
119.050,1,1,0,1
119.100,1,1,0,1
119.150,1,0,0,1
119.200,1,0,0,1
119.250,1,0,0,1
119.300,1,0,0,1
119.350,1,0,0,1
119.400,1,0,0,1
119.450,1,0,0,0
119.500,0,0,0,0
119.550,0,0,1,0
119.600,0,0,1,0
119.650,0,1,1,0
119.700,0,1,1,0
119.750,0,1,1,0
119.800,0,1,1,0
119.850,0,1,1,0
119.900,0,1,1,0
119.950,1,1,1,1
120.000,1,1,0,1
120.050,1,1,0,1
120.100,1,1,0,1
120.150,1,0,0,1
120.200,1,0,0,1
120.250,1,0,0,1
120.300,1,0,0,1
120.350,1,0,0,1
120.400,1,0,0,1
120.450,0,0,0,0
120.500,0,0,1,0
120.550,0,0,1,0
120.600,0,0,1,0
120.650,0,1,1,0
120.700,0,1,1,0
120.750,0,1,1,0
120.800,0,1,1,0
120.850,0,1,1,0
120.900,1,1,1,0
120.950,1,1,0,1
121.000,1,1,0,1
121.050,1,1,0,1
121.100,1,1,0,1
121.150,1,0,0,1
121.200,1,0,0,1
121.250,1,0,0,1
121.300,1,0,0,1
121.350,1,0,0,1
121.400,0,0,1,1
121.450,0,0,1,0
121.500,0,0,1,0
121.550,0,0,1,0
121.600,0,0,1,0
121.650,0,1,1,0
121.700,0,1,1,0
121.750,0,1,1,0
121.800,0,1,1,0
121.850,1,1,0,0
121.900,1,1,0,0
121.950,1,1,0,1
122.000,1,1,0,1
122.050,1,1,0,1
122.100,1,0,0,1
122.150,1,0,0,1
122.200,1,0,0,1
122.250,1,0,0,1
122.300,1,0,0,1
122.350,0,0,1,1
122.400,0,0,1,0
122.450,0,0,1,0
122.500,0,0,1,0
122.550,0,0,1,0
122.600,0,1,1,0
122.650,0,1,1,0
122.700,0,1,1,0
122.750,0,1,1,0
122.800,1,1,0,0
122.850,1,1,0,0
122.900,1,1,0,1
122.950,1,1,0,1
123.000,1,1,0,1
123.050,1,1,0,1
123.100,1,0,0,1
123.150,1,0,0,1
123.200,1,0,0,1
123.250,1,0,1,1
123.300,0,0,1,1
123.350,0,0,1,1
123.400,0,0,1,0
123.450,0,0,1,0
123.500,0,0,1,0
123.550,0,0,1,0
123.600,0,1,1,0
123.650,0,1,1,0
123.700,0,1,0,0
123.750,1,1,0,0
123.800,1,1,0,0
123.850,1,1,0,0
123.900,1,1,0,1
123.950,1,1,0,1
124.000,1,1,0,1
124.050,1,0,0,1
124.100,1,0,0,1
124.150,1,0,0,1
124.200,0,0,1,1
124.250,0,0,1,1
124.300,0,0,1,1
124.350,0,0,1,1
124.400,0,0,1,0
124.450,0,0,1,0
124.500,0,0,1,0
124.550,0,1,1,0
124.600,0,1,1,0
124.650,0,1,0,0
124.700,1,1,0,0
124.750,1,1,0,0
124.800,1,1,0,0
124.850,1,1,0,0
124.900,1,1,0,1
124.950,1,1,0,1
125.000,1,1,0,1
125.050,1,0,0,1
125.100,1,0,1,1
125.150,0,0,1,1
125.200,0,0,1,1
125.250,0,0,1,1
125.300,0,0,1,1
125.350,0,0,1,1
125.400,0,0,1,0
125.450,0,0,1,0
125.500,0,0,1,0
125.550,0,1,0,0
125.600,0,1,0,0
125.650,1,1,0,0
125.700,1,1,0,0
125.750,1,1,0,0
125.800,1,1,0,0
125.850,1,1,0,0
125.900,1,1,0,1
125.950,1,1,0,1
126.000,1,1,0,1
126.050,1,0,1,1
126.100,0,0,1,1
126.150,0,0,1,1
126.200,0,0,1,1
126.250,0,0,1,1
126.300,0,0,1,1
126.350,0,0,1,0
126.400,0,0,1,0
126.450,0,0,1,0
126.500,0,0,0,0
126.550,1,1,0,0
126.600,1,1,0,0
126.650,1,1,0,0
126.700,1,1,0,0
126.750,1,1,0,0
126.800,1,1,0,0
126.850,1,1,0,1
126.900,1,1,0,1
126.950,1,1,1,1
127.000,0,1,1,1
127.050,0,0,1,1
127.100,0,0,1,1
127.150,0,0,1,1
127.200,0,0,1,1
127.250,0,0,1,1
127.300,0,0,1,1
127.350,0,0,1,0
127.400,0,0,0,0
127.450,0,0,0,0
127.500,1,0,0,0
127.550,1,1,0,0
127.600,1,1,0,0
127.650,1,1,0,0
127.700,1,1,0,0
127.750,1,1,0,0
127.800,1,1,0,0
127.850,1,1,0,0
127.900,1,1,1,1
127.950,0,1,1,1
128.000,0,1,1,1
128.050,0,0,1,1
128.100,0,0,1,1
128.150,0,0,1,1
128.200,0,0,1,1
128.250,0,0,1,1
128.300,0,0,1,1
128.350,0,0,0,0
128.400,0,0,0,0
128.450,1,0,0,0
128.500,1,0,0,0
128.550,1,1,0,0
128.600,1,1,0,0
128.650,1,1,0,0
128.700,1,1,0,0
128.750,1,1,0,0
128.800,1,1,0,0
128.850,1,1,1,0
128.900,0,1,1,1
128.950,0,1,1,1
129.000,0,1,1,1
129.050,0,0,1,1
129.100,0,0,1,1
129.150,0,0,1,1
129.200,0,0,1,1
129.250,0,0,1,1
129.300,0,0,0,1
129.350,1,0,0,0
129.400,1,0,0,0
129.450,1,0,0,0
129.500,1,0,0,0
129.550,1,1,0,0
129.600,1,1,0,0
129.650,1,1,0,0
129.700,1,1,0,0
129.750,1,1,0,0
129.800,1,1,1,0
129.850,0,1,1,0
129.900,0,1,1,1
129.950,0,1,1,1
130.000,0,0,1,1
130.050,0,0,1,1
130.100,0,0,1,1
130.150,0,0,1,1
130.200,0,0,1,1
130.250,0,0,0,1
130.300,1,0,0,1
130.350,1,0,0,0
130.400,1,0,0,0
130.450,1,0,0,0
130.500,1,0,0,0
130.550,1,1,0,0
130.600,1,1,0,0
130.650,1,1,0,0
130.700,1,1,1,0
130.750,0,1,1,0
130.800,0,1,1,0
130.850,0,1,1,0
130.900,0,1,1,1
130.950,0,1,1,1
131.000,0,0,1,1
131.050,0,0,1,1
131.100,0,0,1,1
131.150,0,0,1,1
131.200,0,0,0,1
131.250,1,0,0,1
131.300,1,0,0,1
131.350,1,0,0,0
131.400,1,0,0,0
131.450,1,0,0,0
131.500,1,0,0,0
131.550,1,1,0,0
131.600,1,1,0,0
131.650,1,1,1,0
131.700,0,1,1,0
131.750,0,1,1,0
131.800,0,1,1,0
131.850,0,1,1,0
131.900,0,1,1,1
131.950,0,1,1,1
132.000,0,0,1,1
132.050,0,0,1,1
132.100,0,0,0,1
132.150,1,0,0,1
132.200,1,0,0,1
132.250,1,0,0,1
132.300,1,0,0,1
132.350,1,0,0,1
132.400,1,0,0,0
132.450,1,0,0,0
132.500,1,1,0,0
132.550,1,1,0,0
132.600,0,1,1,0
132.650,0,1,1,0
132.700,0,1,1,0
132.750,0,1,1,0
132.800,0,1,1,0
132.850,0,1,1,0
132.900,0,1,1,1
132.950,0,1,1,1
133.000,0,0,1,1
133.050,0,0,1,1
133.100,1,0,0,1
133.150,1,0,0,1
133.200,1,0,0,1
133.250,1,0,0,1
133.300,1,0,0,1
133.350,1,0,0,1
133.400,1,0,0,0
133.450,1,0,0,0
133.500,1,1,0,0
133.550,0,1,1,0
133.600,0,1,1,0
133.650,0,1,1,0
133.700,0,1,1,0
133.750,0,1,1,0
133.800,0,1,1,0
133.850,0,1,1,0
133.900,0,1,1,1
133.950,0,1,1,1
134.000,1,0,1,1
134.050,1,0,0,1
134.100,1,0,0,1
134.150,1,0,0,1
134.200,1,0,0,1
134.250,1,0,0,1
134.300,1,0,0,1
134.350,1,0,0,1
134.400,1,0,0,0
134.450,0,0,0,0
134.500,0,1,1,0
134.550,0,1,1,0
134.600,0,1,1,0
134.650,0,1,1,0
134.700,0,1,1,0
134.750,0,1,1,0
134.800,0,1,1,0
134.850,0,1,1,0
134.900,0,1,1,0
134.950,1,1,1,1
135.000,1,0,0,1
135.050,1,0,0,1
135.100,1,0,0,1
135.150,1,0,0,1
135.200,1,0,0,1
135.250,1,0,0,1
135.300,1,0,0,1
135.350,0,0,0,1
135.400,0,0,0,1
135.450,0,0,0,0
135.500,0,1,1,0
135.550,0,1,1,0
135.600,0,1,1,0
135.650,0,1,1,0
135.700,0,1,1,0
135.750,0,1,1,0
135.800,0,1,1,0
135.850,1,1,1,0
135.900,1,1,1,0
135.950,1,0,0,1
136.000,1,0,0,1
136.050,1,0,0,1
136.100,1,0,0,1
136.150,1,0,0,1
136.200,1,0,0,1
136.250,1,0,0,1
136.300,0,0,0,1
136.350,0,0,0,1
136.400,0,0,0,1
136.450,0,0,1,0
136.500,0,1,1,0
136.550,0,1,1,0
136.600,0,1,1,0
136.650,0,1,1,0
136.700,0,1,1,0
136.750,0,1,1,0
136.800,1,1,1,0
136.850,1,1,1,0
136.900,1,1,0,0
136.950,1,1,0,0
137.000,1,0,0,1
137.050,1,0,0,1
137.100,1,0,0,1
137.150,1,0,0,1
137.200,1,0,0,1
137.250,0,0,0,1
137.300,0,0,0,1
137.350,0,0,0,1
137.400,0,0,1,1
137.450,0,0,1,1
137.500,0,1,1,0
137.550,0,1,1,0
137.600,0,1,1,0
137.650,0,1,1,0
137.700,1,1,1,0
137.750,1,1,1,0
137.800,1,1,1,0
137.850,1,1,0,0
137.900,1,1,0,0
137.950,1,0,0,0
138.000,1,0,0,0
138.050,1,0,0,1
138.100,1,0,0,1
138.150,0,0,0,1
138.200,0,0,0,1
138.250,0,0,0,1
138.300,0,0,0,1
138.350,0,0,0,1
138.400,0,0,1,1
138.450,0,0,1,1
138.500,0,1,1,1
138.550,0,1,1,0
138.600,0,1,1,0
138.650,1,1,1,0
138.700,1,1,1,0
138.750,1,1,1,0
138.800,1,1,1,0
138.850,1,1,0,0
138.900,1,1,0,0
138.950,1,0,0,0
139.000,1,0,0,0
139.050,1,0,0,0
139.100,0,0,0,1
139.150,0,0,0,1
139.200,0,0,0,1
139.250,0,0,0,1
139.300,0,0,0,1
139.350,0,0,1,1
139.400,0,0,1,1
139.450,0,0,1,1
139.500,0,1,1,1
139.550,0,1,1,1
139.600,1,1,1,0
139.650,1,1,1,0
139.700,1,1,1,0
139.750,1,1,1,0
139.800,1,1,0,0
139.850,1,1,0,0
139.900,1,1,0,0
139.950,1,0,0,0
140.000,1,0,0,0
140.050,0,0,0,0
140.100,0,0,0,0
140.150,0,0,0,1
140.200,0,0,0,1
140.250,0,0,0,1
140.300,0,0,0,1
140.350,0,0,1,1
140.400,0,0,1,1
140.450,0,1,1,1
140.500,1,1,1,1
140.550,1,1,1,1
140.600,1,1,1,1
140.650,1,1,1,0
140.700,1,1,1,0
140.750,1,1,1,0
140.800,1,1,0,0
140.850,1,1,0,0
140.900,1,1,0,0
140.950,0,0,0,0
141.000,0,0,0,0
141.050,0,0,0,0
141.100,0,0,0,0
141.150,0,0,0,1
141.200,0,0,0,1
141.250,0,0,0,1
141.300,0,0,1,1
141.350,0,0,1,1
141.400,0,0,1,1
141.450,1,1,1,1
141.500,1,1,1,1
141.550,1,1,1,1
141.600,1,1,1,1
141.650,1,1,1,1
141.700,1,1,1,0
141.750,1,1,1,0
141.800,1,1,0,0
141.850,1,1,0,0
141.900,0,1,0,0
141.950,0,0,0,0
142.000,0,0,0,0
142.050,0,0,0,0
142.100,0,0,0,0
142.150,0,0,0,0
142.200,0,0,0,1
142.250,0,0,0,1
142.300,0,0,1,1
142.350,0,0,1,1
142.400,1,0,1,1
142.450,1,1,1,1
142.500,1,1,1,1
142.550,1,1,1,1
142.600,1,1,1,1
142.650,1,1,1,1
142.700,1,1,1,0
142.750,1,1,0,0
142.800,1,1,0,0
142.850,0,1,0,0
142.900,0,0,0,0
142.950,0,0,0,0
143.000,0,0,0,0
143.050,0,0,0,0
143.100,0,0,0,0
143.150,0,0,0,0
143.200,0,0,0,1
143.250,0,0,1,1
143.300,0,0,1,1
143.350,1,0,1,1
143.400,1,0,1,1
143.450,1,1,1,1
143.500,1,1,1,1
143.550,1,1,1,1
143.600,1,1,1,1
143.650,1,1,1,1
143.700,1,1,1,0
143.750,1,1,0,0
143.800,0,1,0,0
143.850,0,1,0,0
143.900,0,0,0,0
143.950,0,0,0,0
144.000,0,0,0,0
144.050,0,0,0,0
144.100,0,0,0,0
144.150,0,0,0,0
144.200,0,0,0,0
144.250,1,0,1,1
144.300,1,0,1,1
144.350,1,0,1,1
144.400,1,0,1,1
144.450,1,1,1,1
144.500,1,1,1,1
144.550,1,1,1,1
144.600,1,1,1,1
144.650,1,1,1,1
144.700,1,1,0,1
144.750,0,1,0,0
144.800,0,1,0,0
144.850,0,1,0,0
144.900,0,1,0,0
144.950,0,0,0,0
145.000,0,0,0,0
145.050,0,0,0,0
145.100,0,0,0,0
145.150,0,0,0,0
145.200,0,0,1,0
145.250,1,0,1,1
145.300,1,0,1,1
145.350,1,0,1,1
145.400,1,0,1,1
145.450,1,1,1,1
145.500,1,1,1,1
145.550,1,1,1,1
145.600,1,1,1,1
145.650,1,1,1,1
145.700,0,1,0,1
145.750,0,1,0,0
145.800,0,1,0,0
145.850,0,1,0,0
145.900,0,1,0,0
145.950,0,0,0,0
146.000,0,0,0,0
146.050,0,0,0,0
146.100,0,0,0,0
146.150,1,0,1,0
146.200,1,0,1,0
146.250,1,0,1,0
146.300,1,0,1,1
146.350,1,0,1,1
146.400,1,0,1,1
146.450,1,0,1,1
146.500,1,1,1,1
146.550,1,1,1,1
146.600,1,1,1,1
146.650,0,1,0,1
146.700,0,1,0,1
146.750,0,1,0,1
146.800,0,1,0,0
146.850,0,1,0,0
146.900,0,1,0,0
146.950,0,1,0,0
147.000,0,0,0,0
147.050,0,0,0,0
147.100,1,0,0,0
147.150,1,0,1,0
147.200,1,0,1,0
147.250,1,0,1,0
147.300,1,0,1,1
147.350,1,0,1,1
147.400,1,0,1,1
147.450,1,0,1,1
147.500,1,1,1,1
147.550,1,1,1,1
147.600,0,1,0,1
147.650,0,1,0,1
147.700,0,1,0,1
147.750,0,1,0,1
147.800,0,1,0,1
147.850,0,1,0,0
147.900,0,1,0,0
147.950,0,1,0,0
148.000,0,1,0,0
148.050,0,0,0,0
148.100,1,0,1,0
148.150,1,0,1,0
148.200,1,0,1,0
148.250,1,0,1,0
148.300,1,0,1,0
148.350,1,0,1,1
148.400,1,0,1,1
148.450,1,0,1,1
148.500,1,0,1,1
148.550,0,1,0,1
148.600,0,1,0,1
148.650,0,1,0,1
148.700,0,1,0,1
148.750,0,1,0,1
148.800,0,1,0,1
148.850,0,1,0,0
148.900,0,1,0,0
148.950,0,1,0,0
149.000,0,1,0,0
149.050,1,0,1,0
149.100,1,0,1,0
149.150,1,0,1,0
149.200,1,0,1,0
149.250,1,0,1,0
149.300,1,0,1,0
149.350,1,0,1,0
149.400,1,0,1,1
149.450,1,0,1,1
149.500,0,0,1,1
149.550,0,0,0,1
149.600,0,1,0,1
149.650,0,1,0,1
149.700,0,1,0,1
149.750,0,1,0,1
149.800,0,1,0,1
149.850,0,1,0,1
149.900,0,1,0,0
149.950,0,1,0,0
150.000,0,1,0,0
150.050,1,1,1,0
150.100,1,0,1,0
150.150,1,0,1,0
150.200,1,0,1,0
150.250,1,0,1,0
150.300,1,0,1,0
150.350,1,0,1,0
150.400,1,0,1,0
150.450,1,0,1,1
150.500,0,0,0,1
150.550,0,0,0,1
150.600,0,0,0,1
150.650,0,1,0,1
150.700,0,1,0,1
150.750,0,1,0,1
150.800,0,1,0,1
150.850,0,1,0,1
150.900,0,1,0,1
150.950,0,1,0,0
151.000,1,1,1,0
151.050,1,1,1,0
151.100,1,1,1,0
151.150,1,0,1,0
151.200,1,0,1,0
151.250,1,0,1,0
151.300,1,0,1,0
151.350,1,0,1,0
151.400,1,0,1,0
151.450,0,0,0,0
151.500,0,0,0,1
151.550,0,0,0,1
151.600,0,0,0,1
151.650,0,0,0,1
151.700,0,1,0,1
151.750,0,1,0,1
151.800,0,1,0,1
151.850,0,1,0,1
151.900,0,1,0,1
151.950,1,1,1,1
152.000,1,1,1,0
152.050,1,1,1,0
152.100,1,1,1,0
152.150,1,1,1,0
152.200,1,0,1,0
152.250,1,0,1,0
152.300,1,0,1,0
152.350,1,0,1,0
152.400,1,0,1,0
152.450,0,0,0,0
152.500,0,0,0,0
152.550,0,0,0,1
152.600,0,0,0,1
152.650,0,0,0,1
152.700,0,1,0,1
152.750,0,1,0,1
152.800,0,1,0,1
152.850,0,1,0,1
152.900,0,1,1,1
152.950,1,1,1,1
153.000,1,1,1,1
153.050,1,1,1,0
153.100,1,1,1,0
153.150,1,1,1,0
153.200,1,0,1,0
153.250,1,0,1,0
153.300,1,0,1,0
153.350,1,0,1,0
153.400,1,0,0,0
153.450,0,0,0,0
153.500,0,0,0,0
153.550,0,0,0,1
153.600,0,0,0,1
153.650,0,0,0,1
153.700,0,0,0,1
153.750,0,1,0,1
153.800,0,1,0,1
153.850,0,1,0,1
153.900,0,1,1,1
153.950,1,1,1,1
154.000,1,1,1,1
154.050,1,1,1,0
154.100,1,1,1,0
154.150,1,1,1,0
154.200,1,1,1,0
154.250,1,0,1,0
154.300,1,0,1,0
154.350,1,0,0,0
154.400,0,0,0,0
154.450,0,0,0,0
154.500,0,0,0,0
154.550,0,0,0,0
154.600,0,0,0,1
154.650,0,0,0,1
154.700,0,0,0,1
154.750,0,1,0,1
154.800,0,1,0,1
154.850,0,1,1,1
154.900,1,1,1,1
154.950,1,1,1,1
155.000,1,1,1,1
155.050,1,1,1,1
155.100,1,1,1,0
155.150,1,1,1,0
155.200,1,1,1,0
155.250,1,0,1,0
155.300,1,0,1,0
155.350,1,0,0,0
155.400,0,0,0,0
155.450,0,0,0,0
155.500,0,0,0,0
155.550,0,0,0,0
155.600,0,0,0,1
155.650,0,0,0,1
155.700,0,0,0,1
155.750,0,0,0,1
155.800,0,1,1,1
155.850,0,1,1,1
155.900,1,1,1,1
155.950,1,1,1,1
156.000,1,1,1,1
156.050,1,1,1,1
156.100,1,1,1,0
156.150,1,1,1,0
156.200,1,1,1,0
156.250,1,1,1,0
156.300,1,0,0,0
156.350,0,0,0,0
156.400,0,0,0,0
156.450,0,0,0,0
156.500,0,0,0,0
156.550,0,0,0,0
156.600,0,0,0,1
156.650,0,0,0,1
156.700,0,0,0,1
156.750,0,0,0,1
156.800,0,1,1,1
156.850,1,1,1,1
156.900,1,1,1,1
156.950,1,1,1,1
157.000,1,1,1,1
157.050,1,1,1,1
157.100,1,1,1,0
157.150,1,1,1,0
157.200,1,1,1,0
157.250,1,1,0,0
157.300,0,0,0,0
157.350,0,0,0,0
157.400,0,0,0,0
157.450,0,0,0,0
157.500,0,0,0,0
157.550,0,0,0,0
157.600,0,0,0,1
157.650,0,0,0,1
157.700,0,0,0,1
157.750,0,0,1,1
157.800,1,0,1,1
157.850,1,1,1,1
157.900,1,1,1,1
157.950,1,1,1,1
158.000,1,1,1,1
158.050,1,1,1,1
158.100,1,1,1,0
158.150,1,1,1,0
158.200,1,1,0,0
158.250,1,1,0,0
158.300,0,1,0,0
158.350,0,0,0,0
158.400,0,0,0,0
158.450,0,0,0,0
158.500,0,0,0,0
158.550,0,0,0,0
158.600,0,0,0,0
158.650,0,0,0,1
158.700,0,0,1,1
158.750,0,0,1,1
158.800,1,0,1,1
158.850,1,0,1,1
158.900,1,1,1,1
158.950,1,1,1,1
159.000,1,1,1,1
159.050,1,1,1,1
159.100,1,1,1,1
159.150,1,1,0,0
159.200,1,1,0,0
159.250,0,1,0,0
159.300,0,1,0,0
159.350,0,1,0,0
159.400,0,0,0,0
159.450,0,0,0,0
159.500,0,0,0,0
159.550,0,0,0,0
159.600,0,0,0,0
159.650,0,0,1,1
159.700,0,0,1,1
159.750,1,0,1,1
159.800,1,0,1,1
159.850,1,0,1,1
159.900,1,0,1,1
159.950,1,1,1,1
160.000,1,1,1,1
160.050,1,1,1,1
160.100,1,1,1,0
160.150,1,1,0,0
160.200,0,1,0,0
160.250,0,1,0,0
160.300,0,1,0,0
160.350,0,1,0,0
160.400,0,1,0,0
160.450,0,0,0,0
160.500,0,0,0,0
160.550,0,0,0,0
160.600,0,0,1,0
160.650,0,0,1,1
160.700,1,0,1,1
160.750,1,0,1,1
160.800,1,0,1,1
160.850,1,0,1,1
160.900,1,0,1,1
160.950,1,0,1,1
161.000,1,1,1,1
161.050,1,1,1,1
161.100,1,1,0,1
161.150,1,1,0,0
161.200,0,1,0,0
161.250,0,1,0,0
161.300,0,1,0,0
161.350,0,1,0,0
161.400,0,1,0,0
161.450,0,0,0,0
161.500,0,0,0,0
161.550,0,0,0,0
161.600,0,0,1,0
161.650,1,0,1,1
161.700,1,0,1,1
161.750,1,0,1,1
161.800,1,0,1,1
161.850,1,0,1,1
161.900,1,0,1,1
161.950,1,0,1,1
162.000,1,1,1,1
162.050,1,1,0,1
162.100,1,1,0,1
162.150,0,1,0,0
162.200,0,1,0,0
162.250,0,1,0,0
162.300,0,1,0,0
162.350,0,1,0,0
162.400,0,1,0,0
162.450,0,1,0,0
162.500,0,0,0,0
162.550,0,0,1,0
162.600,0,0,1,0
162.650,1,0,1,1
162.700,1,0,1,1
162.750,1,0,1,1
162.800,1,0,1,1
162.850,1,0,1,1
162.900,1,0,1,1
162.950,1,0,1,1
163.000,1,0,0,1
163.050,1,1,0,1
163.100,0,1,0,1
163.150,0,1,0,0
163.200,0,1,0,0
163.250,0,1,0,0
163.300,0,1,0,0
163.350,0,1,0,0
163.400,0,1,0,0
163.450,0,1,0,0
163.500,0,1,1,0
163.550,0,0,1,0
163.600,1,0,1,0
163.650,1,0,1,1
163.700,1,0,1,1
163.750,1,0,1,1
163.800,1,0,1,1
163.850,1,0,1,1
163.900,1,0,1,1
163.950,1,0,0,1
164.000,1,0,0,1
164.050,1,0,0,1
164.100,0,1,0,1
164.150,0,1,0,0
164.200,0,1,0,0
164.250,0,1,0,0
164.300,0,1,0,0
164.350,0,1,0,0
164.400,0,1,0,0
164.450,0,1,1,0
164.500,0,1,1,0
164.550,0,1,1,0
164.600,1,0,1,0
164.650,1,0,1,1
164.700,1,0,1,1
164.750,1,0,1,1
164.800,1,0,1,1
164.850,1,0,1,1
164.900,1,0,1,1
164.950,1,0,0,1
165.000,1,0,0,1
165.050,0,0,0,1
165.100,0,1,0,1
165.150,0,1,0,0
165.200,0,1,0,0
165.250,0,1,0,0
165.300,0,1,0,0
165.350,0,1,0,0
165.400,0,1,1,0
165.450,0,1,1,0
165.500,0,1,1,0
165.550,1,1,1,0
165.600,1,0,1,0
165.650,1,0,1,1
165.700,1,0,1,1
165.750,1,0,1,1
165.800,1,0,1,1
165.850,1,0,1,1
165.900,1,0,0,1
165.950,1,0,0,1
166.000,0,0,0,1
166.050,0,0,0,1
166.100,0,0,0,1
166.150,0,1,0,0
166.200,0,1,0,0
166.250,0,1,0,0
166.300,0,1,0,0
166.350,0,1,1,0
166.400,0,1,1,0
166.450,0,1,1,0
166.500,1,1,1,0
166.550,1,1,1,0
166.600,1,1,1,0
166.650,1,0,1,1
166.700,1,0,1,1
166.750,1,0,1,1
166.800,1,0,1,1
166.850,1,0,0,1
166.900,1,0,0,1
166.950,0,0,0,1
167.000,0,0,0,1
167.050,0,0,0,1
167.100,0,0,0,0
167.150,0,1,0,0
167.200,0,1,0,0
167.250,0,1,0,0
167.300,0,1,0,0
167.350,0,1,1,0
167.400,0,1,1,0
167.450,1,1,1,0
167.500,1,1,1,0
167.550,1,1,1,0
167.600,1,1,1,0
167.650,1,0,1,1
167.700,1,0,1,1
167.750,1,0,1,1
167.800,1,0,0,1
167.850,1,0,0,1
167.900,1,0,0,1
167.950,0,0,0,1
168.000,0,0,0,1
168.050,0,0,0,1
168.100,0,0,0,0
168.150,0,1,0,0
168.200,0,1,0,0
168.250,0,1,0,0
168.300,0,1,1,0
168.350,0,1,1,0
168.400,1,1,1,0
168.450,1,1,1,0
168.500,1,1,1,0
168.550,1,1,1,0
168.600,1,1,1,0
168.650,1,0,1,1
168.700,1,0,1,1
168.750,1,0,0,1
168.800,1,0,0,1
168.850,1,0,0,1
168.900,0,0,0,1
168.950,0,0,0,1
169.000,0,0,0,1
169.050,0,0,0,1
169.100,0,0,0,1
169.150,0,0,0,0
169.200,0,1,0,0
169.250,0,1,1,0
169.300,0,1,1,0
169.350,0,1,1,0
169.400,1,1,1,0
169.450,1,1,1,0
169.500,1,1,1,0
169.550,1,1,1,0
169.600,1,1,1,0
169.650,1,1,1,1
169.700,1,0,0,1
169.750,1,0,0,1
169.800,1,0,0,1
169.850,0,0,0,1
169.900,0,0,0,1
169.950,0,0,0,1
170.000,0,0,0,1
170.050,0,0,0,1
170.100,0,0,0,1
170.150,0,0,0,0
170.200,0,1,1,0
170.250,0,1,1,0
170.300,0,1,1,0
170.350,1,1,1,0
170.400,1,1,1,0
170.450,1,1,1,0
170.500,1,1,1,0
170.550,1,1,1,0
170.600,1,1,1,0
170.650,1,1,0,1
170.700,1,0,0,1
170.750,1,0,0,1
170.800,0,0,0,1
170.850,0,0,0,1
170.900,0,0,0,1
170.950,0,0,0,1
171.000,0,0,0,1
171.050,0,0,0,1
171.100,0,0,0,1
171.150,0,0,1,0
171.200,0,0,1,0
171.250,0,1,1,0
171.300,1,1,1,0
171.350,1,1,1,0
171.400,1,1,1,0
171.450,1,1,1,0
171.500,1,1,1,0
171.550,1,1,1,0
171.600,1,1,1,0
171.650,1,1,0,1
171.700,1,0,0,1
171.750,1,0,0,1
171.800,0,0,0,1
171.850,0,0,0,1
171.900,0,0,0,1
171.950,0,0,0,1
172.000,0,0,0,1
172.050,0,0,0,1
172.100,0,0,0,1
172.150,0,0,1,1
172.200,0,0,1,0
172.250,1,1,1,0
172.300,1,1,1,0
172.350,1,1,1,0
172.400,1,1,1,0
172.450,1,1,1,0
172.500,1,1,1,0
172.550,1,1,1,0
172.600,1,1,0,0
172.650,1,1,0,0
172.700,1,0,0,1
172.750,0,0,0,1
172.800,0,0,0,1
172.850,0,0,0,1
172.900,0,0,0,1
172.950,0,0,0,1
173.000,0,0,0,1
173.050,0,0,0,1
173.100,0,0,1,1
173.150,0,0,1,1
173.200,0,0,1,0
173.250,1,1,1,0
173.300,1,1,1,0
173.350,1,1,1,0
173.400,1,1,1,0
173.450,1,1,1,0
173.500,1,1,1,0
173.550,1,1,0,0
173.600,1,1,0,0
173.650,1,1,0,0
173.700,0,1,0,1
173.750,0,0,0,1
173.800,0,0,0,1
173.850,0,0,0,1
173.900,0,0,0,1
173.950,0,0,0,1
174.000,0,0,0,1
174.050,0,0,1,1
174.100,0,0,1,1
174.150,0,0,1,1
174.200,1,0,1,0
174.250,1,1,1,0
174.300,1,1,1,0
174.350,1,1,1,0
174.400,1,1,1,0
174.450,1,1,1,0
174.500,1,1,0,0
174.550,1,1,0,0
174.600,1,1,0,0
174.650,0,1,0,0
174.700,0,1,0,0
174.750,0,0,0,1
174.800,0,0,0,1
174.850,0,0,0,1
174.900,0,0,0,1
174.950,0,0,0,1
175.000,0,0,1,1
175.050,0,0,1,1
175.100,0,0,1,1
175.150,1,0,1,1
175.200,1,0,1,1
175.250,1,1,1,0
175.300,1,1,1,0
175.350,1,1,1,0
175.400,1,1,1,0
175.450,1,1,1,0
175.500,1,1,0,0
175.550,1,1,0,0
175.600,1,1,0,0
175.650,0,1,0,0
175.700,0,0,0,0
175.750,0,0,0,1
175.800,0,0,0,1
175.850,0,0,0,1
175.900,0,0,0,1
175.950,0,0,0,1
176.000,0,0,1,1
176.050,0,0,1,1
176.100,1,0,1,1
176.150,1,0,1,1
176.200,1,0,1,1
176.250,1,1,1,0
176.300,1,1,1,0
176.350,1,1,1,0
176.400,1,1,1,0
176.450,1,1,0,0
176.500,1,1,0,0
176.550,1,1,0,0
176.600,0,1,0,0
176.650,0,1,0,0
176.700,0,0,0,0
176.750,0,0,0,1
176.800,0,0,0,1
176.850,0,0,0,1
176.900,0,0,0,1
176.950,0,0,1,1
177.000,0,0,1,1
177.050,0,0,1,1
177.100,1,0,1,1
177.150,1,0,1,1
177.200,1,1,1,1
177.250,1,1,1,1
177.300,1,1,1,0
177.350,1,1,1,0
177.400,1,1,0,0
177.450,1,1,0,0
177.500,1,1,0,0
177.550,0,1,0,0
177.600,0,1,0,0
177.650,0,1,0,0
177.700,0,0,0,0
177.750,0,0,0,0
177.800,0,0,0,1
177.850,0,0,0,1
177.900,0,0,1,1
177.950,0,0,1,1
178.000,1,0,1,1
178.050,1,0,1,1
178.100,1,0,1,1
178.150,1,0,1,1
178.200,1,1,1,1
178.250,1,1,1,1
178.300,1,1,1,0
178.350,1,1,0,0
178.400,1,1,0,0
178.450,1,1,0,0
178.500,0,1,0,0
178.550,0,1,0,0
178.600,0,1,0,0
178.650,0,1,0,0
178.700,0,0,0,0
178.750,0,0,0,0
178.800,0,0,0,0
178.850,0,0,1,1
178.900,0,0,1,1
178.950,1,0,1,1
179.000,1,0,1,1
179.050,1,0,1,1
179.100,1,0,1,1
179.150,1,0,1,1
179.200,1,1,1,1
179.250,1,1,1,1
179.300,1,1,1,1
179.350,1,1,0,0
179.400,1,1,0,0
179.450,0,1,0,0
179.500,0,1,0,0
179.550,0,1,0,0
179.600,0,1,0,0
179.650,0,1,0,0
179.700,0,0,0,0
179.750,0,0,0,0
179.800,0,0,1,0
179.850,0,0,1,0
179.900,0,0,1,1
179.950,1,0,1,1
180.000,1,0,1,1
180.050,1,0,1,1
180.100,1,0,1,1
180.150,1,0,1,1
180.200,1,1,1,1
180.250,1,1,1,1
180.300,1,1,0,1
180.350,1,1,0,1
180.400,0,1,0,1
180.450,0,1,0,0
180.500,0,1,0,0
180.550,0,1,0,0
180.600,0,1,0,0
180.650,0,1,0,0
180.700,0,0,0,0
180.750,0,0,0,0
180.800,0,0,1,0
180.850,0,0,1,0
180.900,1,0,1,0
180.950,1,0,1,1
181.000,1,0,1,1
181.050,1,0,1,1
181.100,1,0,1,1
181.150,1,0,1,1
181.200,1,1,1,1
181.250,1,1,0,1
181.300,1,1,0,1
181.350,0,1,0,1
181.400,0,1,0,1
181.450,0,1,0,1
181.500,0,1,0,0
181.550,0,1,0,0
181.600,0,1,0,0
181.650,0,1,0,0
181.700,0,0,0,0
181.750,0,0,1,0
181.800,0,0,1,0
181.850,1,0,1,0
181.900,1,0,1,0
181.950,1,0,1,0
182.000,1,0,1,0
182.050,1,0,1,1
182.100,1,0,1,1
182.150,1,0,1,1
182.200,1,0,0,1
182.250,1,1,0,1
182.300,1,1,0,1
182.350,0,1,0,1
182.400,0,1,0,1
182.450,0,1,0,1
182.500,0,1,0,1
182.550,0,1,0,1
182.600,0,1,0,0
182.650,0,1,0,0
182.700,0,1,1,0
182.750,0,0,1,0
182.800,1,0,1,0
182.850,1,0,1,0
182.900,1,0,1,0
182.950,1,0,1,0
183.000,1,0,1,0
183.050,1,0,1,0
183.100,1,0,1,0
183.150,1,0,1,1
183.200,1,0,0,1
183.250,1,1,0,1
183.300,0,1,0,1
183.350,0,1,0,1
183.400,0,1,0,1
183.450,0,1,0,1
183.500,0,1,0,1
183.550,0,1,0,1
183.600,0,1,0,1
183.650,0,1,1,1
183.700,0,1,1,1
183.750,0,0,1,0
183.800,1,0,1,0
183.850,1,0,1,0
183.900,1,0,1,0
183.950,1,0,1,0
184.000,1,0,1,0
184.050,1,0,1,0
184.100,1,0,1,0
184.150,1,0,0,0
184.200,1,0,0,0
184.250,0,0,0,0
184.300,0,1,0,1
184.350,0,1,0,1
184.400,0,1,0,1
184.450,0,1,0,1
184.500,0,1,0,1
184.550,0,1,0,1
184.600,0,1,0,1
184.650,0,1,1,1
184.700,0,1,1,1
184.750,1,0,1,1
184.800,1,0,1,1
184.850,1,0,1,0
184.900,1,0,1,0
184.950,1,0,1,0
185.000,1,0,1,0
185.050,1,0,1,0
185.100,1,0,0,0
185.150,1,0,0,0
185.200,0,0,0,0
185.250,0,0,0,0
185.300,0,1,0,0
185.350,0,1,0,0
185.400,0,1,0,0
185.450,0,1,0,1
185.500,0,1,0,1
185.550,0,1,0,1
185.600,0,1,1,1
185.650,0,1,1,1
185.700,1,1,1,1
185.750,1,1,1,1
185.800,1,0,1,1
185.850,1,0,1,1
185.900,1,0,1,1
185.950,1,0,1,1
186.000,1,0,1,0
186.050,1,0,0,0
186.100,1,0,0,0
186.150,1,0,0,0
186.200,0,0,0,0
186.250,0,0,0,0
186.300,0,1,0,0
186.350,0,1,0,0
186.400,0,1,0,0
186.450,0,1,0,0
186.500,0,1,0,0
186.550,0,1,1,1
186.600,0,1,1,1
186.650,1,1,1,1
186.700,1,1,1,1
186.750,1,1,1,1
186.800,1,0,1,1
186.850,1,0,1,1
186.900,1,0,1,1
186.950,1,0,1,1
187.000,1,0,1,1
187.050,1,0,0,1
187.100,1,0,0,0
187.150,0,0,0,0
187.200,0,0,0,0
187.250,0,0,0,0
187.300,0,1,0,0
187.350,0,1,0,0
187.400,0,1,0,0
187.450,0,1,0,0
187.500,0,1,1,0
187.550,0,1,1,0
187.600,0,1,1,0
187.650,1,1,1,0
187.700,1,1,1,1
187.750,1,1,1,1
187.800,1,0,1,1
187.850,1,0,1,1
187.900,1,0,1,1
187.950,1,0,1,1
188.000,1,0,0,1
188.050,1,0,0,1
188.100,0,0,0,1
188.150,0,0,0,1
188.200,0,0,0,1
188.250,0,0,0,0
188.300,0,1,0,0
188.350,0,1,0,0
188.400,0,1,0,0
188.450,0,1,0,0
188.500,0,1,1,0
188.550,0,1,1,0
188.600,1,1,1,0
188.650,1,1,1,0
188.700,1,1,1,0
188.750,1,1,1,0
188.800,1,0,1,1
188.850,1,0,1,1
188.900,1,0,1,1
188.950,1,0,0,1
189.000,1,0,0,1
189.050,0,0,0,1
189.100,0,0,0,1
189.150,0,0,0,1
189.200,0,0,0,1
189.250,0,0,0,1
189.300,0,0,0,1
189.350,0,1,0,0
189.400,0,1,0,0
189.450,0,1,1,0
189.500,0,1,1,0
189.550,1,1,1,0
189.600,1,1,1,0
189.650,1,1,1,0
189.700,1,1,1,0
189.750,1,1,1,0
189.800,1,1,1,0
189.850,1,0,1,0
189.900,1,0,0,1
189.950,1,0,0,1
190.000,0,0,0,1
190.050,0,0,0,1
190.100,0,0,0,1
190.150,0,0,0,1
190.200,0,0,0,1
190.250,0,0,0,1
190.300,0,0,0,1
190.350,0,0,0,1
190.400,0,1,1,1
190.450,0,1,1,0
190.500,1,1,1,0
190.550,1,1,1,0
190.600,1,1,1,0
190.650,1,1,1,0
190.700,1,1,1,0
190.750,1,1,1,0
190.800,1,1,1,0
190.850,1,1,0,0
190.900,1,0,0,0
190.950,1,0,0,0
191.000,0,0,0,1
191.050,0,0,0,1
191.100,0,0,0,1
191.150,0,0,0,1
191.200,0,0,0,1
191.250,0,0,0,1
191.300,0,0,0,1
191.350,0,0,1,1
191.400,0,0,1,1
191.450,0,1,1,1
191.500,1,1,1,1
191.550,1,1,1,0
191.600,1,1,1,0
191.650,1,1,1,0
191.700,1,1,1,0
191.750,1,1,1,0
191.800,1,1,0,0
191.850,1,1,0,0
191.900,1,1,0,0
191.950,0,0,0,0
192.000,0,0,0,0
192.050,0,0,0,0
192.100,0,0,0,1
192.150,0,0,0,1
192.200,0,0,0,1
192.250,0,0,0,1
192.300,0,0,1,1
192.350,0,0,1,1
192.400,0,0,1,1
192.450,1,0,1,1
192.500,1,1,1,1
192.550,1,1,1,1
192.600,1,1,1,1
192.650,1,1,1,0
192.700,1,1,1,0
192.750,1,1,0,0
192.800,1,1,0,0
192.850,1,1,0,0
192.900,0,1,0,0
192.950,0,1,0,0
193.000,0,1,0,0
193.050,0,0,0,0
193.100,0,0,0,0
193.150,0,0,0,0
193.200,0,0,0,1
193.250,0,0,1,1
193.300,0,0,1,1
193.350,0,0,1,1
193.400,1,0,1,1
193.450,1,0,1,1
193.500,1,0,1,1
193.550,1,0,1,1
193.600,1,1,1,1
193.650,1,1,1,1
193.700,1,1,1,1
193.750,1,1,0,0
193.800,1,1,0,0
193.850,1,1,0,0
193.900,0,1,0,0
193.950,0,1,0,0
194.000,0,1,0,0
194.050,0,1,0,0
194.100,0,1,0,0
194.150,0,0,0,0
194.200,0,0,1,0
194.250,0,0,1,0
194.300,0,0,1,1
194.350,1,0,1,1
194.400,1,0,1,1
194.450,1,0,1,1
194.500,1,0,1,1
194.550,1,0,1,1
194.600,1,0,1,1
194.650,1,0,1,1
194.700,1,1,0,1
194.750,1,1,0,1
194.800,1,1,0,0
194.850,0,1,0,0
194.900,0,1,0,0
194.950,0,1,0,0
195.000,0,1,0,0
195.050,0,1,0,0
195.100,0,1,0,0
195.150,0,1,1,0
195.200,0,1,1,0
195.250,0,0,1,0
195.300,0,0,1,0
195.350,1,0,1,1
195.400,1,0,1,1
195.450,1,0,1,1
195.500,1,0,1,1
195.550,1,0,1,1
195.600,1,0,1,1
195.650,1,0,0,1
195.700,1,0,0,1
195.750,1,0,0,1
195.800,0,1,0,1
195.850,0,1,0,1
195.900,0,1,0,0
195.950,0,1,0,0
196.000,0,1,0,0
196.050,0,1,0,0
196.100,0,1,1,0
196.150,0,1,1,0
196.200,0,1,1,0
196.250,0,1,1,0
196.300,1,1,1,0
196.350,1,0,1,0
196.400,1,0,1,0
196.450,1,0,1,1
196.500,1,0,1,1
196.550,1,0,1,1
196.600,1,0,0,1
196.650,1,0,0,1
196.700,1,0,0,1
196.750,0,0,0,1
196.800,0,0,0,1
196.850,0,0,0,1
196.900,0,0,0,1
196.950,0,1,0,1
197.000,0,1,0,0
197.050,0,1,0,0
197.100,0,1,1,0
197.150,0,1,1,0
197.200,0,1,1,0
197.250,1,1,1,0
197.300,1,1,1,0
197.350,1,1,1,0
197.400,1,1,1,0
197.450,1,0,1,0
197.500,1,0,1,1
197.550,1,0,0,1
197.600,1,0,0,1
197.650,1,0,0,1
197.700,1,0,0,1
197.750,0,0,0,1
197.800,0,0,0,1
197.850,0,0,0,1
197.900,0,0,0,1
197.950,0,0,0,1
198.000,0,0,1,1
198.050,0,1,1,0
198.100,0,1,1,0
198.150,0,1,1,0
198.200,1,1,1,0
198.250,1,1,1,0
198.300,1,1,1,0
198.350,1,1,1,0
198.400,1,1,1,0
198.450,1,1,1,0
198.500,1,1,0,0
198.550,1,1,0,0
198.600,1,0,0,1
198.650,1,0,0,1
198.700,0,0,0,1
198.750,0,0,0,1
198.800,0,0,0,1
198.850,0,0,0,1
198.900,0,0,0,1
198.950,0,0,0,1
199.000,0,0,1,1
199.050,0,0,1,1
199.100,0,0,1,0
199.150,1,1,1,0
199.200,1,1,1,0
199.250,1,1,1,0
199.300,1,1,1,0
199.350,1,1,1,0
199.400,1,1,1,0
199.450,1,1,0,0
199.500,1,1,0,0
199.550,1,1,0,0
199.600,1,1,0,0
199.650,0,1,0,1
199.700,0,0,0,1
199.750,0,0,0,1
199.800,0,0,0,1
199.850,0,0,0,1
199.900,0,0,0,1
199.950,0,0,1,1
200.000,0,0,0,1
200.050,0,0,0,1
200.100,0,0,1,0
200.150,1,0,1,0
200.200,1,0,1,0
200.250,1,0,1,0
200.300,1,1,1,0
200.350,1,1,1,0
200.400,1,1,1,0
200.450,1,1,1,0
200.500,1,1,1,0
200.550,1,1,0,1
200.600,1,1,0,1
200.650,0,1,0,1
200.700,0,1,0,1
200.750,0,1,0,1
200.800,0,0,0,1
200.850,0,0,0,1
200.900,0,0,0,1
200.950,0,0,0,1
201.000,0,0,0,1
201.050,0,0,1,0
201.100,1,0,1,0
201.150,1,0,1,0
201.200,1,0,1,0
201.250,1,0,1,0
201.300,1,1,1,0
201.350,1,1,1,0
201.400,1,1,1,0
201.450,1,1,1,0
201.500,1,1,0,0
201.550,0,1,0,1
201.600,0,1,0,1
201.650,0,1,0,1
201.700,0,1,0,1
201.750,0,0,0,1
201.800,0,0,0,1
201.850,0,0,0,1
201.900,0,0,0,1
201.950,0,0,0,1
202.000,0,0,1,0
202.050,1,0,1,0
202.100,1,0,1,0
202.150,1,0,1,0
202.200,1,0,1,0
202.250,1,1,1,0
202.300,1,1,1,0
202.350,1,1,1,0
202.400,1,1,1,0
202.450,1,1,0,0
202.500,0,1,0,1
202.550,0,1,0,1
202.600,0,1,0,1
202.650,0,1,0,1
202.700,0,1,0,1
202.750,0,0,0,1
202.800,0,0,0,1
202.850,0,0,0,1
202.900,0,0,0,1
202.950,1,0,1,1
203.000,1,0,1,0
203.050,1,0,1,0
203.100,1,0,1,0
203.150,1,0,1,0
203.200,1,0,1,0
203.250,1,1,1,0
203.300,1,1,1,0
203.350,1,1,1,0
203.400,1,1,0,0
203.450,0,1,0,0
203.500,0,1,0,1
203.550,0,1,0,1
203.600,0,1,0,1
203.650,0,1,0,1
203.700,0,0,0,1
203.750,0,0,0,1
203.800,0,0,0,1
203.850,0,0,0,1
203.900,1,0,1,1
203.950,1,0,1,0
204.000,1,0,1,0
204.050,1,0,1,0
204.100,1,0,1,0
204.150,1,0,1,0
204.200,1,1,1,0
204.250,1,1,1,0
204.300,1,1,1,0
204.350,1,1,0,0
204.400,0,1,0,0
204.450,0,1,0,1
204.500,0,1,0,1
204.550,0,1,0,1
204.600,0,1,0,1
204.650,0,0,0,1
204.700,0,0,0,1
204.750,0,0,0,1
204.800,0,0,0,1
204.850,1,0,1,1
204.900,1,0,1,0
204.950,1,0,1,0
205.000,1,0,1,0
205.050,1,0,1,0
205.100,1,0,1,0
205.150,1,1,1,0
205.200,1,1,1,0
205.250,1,1,1,0
205.300,0,1,0,0
205.350,0,1,0,0
205.400,0,1,0,1
205.450,0,1,0,1
205.500,0,1,0,1
205.550,0,1,0,1
205.600,0,1,0,1
205.650,0,0,0,1
205.700,0,0,0,1
205.750,0,0,0,1
205.800,1,0,1,1
205.850,1,0,1,0
205.900,1,0,1,0
205.950,1,0,1,0
206.000,1,0,1,0
206.050,1,0,1,0
206.100,1,0,1,0
206.150,1,1,1,0
206.200,1,1,1,0
206.250,0,1,0,0
206.300,0,1,0,0
206.350,0,1,0,1
206.400,0,1,0,1
206.450,0,1,0,1
206.500,0,1,0,1
206.550,0,1,0,1
206.600,0,0,0,1
206.650,0,0,0,1
206.700,0,0,0,1
206.750,1,0,1,1
206.800,1,0,1,0
206.850,1,0,1,0
206.900,1,0,1,0
206.950,1,0,1,0
207.000,1,0,1,0
207.050,1,0,1,0
207.100,1,1,1,0
207.150,1,1,1,0
207.200,0,1,1,0
207.250,0,1,0,0
207.300,0,1,0,1
207.350,0,1,0,1
207.400,0,1,0,1
207.450,0,1,0,1
207.500,0,1,0,1
207.550,0,0,0,1
207.600,0,0,0,1
207.650,0,0,0,1
207.700,1,0,1,1
207.750,1,0,1,0
207.800,1,0,1,0
207.850,1,0,1,0
207.900,1,0,1,0
207.950,1,0,1,0
208.000,1,0,1,0
208.050,1,1,1,0
208.100,1,1,1,0
208.150,0,1,1,0
208.200,0,1,0,0
208.250,0,1,0,1
208.300,0,1,0,1
208.350,0,1,0,1
208.400,0,1,0,1
208.450,0,1,0,1
208.500,0,0,0,1
208.550,0,0,0,1
208.600,0,0,0,1
208.650,1,0,1,1
208.700,1,0,1,1
208.750,1,0,1,0
208.800,1,0,1,0
208.850,1,0,1,0
208.900,1,0,1,0
208.950,1,0,1,0
209.000,1,1,1,0
209.050,1,1,1,0
209.100,0,1,1,0
209.150,0,1,0,0
209.200,0,1,0,1
209.250,0,1,0,1
209.300,0,1,0,1
209.350,0,1,0,1
209.400,0,1,0,1
209.450,0,0,0,1
209.500,0,0,0,1
209.550,0,0,0,1
209.600,1,0,0,1
209.650,1,0,1,1
209.700,1,0,1,0
209.750,1,0,1,0
209.800,1,0,1,0
209.850,1,0,1,0
209.900,1,0,1,0
209.950,1,1,1,0
210.000,1,1,1,0
210.050,0,1,1,0
210.100,0,1,0,0
210.150,0,1,0,1
210.200,0,1,0,1
210.250,0,1,0,1
210.300,0,1,0,1
210.350,0,1,0,1
210.400,0,1,0,1
210.450,0,0,0,1
210.500,1,0,0,1
210.550,1,0,0,1
210.600,1,0,1,1
210.650,1,0,1,0
210.700,1,0,1,0
210.750,1,0,1,0
210.800,1,0,1,0
210.850,1,0,1,0
210.900,1,0,1,0
210.950,1,1,1,0
211.000,0,1,1,0
211.050,0,1,0,0
211.100,0,1,0,0
211.150,0,1,0,1
211.200,0,1,0,1
211.250,0,1,0,1
211.300,0,1,0,1
211.350,0,1,0,1
211.400,0,0,0,1
211.450,1,0,0,1
211.500,1,0,0,1
211.550,1,0,1,1
211.600,1,0,1,0
211.650,1,0,1,0
211.700,1,0,1,0
211.750,1,0,1,0
211.800,1,0,1,0
211.850,1,0,1,0
211.900,0,1,1,0
211.950,0,1,1,0
212.000,0,1,1,0
212.050,0,1,0,0
212.100,0,1,0,1
212.150,0,1,0,1
212.200,0,1,0,1
212.250,0,1,0,1
212.300,0,1,0,1
212.350,0,1,0,1
212.400,1,0,0,1
212.450,1,0,0,1
212.500,1,0,1,1
212.550,1,0,1,1
212.600,1,0,1,0
212.650,1,0,1,0
212.700,1,0,1,0
212.750,1,0,1,0
212.800,1,0,1,0
212.850,0,0,1,0
212.900,0,1,1,0
212.950,0,1,1,0
213.000,0,1,0,0
213.050,0,1,0,1
213.100,0,1,0,1
213.150,0,1,0,1
213.200,0,1,0,1
213.250,0,1,0,1
213.300,0,1,0,1
213.350,1,0,0,1
213.400,1,0,0,1
213.450,1,0,0,1
213.500,1,0,1,1
213.550,1,0,1,0
213.600,1,0,1,0
213.650,1,0,1,0
213.700,1,0,1,0
213.750,1,0,1,0
213.800,0,0,1,0
213.850,0,1,1,0
213.900,0,1,1,0
213.950,0,1,0,0
214.000,0,1,0,0
214.050,0,1,0,1
214.100,0,1,0,1
214.150,0,1,0,1
214.200,0,1,0,1
214.250,0,1,0,1
214.300,1,0,0,1
214.350,1,0,0,1
214.400,1,0,0,1
214.450,1,0,1,1
214.500,1,0,1,0
214.550,1,0,1,0
214.600,1,0,1,0
214.650,1,0,1,0
214.700,1,0,1,0
214.750,0,0,1,0
214.800,0,1,1,0
214.850,0,1,1,0
214.900,0,1,0,0
214.950,0,1,0,0
215.000,0,1,0,1
215.050,0,1,0,1
215.100,0,1,0,1
215.150,0,1,0,1
215.200,0,1,0,1
215.250,1,0,0,1
215.300,1,0,0,1
215.350,1,0,0,1
215.400,1,0,1,1
215.450,1,0,1,0
215.500,1,0,1,0
215.550,1,0,1,0
215.600,1,0,1,0
215.650,1,0,1,0
215.700,0,0,1,0
215.750,0,1,1,0
215.800,0,1,1,0
215.850,0,1,1,0
215.900,0,1,0,0
215.950,0,1,0,1
216.000,0,1,0,1
216.050,0,1,0,1
216.100,0,1,0,1
216.150,0,1,0,1
216.200,1,0,0,1
216.250,1,0,0,1
216.300,1,0,0,1
216.350,1,0,0,1
216.400,1,0,1,0
216.450,1,0,1,0
216.500,1,0,1,0
216.550,1,0,1,0
216.600,1,0,1,0
216.650,0,0,1,0
216.700,0,1,1,0
216.750,0,1,1,0
216.800,0,1,1,0
216.850,0,1,0,0
216.900,0,1,0,1
216.950,0,1,0,1
217.000,0,1,0,1
217.050,0,1,0,1
217.100,0,1,0,1
217.150,1,0,0,1
217.200,1,0,0,1
217.250,1,0,0,1
217.300,1,0,0,1
217.350,1,0,1,0
217.400,1,0,1,0
217.450,1,0,1,0
217.500,1,0,1,0
217.550,1,0,1,0
217.600,1,0,1,0
217.650,0,1,1,0
217.700,0,1,1,0
217.750,0,1,1,0
217.800,0,1,1,0
217.850,0,1,0,1
217.900,0,1,0,1
217.950,0,1,0,1
218.000,0,1,0,1
218.050,0,1,0,1
218.100,1,0,0,1
218.150,1,0,0,1
218.200,1,0,0,1
218.250,1,0,0,1
218.300,1,0,1,0
218.350,1,0,1,0
218.400,1,0,1,0
218.450,1,0,1,0
218.500,1,0,1,0
218.550,1,0,1,0
218.600,0,1,1,0
218.650,0,1,1,0
218.700,0,1,1,0
218.750,0,1,1,0
218.800,0,1,0,1
218.850,0,1,0,1
218.900,0,1,0,1
218.950,0,1,0,1
219.000,0,1,0,1
219.050,1,0,0,1
219.100,1,0,0,1
219.150,1,0,0,1
219.200,1,0,0,1
219.250,1,0,0,1
219.300,1,0,1,0
219.350,1,0,1,0
219.400,1,0,1,0
219.450,1,0,1,0
219.500,1,0,1,0
219.550,0,1,1,0
219.600,0,1,1,0
219.650,0,1,1,0
219.700,0,1,1,0
219.750,0,1,0,1
219.800,0,1,0,1
219.850,0,1,0,1
219.900,0,1,0,1
219.950,0,1,0,1
220.000,0,1,0,1
220.050,1,0,0,1
220.100,1,0,0,1
220.150,1,0,0,1
220.200,1,0,0,1
220.250,1,0,1,0
220.300,1,0,1,0
220.350,1,0,1,0
220.400,1,0,1,0
220.450,1,0,1,0
220.500,0,0,1,0
220.550,0,1,1,0
220.600,0,1,1,0
220.650,0,1,1,0
220.700,0,1,1,0
220.750,0,1,0,1
220.800,0,1,0,1
220.850,0,1,0,1
220.900,0,1,0,1
220.950,0,1,0,1
221.000,1,0,0,1
221.050,1,0,0,1
221.100,1,0,0,1
221.150,1,0,0,1
221.200,1,0,0,1
221.250,1,0,1,0
221.300,1,0,1,0
221.350,1,0,1,0
221.400,1,0,1,0
221.450,0,0,1,0
221.500,0,1,1,0
221.550,0,1,1,0
221.600,0,1,1,0
221.650,0,1,1,0
221.700,0,1,0,0
221.750,0,1,0,1
221.800,0,1,0,1
221.850,0,1,0,1
221.900,0,1,0,1
221.950,1,0,0,1
222.000,1,0,0,1
222.050,1,0,0,1
222.100,1,0,0,1
222.150,1,0,0,1
222.200,1,0,1,1
222.250,1,0,1,0
222.300,1,0,1,0
222.350,1,0,1,0
222.400,0,0,1,0
222.450,0,0,1,0
222.500,0,1,1,0
222.550,0,1,1,0
222.600,0,1,1,0
222.650,0,1,1,0
222.700,0,1,0,0
222.750,0,1,0,1
222.800,0,1,0,1
222.850,0,1,0,1
222.900,1,1,0,1
222.950,1,0,0,1
223.000,1,0,0,1
223.050,1,0,0,1
223.100,1,0,0,1
223.150,1,0,0,1
223.200,1,0,1,1
223.250,1,0,1,0
223.300,1,0,1,0
223.350,1,0,1,0
223.400,0,0,1,0
223.450,0,1,1,0
223.500,0,1,1,0
223.550,0,1,1,0
223.600,0,1,1,0
223.650,0,1,0,0
223.700,0,1,0,0
223.750,0,1,0,1
223.800,0,1,0,1
223.850,1,1,0,1
223.900,1,0,0,1
223.950,1,0,0,1
224.000,1,0,0,1
224.050,1,0,0,1
224.100,1,0,0,1
224.150,1,0,1,1
224.200,1,0,1,1
224.250,1,0,1,0
224.300,1,0,1,0
224.350,0,0,1,0
224.400,0,1,1,0
224.450,0,1,1,0
224.500,0,1,1,0
224.550,0,1,1,0
224.600,0,1,0,0
224.650,0,1,0,0
224.700,0,1,0,0
224.750,0,1,0,1
224.800,0,1,0,1
224.850,1,0,0,1
224.900,1,0,0,1
224.950,1,0,0,1
225.000,1,0,0,1
225.050,1,0,0,1
225.100,1,0,1,1
225.150,1,0,1,1
225.200,1,0,1,1
225.250,1,0,1,0
225.300,0,0,1,0
225.350,0,1,1,0
225.400,0,1,1,0
225.450,0,1,1,0
225.500,0,1,1,0
225.550,0,1,1,0
225.600,0,1,0,0
225.650,0,1,0,0
225.700,0,1,0,0
225.750,0,1,0,1
225.800,1,0,0,1
225.850,1,0,0,1
225.900,1,0,0,1
225.950,1,0,0,1
226.000,1,0,0,1
226.050,1,0,0,1
226.100,1,0,1,1
226.150,1,0,1,1
226.200,1,0,1,1
226.250,0,0,1,0
226.300,0,1,1,0
226.350,0,1,1,0
226.400,0,1,1,0
226.450,0,1,1,0
226.500,0,1,1,0
226.550,0,1,0,0
226.600,0,1,0,0
226.650,0,1,0,0
226.700,0,1,0,0
226.750,1,0,0,1
226.800,1,0,0,1
226.850,1,0,0,1
226.900,1,0,0,1
226.950,1,0,0,1
227.000,1,0,0,1
227.050,1,0,1,1
227.100,1,0,1,1
227.150,1,0,1,1
227.200,1,0,1,1
227.250,0,1,1,0
227.300,0,1,1,0
227.350,0,1,1,0
227.400,0,1,1,0
227.450,0,1,1,0
227.500,0,1,1,0
227.550,0,1,0,0
227.600,0,1,0,0
227.650,0,1,0,0
227.700,0,0,0,0
227.750,1,0,0,1
227.800,1,0,0,1
227.850,1,0,0,1
227.900,1,0,0,1
227.950,1,0,0,1
228.000,1,0,0,1
228.050,1,0,1,1
228.100,1,0,1,1
228.150,1,0,1,1
228.200,0,1,1,1
228.250,0,1,1,0
228.300,0,1,1,0
228.350,0,1,1,0
228.400,0,1,1,0
228.450,0,1,1,0
228.500,0,1,0,0
228.550,0,1,0,0
228.600,0,1,0,0
228.650,0,0,0,0
228.700,1,0,0,0
228.750,1,0,0,1
228.800,1,0,0,1
228.850,1,0,0,1
228.900,1,0,0,1
228.950,1,0,0,1
229.000,1,0,1,1
229.050,1,0,1,1
229.100,1,0,1,1
229.150,1,1,1,1
229.200,0,1,1,1
229.250,0,1,1,0
229.300,0,1,1,0
229.350,0,1,1,0
229.400,0,1,1,0
229.450,0,1,1,0
229.500,0,1,0,0
229.550,0,1,0,0
229.600,0,0,0,0
229.650,1,0,0,0
229.700,1,0,0,0
229.750,1,0,0,1
229.800,1,0,0,1
229.850,1,0,0,1
229.900,1,0,0,1
229.950,1,0,1,1
230.000,1,0,1,1
230.050,1,0,1,1
230.100,1,1,1,1
230.150,0,1,1,1
230.200,0,1,1,1
230.250,0,1,1,0
230.300,0,1,1,0
230.350,0,1,1,0
230.400,0,1,1,0
230.450,0,1,0,0
230.500,0,1,0,0
230.550,0,0,0,0
230.600,0,0,0,0
230.650,1,0,0,0
230.700,1,0,0,0
230.750,1,0,0,1
230.800,1,0,0,1
230.850,1,0,0,1
230.900,1,0,0,1
230.950,1,0,1,1
231.000,1,0,1,1
231.050,1,0,1,1
231.100,0,1,1,1
231.150,0,1,1,1
231.200,0,1,1,1
231.250,0,1,1,0
231.300,0,1,1,0
231.350,0,1,1,0
231.400,0,1,0,0
231.450,0,1,0,0
231.500,0,1,0,0
231.550,0,0,0,0
231.600,1,0,0,0
231.650,1,0,0,0
231.700,1,0,0,0
231.750,1,0,0,0
231.800,1,0,0,1
231.850,1,0,0,1
231.900,1,0,1,1
231.950,1,0,1,1
232.000,1,0,1,1
232.050,1,1,1,1
232.100,0,1,1,1
232.150,0,1,1,1
232.200,0,1,1,1
232.250,0,1,1,1
232.300,0,1,1,0
232.350,0,1,1,0
232.400,0,1,0,0
232.450,0,1,0,0
232.500,0,1,0,0
232.550,0,0,0,0
232.600,1,0,0,0
232.650,1,0,0,0
232.700,1,0,0,0
232.750,1,0,0,0
232.800,1,0,0,1
232.850,1,0,1,1
232.900,1,0,1,1
232.950,1,0,1,1
233.000,1,0,1,1
233.050,0,1,1,1
233.100,0,1,1,1
233.150,0,1,1,1
233.200,0,1,1,1
233.250,0,1,1,1
233.300,0,1,1,0
233.350,0,1,0,0
233.400,0,1,0,0
233.450,0,1,0,0
233.500,0,1,0,0
233.550,1,0,0,0
233.600,1,0,0,0
233.650,1,0,0,0
233.700,1,0,0,0
233.750,1,0,0,0
233.800,1,0,0,0
233.850,1,0,1,1
233.900,1,0,1,1
233.950,1,0,1,1
234.000,1,0,1,1
234.050,0,1,1,1
234.100,0,1,1,1
234.150,0,1,1,1
234.200,0,1,1,1
234.250,0,1,1,1
234.300,0,1,0,1
234.350,0,1,0,0
234.400,0,1,0,0
234.450,0,1,0,0
234.500,1,1,0,0
234.550,1,0,0,0
234.600,1,0,0,0
234.650,1,0,0,0
234.700,1,0,0,0
234.750,1,0,0,0
234.800,1,0,1,0
234.850,1,0,1,1
234.900,1,0,1,1
234.950,1,0,1,1
235.000,0,0,1,1
235.050,0,1,1,1
235.100,0,1,1,1
235.150,0,1,1,1
235.200,0,1,1,1
235.250,0,1,1,1
235.300,0,1,0,1
235.350,0,1,0,0
235.400,0,1,0,0
235.450,0,1,0,0
235.500,1,0,0,0
235.550,1,0,0,0
235.600,1,0,0,0
235.650,1,0,0,0
235.700,1,0,0,0
235.750,1,0,1,0
235.800,1,0,1,0
235.850,1,0,1,0
235.900,1,0,1,1
235.950,0,0,1,1
236.000,0,0,1,1
236.050,0,1,1,1
236.100,0,1,1,1
236.150,0,1,1,1
236.200,0,1,1,1
236.250,0,1,0,1
236.300,0,1,0,1
236.350,0,1,0,1
236.400,0,1,0,0
236.450,1,1,0,0
236.500,1,0,0,0
236.550,1,0,0,0
236.600,1,0,0,0
236.650,1,0,0,0
236.700,1,0,0,0
236.750,1,0,1,0
236.800,1,0,1,0
236.850,1,0,1,0
236.900,1,0,1,1
236.950,0,0,1,1
237.000,0,0,1,1
237.050,0,1,1,1
237.100,0,1,1,1
237.150,0,1,1,1
237.200,0,1,0,1
237.250,0,1,0,1
237.300,0,1,0,1
237.350,0,1,0,1
237.400,0,1,0,0
237.450,1,1,0,0
237.500,1,0,0,0
237.550,1,0,0,0
237.600,1,0,0,0
237.650,1,0,0,0
237.700,1,0,1,0
237.750,1,0,1,0
237.800,1,0,1,0
237.850,1,0,1,0
237.900,0,0,1,0
237.950,0,0,1,1
238.000,0,1,1,1
238.050,0,1,1,1
238.100,0,1,1,1
238.150,0,1,0,1
238.200,0,1,0,1
238.250,0,1,0,1
238.300,0,1,0,1
238.350,0,1,0,1
238.400,1,1,0,1
238.450,1,1,0,0
238.500,1,0,0,0
238.550,1,0,0,0
238.600,1,0,0,0
238.650,1,0,1,0
238.700,1,0,1,0
238.750,1,0,1,0
238.800,1,0,1,0
238.850,1,0,1,0
238.900,0,0,1,0
238.950,0,0,1,1
239.000,0,0,1,1
239.050,0,1,1,1
239.100,0,1,1,1
239.150,0,1,0,1
239.200,0,1,0,1
239.250,0,1,0,1
239.300,0,1,0,1
239.350,0,1,0,1
239.400,1,1,0,1
239.450,1,1,0,0
239.500,1,0,0,0
239.550,1,0,0,0
239.600,1,0,1,0
239.650,1,0,1,0
239.700,1,0,1,0
239.750,1,0,1,0
239.800,1,0,1,0
239.850,0,0,1,0
239.900,0,0,1,0
239.950,0,0,1,1
240.000,0,0,1,1
240.050,0,1,1,1
240.100,0,1,0,1
240.150,0,1,0,1
240.200,0,1,0,1
240.250,0,1,0,1
240.300,0,1,0,1
240.350,1,1,0,1
240.400,1,1,0,1
240.450,1,1,0,0
240.500,1,0,0,0
240.550,1,0,0,0
240.600,1,0,1,0
240.650,1,0,1,0
240.700,1,0,1,0
240.750,1,0,1,0
240.800,1,0,1,0
240.850,0,0,1,0
240.900,0,0,1,0
240.950,0,0,1,0
241.000,0,0,1,1
241.050,0,1,0,1
241.100,0,1,0,1
241.150,0,1,0,1
241.200,0,1,0,1
241.250,0,1,0,1
241.300,0,1,0,1
241.350,1,1,0,1
241.400,1,1,0,1
241.450,1,1,0,1
241.500,1,0,0,0
241.550,1,0,1,0
241.600,1,0,1,0
241.650,1,0,1,0
241.700,1,0,1,0
241.750,1,0,1,0
241.800,0,0,1,0
241.850,0,0,1,0
241.900,0,0,1,0
241.950,0,0,1,0
242.000,0,0,0,1
242.050,0,1,0,1
242.100,0,1,0,1
242.150,0,1,0,1
242.200,0,1,0,1
242.250,0,1,0,1
242.300,1,1,0,1
242.350,1,1,0,1
242.400,1,1,0,1
242.450,1,1,0,1
242.500,1,1,1,0
242.550,1,0,1,0
242.600,1,0,1,0
242.650,1,0,1,0
242.700,1,0,1,0
242.750,0,0,1,0
242.800,0,0,1,0
242.850,0,0,1,0
242.900,0,0,1,0
242.950,0,0,0,0
243.000,0,0,0,1
243.050,0,0,0,1
243.100,0,1,0,1
243.150,0,1,0,1
243.200,0,1,0,1
243.250,1,1,0,1
243.300,1,1,0,1
243.350,1,1,0,1
243.400,1,1,0,1
243.450,1,1,1,1
243.500,1,1,1,0
243.550,1,1,1,0
243.600,1,0,1,0
243.650,1,0,1,0
243.700,0,0,1,0
243.750,0,0,1,0
243.800,0,0,1,0
243.850,0,0,1,0
243.900,0,0,0,0
243.950,0,0,0,0
244.000,0,0,0,1
244.050,0,0,0,1
244.100,0,1,0,1
244.150,0,1,0,1
244.200,0,1,0,1
244.250,1,1,0,1
244.300,1,1,0,1
244.350,1,1,0,1
244.400,1,1,1,1
244.450,1,1,1,1
244.500,1,1,1,0
244.550,1,1,1,0
244.600,1,0,1,0
244.650,1,0,1,0
244.700,0,0,1,0
244.750,0,0,1,0
244.800,0,0,1,0
244.850,0,0,0,0
244.900,0,0,0,0
244.950,0,0,0,0
245.000,0,0,0,0
245.050,0,0,0,1
245.100,0,0,0,1
245.150,0,1,0,1
245.200,1,1,0,1
245.250,1,1,0,1
245.300,1,1,0,1
245.350,1,1,1,1
245.400,1,1,1,1
245.450,1,1,1,1
245.500,1,1,1,1
245.550,1,1,1,0
245.600,1,0,1,0
245.650,0,0,1,0
245.700,0,0,1,0
245.750,0,0,1,0
245.800,0,0,0,0
245.850,0,0,0,0
245.900,0,0,0,0
245.950,0,0,0,0
246.000,0,0,0,0
246.050,0,0,0,1
246.100,0,0,0,1
246.150,1,1,0,1
246.200,1,1,0,1
246.250,1,1,1,1
246.300,1,1,1,1
246.350,1,1,1,1
246.400,1,1,1,1
246.450,1,1,1,1
246.500,1,1,1,1
246.550,1,1,1,0
246.600,1,1,1,0
246.650,0,0,1,0
246.700,0,0,1,0
246.750,0,0,0,0
246.800,0,0,0,0
246.850,0,0,0,0
246.900,0,0,0,0
246.950,0,0,0,0
247.000,0,0,0,0
247.050,0,0,0,1
247.100,0,0,0,1
247.150,1,1,0,1
247.200,1,1,1,1
247.250,1,1,1,1
247.300,1,1,1,1
247.350,1,1,1,1
247.400,1,1,1,1
247.450,1,1,1,1
247.500,1,1,1,0
247.550,1,1,1,0
247.600,0,1,1,0
247.650,0,0,0,0
247.700,0,0,0,0
247.750,0,0,0,0
247.800,0,0,0,0
247.850,0,0,0,0
247.900,0,0,0,0
247.950,0,0,0,0
248.000,0,0,0,0
248.050,0,0,0,1
248.100,1,0,0,1
248.150,1,1,1,1
248.200,1,1,1,1
248.250,1,1,1,1
248.300,1,1,1,1
248.350,1,1,1,1
248.400,1,1,1,1
248.450,1,1,1,1
248.500,1,1,1,0
248.550,0,1,1,0
248.600,0,1,0,0
248.650,0,0,0,0
248.700,0,0,0,0
248.750,0,0,0,0
248.800,0,0,0,0
248.850,0,0,0,0
248.900,0,0,0,0
248.950,0,0,0,0
249.000,0,0,0,1
249.050,1,0,0,1
249.100,1,0,1,1
249.150,1,0,1,1
249.200,1,1,1,1
249.250,1,1,1,1
249.300,1,1,1,1
249.350,1,1,1,1
249.400,1,1,1,1
249.450,1,1,1,1
249.500,1,1,1,0
249.550,0,1,0,0
249.600,0,1,0,0
249.650,0,1,0,0
249.700,0,0,0,0
249.750,0,0,0,0
249.800,0,0,0,0
249.850,0,0,0,0
249.900,0,0,0,0
249.950,0,0,0,0
250.000,0,0,0,1
250.050,1,0,1,1
250.100,1,0,1,1
250.150,1,0,1,1
250.200,1,1,1,1
250.250,1,1,1,1
250.300,1,1,1,1
250.350,1,1,1,1
250.400,1,1,1,1
250.450,1,1,1,0
250.500,0,1,0,0
250.550,0,1,0,0
250.600,0,1,0,0
250.650,0,1,0,0
250.700,0,0,0,0
250.750,0,0,0,0
250.800,0,0,0,0
250.850,0,0,0,0
250.900,0,0,0,0
250.950,0,0,1,1
251.000,1,0,1,1
251.050,1,0,1,1
251.100,1,0,1,1
251.150,1,0,1,1
251.200,1,0,1,1
251.250,1,1,1,1
251.300,1,1,1,1
251.350,1,1,1,1
251.400,1,1,0,1
251.450,0,1,0,0
251.500,0,1,0,0
251.550,0,1,0,0
251.600,0,1,0,0
251.650,0,1,0,0
251.700,0,1,0,0
251.750,0,0,0,0
251.800,0,0,0,0
251.850,0,0,0,0
251.900,0,0,1,0
251.950,1,0,1,1
252.000,1,0,1,1
252.050,1,0,1,1
252.100,1,0,1,1
252.150,1,0,1,1
252.200,1,0,1,1
252.250,1,1,1,1
252.300,1,1,1,1
252.350,1,1,0,1
252.400,0,1,0,0
252.450,0,1,0,0
252.500,0,1,0,0
252.550,0,1,0,0
252.600,0,1,0,0
252.650,0,1,0,0
252.700,0,1,0,0
252.750,0,0,0,0
252.800,0,0,0,0
252.850,0,0,1,0
252.900,1,0,1,1
252.950,1,0,1,1
253.000,1,0,1,1
253.050,1,0,1,1
253.100,1,0,1,1
253.150,1,0,1,1
253.200,1,0,1,1
253.250,1,0,1,1
253.300,1,1,0,1
253.350,0,1,0,1
253.400,0,1,0,0
253.450,0,1,0,0
253.500,0,1,0,0
253.550,0,1,0,0
253.600,0,1,0,0
253.650,0,1,0,0
253.700,0,1,0,0
253.750,0,1,1,0
253.800,0,0,1,0
253.850,1,0,1,0
253.900,1,0,1,1
253.950,1,0,1,1
254.000,1,0,1,1
254.050,1,0,1,1
254.100,1,0,1,1
254.150,1,0,1,1
254.200,1,0,1,1
254.250,1,0,0,1
254.300,0,1,0,1
254.350,0,1,0,0
254.400,0,1,0,0
254.450,0,1,0,0
254.500,0,1,0,0
254.550,0,1,0,0
254.600,0,1,0,0
254.650,0,1,0,0
254.700,0,1,1,0
254.750,0,1,1,0
254.800,1,0,1,0
254.850,1,0,1,1
254.900,1,0,1,1
254.950,1,0,1,1
255.000,1,0,1,1
255.050,1,0,1,1
255.100,1,0,1,1
255.150,1,0,0,1
255.200,1,0,0,1
255.250,0,0,0,1
255.300,0,0,0,1
255.350,0,1,0,0
255.400,0,1,0,0
255.450,0,1,0,0
255.500,0,1,0,0
255.550,0,1,0,0
255.600,0,1,0,0
255.650,0,1,1,0
255.700,0,1,1,0
255.750,1,1,1,0
255.800,1,0,1,0
255.850,1,0,1,1
255.900,1,0,1,1
255.950,1,0,1,1
256.000,1,0,1,1
256.050,1,0,1,1
256.100,1,0,0,1
256.150,1,0,0,1
256.200,0,0,0,1
256.250,0,0,0,1
256.300,0,0,0,0
256.350,0,1,0,0
256.400,0,1,0,0
256.450,0,1,0,0
256.500,0,1,0,0
256.550,0,1,1,0
256.600,0,1,1,0
256.650,0,1,1,0
256.700,1,1,1,0
256.750,1,1,1,0
256.800,1,0,1,1
256.850,1,0,1,1
256.900,1,0,1,1
256.950,1,0,1,1
257.000,1,0,0,1
257.050,1,0,0,1
257.100,1,0,0,1
257.150,0,0,0,1
257.200,0,0,0,1
257.250,0,0,0,1
257.300,0,0,0,0
257.350,0,1,0,0
257.400,0,1,0,0
257.450,0,1,0,0
257.500,0,1,1,0
257.550,0,1,1,0
257.600,0,1,1,0
257.650,1,1,1,0
257.700,1,1,1,0
257.750,1,1,1,1
257.800,1,0,1,1
257.850,1,0,1,1
257.900,1,0,1,1
257.950,1,0,0,1
258.000,1,0,0,1
258.050,1,0,0,1
258.100,0,0,0,1
258.150,0,0,0,1
258.200,0,0,0,1
258.250,0,0,0,0
258.300,0,1,0,0
258.350,0,1,0,0
258.400,0,1,1,0
258.450,0,1,1,0
258.500,0,1,1,0
258.550,0,1,1,0
258.600,1,1,1,0
258.650,1,1,1,0
258.700,1,1,1,0
258.750,1,1,1,1
258.800,1,0,1,1
258.850,1,0,0,1
258.900,1,0,0,1
258.950,1,0,0,1
259.000,1,0,0,1
259.050,0,0,0,1
259.100,0,0,0,1
259.150,0,0,0,1
259.200,0,0,0,0
259.250,0,0,0,0
259.300,0,1,0,0
259.350,0,1,1,0
259.400,0,1,1,0
259.450,0,1,1,0
259.500,1,1,1,0
259.550,1,1,1,0
259.600,1,1,1,0
259.650,1,1,1,0
259.700,1,1,1,1
259.750,1,1,1,1
259.800,1,0,0,1
259.850,1,0,0,1
259.900,1,0,0,1
259.950,1,0,0,1
260.000,0,0,0,1
260.050,0,0,0,1
260.100,0,0,0,1
260.150,0,0,0,0
260.200,0,0,0,0
260.250,0,0,0,0
260.300,0,1,1,0
260.350,0,1,1,0
260.400,0,1,1,0
260.450,1,1,1,0
260.500,1,1,1,0
260.550,1,1,1,0
260.600,1,1,1,0
260.650,1,1,1,1
260.700,1,1,1,1
260.750,1,0,0,1
260.800,1,0,0,1
260.850,1,0,0,1
260.900,1,0,0,1
260.950,0,0,0,1
261.000,0,0,0,1
261.050,0,0,0,1
261.100,0,0,0,0
261.150,0,0,0,0
261.200,0,0,1,0
261.250,0,1,1,0
261.300,0,1,1,0
261.350,0,1,1,0
261.400,1,1,1,0
261.450,1,1,1,0
261.500,1,1,1,0
261.550,1,1,1,1
261.600,1,1,1,1
261.650,1,1,1,1
261.700,1,1,0,1
261.750,1,0,0,1
261.800,1,0,0,1
261.850,0,0,0,1
261.900,0,0,0,1
261.950,0,0,0,1
262.000,0,0,0,1
262.050,0,0,0,0
262.100,0,0,0,0
262.150,0,0,1,0
262.200,0,0,1,0
262.250,0,1,1,0
262.300,0,1,1,0
262.350,1,1,1,0
262.400,1,1,1,0
262.450,1,1,1,0
262.500,1,1,1,1
262.550,1,1,1,1
262.600,1,1,0,1
262.650,1,1,0,1
262.700,1,1,0,1
262.750,1,0,0,1
262.800,0,0,0,1
262.850,0,0,0,1
262.900,0,0,0,1
262.950,0,0,0,1
263.000,0,0,0,0
263.050,0,0,0,0
263.100,0,0,1,0
263.150,0,0,1,0
263.200,0,0,1,0
263.250,1,1,1,0
263.300,1,1,1,0
263.350,1,1,1,0
263.400,1,1,1,0
263.450,1,1,1,1
263.500,1,1,1,1
263.550,1,1,0,1
263.600,1,1,0,1
263.650,1,1,0,1
263.700,1,0,0,1
263.750,0,0,0,1
263.800,0,0,0,1
263.850,0,0,0,1
263.900,0,0,0,1
263.950,0,0,0,0
264.000,0,0,0,0
264.050,0,0,1,0
264.100,0,0,1,0
264.150,0,0,1,0
264.200,1,1,1,0
264.250,1,1,1,0
264.300,1,1,1,0
264.350,1,1,1,0
264.400,1,1,1,1
264.450,1,1,1,1
264.500,1,1,0,1
264.550,1,1,0,1
264.600,1,1,0,1
264.650,0,1,0,1
264.700,0,0,0,1
264.750,0,0,0,1
264.800,0,0,0,1
264.850,0,0,0,0
264.900,0,0,0,0
264.950,0,0,0,0
265.000,0,0,1,0
265.050,0,0,1,0
265.100,0,0,1,0
265.150,1,0,1,0
265.200,1,1,1,0
265.250,1,1,1,0
265.300,1,1,1,0
265.350,1,1,1,1
265.400,1,1,0,1
265.450,1,1,0,1
265.500,1,1,0,1
265.550,1,1,0,1
265.600,0,1,0,1
265.650,0,1,0,1
265.700,0,0,0,1
265.750,0,0,0,1
265.800,0,0,0,1
265.850,0,0,0,0
265.900,0,0,1,0
265.950,0,0,1,0
266.000,0,0,1,0
266.050,1,0,1,0
266.100,1,0,1,0
266.150,1,0,1,0
266.200,1,1,1,0
266.250,1,1,1,0
266.300,1,1,1,1
266.350,1,1,1,1
266.400,1,1,0,1
266.450,1,1,0,1
266.500,0,1,0,1
266.550,0,1,0,1
266.600,0,1,0,1
266.650,0,0,0,1
266.700,0,0,0,1
266.750,0,0,0,1
266.800,0,0,0,0
266.850,0,0,1,0
266.900,0,0,1,0
266.950,0,0,1,0
267.000,1,0,1,0
267.050,1,0,1,0
267.100,1,0,1,0
267.150,1,1,1,0
267.200,1,1,1,0
267.250,1,1,1,0
267.300,1,1,0,1
267.350,1,1,0,1
267.400,1,1,0,1
267.450,0,1,0,1
267.500,0,1,0,1
267.550,0,1,0,1
267.600,0,0,0,1
267.650,0,0,0,1
267.700,0,0,0,1
267.750,0,0,0,0
267.800,0,0,1,0
267.850,0,0,1,0
267.900,0,0,1,0
267.950,1,0,1,0
268.000,1,0,1,0
268.050,1,0,1,0
268.100,1,0,1,0
268.150,1,1,1,0
268.200,1,1,1,1
268.250,1,1,0,1
268.300,1,1,0,1
268.350,1,1,0,1
268.400,0,1,0,1
268.450,0,1,0,1
268.500,0,1,0,1
268.550,0,1,0,1
268.600,0,0,0,1
268.650,0,0,0,1
268.700,0,0,0,0
268.750,0,0,1,0
268.800,0,0,1,0
268.850,1,0,1,0
268.900,1,0,1,0
268.950,1,0,1,0
269.000,1,0,1,0
269.050,1,1,1,0
269.100,1,1,1,0
269.150,1,1,1,1
269.200,1,1,0,1
269.250,1,1,0,1
269.300,1,1,0,1
269.350,0,1,0,1
269.400,0,1,0,1
269.450,0,1,0,1
269.500,0,1,0,1
269.550,0,0,0,1
269.600,0,0,0,0
269.650,0,0,0,0
269.700,0,0,1,0
269.750,0,0,1,0
269.800,1,0,1,0
269.850,1,0,1,0
269.900,1,0,1,0
269.950,1,0,1,0
270.000,1,0,1,0
270.050,1,1,1,0
270.100,1,1,1,1
270.150,1,1,1,1
270.200,1,1,0,1
270.250,0,1,0,1
270.300,0,1,0,1
270.350,0,1,0,1
270.400,0,1,0,1
270.450,0,1,0,1
270.500,0,0,0,1
270.550,0,0,0,0
270.600,0,0,0,0
270.650,0,0,1,0
270.700,0,0,1,0
270.750,1,0,1,0
270.800,1,0,1,0
270.850,1,0,1,0
270.900,1,0,1,0
270.950,1,0,1,0
271.000,1,1,1,1
271.050,1,1,1,1
271.100,1,1,1,1
271.150,1,1,0,1
271.200,0,1,0,1
271.250,0,1,0,1
271.300,0,1,0,1
271.350,0,1,0,1
271.400,0,1,0,1
271.450,0,0,0,0
271.500,0,0,0,0
271.550,0,0,0,0
271.600,0,0,1,0
271.650,1,0,1,0
271.700,1,0,1,0
271.750,1,0,1,0
271.800,1,0,1,0
271.850,1,0,1,0
271.900,1,0,1,0
271.950,1,1,1,1
272.000,1,1,1,1
272.050,1,1,1,1
272.100,1,1,0,1
272.150,0,1,0,1
272.200,0,1,0,1
272.250,0,1,0,1
272.300,0,1,0,1
272.350,0,1,0,1
272.400,0,0,0,0
272.450,0,0,0,0
272.500,0,0,0,0
272.550,0,0,1,0
272.600,1,0,1,0
272.650,1,0,1,0
272.700,1,0,1,0
272.750,1,0,1,0
272.800,1,0,1,0
272.850,1,0,1,0
272.900,1,1,1,1
272.950,1,1,1,1
273.000,1,1,1,1
273.050,0,1,0,1
273.100,0,1,0,1
273.150,0,1,0,1
273.200,0,1,0,1
273.250,0,1,0,1
273.300,0,1,0,1
273.350,0,0,0,0
273.400,0,0,0,0
273.450,0,0,0,0
273.500,0,0,0,0
273.550,1,0,1,0
273.600,1,0,1,0
273.650,1,0,1,0
273.700,1,0,1,0
273.750,1,0,1,0
273.800,1,0,1,1
273.850,1,1,1,1
273.900,1,1,1,1
273.950,1,1,1,1
274.000,0,1,0,1
274.050,0,1,0,1
274.100,0,1,0,1
274.150,0,1,0,1
274.200,0,1,0,1
274.250,0,1,0,0
274.300,0,0,0,0
274.350,0,0,0,0
274.400,0,0,0,0
274.450,0,0,0,0
274.500,1,0,1,0
274.550,1,0,1,0
274.600,1,0,1,0
274.650,1,0,1,0
274.700,1,0,1,0
274.750,1,0,1,1
274.800,1,1,1,1
274.850,1,1,1,1
274.900,0,1,1,1
274.950,0,1,0,1
275.000,0,1,0,1
275.050,0,1,0,1
275.100,0,1,0,1
275.150,0,1,0,1
275.200,0,1,0,0
275.250,0,0,0,0
275.300,0,0,0,0
275.350,0,0,0,0
275.400,1,0,0,0
275.450,1,0,1,0
275.500,1,0,1,0
275.550,1,0,1,0
275.600,1,0,1,0
275.650,1,0,1,1
275.700,1,0,1,1
275.750,1,1,1,1
275.800,1,1,1,1
275.850,0,1,1,1
275.900,0,1,0,1
275.950,0,1,0,1
276.000,0,1,0,1
276.050,0,1,0,1
276.100,0,1,0,1
276.150,0,1,0,0
276.200,0,0,0,0
276.250,0,0,0,0
276.300,0,0,0,0
276.350,1,0,0,0
276.400,1,0,1,0
276.450,1,0,1,0
276.500,1,0,1,0
276.550,1,0,1,0
276.600,1,0,1,1
276.650,1,0,1,1
276.700,1,1,1,1
276.750,1,1,1,1
276.800,0,1,1,1
276.850,0,1,1,1
276.900,0,1,0,1
276.950,0,1,0,1
277.000,0,1,0,1
277.050,0,1,0,0
277.100,0,1,0,0
277.150,0,0,0,0
277.200,0,0,0,0
277.250,0,0,0,0
277.300,1,0,0,0
277.350,1,0,1,0
277.400,1,0,1,0
277.450,1,0,1,0
277.500,1,0,1,0
277.550,1,0,1,1
277.600,1,0,1,1
277.650,1,1,1,1
277.700,1,1,1,1
277.750,0,1,1,1
277.800,0,1,1,1
277.850,0,1,0,1
277.900,0,1,0,1
277.950,0,1,0,1
278.000,0,1,0,0
278.050,0,1,0,0
278.100,0,0,0,0
278.150,0,0,0,0
278.200,0,0,0,0
278.250,1,0,0,0
278.300,1,0,0,0
278.350,1,0,1,0
278.400,1,0,1,0
278.450,1,0,1,0
278.500,1,0,1,1
278.550,1,0,1,1
278.600,1,1,1,1
278.650,1,1,1,1
278.700,0,1,1,1
278.750,0,1,1,1
278.800,0,1,0,1
278.850,0,1,0,1
278.900,0,1,0,1
278.950,0,1,0,0
279.000,0,1,0,0
279.050,0,0,0,0
279.100,0,0,0,0
279.150,0,0,0,0
279.200,1,0,0,0
279.250,1,0,0,0
279.300,1,0,1,0
279.350,1,0,1,0
279.400,1,0,1,1
279.450,1,0,1,1
279.500,1,0,1,1
279.550,1,1,1,1
279.600,1,1,1,1
279.650,0,1,1,1
279.700,0,1,1,1
279.750,0,1,0,1
279.800,0,1,0,1
279.850,0,1,0,0
279.900,0,1,0,0
279.950,0,1,0,0
280.000,0,0,0,0
280.050,0,0,0,0
280.100,1,0,0,0
280.150,1,0,0,0
280.200,1,0,0,0
280.250,1,0,1,0
280.300,1,0,1,0
280.350,1,0,1,1
280.400,1,0,1,1
280.450,1,0,1,1
280.500,1,1,1,1
280.550,1,1,1,1
280.600,0,1,1,1
280.650,0,1,1,1
280.700,0,1,1,1
280.750,0,1,0,1
280.800,0,1,0,0
280.850,0,1,0,0
280.900,0,1,0,0
280.950,0,0,0,0
281.000,0,0,0,0
281.050,0,0,0,0
281.100,1,0,0,0
281.150,1,0,0,0
281.200,1,0,1,0
281.250,1,0,1,1
281.300,1,0,1,1
281.350,1,0,1,1
281.400,1,1,1,1
281.450,1,1,1,1
281.500,1,1,1,1
281.550,0,1,1,1
281.600,0,1,1,1
281.650,0,1,1,1
281.700,0,1,0,0
281.750,0,1,0,0
281.800,0,1,0,0
281.850,0,0,0,0
281.900,0,0,0,0
281.950,0,0,0,0
282.000,0,0,0,0
282.050,1,0,0,0
282.100,1,0,0,0
282.150,1,0,1,0
282.200,1,0,1,1
282.250,1,0,1,1
282.300,1,0,1,1
282.350,1,1,1,1
282.400,1,1,1,1
282.450,1,1,1,1
282.500,0,1,1,1
282.550,0,1,1,1
282.600,0,1,1,1
282.650,0,1,0,0
282.700,0,1,0,0
282.750,0,1,0,0
282.800,0,0,0,0
282.850,0,0,0,0
282.900,0,0,0,0
282.950,0,0,0,0
283.000,1,0,0,0
283.050,1,0,0,0
283.100,1,0,1,0
283.150,1,0,1,1
283.200,1,0,1,1
283.250,1,1,1,1
283.300,1,1,1,1
283.350,1,1,1,1
283.400,1,1,1,1
283.450,0,1,1,1
283.500,0,1,1,1
283.550,0,1,1,1
283.600,0,1,0,0
283.650,0,1,0,0
283.700,0,1,0,0
283.750,0,0,0,0
283.800,0,0,0,0
283.850,0,0,0,0
283.900,0,0,0,0
283.950,1,0,0,0
284.000,1,0,0,0
284.050,1,0,1,0
284.100,1,0,1,1
284.150,1,0,1,1
284.200,1,1,1,1
284.250,1,1,1,1
284.300,1,1,1,1
284.350,1,1,1,1
284.400,0,1,1,1
284.450,0,1,1,1
284.500,0,1,1,1
284.550,0,1,0,0
284.600,0,1,0,0
284.650,0,0,0,0
284.700,0,0,0,0
284.750,0,0,0,0
284.800,0,0,0,0
284.850,0,0,0,0
284.900,1,0,0,0
284.950,1,0,0,0
285.000,1,0,1,0
285.050,1,0,1,1
285.100,1,0,1,1
285.150,1,1,1,1
285.200,1,1,1,1
285.250,1,1,1,1
285.300,1,1,1,1
285.350,0,1,1,1
285.400,0,1,1,1
285.450,0,1,1,1
285.500,0,1,0,0
285.550,0,1,0,0
285.600,0,0,0,0
285.650,0,0,0,0
285.700,0,0,0,0
285.750,0,0,0,0
285.800,0,0,0,0
285.850,1,0,0,0
285.900,1,0,0,0
285.950,1,0,0,0
286.000,1,0,1,1
286.050,1,0,1,1
286.100,1,1,1,1
286.150,1,1,1,1
286.200,1,1,1,1
286.250,1,1,1,1
286.300,0,1,1,1
286.350,0,1,1,1
286.400,0,1,1,1
286.450,0,1,0,0
286.500,0,1,0,0
286.550,0,0,0,0
286.600,0,0,0,0
286.650,0,0,0,0
286.700,0,0,0,0
286.750,0,0,0,0
286.800,1,0,0,0
286.850,1,0,0,0
286.900,1,0,1,0
286.950,1,0,1,1
287.000,1,0,1,1
287.050,1,1,1,1
287.100,1,1,1,1
287.150,1,1,1,1
287.200,1,1,1,1
287.250,1,1,1,1
287.300,0,1,1,1
287.350,0,1,1,1
287.400,0,1,0,1
287.450,0,1,0,0
287.500,0,0,0,0
287.550,0,0,0,0
287.600,0,0,0,0
287.650,0,0,0,0
287.700,0,0,0,0
287.750,1,0,0,0
287.800,1,0,0,0
287.850,1,0,1,0
287.900,1,0,1,0
287.950,1,1,1,1
288.000,1,1,1,1
288.050,1,1,1,1
288.100,1,1,1,1
288.150,1,1,1,1
288.200,1,1,1,1
288.250,0,1,1,1
288.300,0,1,1,1
288.350,0,1,0,1
288.400,0,0,0,0
288.450,0,0,0,0
288.500,0,0,0,0
288.550,0,0,0,0
288.600,0,0,0,0
288.650,0,0,0,0
288.700,0,0,0,0
288.750,1,0,0,0
288.800,1,0,0,0
288.850,1,0,1,0
288.900,1,1,1,1
288.950,1,1,1,1
289.000,1,1,1,1
289.050,1,1,1,1
289.100,1,1,1,1
289.150,1,1,1,1
289.200,0,1,1,1
289.250,0,1,1,1
289.300,0,1,0,1
289.350,0,0,0,0
289.400,0,0,0,0
289.450,0,0,0,0
289.500,0,0,0,0
289.550,0,0,0,0
289.600,0,0,0,0
289.650,0,0,0,0
289.700,1,0,0,0
289.750,1,0,1,0
289.800,1,1,1,0
289.850,1,1,1,1
289.900,1,1,1,1
289.950,1,1,1,1
290.000,1,1,1,1
290.050,1,1,1,1
290.100,1,1,1,1
290.150,0,1,1,1
290.200,0,1,1,1
290.250,0,0,0,1
290.300,0,0,0,0
290.350,0,0,0,0
290.400,0,0,0,0
290.450,0,0,0,0
290.500,0,0,0,0
290.550,0,0,0,0
290.600,0,0,0,0
290.650,1,0,0,0
290.700,1,0,0,0
290.750,1,1,1,0
290.800,1,1,1,1
290.850,1,1,1,1
290.900,1,1,1,1
290.950,1,1,1,1
291.000,1,1,1,1
291.050,1,1,1,1
291.100,1,1,1,1
291.150,0,1,1,1
291.200,0,0,0,1
291.250,0,0,0,1
291.300,0,0,0,0
291.350,0,0,0,0
291.400,0,0,0,0
291.450,0,0,0,0
291.500,0,0,0,0
291.550,0,0,0,0
291.600,1,0,0,0
291.650,1,1,1,0
291.700,1,1,1,0
291.750,1,1,1,1
291.800,1,1,1,1
291.850,1,1,1,1
291.900,1,1,1,1
291.950,1,1,1,1
292.000,1,1,1,1
292.050,1,1,1,1
292.100,0,0,1,1
292.150,0,0,0,1
292.200,0,0,0,1
292.250,0,0,0,0
292.300,0,0,0,0
292.350,0,0,0,0
292.400,0,0,0,0
292.450,0,0,0,0
292.500,0,0,0,0
292.550,0,0,0,0
292.600,1,1,1,0
292.650,1,1,1,0
292.700,1,1,1,1
292.750,1,1,1,1
292.800,1,1,1,1
292.850,1,1,1,1
292.900,1,1,1,1
292.950,1,1,1,1
293.000,1,1,1,1
293.050,0,0,0,1
293.100,0,0,0,1
293.150,0,0,0,1
293.200,0,0,0,0
293.250,0,0,0,0
293.300,0,0,0,0
293.350,0,0,0,0
293.400,0,0,0,0
293.450,0,0,0,0
293.500,0,1,0,0
293.550,1,1,1,0
293.600,1,1,1,0
293.650,1,1,1,0
293.700,1,1,1,1
293.750,1,1,1,1
293.800,1,1,1,1
293.850,1,1,1,1
293.900,1,1,1,1
293.950,1,0,1,1
294.000,0,0,0,1
294.050,0,0,0,1
294.100,0,0,0,1
294.150,0,0,0,0
294.200,0,0,0,0
294.250,0,0,0,0
294.300,0,0,0,0
294.350,0,0,0,0
294.400,0,0,0,0
294.450,0,1,0,0
294.500,1,1,1,0
294.550,1,1,1,0
294.600,1,1,1,0
294.650,1,1,1,1
294.700,1,1,1,1
294.750,1,1,1,1
294.800,1,1,1,1
294.850,1,1,1,1
294.900,1,0,1,1
294.950,0,0,0,1
295.000,0,0,0,1
295.050,0,0,0,1
295.100,0,0,0,0
295.150,0,0,0,0
295.200,0,0,0,0
295.250,0,0,0,0
295.300,0,0,0,0
295.350,0,0,0,0
295.400,0,1,0,0
295.450,1,1,1,0
295.500,1,1,1,0
295.550,1,1,1,0
295.600,1,1,1,1
295.650,1,1,1,1
295.700,1,1,1,1
295.750,1,1,1,1
295.800,1,1,1,1
295.850,1,1,1,1
295.900,0,0,0,1
295.950,0,0,0,1
296.000,0,0,0,1
296.050,0,0,0,1
296.100,0,0,0,0
296.150,0,0,0,0
296.200,0,0,0,0
296.250,0,0,0,0
296.300,0,0,0,0
296.350,0,1,0,0
296.400,1,1,1,0
296.450,1,1,1,0
296.500,1,1,1,0
296.550,1,1,1,0
296.600,1,1,1,1
296.650,1,1,1,1
296.700,1,1,1,1
296.750,1,1,1,1
296.800,1,1,0,1
296.850,0,0,0,1
296.900,0,0,0,1
296.950,0,0,0,1
297.000,0,0,0,1
297.050,0,0,0,0
297.100,0,0,0,0
297.150,0,0,0,0
297.200,0,0,0,0
297.250,0,0,0,0
297.300,0,0,1,0
297.350,1,1,1,0
297.400,1,1,1,0
297.450,1,1,1,0
297.500,1,1,1,0
297.550,1,1,1,1
297.600,1,1,1,1
297.650,1,1,1,1
297.700,1,1,1,1
297.750,1,1,1,1
297.800,0,0,0,1
297.850,0,0,0,1
297.900,0,0,0,1
297.950,0,0,0,1
298.000,0,0,0,1
298.050,0,0,0,0
298.100,0,0,0,0
298.150,0,0,0,0
298.200,0,0,0,0
298.250,0,0,1,0
298.300,1,1,1,0
298.350,1,1,1,0
298.400,1,1,1,0
298.450,1,1,1,0
298.500,1,1,1,0
298.550,1,1,1,1
298.600,1,1,1,1
298.650,1,1,1,1
298.700,1,1,0,1
298.750,0,0,0,1
298.800,0,0,0,1
298.850,0,0,0,1
298.900,0,0,0,1
298.950,0,0,0,1
299.000,0,0,0,0
299.050,0,0,0,0
299.100,0,0,0,0
299.150,0,0,0,0
299.200,0,0,1,0
299.250,1,1,1,0
299.300,1,1,1,0
299.350,1,1,1,0
299.400,1,1,1,0
299.450,1,1,1,0
299.500,1,1,1,1
299.550,1,1,1,1
299.600,1,1,1,1
299.650,1,1,0,1
299.700,0,0,0,1
299.750,0,0,0,1
299.800,0,0,0,1
299.850,0,0,0,1
299.900,0,0,0,1
299.950,0,0,0,1
300.000,0,0,0,1
300.050,0,0,0,1
300.100,0,0,0,1
300.150,0,0,0,0
300.200,0,0,0,0
300.250,0,1,0,0
300.300,0,1,0,0
300.350,0,1,0,0
300.400,0,1,0,0
300.450,1,1,1,0
300.500,1,1,1,0
300.550,1,1,1,0
300.600,1,1,1,0
300.650,1,1,1,1
300.700,1,1,1,1
300.750,1,0,1,1
300.800,1,0,1,1
300.850,1,0,1,1
300.900,0,0,0,1
300.950,0,0,0,1
301.000,0,0,0,1
301.050,0,0,0,1
301.100,0,0,0,1
301.150,0,0,0,1
301.200,0,0,0,0
301.250,0,1,0,0
301.300,0,1,0,0
301.350,0,1,1,0
301.400,1,1,1,0
301.450,1,1,1,0
301.500,1,1,1,0
301.550,1,1,1,0
301.600,1,1,1,0
301.650,1,1,1,0
301.700,1,1,1,1
301.750,1,0,1,1
301.800,1,0,1,1
301.850,0,0,0,1
301.900,0,0,0,1
301.950,0,0,0,1
302.000,0,0,0,1
302.050,0,0,0,1
302.100,0,0,0,1
302.150,0,0,0,1
302.200,0,0,0,0
302.250,0,1,0,0
302.300,0,1,1,0
302.350,1,1,1,0
302.400,1,1,1,0
302.450,1,1,1,0
302.500,1,1,1,0
302.550,1,1,1,0
302.600,1,1,1,0
302.650,1,1,1,0
302.700,1,1,1,0
302.750,1,0,1,1
302.800,0,0,0,1
302.850,0,0,0,1
302.900,0,0,0,1
302.950,0,0,0,1
303.000,0,0,0,1
303.050,0,0,0,1
303.100,0,0,0,1
303.150,0,0,0,1
303.200,0,0,0,1
303.250,0,1,0,0
303.300,1,1,1,0
303.350,1,1,1,0
303.400,1,1,1,0
303.450,1,1,1,0
303.500,1,1,1,0
303.550,1,1,1,0
303.600,1,1,1,0
303.650,1,1,1,0
303.700,1,0,1,0
303.750,0,0,0,1
303.800,0,0,0,1
303.850,0,0,0,1
303.900,0,0,0,1
303.950,0,0,0,1
304.000,0,0,0,1
304.050,0,0,0,1
304.100,0,0,0,1
304.150,0,0,0,1
304.200,0,1,0,1
304.250,1,1,1,0
304.300,1,1,1,0
304.350,1,1,1,0
304.400,1,1,1,0
304.450,1,1,1,0
304.500,1,1,1,0
304.550,1,1,1,0
304.600,1,1,1,0
304.650,1,1,1,0
304.700,1,0,0,0
304.750,0,0,0,1
304.800,0,0,0,1
304.850,0,0,0,1
304.900,0,0,0,1
304.950,0,0,0,1
305.000,0,0,0,1
305.050,0,0,0,1
305.100,0,0,0,1
305.150,0,0,0,1
305.200,1,1,1,1
305.250,1,1,1,0
305.300,1,1,1,0
305.350,1,1,1,0
305.400,1,1,1,0
305.450,1,1,1,0
305.500,1,1,1,0
305.550,1,1,1,0
305.600,1,1,1,0
305.650,1,0,0,0
305.700,0,0,0,0
305.750,0,0,0,1
305.800,0,0,0,1
305.850,0,0,0,1
305.900,0,0,0,1
305.950,0,0,0,1
306.000,0,0,0,1
306.050,0,0,0,1
306.100,0,0,1,1
306.150,1,1,1,1
306.200,1,1,1,1
306.250,1,1,1,0
306.300,1,1,1,0
306.350,1,1,1,0
306.400,1,1,1,0
306.450,1,1,1,0
306.500,1,1,1,0
306.550,1,1,1,0
306.600,1,1,0,0
306.650,0,0,0,0
306.700,0,0,0,0
306.750,0,0,0,1
306.800,0,0,0,1
306.850,0,0,0,1
306.900,0,0,0,1
306.950,0,0,0,1
307.000,0,0,0,1
307.050,0,0,0,1
307.100,0,0,1,1
307.150,1,1,1,1
307.200,1,1,1,1
307.250,1,1,1,0
307.300,1,1,1,0
307.350,1,1,1,0
307.400,1,1,1,0
307.450,1,1,1,0
307.500,1,1,1,0
307.550,1,1,0,0
307.600,0,0,0,0
307.650,0,0,0,0
307.700,0,0,0,0
307.750,0,0,0,1
307.800,0,0,0,1
307.850,0,0,0,1
307.900,0,0,0,1
307.950,0,0,0,1
308.000,0,0,0,1
308.050,1,0,1,1
308.100,1,1,1,1
308.150,1,1,1,1
308.200,1,1,1,1
308.250,1,1,1,0
308.300,1,1,1,0
308.350,1,1,1,0
308.400,1,1,1,0
308.450,1,1,1,0
308.500,1,1,0,0
308.550,0,1,0,0
308.600,0,0,0,0
308.650,0,0,0,0
308.700,0,0,0,0
308.750,0,0,0,1
308.800,0,0,0,1
308.850,0,0,0,1
308.900,0,0,0,1
308.950,0,0,0,1
309.000,0,0,1,1
309.050,1,0,1,1
309.100,1,1,1,1
309.150,1,1,1,1
309.200,1,1,1,1
309.250,1,1,1,0
309.300,1,1,1,0
309.350,1,1,1,0
309.400,1,1,1,0
309.450,1,1,0,0
309.500,0,1,0,0
309.550,0,1,0,0
309.600,0,0,0,0
309.650,0,0,0,0
309.700,0,0,0,0
309.750,0,0,0,0
309.800,0,0,0,1
309.850,0,0,0,1
309.900,0,0,0,1
309.950,0,0,1,1
310.000,1,0,1,1
310.050,1,0,1,1
310.100,1,1,1,1
310.150,1,1,1,1
310.200,1,1,1,1
310.250,1,1,1,0
310.300,1,1,1,0
310.350,1,1,1,0
310.400,1,1,0,0
310.450,0,1,0,0
310.500,0,1,0,0
310.550,0,1,0,0
310.600,0,0,0,0
310.650,0,0,0,0
310.700,0,0,0,0
310.750,0,0,0,1
310.800,0,0,0,1
310.850,0,0,0,1
310.900,0,0,1,1
310.950,1,0,1,1
311.000,1,0,1,1
311.050,1,0,1,1
311.100,1,1,1,1
311.150,1,1,1,1
311.200,1,1,1,1
311.250,1,1,1,1
311.300,1,1,1,0
311.350,1,1,0,0
311.400,0,1,0,0
311.450,0,1,0,0
311.500,0,1,0,0
311.550,0,0,0,0
311.600,0,0,0,0
311.650,0,0,0,0
311.700,0,0,0,0
311.750,0,0,0,0
311.800,0,0,0,1
311.850,0,0,1,1
311.900,1,0,1,1
311.950,1,0,1,1
312.000,1,0,1,1
312.050,1,0,1,1
312.100,1,1,1,1
312.150,1,1,1,1
312.200,1,1,1,1
312.250,1,1,1,0
312.300,1,1,0,0
312.350,0,1,0,0
312.400,0,1,0,0
312.450,0,1,0,0
312.500,0,1,0,0
312.550,0,1,0,0
312.600,0,0,0,0
312.650,0,0,0,0
312.700,0,0,0,0
312.750,0,0,0,0
312.800,0,0,1,1
312.850,1,0,1,1
312.900,1,0,1,1
312.950,1,0,1,1
313.000,1,0,1,1
313.050,1,0,1,1
313.100,1,1,1,1
313.150,1,1,1,1
313.200,1,1,1,1
313.250,1,1,0,0
313.300,1,1,0,0
313.350,0,1,0,0
313.400,0,1,0,0
313.450,0,1,0,0
313.500,0,1,0,0
313.550,0,0,0,0
313.600,0,0,0,0
313.650,0,0,0,0
313.700,0,0,0,0
313.750,0,0,1,1
313.800,1,0,1,1
313.850,1,0,1,1
313.900,1,0,1,1
313.950,1,0,1,1
314.000,1,0,1,1
314.050,1,1,1,1
314.100,1,1,1,1
314.150,1,1,1,1
314.200,1,1,1,1
314.250,1,1,0,0
314.300,0,1,0,0
314.350,0,1,0,0
314.400,0,1,0,0
314.450,0,1,0,0
314.500,0,1,0,0
314.550,0,0,0,0
314.600,0,0,0,0
314.650,0,0,0,0
314.700,0,0,1,0
314.750,1,0,1,1
314.800,1,0,1,1
314.850,1,0,1,1
314.900,1,0,1,1
314.950,1,0,1,1
315.000,1,0,1,1
315.050,1,1,1,1
315.100,1,1,1,1
315.150,1,1,1,1
315.200,1,1,0,1
315.250,0,1,0,0
315.300,0,1,0,0
315.350,0,1,0,0
315.400,0,1,0,0
315.450,0,1,0,0
315.500,0,1,0,0
315.550,0,0,0,0
315.600,0,0,0,0
315.650,0,0,0,0
315.700,0,0,1,1
315.750,1,0,1,1
315.800,1,0,1,1
315.850,1,0,1,1
315.900,1,0,1,1
315.950,1,0,1,1
316.000,1,0,1,1
316.050,1,1,1,1
316.100,1,1,1,1
316.150,1,1,0,1
316.200,0,1,0,0
316.250,0,1,0,0
316.300,0,1,0,0
316.350,0,1,0,0
316.400,0,1,0,0
316.450,0,1,0,0
316.500,0,1,0,0
316.550,0,0,0,0
316.600,0,0,0,0
316.650,0,0,1,0
316.700,1,0,1,1
316.750,1,0,1,1
316.800,1,0,1,1
316.850,1,0,1,1
316.900,1,0,1,1
316.950,1,0,1,1
317.000,1,0,1,1
317.050,1,1,1,1
317.100,1,1,0,1
317.150,0,1,0,0
317.200,0,1,0,0
317.250,0,1,0,0
317.300,0,1,0,0
317.350,0,1,0,0
317.400,0,1,0,0
317.450,0,1,0,0
317.500,0,1,0,0
317.550,0,0,0,0
317.600,0,0,1,0
317.650,1,0,1,1
317.700,1,0,1,1
317.750,1,0,1,1
317.800,1,0,1,1
317.850,1,0,1,1
317.900,1,0,1,1
317.950,1,0,1,1
318.000,1,0,1,1
318.050,1,1,0,1
318.100,0,1,0,1
318.150,0,1,0,0
318.200,0,1,0,0
318.250,0,1,0,0
318.300,0,1,0,0
318.350,0,1,0,0
318.400,0,1,0,0
318.450,0,1,0,0
318.500,0,0,0,0
318.550,0,0,1,0
318.600,1,0,1,0
318.650,1,0,1,1
318.700,1,0,1,1
318.750,1,0,1,1
318.800,1,0,1,1
318.850,1,0,1,1
318.900,1,0,1,1
318.950,1,0,1,1
319.000,1,0,0,1
319.050,1,1,0,1
319.100,0,1,0,1
319.150,0,1,0,0
319.200,0,1,0,0
319.250,0,1,0,0
319.300,0,1,0,0
319.350,0,1,0,0
319.400,0,1,0,0
319.450,0,1,0,0
319.500,0,0,1,0
319.550,1,0,1,0
319.600,1,0,1,1
319.650,1,0,1,1
319.700,1,0,1,1
319.750,1,0,1,1
319.800,1,0,1,1
319.850,1,0,1,1
319.900,1,0,1,1
319.950,1,0,0,1
320.000,0,0,0,1
320.050,0,1,0,1
320.100,0,1,0,0
320.150,0,1,0,0
320.200,0,1,0,0
320.250,0,1,0,0
320.300,0,1,0,0
320.350,0,1,0,0
320.400,0,1,0,0
320.450,0,1,1,0
320.500,1,0,1,0
320.550,1,0,1,0
320.600,1,0,1,1
320.650,1,0,1,1
320.700,1,0,1,1
320.750,1,0,1,1
320.800,1,0,1,1
320.850,1,0,1,1
320.900,1,0,1,1
320.950,1,0,0,1
321.000,0,0,0,1
321.050,0,1,0,1
321.100,0,1,0,0
321.150,0,1,0,0
321.200,0,1,0,0
321.250,0,1,0,0
321.300,0,1,0,0
321.350,0,1,0,0
321.400,0,1,1,0
321.450,1,1,1,0
321.500,1,0,1,0
321.550,1,0,1,0
321.600,1,0,1,1
321.650,1,0,1,1
321.700,1,0,1,1
321.750,1,0,1,1
321.800,1,0,1,1
321.850,1,0,0,1
321.900,0,0,0,1
321.950,0,0,0,1
322.000,0,0,0,1
322.050,0,1,0,1
322.100,0,1,0,0
322.150,0,1,0,0
322.200,0,1,0,0
322.250,0,1,0,0
322.300,0,1,0,0
322.350,0,1,1,0
322.400,1,1,1,0
322.450,1,1,1,0
322.500,1,0,1,0
322.550,1,0,1,0
322.600,1,0,1,1
322.650,1,0,1,1
322.700,1,0,1,1
322.750,1,0,1,1
322.800,1,0,1,1
322.850,1,0,0,1
322.900,0,0,0,1
322.950,0,0,0,1
323.000,0,0,0,1
323.050,0,1,0,1
323.100,0,1,0,0
323.150,0,1,0,0
323.200,0,1,0,0
323.250,0,1,0,0
323.300,0,1,1,0
323.350,1,1,1,0
323.400,1,1,1,0
323.450,1,1,1,0
323.500,1,0,1,0
323.550,1,0,1,0
323.600,1,0,1,1
323.650,1,0,1,1
323.700,1,0,1,1
323.750,1,0,1,1
323.800,1,0,0,1
323.850,0,0,0,1
323.900,0,0,0,1
323.950,0,0,0,1
324.000,0,0,0,1
324.050,0,1,0,1
324.100,0,1,0,0
324.150,0,1,0,0
324.200,0,1,0,0
324.250,0,1,0,0
324.300,1,1,1,0
324.350,1,1,1,0
324.400,1,1,1,0
324.450,1,1,1,0
324.500,1,0,1,0
324.550,1,0,1,0
324.600,1,0,1,1
324.650,1,0,1,1
324.700,1,0,1,1
324.750,1,0,0,1
324.800,0,0,0,1
324.850,0,0,0,1
324.900,0,0,0,1
324.950,0,0,0,1
325.000,0,1,0,1
325.050,0,1,0,1
325.100,0,1,0,0
325.150,0,1,0,0
325.200,0,1,0,0
325.250,1,1,1,0
325.300,1,1,1,0
325.350,1,1,1,0
325.400,1,1,1,0
325.450,1,1,1,0
325.500,1,0,1,0
325.550,1,0,1,0
325.600,1,0,1,1
325.650,1,0,1,1
325.700,1,0,0,1
325.750,0,0,0,1
325.800,0,0,0,1
325.850,0,0,0,1
325.900,0,0,0,1
325.950,0,0,0,1
326.000,0,0,0,1
326.050,0,1,0,1
326.100,0,1,0,0
326.150,0,1,0,0
326.200,0,1,1,0
326.250,1,1,1,0
326.300,1,1,1,0
326.350,1,1,1,0
326.400,1,1,1,0
326.450,1,1,1,0
326.500,1,1,1,0
326.550,1,0,1,0
326.600,1,0,1,1
326.650,1,0,0,1
326.700,0,0,0,1
326.750,0,0,0,1
326.800,0,0,0,1
326.850,0,0,0,1
326.900,0,0,0,1
326.950,0,0,0,1
327.000,0,0,0,1
327.050,0,1,0,1
327.100,0,1,0,0
327.150,1,1,1,0
327.200,1,1,1,0
327.250,1,1,1,0
327.300,1,1,1,0
327.350,1,1,1,0
327.400,1,1,1,0
327.450,1,1,1,0
327.500,1,1,1,0
327.550,1,0,1,0
327.600,1,0,0,1
327.650,0,0,0,1
327.700,0,0,0,1
327.750,0,0,0,1
327.800,0,0,0,1
327.850,0,0,0,1
327.900,0,0,0,1
327.950,0,0,0,1
328.000,0,0,0,1
328.050,0,0,0,0
328.100,0,1,1,0
328.150,1,1,1,0
328.200,1,1,1,0
328.250,1,1,1,0
328.300,1,1,1,0
328.350,1,1,1,0
328.400,1,1,1,0
328.450,1,1,1,0
328.500,1,1,1,0
328.550,1,1,0,0
328.600,0,0,0,1
328.650,0,0,0,1
328.700,0,0,0,1
328.750,0,0,0,1
328.800,0,0,0,1
328.850,0,0,0,1
328.900,0,0,0,1
328.950,0,0,0,1
329.000,0,0,0,1
329.050,1,0,1,0
329.100,1,0,1,0
329.150,1,1,1,0
329.200,1,1,1,0
329.250,1,1,1,0
329.300,1,1,1,0
329.350,1,1,1,0
329.400,1,1,1,0
329.450,1,1,1,0
329.500,1,1,1,0
329.550,0,1,0,1
329.600,0,1,0,1
329.650,0,0,0,1
329.700,0,0,0,1
329.750,0,0,0,1
329.800,0,0,0,1
329.850,0,0,0,1
329.900,0,0,0,1
329.950,0,0,0,1
330.000,0,0,1,1
330.050,1,0,1,0
330.100,1,0,1,0
330.150,1,0,1,0
330.200,1,1,1,0
330.250,1,1,1,0
330.300,1,1,1,0
330.350,1,1,1,0
330.400,1,1,1,0
330.450,1,1,1,0
330.500,0,1,0,0
330.550,0,1,0,1
330.600,0,1,0,1
330.650,0,1,0,1
330.700,0,0,0,1
330.750,0,0,0,1
330.800,0,0,0,1
330.850,0,0,0,1
330.900,0,0,0,1
330.950,0,0,1,1
331.000,1,0,1,1
331.050,1,0,1,0
331.100,1,0,1,0
331.150,1,0,1,0
331.200,1,0,1,0
331.250,1,1,1,0
331.300,1,1,1,0
331.350,1,1,1,0
331.400,1,1,1,0
331.450,0,1,0,0
331.500,0,1,0,0
331.550,0,1,0,1
331.600,0,1,0,1
331.650,0,1,0,1
331.700,0,1,0,1
331.750,0,1,0,1
331.800,0,0,0,1
331.850,0,0,0,1
331.900,0,0,0,1
331.950,1,0,1,1
332.000,1,0,1,1
332.050,1,0,1,0
332.100,1,0,1,0
332.150,1,0,1,0
332.200,1,0,1,0
332.250,1,0,1,0
332.300,1,0,1,0
332.350,1,1,1,0
332.400,0,1,0,0
332.450,0,1,0,0
332.500,0,1,0,0
332.550,0,1,0,1
332.600,0,1,0,1
332.650,0,1,0,1
332.700,0,1,0,1
332.750,0,1,0,1
332.800,0,1,0,1
332.850,0,0,1,1
332.900,1,0,1,1
332.950,1,0,1,1
333.000,1,0,1,1
333.050,1,0,1,0
333.100,1,0,1,0
333.150,1,0,1,0
333.200,1,0,1,0
333.250,1,0,1,0
333.300,1,0,1,0
333.350,0,0,0,0
333.400,0,1,0,0
333.450,0,1,0,0
333.500,0,1,0,0
333.550,0,1,0,1
333.600,0,1,0,1
333.650,0,1,0,1
333.700,0,1,0,1
333.750,0,1,0,1
333.800,0,1,1,1
333.850,1,1,1,1
333.900,1,0,1,1
333.950,1,0,1,1
334.000,1,0,1,1
334.050,1,0,1,0
334.100,1,0,1,0
334.150,1,0,1,0
334.200,1,0,1,0
334.250,1,0,1,0
334.300,0,0,0,0
334.350,0,0,0,0
334.400,0,0,0,0
334.450,0,0,0,0
334.500,0,1,0,0
334.550,0,1,0,1
334.600,0,1,0,1
334.650,0,1,0,1
334.700,0,1,0,1
334.750,0,1,0,1
334.800,1,1,1,1
334.850,1,1,1,1
334.900,1,1,1,1
334.950,1,1,1,1
335.000,1,0,1,1
335.050,1,0,1,0
335.100,1,0,1,0
335.150,1,0,1,0
335.200,1,0,1,0
335.250,0,0,0,0
335.300,0,0,0,0
335.350,0,0,0,0
335.400,0,0,0,0
335.450,0,0,0,0
335.500,0,0,0,0
335.550,0,1,0,0
335.600,0,1,0,1
335.650,0,1,0,1
335.700,0,1,0,1
335.750,1,1,1,1
335.800,1,1,1,1
335.850,1,1,1,1
335.900,1,1,1,1
335.950,1,1,1,1
336.000,1,1,1,1
336.050,1,0,1,1
336.100,1,0,1,0
336.150,1,0,1,0
336.200,1,0,0,0
336.250,0,0,0,0
336.300,0,0,0,0
336.350,0,0,0,0
336.400,0,0,0,0
336.450,0,0,0,0
336.500,0,0,0,0
336.550,0,0,0,0
336.600,0,1,0,1
336.650,0,1,0,1
336.700,1,1,1,1
336.750,1,1,1,1
336.800,1,1,1,1
336.850,1,1,1,1
336.900,1,1,1,1
336.950,1,1,1,1
337.000,1,1,1,1
337.050,1,1,1,1
337.100,1,0,1,0
337.150,1,0,0,0
337.200,0,0,0,0
337.250,0,0,0,0
337.300,0,0,0,0
337.350,0,0,0,0
337.400,0,0,0,0
337.450,0,0,0,0
337.500,0,0,0,0
337.550,0,0,0,0
337.600,0,0,0,0
337.650,1,1,1,1
337.700,1,1,1,1
337.750,1,1,1,1
337.800,1,1,1,1
337.850,1,1,1,1
337.900,1,1,1,1
337.950,1,1,1,1
338.000,1,1,1,1
338.050,1,1,1,1
338.100,1,1,0,1
338.150,0,0,0,0
338.200,0,0,0,0
338.250,0,0,0,0
338.300,0,0,0,0
338.350,0,0,0,0
338.400,0,0,0,0
338.450,0,0,0,0
338.500,0,0,0,0
338.550,0,0,0,0
338.600,1,0,1,0
338.650,1,0,1,1
338.700,1,1,1,1
338.750,1,1,1,1
338.800,1,1,1,1
338.850,1,1,1,1
338.900,1,1,1,1
338.950,1,1,1,1
339.000,1,1,1,1
339.050,1,1,0,1
339.100,0,1,0,1
339.150,0,1,0,1
339.200,0,1,0,0
339.250,0,0,0,0
339.300,0,0,0,0
339.350,0,0,0,0
339.400,0,0,0,0
339.450,0,0,0,0
339.500,0,0,0,0
339.550,1,0,1,0
339.600,1,0,1,0
339.650,1,0,1,0
339.700,1,0,1,1
339.750,1,1,1,1
339.800,1,1,1,1
339.850,1,1,1,1
339.900,1,1,1,1
339.950,1,1,1,1
340.000,1,1,0,1
340.050,0,1,0,1
340.100,0,1,0,1
340.150,0,1,0,1
340.200,0,1,0,1
340.250,0,1,0,0
340.300,0,0,0,0
340.350,0,0,0,0
340.400,0,0,0,0
340.450,0,0,0,0
340.500,0,0,1,0
340.550,1,0,1,0
340.600,1,0,1,0
340.650,1,0,1,0
340.700,1,0,1,0
340.750,1,0,1,1
340.800,1,1,1,1
340.850,1,1,1,1
340.900,1,1,1,1
340.950,1,1,0,1
341.000,0,1,0,1
341.050,0,1,0,1
341.100,0,1,0,1
341.150,0,1,0,1
341.200,0,1,0,1
341.250,0,1,0,1
341.300,0,1,0,0
341.350,0,0,0,0
341.400,0,0,0,0
341.450,1,0,1,0
341.500,1,0,1,0
341.550,1,0,1,0
341.600,1,0,1,0
341.650,1,0,1,0
341.700,1,0,1,0
341.750,1,0,1,0
341.800,1,0,1,0
341.850,1,0,1,1
341.900,1,1,0,1
341.950,0,1,0,1
342.000,0,1,0,1
342.050,0,1,0,1
342.100,0,1,0,1
342.150,0,1,0,1
342.200,0,1,0,1
342.250,0,1,0,1
342.300,0,1,0,1
342.350,0,1,0,0
342.400,1,0,1,0
342.450,1,0,1,0
342.500,1,0,1,0
342.550,1,0,1,0
342.600,1,0,1,0
342.650,1,0,1,0
342.700,1,0,1,0
342.750,1,0,1,0
342.800,1,0,1,0
342.850,1,0,0,0
342.900,0,0,0,1
342.950,0,1,0,1
343.000,0,1,0,1
343.050,0,1,0,1
343.100,0,1,0,1
343.150,0,1,0,1
343.200,0,1,0,1
343.250,0,1,0,1
343.300,0,1,0,1
343.350,1,1,1,1
343.400,1,1,1,0
343.450,1,0,1,0
343.500,1,0,1,0
343.550,1,0,1,0
343.600,1,0,1,0
343.650,1,0,1,0
343.700,1,0,1,0
343.750,1,0,1,0
343.800,1,0,0,0
343.850,0,0,0,0
343.900,0,0,0,0
343.950,0,0,0,1
344.000,0,1,0,1
344.050,0,1,0,1
344.100,0,1,0,1
344.150,0,1,0,1
344.200,0,1,0,1
344.250,0,1,0,1
344.300,1,1,1,1
344.350,1,1,1,1
344.400,1,1,1,1
344.450,1,1,1,1
344.500,1,0,1,0
344.550,1,0,1,0
344.600,1,0,1,0
344.650,1,0,1,0
344.700,1,0,1,0
344.750,1,0,0,0
344.800,0,0,0,0
344.850,0,0,0,0
344.900,0,0,0,0
344.950,0,0,0,0
345.000,0,0,0,0
345.050,0,1,0,1
345.100,0,1,0,1
345.150,0,1,0,1
345.200,0,1,0,1
345.250,0,1,1,1
345.300,1,1,1,1
345.350,1,1,1,1
345.400,1,1,1,1
345.450,1,1,1,1
345.500,1,1,1,1
345.550,1,0,1,1
345.600,1,0,1,0
345.650,1,0,1,0
345.700,1,0,1,0
345.750,0,0,0,0
345.800,0,0,0,0
345.850,0,0,0,0
345.900,0,0,0,0
345.950,0,0,0,0
346.000,0,0,0,0
346.050,0,0,0,0
346.100,0,1,0,0
346.150,0,1,0,1
346.200,1,1,1,1
346.250,1,1,1,1
346.300,1,1,1,1
346.350,1,1,1,1
346.400,1,1,1,1
346.450,1,1,1,1
346.500,1,1,1,1
346.550,1,1,1,1
346.600,1,0,1,1
346.650,1,0,1,0
346.700,0,0,0,0
346.750,0,0,0,0
346.800,0,0,0,0
346.850,0,0,0,0
346.900,0,0,0,0
346.950,0,0,0,0
347.000,0,0,0,0
347.050,0,0,0,0
347.100,0,0,0,0
347.150,0,1,0,0
347.200,1,1,1,1
347.250,1,1,1,1
347.300,1,1,1,1
347.350,1,1,1,1
347.400,1,1,1,1
347.450,1,1,1,1
347.500,1,1,1,1
347.550,1,1,1,1
347.600,1,1,1,1
347.650,0,0,0,1
347.700,0,0,0,0
347.750,0,0,0,0
347.800,0,0,0,0
347.850,0,0,0,0
347.900,0,0,0,0
347.950,0,0,0,0
348.000,0,0,0,0
348.050,0,0,0,0
348.100,0,0,1,0
348.150,1,0,1,0
348.200,1,1,1,0
348.250,1,1,1,1
348.300,1,1,1,1
348.350,1,1,1,1
348.400,1,1,1,1
348.450,1,1,1,1
348.500,1,1,1,1
348.550,1,1,1,1
348.600,0,1,0,1
348.650,0,1,0,1
348.700,0,0,0,1
348.750,0,0,0,1
348.800,0,0,0,0
348.850,0,0,0,0
348.900,0,0,0,0
348.950,0,0,0,0
349.000,0,0,0,0
349.050,0,0,0,0
349.100,1,0,1,0
349.150,1,0,1,0
349.200,1,1,1,0
349.250,1,1,1,0
349.300,1,1,1,1
349.350,1,1,1,1
349.400,1,1,1,1
349.450,1,1,1,1
349.500,1,1,1,1
349.550,0,1,0,1
349.600,0,1,0,1
349.650,0,1,0,1
349.700,0,0,0,1
349.750,0,0,0,1
349.800,0,0,0,1
349.850,0,0,0,0
349.900,0,0,0,0
349.950,0,0,0,0
350.000,0,0,0,0
350.050,1,0,1,0
350.100,1,0,1,0
350.150,1,0,1,0
350.200,1,0,1,0
350.250,1,1,1,0
350.300,1,1,1,0
350.350,1,1,1,1
350.400,1,1,1,1
350.450,1,1,1,1
350.500,0,1,0,1
350.550,0,1,0,1
350.600,0,1,0,1
350.650,0,1,0,1
350.700,0,1,0,1
350.750,0,0,0,1
350.800,0,0,0,1
350.850,0,0,0,0
350.900,0,0,0,0
350.950,0,0,0,0
351.000,1,0,1,0
351.050,1,0,1,0
351.100,1,0,1,0
351.150,1,0,1,0
351.200,1,0,1,0
351.250,1,1,1,0
351.300,1,1,1,0
351.350,1,1,1,0
351.400,1,1,1,1
351.450,0,1,0,1
351.500,0,1,0,1
351.550,0,1,0,1
351.600,0,1,0,1
351.650,0,1,0,1
351.700,0,1,0,1
351.750,0,0,0,1
351.800,0,0,0,1
351.850,0,0,0,1
351.900,0,0,1,0
351.950,1,0,1,0
352.000,1,0,1,0
352.050,1,0,1,0
352.100,1,0,1,0
352.150,1,0,1,0
352.200,1,0,1,0
352.250,1,0,1,0
352.300,1,1,1,0
352.350,1,1,1,0
352.400,0,1,0,0
352.450,0,1,0,1
352.500,0,1,0,1
352.550,0,1,0,1
352.600,0,1,0,1
352.650,0,1,0,1
352.700,0,1,0,1
352.750,0,0,0,1
352.800,0,0,0,1
352.850,0,0,0,1
352.900,1,0,1,1
352.950,1,0,1,1
353.000,1,0,1,0
353.050,1,0,1,0
353.100,1,0,1,0
353.150,1,0,1,0
353.200,1,0,1,0
353.250,1,0,1,0
353.300,1,1,1,0
353.350,0,1,0,0
353.400,0,1,0,0
353.450,0,1,0,0
353.500,0,1,0,1
353.550,0,1,0,1
353.600,0,1,0,1
353.650,0,1,0,1
353.700,0,1,0,1
353.750,0,1,0,1
353.800,0,0,0,1
353.850,1,0,1,1
353.900,1,0,1,1
353.950,1,0,1,1
354.000,1,0,1,1
354.050,1,0,1,0
354.100,1,0,1,0
354.150,1,0,1,0
354.200,1,0,1,0
354.250,1,0,1,0
354.300,0,1,0,0
354.350,0,1,0,0
354.400,0,1,0,0
354.450,0,1,0,0
354.500,0,1,0,0
354.550,0,1,0,1
354.600,0,1,0,1
354.650,0,1,0,1
354.700,0,1,0,1
354.750,0,1,1,1
354.800,1,0,1,1
354.850,1,0,1,1
354.900,1,0,1,1
354.950,1,0,1,1
355.000,1,0,1,1
355.050,1,0,1,0
355.100,1,0,1,0
355.150,1,0,1,0
355.200,1,0,1,0
355.250,0,0,0,0
355.300,0,1,0,0
355.350,0,1,0,0
355.400,0,1,0,0
355.450,0,1,0,0
355.500,0,1,0,0
355.550,0,1,0,0
355.600,0,1,0,1
355.650,0,1,0,1
355.700,0,1,0,1
355.750,1,1,1,1
355.800,1,0,1,1
355.850,1,0,1,1
355.900,1,0,1,1
355.950,1,0,1,1
356.000,1,0,1,1
356.050,1,0,1,1
356.100,1,0,1,1
356.150,1,0,1,0
356.200,1,0,0,0
356.250,0,0,0,0
356.300,0,0,0,0
356.350,0,1,0,0
356.400,0,1,0,0
356.450,0,1,0,0
356.500,0,1,0,0
356.550,0,1,0,0
356.600,0,1,0,0
356.650,0,1,0,1
356.700,1,1,1,1
356.750,1,1,1,1
356.800,1,0,1,1
356.850,1,0,1,1
356.900,1,0,1,1
356.950,1,0,1,1
357.000,1,0,1,1
357.050,1,0,1,1
357.100,1,0,1,1
357.150,1,0,0,1
357.200,0,0,0,0
357.250,0,0,0,0
357.300,0,0,0,0
357.350,0,1,0,0
357.400,0,1,0,0
357.450,0,1,0,0
357.500,0,1,0,0
357.550,0,1,0,0
357.600,0,1,0,0
357.650,1,1,1,0
357.700,1,1,1,1
357.750,1,1,1,1
357.800,1,1,1,1
357.850,1,0,1,1
357.900,1,0,1,1
357.950,1,0,1,1
358.000,1,0,1,1
358.050,1,0,1,1
358.100,1,0,0,1
358.150,0,0,0,1
358.200,0,0,0,1
358.250,0,0,0,0
358.300,0,0,0,0
358.350,0,1,0,0
358.400,0,1,0,0
358.450,0,1,0,0
358.500,0,1,0,0
358.550,0,1,0,0
358.600,0,1,1,0
358.650,1,1,1,0
358.700,1,1,1,0
358.750,1,1,1,1
358.800,1,0,1,1
358.850,1,0,1,1
358.900,1,0,1,1
358.950,1,0,1,1
359.000,1,0,1,1
359.050,1,0,0,1
359.100,0,0,0,1
359.150,0,0,0,1
359.200,0,0,0,1
359.250,0,0,0,0
359.300,0,0,0,0
359.350,0,1,0,0
359.400,0,1,0,0
359.450,0,1,0,0
359.500,0,1,0,0
359.550,0,1,1,0
359.600,1,1,1,0
359.650,1,1,1,0
359.700,1,1,1,0
359.750,1,1,1,0
359.800,1,0,1,1
359.850,1,0,1,1
359.900,1,0,1,1
359.950,1,0,1,1
360.000,1,0,0,1
360.050,0,0,0,1
360.100,0,0,0,1
360.150,0,0,0,1
360.200,0,0,0,1
360.250,0,0,0,1
360.300,0,0,0,0
360.350,0,1,0,0
360.400,0,1,0,0
360.450,0,1,0,0
360.500,0,1,1,0
360.550,1,1,1,0
360.600,1,1,1,0
360.650,1,1,1,0
360.700,1,1,1,0
360.750,1,1,1,0
360.800,1,0,1,1
360.850,1,0,1,1
360.900,1,0,1,1
360.950,1,0,0,1
361.000,1,0,0,1
361.050,0,0,0,1
361.100,0,0,0,1
361.150,0,0,0,1
361.200,0,0,0,1
361.250,0,0,0,1
361.300,0,1,0,0
361.350,0,1,0,0
361.400,0,1,0,0
361.450,0,1,1,0
361.500,1,1,1,0
361.550,1,1,1,0
361.600,1,1,1,0
361.650,1,1,1,0
361.700,1,1,1,0
361.750,1,1,1,0
361.800,1,0,1,1
361.850,1,0,1,1
361.900,1,0,0,1
361.950,0,0,0,1
362.000,0,0,0,1
362.050,0,0,0,1
362.100,0,0,0,1
362.150,0,0,0,1
362.200,0,0,0,1
362.250,0,0,0,1
362.300,0,1,0,0
362.350,0,1,0,0
362.400,0,1,1,0
362.450,1,1,1,0
362.500,1,1,1,0
362.550,1,1,1,0
362.600,1,1,1,0
362.650,1,1,1,0
362.700,1,1,1,0
362.750,1,1,1,0
362.800,1,0,1,0
362.850,1,0,0,1
362.900,1,0,0,1
362.950,0,0,0,1
363.000,0,0,0,1
363.050,0,0,0,1
363.100,0,0,0,1
363.150,0,0,0,1
363.200,0,0,0,1
363.250,0,0,0,1
363.300,0,1,0,0
363.350,0,1,1,0
363.400,0,1,1,0
363.450,1,1,1,0
363.500,1,1,1,0
363.550,1,1,1,0
363.600,1,1,1,0
363.650,1,1,1,0
363.700,1,1,1,0
363.750,1,1,1,0
363.800,1,0,0,0
363.850,1,0,0,1
363.900,0,0,0,1
363.950,0,0,0,1
364.000,0,0,0,1
364.050,0,0,0,1
364.100,0,0,0,1
364.150,0,0,0,1
364.200,0,0,0,1
364.250,0,0,0,1
364.300,0,1,1,1
364.350,0,1,1,0
364.400,1,1,1,0
364.450,1,1,1,0
364.500,1,1,1,0
364.550,1,1,1,0
364.600,1,1,1,0
364.650,1,1,1,0
364.700,1,1,1,0
364.750,1,0,0,0
364.800,1,0,0,0
364.850,1,0,0,1
364.900,0,0,0,1
364.950,0,0,0,1
365.000,0,0,0,1
365.050,0,0,0,1
365.100,0,0,0,1
365.150,0,0,0,1
365.200,0,0,0,1
365.250,0,0,1,1
365.300,0,1,1,1
365.350,0,1,1,0
365.400,1,1,1,0
365.450,1,1,1,0
365.500,1,1,1,0
365.550,1,1,1,0
365.600,1,1,1,0
365.650,1,1,1,0
365.700,1,1,0,0
365.750,1,1,0,0
365.800,1,0,0,0
365.850,0,0,0,1
365.900,0,0,0,1
365.950,0,0,0,1
366.000,0,0,0,1
366.050,0,0,0,1
366.100,0,0,0,1
366.150,0,0,0,1
366.200,0,0,1,1
366.250,0,0,1,1
366.300,0,1,1,1
366.350,1,1,1,0
366.400,1,1,1,0
366.450,1,1,1,0
366.500,1,1,1,0
366.550,1,1,1,0
366.600,1,1,1,0
366.650,1,1,1,0
366.700,1,1,0,0
366.750,1,1,0,0
366.800,0,0,0,0
366.850,0,0,0,1
366.900,0,0,0,1
366.950,0,0,0,1
367.000,0,0,0,1
367.050,0,0,0,1
367.100,0,0,0,1
367.150,0,0,0,1
367.200,0,0,1,1
367.250,0,0,1,1
367.300,1,1,1,1
367.350,1,1,1,0
367.400,1,1,1,0
367.450,1,1,1,0
367.500,1,1,1,0
367.550,1,1,1,0
367.600,1,1,1,0
367.650,1,1,0,0
367.700,1,1,0,0
367.750,1,1,0,0
367.800,0,0,0,0
367.850,0,0,0,1
367.900,0,0,0,1
367.950,0,0,0,1
368.000,0,0,0,1
368.050,0,0,0,1
368.100,0,0,0,1
368.150,0,0,1,1
368.200,0,0,1,1
368.250,0,0,1,1
368.300,1,0,1,1
368.350,1,1,1,0
368.400,1,1,1,0
368.450,1,1,1,0
368.500,1,1,1,0
368.550,1,1,1,0
368.600,1,1,0,0
368.650,1,1,0,0
368.700,1,1,0,0
368.750,0,1,0,0
368.800,0,0,0,0
368.850,0,0,0,0
368.900,0,0,0,1
368.950,0,0,0,1
369.000,0,0,0,1
369.050,0,0,0,1
369.100,0,0,1,1
369.150,0,0,1,1
369.200,0,0,1,1
369.250,1,0,1,1
369.300,1,0,1,1
369.350,1,1,1,0
369.400,1,1,1,0
369.450,1,1,1,0
369.500,1,1,1,0
369.550,1,1,0,0
369.600,1,1,0,0
369.650,1,1,0,0
369.700,1,1,0,0
369.750,0,1,0,0
369.800,0,0,0,0
369.850,0,0,0,1
369.900,0,0,0,1
369.950,0,0,0,1
370.000,0,0,0,1
370.050,0,0,1,1
370.100,0,0,1,1
370.150,0,0,1,1
370.200,0,0,1,1
370.250,1,0,1,1
370.300,1,0,1,1
370.350,1,1,1,0
370.400,1,1,1,0
370.450,1,1,1,0
370.500,1,1,0,0
370.550,1,1,0,0
370.600,1,1,0,0
370.650,1,1,0,0
370.700,0,1,0,0
370.750,0,1,0,0
370.800,0,0,0,0
370.850,0,0,0,1
370.900,0,0,0,1
370.950,0,0,0,1
371.000,0,0,1,1
371.050,0,0,1,1
371.100,0,0,1,1
371.150,0,0,1,1
371.200,1,0,1,1
371.250,1,0,1,1
371.300,1,0,1,1
371.350,1,1,1,0
371.400,1,1,1,0
371.450,1,1,1,0
371.500,1,1,0,0
371.550,1,1,0,0
371.600,1,1,0,0
371.650,1,1,0,0
371.700,0,1,0,0
371.750,0,1,0,0
371.800,0,1,0,0
371.850,0,0,0,1
371.900,0,0,0,1
371.950,0,0,0,1
372.000,0,0,1,1
372.050,0,0,1,1
372.100,0,0,1,1
372.150,0,0,1,1
372.200,1,0,1,1
372.250,1,0,1,1
372.300,1,0,1,1
372.350,1,1,1,0
372.400,1,1,1,0
372.450,1,1,0,0
372.500,1,1,0,0
372.550,1,1,0,0
372.600,1,1,0,0
372.650,0,1,0,0
372.700,0,1,0,0
372.750,0,1,0,0
372.800,0,1,0,0
372.850,0,0,0,1
372.900,0,0,0,1
372.950,0,0,1,1
373.000,0,0,1,1
373.050,0,0,1,1
373.100,0,0,1,1
373.150,1,0,1,1
373.200,1,0,1,1
373.250,1,0,1,1
373.300,1,0,1,1
373.350,1,0,1,0
373.400,1,1,0,0
373.450,1,1,0,0
373.500,1,1,0,0
373.550,1,1,0,0
373.600,1,1,0,0
373.650,0,1,0,0
373.700,0,1,0,0
373.750,0,1,0,0
373.800,0,1,0,0
373.850,0,1,0,1
373.900,0,0,1,1
373.950,0,0,1,1
374.000,0,0,1,1
374.050,0,0,1,1
374.100,1,0,1,1
374.150,1,0,1,1
374.200,1,0,1,1
374.250,1,0,1,1
374.300,1,0,1,0
374.350,1,0,0,0
374.400,1,0,0,0
374.450,1,1,0,0
374.500,1,1,0,0
374.550,1,1,0,0
374.600,0,1,0,0
374.650,0,1,0,0
374.700,0,1,0,0
374.750,0,1,0,0
374.800,0,1,0,0
374.850,0,1,0,1
374.900,0,1,1,1
374.950,0,0,1,1
375.000,0,0,1,1
375.050,0,0,1,1
375.100,1,0,1,1
375.150,1,0,1,1
375.200,1,0,1,1
375.250,1,0,1,1
375.300,1,0,1,1
375.350,1,0,0,0
375.400,1,0,0,0
375.450,1,0,0,0
375.500,1,1,0,0
375.550,1,1,0,0
375.600,0,1,0,0
375.650,0,1,0,0
375.700,0,1,0,0
375.750,0,1,0,0
375.800,0,1,0,0
375.850,0,1,1,1
375.900,0,1,1,1
375.950,0,1,1,1
376.000,0,0,1,1
376.050,0,0,1,1
376.100,1,0,1,1
376.150,1,0,1,1
376.200,1,0,1,1
376.250,1,0,1,1
376.300,1,0,0,0
376.350,1,0,0,0
376.400,1,0,0,0
376.450,1,0,0,0
376.500,1,0,0,0
376.550,0,0,0,0
376.600,0,1,0,0
376.650,0,1,0,0
376.700,0,1,0,0
376.750,0,1,0,0
376.800,0,1,1,0
376.850,0,1,1,1
376.900,0,1,1,1
376.950,0,1,1,1
377.000,0,1,1,1
377.050,1,1,1,1
377.100,1,1,1,1
377.150,1,0,1,1
377.200,1,0,1,1
377.250,1,0,1,1
377.300,1,0,0,0
377.350,1,0,0,0
377.400,1,0,0,0
377.450,1,0,0,0
377.500,1,0,0,0
377.550,0,0,0,0
377.600,0,0,0,0
377.650,0,0,0,0
377.700,0,1,0,0
377.750,0,1,0,0
377.800,0,1,1,0
377.850,0,1,1,1
377.900,0,1,1,1
377.950,0,1,1,1
378.000,0,1,1,1
378.050,1,1,1,1
378.100,1,1,1,1
378.150,1,1,1,1
378.200,1,1,1,1
378.250,1,0,0,1
378.300,1,0,0,1
378.350,1,0,0,0
378.400,1,0,0,0
378.450,1,0,0,0
378.500,0,0,0,0
378.550,0,0,0,0
378.600,0,0,0,0
378.650,0,0,0,0
378.700,0,0,0,0
378.750,0,0,1,0
378.800,0,1,1,0
378.850,0,1,1,1
378.900,0,1,1,1
378.950,0,1,1,1
379.000,1,1,1,1
379.050,1,1,1,1
379.100,1,1,1,1
379.150,1,1,1,1
379.200,1,1,1,1
379.250,1,1,0,1
379.300,1,1,0,1
379.350,1,0,0,0
379.400,1,0,0,0
379.450,1,0,0,0
379.500,0,0,0,0
379.550,0,0,0,0
379.600,0,0,0,0
379.650,0,0,0,0
379.700,0,0,0,0
379.750,0,0,1,0
379.800,0,0,1,0
379.850,0,0,1,1
379.900,0,0,1,1
379.950,0,1,1,1
380.000,1,1,1,1
380.050,1,1,1,1
380.100,1,1,1,1
380.150,1,1,1,1
380.200,1,1,0,1
380.250,1,1,0,1
380.300,1,1,0,1
380.350,1,1,0,0
380.400,1,1,0,0
380.450,0,0,0,0
380.500,0,0,0,0
380.550,0,0,0,0
380.600,0,0,0,0
380.650,0,0,0,0
380.700,0,0,1,0
380.750,0,0,1,0
380.800,0,0,1,0
380.850,0,0,1,0
380.900,0,0,1,1
380.950,1,0,1,1
381.000,1,0,1,1
381.050,1,1,1,1
381.100,1,1,1,1
381.150,1,1,1,1
381.200,1,1,0,1
381.250,1,1,0,1
381.300,1,1,0,1
381.350,1,1,0,1
381.400,1,1,0,0
381.450,0,1,0,0
381.500,0,1,0,0
381.550,0,1,0,0
381.600,0,0,0,0
381.650,0,0,0,0
381.700,0,0,1,0
381.750,0,0,1,0
381.800,0,0,1,0
381.850,0,0,1,0
381.900,1,0,1,1
381.950,1,0,1,1
382.000,1,0,1,1
382.050,1,0,1,1
382.100,1,0,1,1
382.150,1,1,0,1
382.200,1,1,0,1
382.250,1,1,0,1
382.300,1,1,0,1
382.350,1,1,0,1
382.400,0,1,0,0
382.450,0,1,0,0
382.500,0,1,0,0
382.550,0,1,0,0
382.600,0,1,0,0
382.650,0,1,1,0
382.700,0,0,1,0
382.750,0,0,1,0
382.800,0,0,1,0
382.850,0,0,1,0
382.900,1,0,1,0
382.950,1,0,1,1
383.000,1,0,1,1
383.050,1,0,1,1
383.100,1,0,1,1
383.150,1,0,0,1
383.200,1,0,0,1
383.250,1,1,0,1
383.300,1,1,0,1
383.350,0,1,0,1
383.400,0,1,0,1
383.450,0,1,0,0
383.500,0,1,0,0
383.550,0,1,0,0
383.600,0,1,0,0
383.650,0,1,1,0
383.700,0,1,1,0
383.750,0,1,1,0
383.800,0,0,1,0
383.850,1,0,1,0
383.900,1,0,1,0
383.950,1,0,1,0
384.000,1,0,1,1
384.050,1,0,1,1
384.100,1,0,0,1
384.150,1,0,0,1
384.200,1,0,0,1
384.250,1,0,0,1
384.300,1,0,0,1
384.350,0,1,0,1
384.400,0,1,0,1
384.450,0,1,0,1
384.500,0,1,0,0
384.550,0,1,0,0
384.600,0,1,1,0
384.650,0,1,1,0
384.700,0,1,1,0
384.750,0,1,1,0
384.800,1,1,1,0
384.850,1,1,1,0
384.900,1,0,1,0
384.950,1,0,1,0
385.000,1,0,1,0
385.050,1,0,0,1
385.100,1,0,0,1
385.150,1,0,0,1
385.200,1,0,0,1
385.250,1,0,0,1
385.300,0,0,0,1
385.350,0,0,0,1
385.400,0,0,0,1
385.450,0,1,0,1
385.500,0,1,0,1
385.550,0,1,0,0
385.600,0,1,1,0
385.650,0,1,1,0
385.700,0,1,1,0
385.750,0,1,1,0
385.800,1,1,1,0
385.850,1,1,1,0
385.900,1,1,1,0
385.950,1,1,1,0
386.000,1,0,1,0
386.050,1,0,0,0
386.100,1,0,0,1
386.150,1,0,0,1
386.200,1,0,0,1
386.250,0,0,0,1
386.300,0,0,0,1
386.350,0,0,0,1
386.400,0,0,0,1
386.450,0,0,0,1
386.500,0,0,0,1
386.550,0,1,1,1
386.600,0,1,1,1
386.650,0,1,1,0
386.700,0,1,1,0
386.750,1,1,1,0
386.800,1,1,1,0
386.850,1,1,1,0
386.900,1,1,1,0
386.950,1,1,1,0
387.000,1,1,1,0
387.050,1,0,0,0
387.100,1,0,0,0
387.150,1,0,0,0
387.200,1,0,0,1
387.250,0,0,0,1
387.300,0,0,0,1
387.350,0,0,0,1
387.400,0,0,0,1
387.450,0,0,0,1
387.500,0,0,0,1
387.550,0,0,1,1
387.600,0,0,1,1
387.650,0,1,1,1
387.700,0,1,1,1
387.750,1,1,1,0
387.800,1,1,1,0
387.850,1,1,1,0
387.900,1,1,1,0
387.950,1,1,1,0
388.000,1,1,0,0
388.050,1,1,0,0
388.100,1,1,0,0
388.150,1,0,0,0
388.200,0,0,0,0
388.250,0,0,0,0
388.300,0,0,0,1
388.350,0,0,0,1
388.400,0,0,0,1
388.450,0,0,0,1
388.500,0,0,1,1
388.550,0,0,1,1
388.600,0,0,1,1
388.650,0,0,1,1
388.700,1,1,1,1
388.750,1,1,1,1
388.800,1,1,1,0
388.850,1,1,1,0
388.900,1,1,1,0
388.950,1,1,1,0
389.000,1,1,0,0
389.050,1,1,0,0
389.100,1,1,0,0
389.150,0,1,0,0
389.200,0,1,0,0
389.250,0,0,0,0
389.300,0,0,0,0
389.350,0,0,0,0
389.400,0,0,0,1
389.450,0,0,0,1
389.500,0,0,1,1
389.550,0,0,1,1
389.600,0,0,1,1
389.650,1,0,1,1
389.700,1,0,1,1
389.750,1,0,1,1
389.800,1,1,1,1
389.850,1,1,1,1
389.900,1,1,1,1
389.950,1,1,0,0
390.000,1,1,0,0
390.050,1,1,0,0
390.100,0,1,0,0
390.150,0,1,0,0
390.200,0,1,0,0
390.250,0,1,0,0
390.300,0,0,0,0
390.350,0,0,0,0
390.400,0,0,0,0
390.450,0,0,1,0
390.500,0,0,1,0
390.550,0,0,1,1
390.600,1,0,1,1
390.650,1,0,1,1
390.700,1,0,1,1
390.750,1,0,1,1
390.800,1,0,1,1
390.850,1,0,1,1
390.900,1,1,1,1
390.950,1,1,0,1
391.000,1,1,0,1
391.050,0,1,0,1
391.100,0,1,0,0
391.150,0,1,0,0
391.200,0,1,0,0
391.250,0,1,0,0
391.300,0,1,0,0
391.350,0,1,0,0
391.400,0,0,0,0
391.450,0,0,1,0
391.500,0,0,1,0
391.550,1,0,1,0
391.600,1,0,1,0
391.650,1,0,1,1
391.700,1,0,1,1
391.750,1,0,1,1
391.800,1,0,1,1
391.850,1,0,1,1
391.900,1,0,0,1
391.950,1,1,0,1
392.000,1,1,0,1
392.050,0,1,0,1
392.100,0,1,0,1
392.150,0,1,0,1
392.200,0,1,0,0
392.250,0,1,0,0
392.300,0,1,0,0
392.350,0,1,0,0
392.400,0,1,1,0
392.450,0,0,1,0
392.500,1,0,1,0
392.550,1,0,1,0
392.600,1,0,1,0
392.650,1,0,1,0
392.700,1,0,1,0
392.750,1,0,1,0
392.800,1,0,1,1
392.850,1,0,0,1
392.900,1,0,0,1
392.950,1,0,0,1
393.000,0,1,0,1
393.050,0,1,0,1
393.100,0,1,0,1
393.150,0,1,0,1
393.200,0,1,0,1
393.250,0,1,0,1
393.300,0,1,0,1
393.350,0,1,1,0
393.400,0,1,1,0
393.450,1,1,1,0
393.500,1,0,1,0
393.550,1,0,1,0
393.600,1,0,1,0
393.650,1,0,1,0
393.700,1,0,1,0
393.750,1,0,1,0
393.800,1,0,1,0
393.850,1,0,0,0
393.900,0,0,0,1
393.950,0,0,0,1
394.000,0,0,0,1
394.050,0,1,0,1
394.100,0,1,0,1
394.150,0,1,0,1
394.200,0,1,0,1
394.250,0,1,0,1
394.300,0,1,0,1
394.350,0,1,1,1
394.400,1,1,1,1
394.450,1,1,1,0
394.500,1,1,1,0
394.550,1,0,1,0
394.600,1,0,1,0
394.650,1,0,1,0
394.700,1,0,1,0
394.750,1,0,1,0
394.800,1,0,0,0
394.850,1,0,0,0
394.900,0,0,0,0
394.950,0,0,0,0
395.000,0,0,0,1
395.050,0,0,0,1
395.100,0,1,0,1
395.150,0,1,0,1
395.200,0,1,0,1
395.250,0,1,0,1
395.300,0,1,1,1
395.350,1,1,1,1
395.400,1,1,1,1
395.450,1,1,1,1
395.500,1,1,1,1
395.550,1,1,1,0
395.600,1,0,1,0
395.650,1,0,1,0
395.700,1,0,1,0
395.750,1,0,0,0
395.800,0,0,0,0
395.850,0,0,0,0
395.900,0,0,0,0
395.950,0,0,0,0
396.000,0,0,0,0
396.050,0,0,0,0
396.100,0,1,0,1
396.150,0,1,0,1
396.200,0,1,0,1
396.250,0,1,1,1
396.300,1,1,1,1
396.350,1,1,1,1
396.400,1,1,1,1
396.450,1,1,1,1
396.500,1,1,1,1
396.550,1,1,1,1
396.600,1,0,1,0
396.650,1,0,1,0
396.700,1,0,1,0
396.750,1,0,0,0
396.800,0,0,0,0
396.850,0,0,0,0
396.900,0,0,0,0
396.950,0,0,0,0
397.000,0,0,0,0
397.050,0,0,0,0
397.100,0,0,0,0
397.150,0,1,0,1
397.200,0,1,1,1
397.250,1,1,1,1
397.300,1,1,1,1
397.350,1,1,1,1
397.400,1,1,1,1
397.450,1,1,1,1
397.500,1,1,1,1
397.550,1,1,1,1
397.600,1,1,1,1
397.650,1,0,1,1
397.700,0,0,0,0
397.750,0,0,0,0
397.800,0,0,0,0
397.850,0,0,0,0
397.900,0,0,0,0
397.950,0,0,0,0
398.000,0,0,0,0
398.050,0,0,0,0
398.100,0,0,0,0
398.150,0,1,0,0
398.200,1,1,1,0
398.250,1,1,1,1
398.300,1,1,1,1
398.350,1,1,1,1
398.400,1,1,1,1
398.450,1,1,1,1
398.500,1,1,1,1
398.550,1,1,1,1
398.600,1,1,1,1
398.650,1,0,0,1
398.700,0,0,0,1
398.750,0,0,0,0
398.800,0,0,0,0
398.850,0,0,0,0
398.900,0,0,0,0
398.950,0,0,0,0
399.000,0,0,0,0
399.050,0,0,0,0
399.100,0,0,0,0
399.150,1,0,1,0
399.200,1,1,1,0
399.250,1,1,1,0
399.300,1,1,1,1
399.350,1,1,1,1
399.400,1,1,1,1
399.450,1,1,1,1
399.500,1,1,1,1
399.550,1,1,1,1
399.600,0,1,0,1
399.650,0,1,0,1
399.700,0,0,0,1
399.750,0,0,0,1
399.800,0,0,0,1
399.850,0,0,0,0
399.900,0,0,0,0
399.950,0,0,0,0
400.000,1,1,1,0
400.050,1,1,1,0
400.100,1,1,1,1
400.150,1,1,1,1
400.200,1,1,1,1
400.250,1,1,1,1
400.300,1,1,1,1
400.350,1,1,1,1
400.400,1,1,1,1
400.450,0,1,0,1
400.500,0,0,0,1
400.550,0,0,0,0
400.600,0,0,0,0
400.650,0,0,0,0
400.700,0,0,0,0
400.750,0,0,0,0
400.800,0,0,0,0
400.850,0,0,0,0
400.900,0,0,0,0
400.950,1,0,1,0
401.000,1,1,1,0
401.050,1,1,1,1
401.100,1,1,1,1
401.150,1,1,1,1
401.200,1,1,1,1
401.250,1,1,1,1
401.300,1,1,1,1
401.350,1,1,1,1
401.400,0,1,0,1
401.450,0,0,0,1
401.500,0,0,0,1
401.550,0,0,0,0
401.600,0,0,0,0
401.650,0,0,0,0
401.700,0,0,0,0
401.750,0,0,0,0
401.800,0,0,0,0
401.850,0,0,0,0
401.900,1,0,1,0
401.950,1,1,1,0
402.000,1,1,1,1
402.050,1,1,1,1
402.100,1,1,1,1
402.150,1,1,1,1
402.200,1,1,1,1
402.250,1,1,1,1
402.300,1,1,1,1
402.350,0,1,0,1
402.400,0,0,0,1
402.450,0,0,0,1
402.500,0,0,0,0
402.550,0,0,0,0
402.600,0,0,0,0
402.650,0,0,0,0
402.700,0,0,0,0
402.750,0,0,0,0
402.800,0,0,0,0
402.850,1,0,1,0
402.900,1,1,1,0
402.950,1,1,1,0
403.000,1,1,1,1
403.050,1,1,1,1
403.100,1,1,1,1
403.150,1,1,1,1
403.200,1,1,1,1
403.250,1,1,1,1
403.300,0,1,0,1
403.350,0,1,0,1
403.400,0,0,0,1
403.450,0,0,0,0
403.500,0,0,0,0
403.550,0,0,0,0
403.600,0,0,0,0
403.650,0,0,0,0
403.700,0,0,0,0
403.750,0,0,0,0
403.800,1,0,1,0
403.850,1,0,1,0
403.900,1,1,1,0
403.950,1,1,1,1
404.000,1,1,1,1
404.050,1,1,1,1
404.100,1,1,1,1
404.150,1,1,1,1
404.200,1,1,1,1
404.250,0,1,0,1
404.300,0,1,0,1
404.350,0,0,0,1
404.400,0,0,0,1
404.450,0,0,0,0
404.500,0,0,0,0
404.550,0,0,0,0
404.600,0,0,0,0
404.650,0,0,0,0
404.700,0,0,0,0
404.750,1,0,1,0
404.800,1,0,1,0
404.850,1,1,1,0
404.900,1,1,1,0
404.950,1,1,1,1
405.000,1,1,1,1
405.050,1,1,1,1
405.100,1,1,1,1
405.150,1,1,1,1
405.200,0,1,0,1
405.250,0,1,0,1
405.300,0,1,0,1
405.350,0,0,0,1
405.400,0,0,0,1
405.450,0,0,0,0
405.500,0,0,0,0
405.550,0,0,0,0
405.600,0,0,0,0
405.650,0,0,0,0
405.700,1,0,1,0
405.750,1,0,1,0
405.800,1,0,1,0
405.850,1,1,1,0
405.900,1,1,1,0
405.950,1,1,1,1
406.000,1,1,1,1
406.050,1,1,1,1
406.100,1,1,1,1
406.150,0,1,0,1
406.200,0,1,0,1
406.250,0,1,0,1
406.300,0,1,0,1
406.350,0,0,0,1
406.400,0,0,0,0
406.450,0,0,0,0
406.500,0,0,0,0
406.550,0,0,0,0
406.600,0,0,0,0
406.650,1,0,1,0
406.700,1,0,1,0
406.750,1,0,1,0
406.800,1,0,1,0
406.850,1,1,1,0
406.900,1,1,1,1
406.950,1,1,1,1
407.000,1,1,1,1
407.050,1,1,1,1
407.100,0,1,0,1
407.150,0,1,0,1
407.200,0,1,0,1
407.250,0,1,0,1
407.300,0,1,0,1
407.350,0,0,0,1
407.400,0,0,0,0
407.450,0,0,0,0
407.500,0,0,0,0
407.550,1,0,0,0
407.600,1,0,1,0
407.650,1,0,1,0
407.700,1,0,1,0
407.750,1,0,1,0
407.800,1,0,1,0
407.850,1,1,1,0
407.900,1,1,1,1
407.950,1,1,1,1
408.000,1,1,1,1
408.050,0,1,0,1
408.100,0,1,0,1
408.150,0,1,0,1
408.200,0,1,0,1
408.250,0,1,0,1
408.300,0,1,0,1
408.350,0,0,0,1
408.400,0,0,0,0
408.450,0,0,0,0
408.500,0,0,0,0
408.550,1,0,1,0
408.600,1,0,1,0
408.650,1,0,1,0
408.700,1,0,1,0
408.750,1,0,1,0
408.800,1,0,1,0
408.850,1,1,1,0
408.900,1,1,1,1
408.950,1,1,1,1
409.000,0,1,0,1
409.050,0,1,0,1
409.100,0,1,0,1
409.150,0,1,0,1
409.200,0,1,0,1
409.250,0,1,0,1
409.300,0,0,0,1
409.350,0,0,0,1
409.400,0,0,0,0
409.450,1,0,1,0
409.500,1,0,1,0
409.550,1,0,1,0
409.600,1,0,1,0
409.650,1,0,1,0
409.700,1,0,1,0
409.750,1,0,1,0
409.800,1,0,1,0
409.850,1,1,1,0
409.900,1,1,1,1
409.950,0,1,0,1
410.000,0,1,0,1
410.050,0,1,0,1
410.100,0,1,0,1
410.150,0,1,0,1
410.200,0,1,0,1
410.250,0,1,0,1
410.300,0,0,0,1
410.350,0,0,0,1
410.400,1,0,0,0
410.450,1,0,1,0
410.500,1,0,1,0
410.550,1,0,1,0
410.600,1,0,1,0
410.650,1,0,1,0
410.700,1,0,1,0
410.750,1,0,1,0
410.800,1,1,1,0
410.850,1,1,1,0
410.900,0,1,0,1
410.950,0,1,0,1
411.000,0,1,0,1
411.050,0,1,0,1
411.100,0,1,0,1
411.150,0,1,0,1
411.200,0,1,0,1
411.250,0,1,0,1
411.300,0,0,0,1
411.350,1,0,1,0
411.400,1,0,1,0
411.450,1,0,1,0
411.500,1,0,1,0
411.550,1,0,1,0
411.600,1,0,1,0
411.650,1,0,1,0
411.700,1,0,1,0
411.750,1,0,1,0
411.800,1,1,1,0
411.850,0,1,0,0
411.900,0,1,0,1
411.950,0,1,0,1
412.000,0,1,0,1
412.050,0,1,0,1
412.100,0,1,0,1
412.150,0,1,0,1
412.200,0,1,0,1
412.250,0,0,0,1
412.300,1,0,1,1
412.350,1,0,1,0
412.400,1,0,1,0
412.450,1,0,1,0
412.500,1,0,1,0
412.550,1,0,1,0
412.600,1,0,1,0
412.650,1,0,1,0
412.700,1,0,1,0
412.750,0,1,0,0
412.800,0,1,0,0
412.850,0,1,0,1
412.900,0,1,0,1
412.950,0,1,0,1
413.000,0,1,0,1
413.050,0,1,0,1
413.100,0,1,0,1
413.150,0,1,0,1
413.200,0,1,0,1
413.250,1,0,1,1
413.300,1,0,1,1
413.350,1,0,1,0
413.400,1,0,1,0
413.450,1,0,1,0
413.500,1,0,1,0
413.550,1,0,1,0
413.600,1,0,1,0
413.650,1,0,1,0
413.700,0,0,0,0
413.750,0,1,0,0
413.800,0,1,0,1
413.850,0,1,0,1
413.900,0,1,0,1
413.950,0,1,0,1
414.000,0,1,0,1
414.050,0,1,0,1
414.100,0,1,0,1
414.150,0,1,0,1
414.200,1,0,1,1
414.250,1,0,1,1
414.300,1,0,1,0
414.350,1,0,1,0
414.400,1,0,1,0
414.450,1,0,1,0
414.500,1,0,1,0
414.550,1,0,1,0
414.600,1,0,1,0
414.650,0,0,0,0
414.700,0,1,0,0
414.750,0,1,0,0
414.800,0,1,0,1
414.850,0,1,0,1
414.900,0,1,0,1
414.950,0,1,0,1
415.000,0,1,0,1
415.050,0,1,0,1
415.100,0,1,0,1
415.150,1,1,1,1
415.200,1,0,1,1
415.250,1,0,1,0
415.300,1,0,1,0
415.350,1,0,1,0
415.400,1,0,1,0
415.450,1,0,1,0
415.500,1,0,1,0
415.550,1,0,1,0
415.600,0,0,0,0
415.650,0,0,0,0
415.700,0,1,0,0
415.750,0,1,0,1
415.800,0,1,0,1
415.850,0,1,0,1
415.900,0,1,0,1
415.950,0,1,0,1
416.000,0,1,0,1
416.050,0,1,0,1
416.100,1,1,1,1
416.150,1,0,1,1
416.200,1,0,1,1
416.250,1,0,1,0
416.300,1,0,1,0
416.350,1,0,1,0
416.400,1,0,1,0
416.450,1,0,1,0
416.500,1,0,1,0
416.550,0,0,0,0
416.600,0,0,0,0
416.650,0,1,0,0
416.700,0,1,0,0
416.750,0,1,0,1
416.800,0,1,0,1
416.850,0,1,0,1
416.900,0,1,0,1
416.950,0,1,0,1
417.000,0,1,0,1
417.050,1,1,1,1
417.100,1,1,1,1
417.150,1,0,1,1
417.200,1,0,1,0
417.250,1,0,1,0
417.300,1,0,1,0
417.350,1,0,1,0
417.400,1,0,1,0
417.450,1,0,1,0
417.500,0,0,0,0
417.550,0,0,0,0
417.600,0,0,0,0
417.650,0,1,0,0
417.700,0,1,0,1
417.750,0,1,0,1
417.800,0,1,0,1
417.850,0,1,0,1
417.900,0,1,0,1
417.950,0,1,0,1
418.000,1,1,1,1
418.050,1,1,1,1
418.100,1,0,1,1
418.150,1,0,1,0
418.200,1,0,1,0
418.250,1,0,1,0
418.300,1,0,1,0
418.350,1,0,1,0
418.400,1,0,1,0
418.450,0,0,0,0
418.500,0,0,0,0
418.550,0,0,0,0
418.600,0,0,0,0
418.650,0,1,0,1
418.700,0,1,0,1
418.750,0,1,0,1
418.800,0,1,0,1
418.850,0,1,0,1
418.900,0,1,0,1
418.950,1,1,1,1
419.000,1,1,1,1
419.050,1,1,1,1
419.100,1,0,1,1
419.150,1,0,1,0
419.200,1,0,1,0
419.250,1,0,1,0
419.300,1,0,1,0
419.350,1,0,1,0
419.400,0,0,0,0
419.450,0,0,0,0
419.500,0,0,0,0
419.550,0,0,0,0
419.600,0,1,0,0
419.650,0,1,0,1
419.700,0,1,0,1
419.750,0,1,0,1
419.800,0,1,0,1
419.850,1,1,0,1
419.900,1,1,1,1
419.950,1,1,1,1
420.000,1,1,1,1
420.050,1,0,1,1
420.100,1,0,1,0
420.150,1,0,1,0
420.200,1,0,1,0
420.250,1,0,1,0
420.300,1,0,1,0
420.350,0,0,0,0
420.400,0,0,0,0
420.450,0,0,0,0
420.500,0,0,0,0
420.550,0,1,0,0
420.600,0,1,0,1
420.650,0,1,0,1
420.700,0,1,0,1
420.750,0,1,0,1
420.800,1,1,0,1
420.850,1,1,1,1
420.900,1,1,1,1
420.950,1,1,1,1
421.000,1,0,1,1
421.050,1,0,1,1
421.100,1,0,1,0
421.150,1,0,1,0
421.200,1,0,1,0
421.250,1,0,1,0
421.300,0,0,0,0
421.350,0,0,0,0
421.400,0,0,0,0
421.450,0,0,0,0
421.500,0,1,0,0
421.550,0,1,0,0
421.600,0,1,0,1
421.650,0,1,0,1
421.700,0,1,0,1
421.750,1,1,1,1
421.800,1,1,1,1
421.850,1,1,1,1
421.900,1,1,1,1
421.950,1,1,1,1
422.000,1,0,1,1
422.050,1,0,1,0
422.100,1,0,1,0
422.150,1,0,1,0
422.200,1,0,1,0
422.250,0,0,0,0
422.300,0,0,0,0
422.350,0,0,0,0
422.400,0,0,0,0
422.450,0,1,0,0
422.500,0,1,0,0
422.550,0,1,0,1
422.600,0,1,0,1
422.650,0,1,0,1
422.700,1,1,1,1
422.750,1,1,1,1
422.800,1,1,1,1
422.850,1,1,1,1
422.900,1,1,1,1
422.950,1,0,1,1
423.000,1,0,1,0
423.050,1,0,1,0
423.100,1,0,1,0
423.150,0,0,0,0
423.200,0,0,0,0
423.250,0,0,0,0
423.300,0,0,0,0
423.350,0,0,0,0
423.400,0,1,0,0
423.450,0,1,0,0
423.500,0,1,0,1
423.550,0,1,0,1
423.600,0,1,0,1
423.650,1,1,1,1
423.700,1,1,1,1
423.750,1,1,1,1
423.800,1,1,1,1
423.850,1,1,1,1
423.900,1,0,1,1
423.950,1,0,1,0
424.000,1,0,1,0
424.050,1,0,1,0
424.100,0,0,0,0
424.150,0,0,0,0
424.200,0,0,0,0
424.250,0,0,0,0
424.300,0,0,0,0
424.350,0,1,0,0
424.400,0,1,0,0
424.450,0,1,0,1
424.500,0,1,0,1
424.550,0,1,0,1
424.600,1,1,1,1
424.650,1,1,1,1
424.700,1,1,1,1
424.750,1,1,1,1
424.800,1,1,1,1
424.850,1,0,1,1
424.900,1,0,1,0
424.950,1,0,1,0
425.000,1,0,1,0
425.050,0,0,0,0
425.100,0,0,0,0
425.150,0,0,0,0
425.200,0,0,0,0
425.250,0,0,0,0
425.300,0,1,0,0
425.350,0,1,0,0
425.400,0,1,0,1
425.450,0,1,0,1
425.500,0,1,0,1
425.550,1,1,1,1
425.600,1,1,1,1
425.650,1,1,1,1
425.700,1,1,1,1
425.750,1,1,1,1
425.800,1,0,1,1
425.850,1,0,1,0
425.900,1,0,1,0
425.950,1,0,1,0
426.000,0,0,0,0
426.050,0,0,0,0
426.100,0,0,0,0
426.150,0,0,0,0
426.200,0,0,0,0
426.250,0,0,0,0
426.300,0,1,0,0
426.350,0,1,0,1
426.400,0,1,0,1
426.450,0,1,0,1
426.500,1,1,1,1
426.550,1,1,1,1
426.600,1,1,1,1
426.650,1,1,1,1
426.700,1,1,1,1
426.750,1,0,1,1
426.800,1,0,1,0
426.850,1,0,1,0
426.900,1,0,1,0
426.950,0,0,0,0
427.000,0,0,0,0
427.050,0,0,0,0
427.100,0,0,0,0
427.150,0,0,0,0
427.200,0,0,0,0
427.250,0,1,0,0
427.300,0,1,0,1
427.350,0,1,0,1
427.400,0,1,0,1
427.450,1,1,1,1
427.500,1,1,1,1
427.550,1,1,1,1
427.600,1,1,1,1
427.650,1,1,1,1
427.700,1,0,1,1
427.750,1,0,1,0
427.800,1,0,1,0
427.850,1,0,1,0
427.900,0,0,0,0
427.950,0,0,0,0
428.000,0,0,0,0
428.050,0,0,0,0
428.100,0,0,0,0
428.150,0,0,0,0
428.200,0,1,0,0
428.250,0,1,0,1
428.300,0,1,0,1
428.350,1,1,1,1
428.400,1,1,1,1
428.450,1,1,1,1
428.500,1,1,1,1
428.550,1,1,1,1
428.600,1,1,1,1
428.650,1,0,1,1
428.700,1,0,1,0
428.750,1,0,1,0
428.800,1,0,1,0
428.850,0,0,0,0
428.900,0,0,0,0
428.950,0,0,0,0
429.000,0,0,0,0
429.050,0,0,0,0
429.100,0,0,0,0
429.150,0,1,0,0
429.200,0,1,0,1
429.250,0,1,0,1
429.300,1,1,1,1
429.350,1,1,1,1
429.400,1,1,1,1
429.450,1,1,1,1
429.500,1,1,1,1
429.550,1,1,1,1
429.600,1,0,1,1
429.650,1,0,1,0
429.700,1,0,1,0
429.750,0,0,1,0
429.800,0,0,0,0
429.850,0,0,0,0
429.900,0,0,0,0
429.950,0,0,0,0
430.000,0,0,0,0
430.050,0,0,0,0
430.100,0,1,0,0
430.150,0,1,0,1
430.200,0,1,0,1
430.250,1,1,1,1
430.300,1,1,1,1
430.350,1,1,1,1
430.400,1,1,1,1
430.450,1,1,1,1
430.500,1,1,1,1
430.550,1,0,1,1
430.600,1,0,1,0
430.650,1,0,1,0
430.700,0,0,0,0
430.750,0,0,0,0
430.800,0,0,0,0
430.850,0,0,0,0
430.900,0,0,0,0
430.950,0,0,0,0
431.000,0,0,0,0
431.050,0,1,0,0
431.100,0,1,0,1
431.150,0,1,0,1
431.200,1,1,1,1
431.250,1,1,1,1
431.300,1,1,1,1
431.350,1,1,1,1
431.400,1,1,1,1
431.450,1,1,1,1
431.500,1,0,1,1
431.550,1,0,1,0
431.600,1,0,1,0
431.650,0,0,0,0
431.700,0,0,0,0
431.750,0,0,0,0
431.800,0,0,0,0
431.850,0,0,0,0
431.900,0,0,0,0
431.950,0,0,0,0
432.000,0,1,0,0
432.050,0,1,0,1
432.100,0,1,0,1
432.150,1,1,1,1
432.200,1,1,1,1
432.250,1,1,1,1
432.300,1,1,1,1
432.350,1,1,1,1
432.400,1,1,1,1
432.450,1,0,1,1
432.500,1,0,1,1
432.550,1,0,1,0
432.600,0,0,0,0
432.650,0,0,0,0
432.700,0,0,0,0
432.750,0,0,0,0
432.800,0,0,0,0
432.850,0,0,0,0
432.900,0,0,0,0
432.950,0,1,0,0
433.000,0,1,0,1
433.050,0,1,1,1
433.100,1,1,1,1
433.150,1,1,1,1
433.200,1,1,1,1
433.250,1,1,1,1
433.300,1,1,1,1
433.350,1,1,1,1
433.400,1,0,1,1
433.450,1,0,1,0
433.500,1,0,1,0
433.550,0,0,0,0
433.600,0,0,0,0
433.650,0,0,0,0
433.700,0,0,0,0
433.750,0,0,0,0
433.800,0,0,0,0
433.850,0,0,0,0
433.900,0,1,0,0
433.950,0,1,0,1
434.000,1,1,1,1
434.050,1,1,1,1
434.100,1,1,1,1
434.150,1,1,1,1
434.200,1,1,1,1
434.250,1,1,1,1
434.300,1,1,1,1
434.350,1,0,1,1
434.400,1,0,1,0
434.450,1,0,1,0
434.500,0,0,0,0
434.550,0,0,0,0
434.600,0,0,0,0
434.650,0,0,0,0
434.700,0,0,0,0
434.750,0,0,0,0
434.800,0,0,0,0
434.850,0,1,0,0
434.900,0,1,0,1
434.950,1,1,1,1
435.000,1,1,1,1
435.050,1,1,1,1
435.100,1,1,1,1
435.150,1,1,1,1
435.200,1,1,1,1
435.250,1,1,1,1
435.300,1,0,1,1
435.350,1,0,1,0
435.400,0,0,0,0
435.450,0,0,0,0
435.500,0,0,0,0
435.550,0,0,0,0
435.600,0,0,0,0
435.650,0,0,0,0
435.700,0,0,0,0
435.750,0,1,0,0
435.800,0,1,0,1
435.850,0,1,0,1
435.900,1,1,1,1
435.950,1,1,1,1
436.000,1,1,1,1
436.050,1,1,1,1
436.100,1,1,1,1
436.150,1,1,1,1
436.200,1,1,1,1
436.250,1,0,1,1
436.300,1,0,1,0
436.350,0,0,0,0
436.400,0,0,0,0
436.450,0,0,0,0
436.500,0,0,0,0
436.550,0,0,0,0
436.600,0,0,0,0
436.650,0,0,0,0
436.700,0,1,0,0
436.750,0,1,0,1
436.800,0,1,0,1
436.850,1,1,1,1
436.900,1,1,1,1
436.950,1,1,1,1
437.000,1,1,1,1
437.050,1,1,1,1
437.100,1,1,1,1
437.150,1,0,1,1
437.200,1,0,1,0
437.250,1,0,1,0
437.300,0,0,0,0
437.350,0,0,0,0
437.400,0,0,0,0
437.450,0,0,0,0
437.500,0,0,0,0
437.550,0,0,0,0
437.600,0,0,0,0
437.650,0,1,0,0
437.700,0,1,0,1
437.750,0,1,0,1
437.800,1,1,1,1
437.850,1,1,1,1
437.900,1,1,1,1
437.950,1,1,1,1
438.000,1,1,1,1
438.050,1,1,1,1
438.100,1,0,1,1
438.150,1,0,1,0
438.200,1,0,1,0
438.250,0,0,0,0
438.300,0,0,0,0
438.350,0,0,0,0
438.400,0,0,0,0
438.450,0,0,0,0
438.500,0,0,0,0
438.550,0,0,0,0
438.600,0,1,0,0
438.650,0,1,0,1
438.700,1,1,0,1
438.750,1,1,1,1
438.800,1,1,1,1
438.850,1,1,1,1
438.900,1,1,1,1
438.950,1,1,1,1
439.000,1,1,1,1
439.050,1,0,1,1
439.100,1,0,1,0
439.150,1,0,1,0
439.200,0,0,0,0
439.250,0,0,0,0
439.300,0,0,0,0
439.350,0,0,0,0
439.400,0,0,0,0
439.450,0,0,0,0
439.500,0,0,0,0
439.550,0,1,0,0
439.600,0,1,0,1
439.650,0,1,0,1
439.700,1,1,1,1
439.750,1,1,1,1
439.800,1,1,1,1
439.850,1,1,1,1
439.900,1,1,1,1
439.950,1,1,1,1
440.000,1,0,1,1
440.050,1,0,1,0
440.100,0,0,1,0
440.150,0,0,0,0
440.200,0,0,0,0
440.250,0,0,0,0
440.300,0,0,0,0
440.350,0,0,0,0
440.400,0,0,0,0
440.450,0,0,0,0
440.500,0,1,0,0
440.550,0,1,0,1
440.600,1,1,1,1
440.650,1,1,1,1
440.700,1,1,1,1
440.750,1,1,1,1
440.800,1,1,1,1
440.850,1,1,1,1
440.900,1,1,1,1
440.950,1,0,1,1
441.000,1,0,1,0
441.050,0,0,1,0
441.100,0,0,0,0
441.150,0,0,0,0
441.200,0,0,0,0
441.250,0,0,0,0
441.300,0,0,0,0
441.350,0,0,0,0
441.400,0,0,0,0
441.450,0,1,0,0
441.500,0,1,0,1
441.550,1,1,1,1
441.600,1,1,1,1
441.650,1,1,1,1
441.700,1,1,1,1
441.750,1,1,1,1
441.800,1,1,1,1
441.850,1,1,1,1
441.900,1,0,1,1
441.950,1,0,1,0
442.000,0,0,0,0
442.050,0,0,0,0
442.100,0,0,0,0
442.150,0,0,0,0
442.200,0,0,0,0
442.250,0,0,0,0
442.300,0,0,0,0
442.350,0,0,0,0
442.400,0,1,0,0
442.450,0,1,0,1
442.500,1,1,1,1
442.550,1,1,1,1
442.600,1,1,1,1
442.650,1,1,1,1
442.700,1,1,1,1
442.750,1,1,1,1
442.800,1,1,1,1
442.850,1,0,1,1
442.900,1,0,1,0
442.950,0,0,0,0
443.000,0,0,0,0
443.050,0,0,0,0
443.100,0,0,0,0
443.150,0,0,0,0
443.200,0,0,0,0
443.250,0,0,0,0
443.300,0,0,0,0
443.350,0,1,0,0
443.400,0,1,0,1
443.450,1,1,1,1
443.500,1,1,1,1
443.550,1,1,1,1
443.600,1,1,1,1
443.650,1,1,1,1
443.700,1,1,1,1
443.750,1,1,1,1
443.800,1,0,1,1
443.850,1,0,1,0
443.900,0,0,0,0
443.950,0,0,0,0
444.000,0,0,0,0
444.050,0,0,0,0
444.100,0,0,0,0
444.150,0,0,0,0
444.200,0,0,0,0
444.250,0,1,0,0
444.300,0,1,0,1
444.350,0,1,0,1
444.400,1,1,1,1
444.450,1,1,1,1
444.500,1,1,1,1
444.550,1,1,1,1
444.600,1,1,1,1
444.650,1,1,1,1
444.700,1,0,1,1
444.750,1,0,1,1
444.800,1,0,1,0
444.850,0,0,0,0
444.900,0,0,0,0
444.950,0,0,0,0
445.000,0,0,0,0
445.050,0,0,0,0
445.100,0,0,0,0
445.150,0,0,0,0
445.200,0,1,0,0
445.250,0,1,0,1
445.300,1,1,1,1
445.350,1,1,1,1
445.400,1,1,1,1
445.450,1,1,1,1
445.500,1,1,1,1
445.550,1,1,1,1
445.600,1,1,1,1
445.650,1,0,1,1
445.700,1,0,1,0
445.750,1,0,0,0
445.800,0,0,0,0
445.850,0,0,0,0
445.900,0,0,0,0
445.950,0,0,0,0
446.000,0,0,0,0
446.050,0,0,0,0
446.100,0,0,0,0
446.150,0,1,0,0
446.200,0,1,0,1
446.250,1,1,1,1
446.300,1,1,1,1
446.350,1,1,1,1
446.400,1,1,1,1
446.450,1,1,1,1
446.500,1,1,1,1
446.550,1,1,1,1
446.600,1,0,1,1
446.650,1,0,1,0
446.700,0,0,0,0
446.750,0,0,0,0
446.800,0,0,0,0
446.850,0,0,0,0
446.900,0,0,0,0
446.950,0,0,0,0
447.000,0,0,0,0
447.050,0,0,0,0
447.100,0,1,0,0
447.150,0,1,0,1
447.200,1,1,1,1
447.250,1,1,1,1
447.300,1,1,1,1
447.350,1,1,1,1
447.400,1,1,1,1
447.450,1,1,1,1
447.500,1,1,1,1
447.550,1,0,1,1
447.600,1,0,1,0
447.650,0,0,0,0
447.700,0,0,0,0
447.750,0,0,0,0
447.800,0,0,0,0
447.850,0,0,0,0
447.900,0,0,0,0
447.950,0,0,0,0
448.000,0,0,0,0
448.050,0,1,0,0
448.100,0,1,0,1
448.150,1,1,1,1
448.200,1,1,1,1
448.250,1,1,1,1
448.300,1,1,1,1
448.350,1,1,1,1
448.400,1,1,1,1
448.450,1,1,1,1
448.500,1,0,1,1
448.550,1,0,1,0
448.600,0,0,0,0
448.650,0,0,0,0
448.700,0,0,0,0
448.750,0,0,0,0
448.800,0,0,0,0
448.850,0,0,0,0
448.900,0,0,0,0
448.950,0,0,0,0
449.000,0,1,0,0
449.050,1,1,0,1
449.100,1,1,1,1
449.150,1,1,1,1
449.200,1,1,1,1
449.250,1,1,1,1
449.300,1,1,1,1
449.350,1,1,1,1
449.400,1,1,1,1
449.450,1,0,1,1
449.500,1,0,1,0
449.550,0,0,0,0
449.600,0,0,0,0
449.650,0,0,0,0
449.700,0,0,0,0
449.750,0,0,0,0
449.800,0,0,0,0
449.850,0,0,0,0
449.900,0,0,0,0
449.950,0,1,0,1
450.000,0,1,0,1
450.050,1,1,1,1
450.100,1,1,1,1
450.150,1,1,1,1
450.200,1,1,1,1
450.250,1,1,1,1
450.300,1,1,1,1
450.350,1,1,1,1
450.400,1,0,1,1
450.450,0,0,1,0
450.500,0,0,0,0
450.550,0,0,0,0
450.600,0,0,0,0
450.650,0,0,0,0
450.700,0,0,0,0
450.750,0,0,0,0
450.800,0,0,0,0
450.850,0,0,0,0
450.900,0,1,0,0
450.950,1,1,1,1
451.000,1,1,1,1
451.050,1,1,1,1
451.100,1,1,1,1
451.150,1,1,1,1
451.200,1,1,1,1
451.250,1,1,1,1
451.300,1,1,1,1
451.350,1,0,1,1
451.400,0,0,1,0
451.450,0,0,0,0
451.500,0,0,0,0
451.550,0,0,0,0
451.600,0,0,0,0
451.650,0,0,0,0
451.700,0,0,0,0
451.750,0,0,0,0
451.800,0,0,0,0
451.850,0,1,0,0
451.900,1,1,1,1
451.950,1,1,1,1
452.000,1,1,1,1
452.050,1,1,1,1
452.100,1,1,1,1
452.150,1,1,1,1
452.200,1,1,1,1
452.250,1,1,1,1
452.300,1,0,1,1
452.350,0,0,0,0
452.400,0,0,0,0
452.450,0,0,0,0
452.500,0,0,0,0
452.550,0,0,0,0
452.600,0,0,0,0
452.650,0,0,0,0
452.700,0,0,0,0
452.750,0,1,0,0
452.800,0,1,0,1
452.850,1,1,1,1
452.900,1,1,1,1
452.950,1,1,1,1
453.000,1,1,1,1
453.050,1,1,1,1
453.100,1,1,1,1
453.150,1,1,1,1
453.200,1,0,1,1
453.250,1,0,1,1
453.300,0,0,0,0
453.350,0,0,0,0
453.400,0,0,0,0
453.450,0,0,0,0
453.500,0,0,0,0
453.550,0,0,0,0
453.600,0,0,0,0
453.650,0,0,0,0
453.700,0,1,0,0
453.750,0,1,0,1
453.800,1,1,1,1
453.850,1,1,1,1
453.900,1,1,1,1
453.950,1,1,1,1
454.000,1,1,1,1
454.050,1,1,1,1
454.100,1,1,1,1
454.150,1,0,1,1
454.200,1,0,1,0
454.250,0,0,0,0
454.300,0,0,0,0
454.350,0,0,0,0
454.400,0,0,0,0
454.450,0,0,0,0
454.500,0,0,0,0
454.550,0,0,0,0
454.600,0,0,0,0
454.650,0,1,0,0
454.700,0,1,0,1
454.750,1,1,1,1
454.800,1,1,1,1
454.850,1,1,1,1
454.900,1,1,1,1
454.950,1,1,1,1
455.000,1,1,1,1
455.050,1,1,1,1
455.100,1,0,1,1
455.150,1,0,1,0
455.200,0,0,0,0
455.250,0,0,0,0
455.300,0,0,0,0
455.350,0,0,0,0
455.400,0,0,0,0
455.450,0,0,0,0
455.500,0,0,0,0
455.550,0,1,0,0
455.600,0,1,0,1
455.650,1,1,1,1
455.700,1,1,1,1
455.750,1,1,1,1
455.800,1,1,1,1
455.850,1,1,1,1
455.900,1,1,1,1
455.950,1,1,1,1
456.000,1,1,1,1
456.050,1,0,1,1
456.100,1,0,0,0
456.150,0,0,0,0
456.200,0,0,0,0
456.250,0,0,0,0
456.300,0,0,0,0
456.350,0,0,0,0
456.400,0,0,0,0
456.450,0,0,0,0
456.500,0,1,0,0
456.550,0,1,0,1
456.600,1,1,1,1
456.650,1,1,1,1
456.700,1,1,1,1
456.750,1,1,1,1
456.800,1,1,1,1
456.850,1,1,1,1
456.900,1,1,1,1
456.950,1,0,1,1
457.000,1,0,1,0
457.050,0,0,0,0
457.100,0,0,0,0
457.150,0,0,0,0
457.200,0,0,0,0
457.250,0,0,0,0
457.300,0,0,0,0
457.350,0,0,0,0
457.400,0,0,0,0
457.450,0,1,0,0
457.500,0,1,0,1
457.550,1,1,1,1
457.600,1,1,1,1
457.650,1,1,1,1
457.700,1,1,1,1
457.750,1,1,1,1
457.800,1,1,1,1
457.850,1,1,1,1
457.900,1,0,1,1
457.950,1,0,1,0
458.000,0,0,0,0
458.050,0,0,0,0
458.100,0,0,0,0
458.150,0,0,0,0
458.200,0,0,0,0
458.250,0,0,0,0
458.300,0,0,0,0
458.350,0,0,0,0
458.400,0,1,0,0
458.450,0,1,0,1
458.500,1,1,1,1
458.550,1,1,1,1
458.600,1,1,1,1
458.650,1,1,1,1
458.700,1,1,1,1
458.750,1,1,1,1
458.800,1,1,1,1
458.850,1,1,1,1
458.900,1,0,1,0
458.950,0,0,0,0
459.000,0,0,0,0
459.050,0,0,0,0
459.100,0,0,0,0
459.150,0,0,0,0
459.200,0,0,0,0
459.250,0,0,0,0
459.300,0,0,0,0
459.350,0,1,0,0
459.400,0,1,0,1
459.450,1,1,1,1
459.500,1,1,1,1
459.550,1,1,1,1
459.600,1,1,1,1
459.650,1,1,1,1
459.700,1,1,1,1
459.750,1,1,1,1
459.800,1,1,1,1
459.850,1,0,1,0
459.900,0,0,0,0
459.950,0,0,0,0
460.000,0,0,0,0
460.050,0,0,0,0
460.100,0,0,0,0
460.150,0,0,0,0
460.200,0,0,0,0
460.250,0,0,0,0
460.300,0,0,0,0
460.350,0,1,0,1
460.400,1,1,1,1
460.450,1,1,1,1
460.500,1,1,1,1
460.550,1,1,1,1
460.600,1,1,1,1
460.650,1,1,1,1
460.700,1,1,1,1
460.750,1,1,1,1
460.800,0,0,1,1
460.850,0,0,0,0
460.900,0,0,0,0
460.950,0,0,0,0
461.000,0,0,0,0
461.050,0,0,0,0
461.100,0,0,0,0
461.150,0,0,0,0
461.200,0,0,0,0
461.250,0,0,0,0
461.300,1,1,1,0
461.350,1,1,1,1
461.400,1,1,1,1
461.450,1,1,1,1
461.500,1,1,1,1
461.550,1,1,1,1
461.600,1,1,1,1
461.650,1,1,1,1
461.700,1,1,1,1
461.750,1,0,1,1
461.800,0,0,0,0
461.850,0,0,0,0
461.900,0,0,0,0
461.950,0,0,0,0
462.000,0,0,0,0
462.050,0,0,0,0
462.100,0,0,0,0
462.150,0,0,0,0
462.200,0,0,0,0
462.250,1,1,1,0
462.300,1,1,1,1
462.350,1,1,1,1
462.400,1,1,1,1
462.450,1,1,1,1
462.500,1,1,1,1
462.550,1,1,1,1
462.600,1,1,1,1
462.650,1,1,1,1
462.700,0,0,0,1
462.750,0,0,0,0
462.800,0,0,0,0
462.850,0,0,0,0
462.900,0,0,0,0
462.950,0,0,0,0
463.000,0,0,0,0
463.050,0,0,0,0
463.100,0,0,0,0
463.150,0,0,0,0
463.200,1,1,1,0
463.250,1,1,1,1
463.300,1,1,1,1
463.350,1,1,1,1
463.400,1,1,1,1
463.450,1,1,1,1
463.500,1,1,1,1
463.550,1,1,1,1
463.600,1,1,1,1
463.650,0,0,0,1
463.700,0,0,0,1
463.750,0,0,0,0
463.800,0,0,0,0
463.850,0,0,0,0
463.900,0,0,0,0
463.950,0,0,0,0
464.000,0,0,0,0
464.050,0,0,0,0
464.100,0,0,0,0
464.150,1,1,1,0
464.200,1,1,1,1
464.250,1,1,1,1
464.300,1,1,1,1
464.350,1,1,1,1
464.400,1,1,1,1
464.450,1,1,1,1
464.500,1,1,1,1
464.550,1,1,1,1
464.600,0,0,0,1
464.650,0,0,0,1
464.700,0,0,0,0
464.750,0,0,0,0
464.800,0,0,0,0
464.850,0,0,0,0
464.900,0,0,0,0
464.950,0,0,0,0
465.000,0,0,0,0
465.050,0,0,0,0
465.100,1,1,1,0
465.150,1,1,1,1
465.200,1,1,1,1
465.250,1,1,1,1
465.300,1,1,1,1
465.350,1,1,1,1
465.400,1,1,1,1
465.450,1,1,1,1
465.500,1,1,1,1
465.550,0,0,0,1
465.600,0,0,0,1
465.650,0,0,0,0
465.700,0,0,0,0
465.750,0,0,0,0
465.800,0,0,0,0
465.850,0,0,0,0
465.900,0,0,0,0
465.950,0,0,0,0
466.000,0,0,0,0
466.050,1,1,1,0
466.100,1,1,1,1
466.150,1,1,1,1
466.200,1,1,1,1
466.250,1,1,1,1
466.300,1,1,1,1
466.350,1,1,1,1
466.400,1,1,1,1
466.450,1,1,1,1
466.500,0,0,0,1
466.550,0,0,0,1
466.600,0,0,0,0
466.650,0,0,0,0
466.700,0,0,0,0
466.750,0,0,0,0
466.800,0,0,0,0
466.850,0,0,0,0
466.900,0,0,0,0
466.950,0,0,0,0
467.000,1,1,1,0
467.050,1,1,1,1
467.100,1,1,1,1
467.150,1,1,1,1
467.200,1,1,1,1
467.250,1,1,1,1
467.300,1,1,1,1
467.350,1,1,1,1
467.400,1,1,1,1
467.450,0,0,0,1
467.500,0,0,0,1
467.550,0,0,0,0
467.600,0,0,0,0
467.650,0,0,0,0
467.700,0,0,0,0
467.750,0,0,0,0
467.800,0,0,0,0
467.850,0,0,0,0
467.900,1,0,1,0
467.950,1,1,1,0
468.000,1,1,1,0
468.050,1,1,1,1
468.100,1,1,1,1
468.150,1,1,1,1
468.200,1,1,1,1
468.250,1,1,1,1
468.300,1,1,1,1
468.350,1,1,1,1
468.400,0,1,0,1
468.450,0,0,0,1
468.500,0,0,0,0
468.550,0,0,0,0
468.600,0,0,0,0
468.650,0,0,0,0
468.700,0,0,0,0
468.750,0,0,0,0
468.800,0,0,0,0
468.850,1,0,1,0
468.900,1,0,1,0
468.950,1,1,1,0
469.000,1,1,1,1
469.050,1,1,1,1
469.100,1,1,1,1
469.150,1,1,1,1
469.200,1,1,1,1
469.250,1,1,1,1
469.300,1,1,1,1
469.350,0,1,0,1
469.400,0,0,0,1
469.450,0,0,0,0
469.500,0,0,0,0
469.550,0,0,0,0
469.600,0,0,0,0
469.650,0,0,0,0
469.700,0,0,0,0
469.750,0,0,0,0
469.800,1,0,1,0
469.850,1,0,1,0
469.900,1,1,1,0
469.950,1,1,1,1
470.000,1,1,1,1
470.050,1,1,1,1
470.100,1,1,1,1
470.150,1,1,1,1
470.200,1,1,1,1
470.250,1,1,1,1
470.300,0,1,0,1
470.350,0,1,0,1
470.400,0,0,0,1
470.450,0,0,0,0
470.500,0,0,0,0
470.550,0,0,0,0
470.600,0,0,0,0
470.650,0,0,0,0
470.700,0,0,0,0
470.750,1,0,1,0
470.800,1,0,1,0
470.850,1,0,1,0
470.900,1,1,1,0
470.950,1,1,1,1
471.000,1,1,1,1
471.050,1,1,1,1
471.100,1,1,1,1
471.150,1,1,1,1
471.200,0,1,1,1
471.250,0,1,0,1
471.300,0,1,0,1
471.350,0,0,0,1
471.400,0,0,0,0
471.450,0,0,0,0
471.500,0,0,0,0
471.550,0,0,0,0
471.600,0,0,0,0
471.650,0,0,0,0
471.700,1,0,1,0
471.750,1,0,1,0
471.800,1,0,1,0
471.850,1,1,1,0
471.900,1,1,1,1
471.950,1,1,1,1
472.000,1,1,1,1
472.050,1,1,1,1
472.100,1,1,1,1
472.150,0,1,0,1
472.200,0,1,0,1
472.250,0,1,0,1
472.300,0,1,0,1
472.350,0,0,0,1
472.400,0,0,0,0
472.450,0,0,0,0
472.500,0,0,0,0
472.550,0,0,0,0
472.600,0,0,0,0
472.650,1,0,1,0
472.700,1,0,1,0
472.750,1,0,1,0
472.800,1,0,1,0
472.850,1,1,1,0
472.900,1,1,1,1
472.950,1,1,1,1
473.000,1,1,1,1
473.050,1,1,1,1
473.100,0,1,0,1
473.150,0,1,0,1
473.200,0,1,0,1
473.250,0,1,0,1
473.300,0,0,0,1
473.350,0,0,0,0
473.400,0,0,0,0
473.450,0,0,0,0
473.500,0,0,0,0
473.550,0,0,0,0
473.600,1,0,1,0
473.650,1,0,1,0
473.700,1,0,1,0
473.750,1,0,1,0
473.800,1,1,1,0
473.850,1,1,1,1
473.900,1,1,1,1
473.950,1,1,1,1
474.000,1,1,1,1
474.050,0,1,0,1
474.100,0,1,0,1
474.150,0,1,0,1
474.200,0,1,0,1
474.250,0,0,0,1
474.300,0,0,0,1
474.350,0,0,0,0
474.400,0,0,0,0
474.450,0,0,0,0
474.500,0,0,0,0
474.550,1,0,1,0
474.600,1,0,1,0
474.650,1,0,1,0
474.700,1,0,1,0
474.750,1,1,1,0
474.800,1,1,1,0
474.850,1,1,1,1
474.900,1,1,1,1
474.950,1,1,1,1
475.000,0,1,0,1
475.050,0,1,0,1
475.100,0,1,0,1
475.150,0,1,0,1
475.200,0,1,0,1
475.250,0,0,0,1
475.300,0,0,0,1
475.350,0,0,0,0
475.400,0,0,0,0
475.450,0,0,0,0
475.500,1,0,1,0
475.550,1,0,1,0
475.600,1,0,1,0
475.650,1,0,1,0
475.700,1,0,1,0
475.750,1,1,1,0
475.800,1,1,1,1
475.850,1,1,1,1
475.900,1,1,1,1
475.950,0,1,0,1
476.000,0,1,0,1
476.050,0,1,0,1
476.100,0,1,0,1
476.150,0,1,0,1
476.200,0,0,0,1
476.250,0,0,0,1
476.300,0,0,0,0
476.350,0,0,0,0
476.400,1,0,0,0
476.450,1,0,1,0
476.500,1,0,1,0
476.550,1,0,1,0
476.600,1,0,1,0
476.650,1,0,1,0
476.700,1,1,1,0
476.750,1,1,1,0
476.800,1,1,1,1
476.850,1,1,1,1
476.900,0,1,0,1
476.950,0,1,0,1
477.000,0,1,0,1
477.050,0,1,0,1
477.100,0,1,0,1
477.150,0,1,0,1
477.200,0,0,0,1
477.250,0,0,0,0
477.300,0,0,0,0
477.350,0,0,0,0
477.400,1,0,1,0
477.450,1,0,1,0
477.500,1,0,1,0
477.550,1,0,1,0
477.600,1,0,1,0
477.650,1,1,1,0
477.700,1,1,1,0
477.750,1,1,1,1
477.800,1,1,1,1
477.850,0,1,0,1
477.900,0,1,0,1
477.950,0,1,0,1
478.000,0,1,0,1
478.050,0,1,0,1
478.100,0,1,0,1
478.150,0,0,0,1
478.200,0,0,0,0
478.250,0,0,0,0
478.300,1,0,1,0
478.350,1,0,1,0
478.400,1,0,1,0
478.450,1,0,1,0
478.500,1,0,1,0
478.550,1,0,1,0
478.600,1,0,1,0
478.650,1,1,1,0
478.700,1,1,1,1
478.750,1,1,1,1
478.800,0,1,0,1
478.850,0,1,0,1
478.900,0,1,0,1
478.950,0,1,0,1
479.000,0,1,0,1
479.050,0,1,0,1
479.100,0,0,0,1
479.150,0,0,0,1
479.200,0,0,0,0
479.250,0,0,0,0
479.300,1,0,1,0
479.350,1,0,1,0
479.400,1,0,1,0
479.450,1,0,1,0
479.500,1,0,1,0
479.550,1,0,1,0
479.600,1,1,1,0
479.650,1,1,1,1
479.700,1,1,1,1
479.750,0,1,0,1
479.800,0,1,0,1
479.850,0,1,0,1
479.900,0,1,0,1
479.950,0,1,0,1
480.000,0,1,0,1
480.050,0,1,0,1
480.100,0,0,0,1
480.150,0,0,0,0
480.200,1,0,1,0
480.250,1,0,1,0
480.300,1,0,1,0
480.350,1,0,1,0
480.400,1,0,1,0
480.450,1,0,1,0
480.500,1,0,1,0
480.550,1,0,1,0
480.600,1,1,1,0
480.650,1,1,1,1
480.700,0,1,0,1
480.750,0,1,0,1
480.800,0,1,0,1
480.850,0,1,0,1
480.900,0,1,0,1
480.950,0,1,0,1
481.000,0,1,0,1
481.050,0,0,0,1
481.100,0,0,0,0
481.150,1,0,0,0
481.200,1,0,1,0
481.250,1,0,1,0
481.300,1,0,1,0
481.350,1,0,1,0
481.400,1,0,1,0
481.450,1,0,1,0
481.500,1,0,1,0
481.550,1,1,1,0
481.600,0,1,1,1
481.650,0,1,0,1
481.700,0,1,0,1
481.750,0,1,0,1
481.800,0,1,0,1
481.850,0,1,0,1
481.900,0,1,0,1
481.950,0,1,0,1
482.000,0,0,0,1
482.050,0,0,0,1
482.100,1,0,1,0
482.150,1,0,1,0
482.200,1,0,1,0
482.250,1,0,1,0
482.300,1,0,1,0
482.350,1,0,1,0
482.400,1,0,1,0
482.450,1,0,1,0
482.500,1,0,1,0
482.550,1,1,1,1
482.600,0,1,0,1
482.650,0,1,0,1
482.700,0,1,0,1
482.750,0,1,0,1
482.800,0,1,0,1
482.850,0,1,0,1
482.900,0,1,0,1
482.950,0,1,0,1
483.000,0,0,0,1
483.050,1,0,0,0
483.100,1,0,1,0
483.150,1,0,1,0
483.200,1,0,1,0
483.250,1,0,1,0
483.300,1,0,1,0
483.350,1,0,1,0
483.400,1,0,1,0
483.450,1,0,1,0
483.500,0,1,0,0
483.550,0,1,0,1
483.600,0,1,0,1
483.650,0,1,0,1
483.700,0,1,0,1
483.750,0,1,0,1
483.800,0,1,0,1
483.850,0,1,0,1
483.900,0,1,0,1
483.950,0,0,0,1
484.000,1,0,1,0
484.050,1,0,1,0
484.100,1,0,1,0
484.150,1,0,1,0
484.200,1,0,1,0
484.250,1,0,1,0
484.300,1,0,1,0
484.350,1,0,1,0
484.400,1,1,1,0
484.450,1,1,1,0
484.500,0,1,0,1
484.550,0,1,0,1
484.600,0,1,0,1
484.650,0,1,0,1
484.700,0,1,0,1
484.750,0,1,0,1
484.800,0,1,0,1
484.850,0,1,0,1
484.900,0,0,0,1
484.950,1,0,1,0
485.000,1,0,1,0
485.050,1,0,1,0
485.100,1,0,1,0
485.150,1,0,1,0
485.200,1,0,1,0
485.250,1,0,1,0
485.300,1,0,1,0
485.350,1,0,1,0
485.400,0,1,1,0
485.450,0,1,0,1
485.500,0,1,0,1
485.550,0,1,0,1
485.600,0,1,0,1
485.650,0,1,0,1
485.700,0,1,0,1
485.750,0,1,0,1
485.800,0,1,0,1
485.850,0,0,0,1
485.900,1,0,1,0
485.950,1,0,1,0
486.000,1,0,1,0
486.050,1,0,1,0
486.100,1,0,1,0
486.150,1,0,1,0
486.200,1,0,1,0
486.250,1,0,1,0
486.300,1,1,1,0
486.350,1,1,1,0
486.400,0,1,0,1
486.450,0,1,0,1
486.500,0,1,0,1
486.550,0,1,0,1
486.600,0,1,0,1
486.650,0,1,0,1
486.700,0,1,0,1
486.750,0,1,0,1
486.800,0,0,0,1
486.850,1,0,1,0
486.900,1,0,1,0
486.950,1,0,1,0
487.000,1,0,1,0
487.050,1,0,1,0
487.100,1,0,1,0
487.150,1,0,1,0
487.200,1,0,1,0
487.250,1,1,1,0
487.300,1,1,1,0
487.350,0,1,0,1
487.400,0,1,0,1
487.450,0,1,0,1
487.500,0,1,0,1
487.550,0,1,0,1
487.600,0,1,0,1
487.650,0,1,0,1
487.700,0,1,0,1
487.750,0,0,0,1
487.800,1,0,0,0
487.850,1,0,1,0
487.900,1,0,1,0
487.950,1,0,1,0
488.000,1,0,1,0
488.050,1,0,1,0
488.100,1,0,1,0
488.150,1,0,1,0
488.200,1,1,1,0
488.250,1,1,1,1
488.300,0,1,0,1
488.350,0,1,0,1
488.400,0,1,0,1
488.450,0,1,0,1
488.500,0,1,0,1
488.550,0,1,0,1
488.600,0,1,0,1
488.650,0,0,0,1
488.700,0,0,0,1
488.750,1,0,1,0
488.800,1,0,1,0
488.850,1,0,1,0
488.900,1,0,1,0
488.950,1,0,1,0
489.000,1,0,1,0
489.050,1,0,1,0
489.100,1,0,1,0
489.150,1,1,1,0
489.200,1,1,1,1
489.250,0,1,0,1
489.300,0,1,0,1
489.350,0,1,0,1
489.400,0,1,0,1
489.450,0,1,0,1
489.500,0,1,0,1
489.550,0,1,0,1
489.600,0,0,0,1
489.650,0,0,0,1
489.700,1,0,1,0
489.750,1,0,1,0
489.800,1,0,1,0
489.850,1,0,1,0
489.900,1,0,1,0
489.950,1,0,1,0
490.000,1,0,1,0
490.050,1,0,1,0
490.100,1,1,1,0
490.150,1,1,1,1
490.200,0,1,0,1
490.250,0,1,0,1
490.300,0,1,0,1
490.350,0,1,0,1
490.400,0,1,0,1
490.450,0,1,0,1
490.500,0,1,0,1
490.550,0,1,0,1
490.600,0,0,0,0
490.650,1,0,1,0
490.700,1,0,1,0
490.750,1,0,1,0
490.800,1,0,1,0
490.850,1,0,1,0
490.900,1,0,1,0
490.950,1,0,1,0
491.000,1,0,1,0
491.050,1,1,1,0
491.100,1,1,1,1
491.150,0,1,0,1
491.200,0,1,0,1
491.250,0,1,0,1
491.300,0,1,0,1
491.350,0,1,0,1
491.400,0,1,0,1
491.450,0,1,0,1
491.500,0,1,0,1
491.550,0,0,0,0
491.600,1,0,1,0
491.650,1,0,1,0
491.700,1,0,1,0
491.750,1,0,1,0
491.800,1,0,1,0
491.850,1,0,1,0
491.900,1,0,1,0
491.950,1,0,1,0
492.000,1,0,1,0
492.050,0,1,1,1
492.100,0,1,0,1
492.150,0,1,0,1
492.200,0,1,0,1
492.250,0,1,0,1
492.300,0,1,0,1
492.350,0,1,0,1
492.400,0,1,0,1
492.450,0,1,0,1
492.500,0,0,0,0
492.550,1,0,1,0
492.600,1,0,1,0
492.650,1,0,1,0
492.700,1,0,1,0
492.750,1,0,1,0
492.800,1,0,1,0
492.850,1,0,1,0
492.900,1,0,1,0
492.950,1,0,1,0
493.000,0,1,1,1
493.050,0,1,0,1
493.100,0,1,0,1
493.150,0,1,0,1
493.200,0,1,0,1
493.250,0,1,0,1
493.300,0,1,0,1
493.350,0,1,0,1
493.400,0,1,0,1
493.450,0,0,0,0
493.500,1,0,1,0
493.550,1,0,1,0
493.600,1,0,1,0
493.650,1,0,1,0
493.700,1,0,1,0
493.750,1,0,1,0
493.800,1,0,1,0
493.850,1,0,1,0
493.900,1,1,1,0
493.950,0,1,0,1
494.000,0,1,0,1
494.050,0,1,0,1
494.100,0,1,0,1
494.150,0,1,0,1
494.200,0,1,0,1
494.250,0,1,0,1
494.300,0,1,0,1
494.350,0,0,0,1
494.400,0,0,0,0
494.450,1,0,1,0
494.500,1,0,1,0
494.550,1,0,1,0
494.600,1,0,1,0
494.650,1,0,1,0
494.700,1,0,1,0
494.750,1,0,1,0
494.800,1,0,1,0
494.850,1,1,1,0
494.900,0,1,0,1
494.950,0,1,0,1
495.000,0,1,0,1
495.050,0,1,0,1
495.100,0,1,0,1
495.150,0,1,0,1
495.200,0,1,0,1
495.250,0,1,0,1
495.300,0,0,0,1
495.350,0,0,0,0
495.400,1,0,1,0
495.450,1,0,1,0
495.500,1,0,1,0
495.550,1,0,1,0
495.600,1,0,1,0
495.650,1,0,1,0
495.700,1,0,1,0
495.750,1,0,1,0
495.800,1,1,1,0
495.850,0,1,0,1
495.900,0,1,0,1
495.950,0,1,0,1
496.000,0,1,0,1
496.050,0,1,0,1
496.100,0,1,0,1
496.150,0,1,0,1
496.200,0,0,0,1
496.250,0,0,0,1
496.300,0,0,0,0
496.350,1,0,1,0
496.400,1,0,1,0
496.450,1,0,1,0
496.500,1,0,1,0
496.550,1,0,1,0
496.600,1,0,1,0
496.650,1,0,1,0
496.700,1,1,1,0
496.750,1,1,1,1
496.800,0,1,0,1
496.850,0,1,0,1
496.900,0,1,0,1
496.950,0,1,0,1
497.000,0,1,0,1
497.050,0,1,0,1
497.100,0,1,0,1
497.150,0,0,0,1
497.200,0,0,0,0
497.250,0,0,0,0
497.300,1,0,1,0
497.350,1,0,1,0
497.400,1,0,1,0
497.450,1,0,1,0
497.500,1,0,1,0
497.550,1,0,1,0
497.600,1,0,1,0
497.650,1,1,1,0
497.700,1,1,1,1
497.750,0,1,0,1
497.800,0,1,0,1
497.850,0,1,0,1
497.900,0,1,0,1
497.950,0,1,0,1
498.000,0,1,0,1
498.050,0,1,0,1
498.100,0,0,0,1
498.150,0,0,0,0
498.200,0,0,0,0
498.250,1,0,1,0
498.300,1,0,1,0
498.350,1,0,1,0
498.400,1,0,1,0
498.450,1,0,1,0
498.500,1,0,1,0
498.550,1,1,1,0
498.600,1,1,1,1
498.650,1,1,1,1
498.700,0,1,0,1
498.750,0,1,0,1
498.800,0,1,0,1
498.850,0,1,0,1
498.900,0,1,0,1
498.950,0,1,0,1
499.000,0,0,0,1
499.050,0,0,0,0
499.100,0,0,0,0
499.150,0,0,0,0
499.200,1,0,1,0
499.250,1,0,1,0
499.300,1,0,1,0
499.350,1,0,1,0
499.400,1,0,1,0
499.450,1,0,1,0
499.500,1,1,1,0
499.550,1,1,1,1
499.600,1,1,1,1
499.650,0,1,0,1
499.700,0,1,0,1
499.750,0,1,0,1
499.800,0,1,0,1
499.850,0,1,0,1
499.900,0,1,0,1
499.950,0,0,0,1
500.000,1,0,1,1
500.050,1,0,1,1
500.100,1,0,1,1
500.150,1,0,1,1
500.200,1,0,1,1
500.250,1,1,1,1
500.300,1,1,1,1
500.350,1,1,0,1
500.400,0,1,0,0
500.450,0,1,0,0
500.500,0,1,0,0
500.550,0,1,0,0
500.600,0,1,0,0
500.650,0,1,0,0
500.700,0,0,0,0
500.750,0,0,0,0
500.800,0,0,1,0
500.850,0,0,1,1
500.900,1,0,1,1
500.950,1,0,1,1
501.000,1,0,1,1
501.050,1,0,1,1
501.100,1,0,1,1
501.150,1,1,1,1
501.200,1,1,1,1
501.250,1,1,1,1
501.300,1,1,0,1
501.350,0,1,0,0
501.400,0,1,0,0
501.450,0,1,0,0
501.500,0,1,0,0
501.550,0,1,0,0
501.600,0,0,0,0
501.650,0,0,0,0
501.700,0,0,0,0
501.750,0,0,0,0
501.800,0,0,1,1
501.850,1,0,1,1
501.900,1,0,1,1
501.950,1,0,1,1
502.000,1,0,1,1
502.050,1,0,1,1
502.100,1,1,1,1
502.150,1,1,1,1
502.200,1,1,1,1
502.250,1,1,0,1
502.300,0,1,0,0
502.350,0,1,0,0
502.400,0,1,0,0
502.450,0,1,0,0
502.500,0,0,0,0
502.550,0,0,0,0
502.600,0,0,0,0
502.650,0,0,0,0
502.700,0,0,0,0
502.750,1,0,1,1
502.800,1,0,1,1
502.850,1,0,1,1
502.900,1,0,1,1
502.950,1,0,1,1
503.000,1,1,1,1
503.050,1,1,1,1
503.100,1,1,1,1
503.150,1,1,1,1
503.200,1,1,0,0
503.250,0,1,0,0
503.300,0,1,0,0
503.350,0,1,0,0
503.400,0,1,0,0
503.450,0,0,0,0
503.500,0,0,0,0
503.550,0,0,0,0
503.600,0,0,0,0
503.650,0,0,0,0
503.700,1,0,1,1
503.750,1,0,1,1
503.800,1,0,1,1
503.850,1,0,1,1
503.900,1,1,1,1
503.950,1,1,1,1
504.000,1,1,1,1
504.050,1,1,1,1
504.100,1,1,1,1
504.150,0,1,1,0
504.200,0,1,0,0
504.250,0,1,0,0
504.300,0,1,0,0
504.350,0,0,0,0
504.400,0,0,0,0
504.450,0,0,0,0
504.500,0,0,0,0
504.550,0,0,0,0
504.600,0,0,0,0
504.650,1,0,0,1
504.700,1,0,1,1
504.750,1,0,1,1
504.800,1,0,1,1
504.850,1,1,1,1
504.900,1,1,1,1
504.950,1,1,1,1
505.000,1,1,1,1
505.050,1,1,1,1
505.100,0,1,1,0
505.150,0,1,0,0
505.200,0,1,0,0
505.250,0,1,0,0
505.300,0,0,0,0
505.350,0,0,0,0
505.400,0,0,0,0
505.450,0,0,0,0
505.500,0,0,0,0
505.550,0,0,0,1
505.600,1,0,0,1
505.650,1,0,1,1
505.700,1,0,1,1
505.750,1,0,1,1
505.800,1,1,1,1
505.850,1,1,1,1
505.900,1,1,1,1
505.950,1,1,1,1
506.000,1,1,1,1
506.050,0,1,1,0
506.100,0,1,0,0
506.150,0,1,0,0
506.200,0,0,0,0
506.250,0,0,0,0
506.300,0,0,0,0
506.350,0,0,0,0
506.400,0,0,0,0
506.450,0,0,0,0
506.500,0,0,0,1
506.550,1,0,0,1
506.600,1,0,1,1
506.650,1,0,1,1
506.700,1,1,1,1
506.750,1,1,1,1
506.800,1,1,1,1
506.850,1,1,1,1
506.900,1,1,1,1
506.950,1,1,1,0
507.000,0,1,1,0
507.050,0,1,1,0
507.100,0,1,0,0
507.150,0,0,0,0
507.200,0,0,0,0
507.250,0,0,0,0
507.300,0,0,0,0
507.350,0,0,0,0
507.400,0,0,0,1
507.450,1,0,0,1
507.500,1,0,0,1
507.550,1,0,1,1
507.600,1,1,1,1
507.650,1,1,1,1
507.700,1,1,1,1
507.750,1,1,1,1
507.800,1,1,1,1
507.850,1,1,1,0
507.900,1,1,1,0
507.950,0,1,1,0
508.000,0,1,1,0
508.050,0,0,0,0
508.100,0,0,0,0
508.150,0,0,0,0
508.200,0,0,0,0
508.250,0,0,0,0
508.300,0,0,0,0
508.350,0,0,0,1
508.400,1,0,0,1
508.450,1,0,0,1
508.500,1,1,0,1
508.550,1,1,1,1
508.600,1,1,1,1
508.650,1,1,1,1
508.700,1,1,1,1
508.750,1,1,1,1
508.800,1,1,1,0
508.850,1,1,1,0
508.900,0,1,1,0
508.950,0,0,1,0
509.000,0,0,0,0
509.050,0,0,0,0
509.100,0,0,0,0
509.150,0,0,0,0
509.200,0,0,0,0
509.250,0,0,0,1
509.300,0,0,0,1
509.350,1,0,0,1
509.400,1,0,0,1
509.450,1,1,0,1
509.500,1,1,1,1
509.550,1,1,1,1
509.600,1,1,1,1
509.650,1,1,1,1
509.700,1,1,1,1
509.750,1,1,1,0
509.800,0,1,1,0
509.850,0,0,1,0
509.900,0,0,1,0
509.950,0,0,0,0
510.000,0,0,0,0
510.050,0,0,0,0
510.100,0,0,0,0
510.150,0,0,0,0
510.200,0,0,0,1
510.250,0,0,0,1
510.300,1,0,0,1
510.350,1,1,0,1
510.400,1,1,0,1
510.450,1,1,1,1
510.500,1,1,1,1
510.550,1,1,1,1
510.600,1,1,1,1
510.650,1,1,1,0
510.700,1,1,1,0
510.750,0,1,1,0
510.800,0,0,1,0
510.850,0,0,1,0
510.900,0,0,0,0
510.950,0,0,0,0
511.000,0,0,0,0
511.050,0,0,0,0
511.100,0,0,0,0
511.150,0,0,0,1
511.200,0,0,0,1
511.250,1,1,0,1
511.300,1,1,0,1
511.350,1,1,0,1
511.400,1,1,1,1
511.450,1,1,1,1
511.500,1,1,1,1
511.550,1,1,1,1
511.600,1,1,1,0
511.650,1,1,1,0
511.700,0,0,1,0
511.750,0,0,1,0
511.800,0,0,1,0
511.850,0,0,0,0
511.900,0,0,0,0
511.950,0,0,0,0
512.000,0,0,0,0
512.050,0,0,0,1
512.100,0,0,0,1
512.150,0,1,0,1
512.200,1,1,0,1
512.250,1,1,0,1
512.300,1,1,0,1
512.350,1,1,1,1
512.400,1,1,1,1
512.450,1,1,1,1
512.500,1,1,1,1
512.550,1,1,1,0
512.600,1,0,1,0
512.650,0,0,1,0
512.700,0,0,1,0
512.750,0,0,1,0
512.800,0,0,0,0
512.850,0,0,0,0
512.900,0,0,0,0
512.950,0,0,0,0
513.000,0,0,0,1
513.050,0,0,0,1
513.100,0,1,0,1
513.150,1,1,0,1
513.200,1,1,0,1
513.250,1,1,0,1
513.300,1,1,1,1
513.350,1,1,1,1
513.400,1,1,1,1
513.450,1,1,1,0
513.500,1,0,1,0
513.550,1,0,1,0
513.600,0,0,1,0
513.650,0,0,1,0
513.700,0,0,1,0
513.750,0,0,0,0
513.800,0,0,0,0
513.850,0,0,0,0
513.900,0,0,0,0
513.950,0,0,0,1
514.000,0,1,0,1
514.050,0,1,0,1
514.100,1,1,0,1
514.150,1,1,0,1
514.200,1,1,0,1
514.250,1,1,1,1
514.300,1,1,1,1
514.350,1,1,1,1
514.400,1,1,1,0
514.450,1,0,1,0
514.500,1,0,1,0
514.550,0,0,1,0
514.600,0,0,1,0
514.650,0,0,1,0
514.700,0,0,0,0
514.750,0,0,0,0
514.800,0,0,0,0
514.850,0,0,0,1
514.900,0,0,0,1
514.950,0,1,0,1
515.000,0,1,0,1
515.050,1,1,0,1
515.100,1,1,0,1
515.150,1,1,0,1
515.200,1,1,1,1
515.250,1,1,1,1
515.300,1,1,1,0
515.350,1,0,1,0
515.400,1,0,1,0
515.450,1,0,1,0
515.500,0,0,1,0
515.550,0,0,1,0
515.600,0,0,1,0
515.650,0,0,0,0
515.700,0,0,0,0
515.750,0,0,0,1
515.800,0,0,0,1
515.850,0,1,0,1
515.900,0,1,0,1
515.950,0,1,0,1
516.000,1,1,0,1
516.050,1,1,0,1
516.100,1,1,0,1
516.150,1,1,1,1
516.200,1,1,1,0
516.250,1,1,1,0
516.300,1,0,1,0
516.350,1,0,1,0
516.400,1,0,1,0
516.450,0,0,1,0
516.500,0,0,1,0
516.550,0,0,1,0
516.600,0,0,0,0
516.650,0,0,0,0
516.700,0,0,0,1
516.750,0,1,0,1
516.800,0,1,0,1
516.850,0,1,0,1
516.900,0,1,0,1
516.950,1,1,0,1
517.000,1,1,0,1
517.050,1,1,0,1
517.100,1,1,1,0
517.150,1,1,1,0
517.200,1,0,1,0
517.250,1,0,1,0
517.300,1,0,1,0
517.350,1,0,1,0
517.400,0,0,1,0
517.450,0,0,1,0
517.500,0,0,1,0
517.550,0,0,0,0
517.600,0,0,0,1
517.650,0,0,0,1
517.700,0,1,0,1
517.750,0,1,0,1
517.800,0,1,0,1
517.850,1,1,0,1
517.900,1,1,0,1
517.950,1,1,0,1
518.000,1,1,1,1
518.050,1,1,1,0
518.100,1,0,1,0
518.150,1,0,1,0
518.200,1,0,1,0
518.250,1,0,1,0
518.300,1,0,1,0
518.350,0,0,1,0
518.400,0,0,1,0
518.450,0,0,1,0
518.500,0,0,0,1
518.550,0,0,0,1
518.600,0,1,0,1
518.650,0,1,0,1
518.700,0,1,0,1
518.750,0,1,0,1
518.800,1,1,0,1
518.850,1,1,0,1
518.900,1,1,0,1
518.950,1,1,1,0
519.000,1,0,1,0
519.050,1,0,1,0
519.100,1,0,1,0
519.150,1,0,1,0
519.200,1,0,1,0
519.250,1,0,1,0
519.300,0,0,1,0
519.350,0,0,1,0
519.400,0,0,0,1
519.450,0,0,0,1
519.500,0,1,0,1
519.550,0,1,0,1
519.600,0,1,0,1
519.650,0,1,0,1
519.700,0,1,0,1
519.750,1,1,0,1
519.800,1,1,0,1
519.850,1,1,0,0
519.900,1,0,1,0
519.950,1,0,1,0
520.000,1,0,1,0
520.050,1,0,1,0
520.100,1,0,1,0
520.150,1,0,1,0
520.200,0,0,1,0
520.250,0,0,1,0
520.300,0,0,1,0
520.350,0,0,0,1
520.400,0,1,0,1
520.450,0,1,0,1
520.500,0,1,0,1
520.550,0,1,0,1
520.600,0,1,0,1
520.650,0,1,0,1
520.700,1,1,0,1
520.750,1,1,0,0
520.800,1,1,0,0
520.850,1,0,1,0
520.900,1,0,1,0
520.950,1,0,1,0
521.000,1,0,1,0
521.050,1,0,1,0
521.100,1,0,1,0
521.150,0,0,1,0
521.200,0,0,1,0
521.250,0,0,1,1
521.300,0,1,0,1
521.350,0,1,0,1
521.400,0,1,0,1
521.450,0,1,0,1
521.500,0,1,0,1
521.550,0,1,0,1
521.600,0,1,0,1
521.650,1,1,0,1
521.700,1,1,0,0
521.750,1,0,1,0
521.800,1,0,1,0
521.850,1,0,1,0
521.900,1,0,1,0
521.950,1,0,1,0
522.000,1,0,1,0
522.050,1,0,1,0
522.100,0,0,1,0
522.150,0,0,1,0
522.200,0,1,0,1
522.250,0,1,0,1
522.300,0,1,0,1
522.350,0,1,0,1
522.400,0,1,0,1
522.450,0,1,0,1
522.500,0,1,0,1
522.550,0,1,0,1
522.600,1,1,0,1
522.650,1,0,0,0
522.700,1,0,1,0
522.750,1,0,1,0
522.800,1,0,1,0
522.850,1,0,1,0
522.900,1,0,1,0
522.950,1,0,1,0
523.000,1,0,1,0
523.050,0,0,1,0
523.100,0,1,1,1
523.150,0,1,0,1
523.200,0,1,0,1
523.250,0,1,0,1
523.300,0,1,0,1
523.350,0,1,0,1
523.400,0,1,0,1
523.450,0,1,0,1
523.500,0,1,0,1
523.550,1,0,0,0
523.600,1,0,0,0
523.650,1,0,1,0
523.700,1,0,1,0
523.750,1,0,1,0
523.800,1,0,1,0
523.850,1,0,1,0
523.900,1,0,1,0
523.950,1,0,1,0
524.000,0,1,1,0
524.050,0,1,1,1
524.100,0,1,0,1
524.150,0,1,0,1
524.200,0,1,0,1
524.250,0,1,0,1
524.300,0,1,0,1
524.350,0,1,0,1
524.400,0,1,0,1
524.450,1,0,0,1
524.500,1,0,0,0
524.550,1,0,1,0
524.600,1,0,1,0
524.650,1,0,1,0
524.700,1,0,1,0
524.750,1,0,1,0
524.800,1,0,1,0
524.850,1,0,1,0
524.900,1,0,1,0
524.950,0,1,1,1
525.000,0,1,0,1
525.050,0,1,0,1
525.100,0,1,0,1
525.150,0,1,0,1
525.200,0,1,0,1
525.250,0,1,0,1
525.300,0,1,0,1
525.350,0,1,0,1
525.400,1,0,0,0
525.450,1,0,0,0
525.500,1,0,1,0
525.550,1,0,1,0
525.600,1,0,1,0
525.650,1,0,1,0
525.700,1,0,1,0
525.750,1,0,1,0
525.800,1,0,1,0
525.850,0,1,1,1
525.900,0,1,1,1
525.950,0,1,0,1
526.000,0,1,0,1
526.050,0,1,0,1
526.100,0,1,0,1
526.150,0,1,0,1
526.200,0,1,0,1
526.250,0,1,0,1
526.300,0,0,0,0
526.350,1,0,0,0
526.400,1,0,0,0
526.450,1,0,1,0
526.500,1,0,1,0
526.550,1,0,1,0
526.600,1,0,1,0
526.650,1,0,1,0
526.700,1,0,1,0
526.750,1,1,1,1
526.800,0,1,1,1
526.850,0,1,1,1
526.900,0,1,0,1
526.950,0,1,0,1
527.000,0,1,0,1
527.050,0,1,0,1
527.100,0,1,0,1
527.150,0,1,0,1
527.200,0,0,0,0
527.250,0,0,0,0
527.300,1,0,0,0
527.350,1,0,0,0
527.400,1,0,1,0
527.450,1,0,1,0
527.500,1,0,1,0
527.550,1,0,1,0
527.600,1,0,1,0
527.650,1,1,1,1
527.700,1,1,1,1
527.750,0,1,1,1
527.800,0,1,1,1
527.850,0,1,0,1
527.900,0,1,0,1
527.950,0,1,0,1
528.000,0,1,0,1
528.050,0,1,0,1
528.100,0,0,0,0
528.150,0,0,0,0
528.200,1,0,0,0
528.250,1,0,0,0
528.300,1,0,1,0
528.350,1,0,1,0
528.400,1,0,1,0
528.450,1,0,1,0
528.500,1,0,1,0
528.550,1,1,1,0
528.600,1,1,1,1
528.650,0,1,1,1
528.700,0,1,1,1
528.750,0,1,1,1
528.800,0,1,0,1
528.850,0,1,0,1
528.900,0,1,0,1
528.950,0,1,0,1
529.000,0,0,0,1
529.050,0,0,0,0
529.100,0,0,0,0
529.150,1,0,0,0
529.200,1,0,0,0
529.250,1,0,1,0
529.300,1,0,1,0
529.350,1,0,1,0
529.400,1,0,1,0
529.450,1,1,1,0
529.500,1,1,1,1
529.550,1,1,1,1
529.600,0,1,1,1
529.650,0,1,1,1
529.700,0,1,1,1
529.750,0,1,0,1
529.800,0,1,0,1
529.850,0,1,0,1
529.900,0,0,0,1
529.950,0,0,0,0
530.000,0,0,0,0
530.050,0,0,0,0
530.100,1,0,0,0
530.150,1,0,0,0
530.200,1,0,1,0
530.250,1,0,1,0
530.300,1,0,1,0
530.350,1,1,1,0
530.400,1,1,1,1
530.450,1,1,1,1
530.500,1,1,1,1
530.550,0,1,1,1
530.600,0,1,1,1
530.650,0,1,0,1
530.700,0,1,0,1
530.750,0,1,0,1
530.800,0,0,0,1
530.850,0,0,0,0
530.900,0,0,0,0
530.950,0,0,0,0
531.000,0,0,0,0
531.050,1,0,0,0
531.100,1,0,0,0
531.150,1,0,1,0
531.200,1,0,1,0
531.250,1,1,1,0
531.300,1,1,1,0
531.350,1,1,1,1
531.400,1,1,1,1
531.450,1,1,1,1
531.500,0,1,1,1
531.550,0,1,1,1
531.600,0,1,0,1
531.650,0,1,0,1
531.700,0,0,0,1
531.750,0,0,0,1
531.800,0,0,0,0
531.850,0,0,0,0
531.900,0,0,0,0
531.950,0,0,0,0
532.000,1,0,0,0
532.050,1,0,0,0
532.100,1,0,1,0
532.150,1,1,1,0
532.200,1,1,1,0
532.250,1,1,1,1
532.300,1,1,1,1
532.350,1,1,1,1
532.400,1,1,1,1
532.450,0,1,1,1
532.500,0,1,1,1
532.550,0,1,0,1
532.600,0,0,0,1
532.650,0,0,0,1
532.700,0,0,0,1
532.750,0,0,0,0
532.800,0,0,0,0
532.850,0,0,0,0
532.900,0,0,0,0
532.950,1,0,0,0
533.000,1,0,0,0
533.050,1,0,1,0
533.100,1,1,1,0
533.150,1,1,1,0
533.200,1,1,1,1
533.250,1,1,1,1
533.300,1,1,1,1
533.350,1,1,1,1
533.400,0,1,1,1
533.450,0,1,1,1
533.500,0,0,0,1
533.550,0,0,0,1
533.600,0,0,0,1
533.650,0,0,0,0
533.700,0,0,0,0
533.750,0,0,0,0
533.800,0,0,0,0
533.850,0,0,0,0
533.900,1,0,0,0
533.950,1,0,0,0
534.000,1,1,1,0
534.050,1,1,1,0
534.100,1,1,1,1
534.150,1,1,1,1
534.200,1,1,1,1
534.250,1,1,1,1
534.300,1,1,1,1
534.350,0,1,1,1
534.400,0,1,1,1
534.450,0,0,0,1
534.500,0,0,0,1
534.550,0,0,0,0
534.600,0,0,0,0
534.650,0,0,0,0
534.700,0,0,0,0
534.750,0,0,0,0
534.800,0,0,0,0
534.850,1,0,0,0
534.900,1,1,1,0
534.950,1,1,1,0
535.000,1,1,1,0
535.050,1,1,1,1
535.100,1,1,1,1
535.150,1,1,1,1
535.200,1,1,1,1
535.250,1,1,1,1
535.300,0,1,1,1
535.350,0,0,1,1
535.400,0,0,0,1
535.450,0,0,0,1
535.500,0,0,0,0
535.550,0,0,0,0
535.600,0,0,0,0
535.650,0,0,0,0
535.700,0,0,0,0
535.750,0,0,0,0
535.800,1,0,0,0
535.850,1,1,1,0
535.900,1,1,1,0
535.950,1,1,1,1
536.000,1,1,1,1
536.050,1,1,1,1
536.100,1,1,1,1
536.150,1,1,1,1
536.200,1,1,1,1
536.250,0,0,1,1
536.300,0,0,1,1
536.350,0,0,0,1
536.400,0,0,0,0
536.450,0,0,0,0
536.500,0,0,0,0
536.550,0,0,0,0
536.600,0,0,0,0
536.650,0,0,0,0
536.700,0,0,0,0
536.750,1,1,0,0
536.800,1,1,1,0
536.850,1,1,1,1
536.900,1,1,1,1
536.950,1,1,1,1
537.000,1,1,1,1
537.050,1,1,1,1
537.100,1,1,1,1
537.150,1,0,1,1
537.200,0,0,1,1
537.250,0,0,0,1
537.300,0,0,0,0
537.350,0,0,0,0
537.400,0,0,0,0
537.450,0,0,0,0
537.500,0,0,0,0
537.550,0,0,0,0
537.600,0,0,0,0
537.650,0,1,0,0
537.700,1,1,0,0
537.750,1,1,1,1
537.800,1,1,1,1
537.850,1,1,1,1
537.900,1,1,1,1
537.950,1,1,1,1
538.000,1,1,1,1
538.050,1,0,1,1
538.100,1,0,1,1
538.150,0,0,1,1
538.200,0,0,0,0
538.250,0,0,0,0
538.300,0,0,0,0
538.350,0,0,0,0
538.400,0,0,0,0
538.450,0,0,0,0
538.500,0,0,0,0
538.550,0,1,0,0
538.600,0,1,0,0
538.650,1,1,0,1
538.700,1,1,1,1
538.750,1,1,1,1
538.800,1,1,1,1
538.850,1,1,1,1
538.900,1,1,1,1
538.950,1,0,1,1
539.000,1,0,1,1
539.050,1,0,1,1
539.100,0,0,1,0
539.150,0,0,0,0
539.200,0,0,0,0
539.250,0,0,0,0
539.300,0,0,0,0
539.350,0,0,0,0
539.400,0,0,0,0
539.450,0,1,0,0
539.500,0,1,0,0
539.550,0,1,0,0
539.600,1,1,0,1
539.650,1,1,1,1
539.700,1,1,1,1
539.750,1,1,1,1
539.800,1,1,1,1
539.850,1,0,1,1
539.900,1,0,1,1
539.950,1,0,1,1
540.000,1,0,1,1
540.050,0,0,1,0
540.100,0,0,0,0
540.150,0,0,0,0
540.200,0,0,0,0
540.250,0,0,0,0
540.300,0,0,0,0
540.350,0,1,0,0
540.400,0,1,0,0
540.450,0,1,0,0
540.500,0,1,0,1
540.550,1,1,0,1
540.600,1,1,1,1
540.650,1,1,1,1
540.700,1,1,1,1
540.750,1,0,1,1
540.800,1,0,1,1
540.850,1,0,1,1
540.900,1,0,1,1
540.950,1,0,1,0
541.000,0,0,1,0
541.050,0,0,0,0
541.100,0,0,0,0
541.150,0,0,0,0
541.200,0,0,0,0
541.250,0,1,0,0
541.300,0,1,0,0
541.350,0,1,0,0
541.400,0,1,0,1
541.450,0,1,0,1
541.500,1,1,0,1
541.550,1,1,1,1
541.600,1,1,1,1
541.650,1,1,1,1
541.700,1,0,1,1
541.750,1,0,1,1
541.800,1,0,1,1
541.850,1,0,1,0
541.900,1,0,1,0
541.950,0,0,1,0
542.000,0,0,0,0
542.050,0,0,0,0
542.100,0,0,0,0
542.150,0,1,0,0
542.200,0,1,0,0
542.250,0,1,0,0
542.300,0,1,0,0
542.350,0,1,0,1
542.400,0,1,0,1
542.450,1,1,0,1
542.500,1,1,1,1
542.550,1,0,1,1
542.600,1,0,1,1
542.650,1,0,1,1
542.700,1,0,1,1
542.750,1,0,1,1
542.800,1,0,1,0
542.850,1,0,1,0
542.900,0,0,1,0
542.950,0,0,0,0
543.000,0,0,0,0
543.050,0,1,0,0
543.100,0,1,0,0
543.150,0,1,0,0
543.200,0,1,0,0
543.250,0,1,0,1
543.300,0,1,0,1
543.350,0,1,0,1
543.400,1,1,0,1
543.450,1,0,1,1
543.500,1,0,1,1
543.550,1,0,1,1
543.600,1,0,1,1
543.650,1,0,1,1
543.700,1,0,1,0
543.750,1,0,1,0
543.800,1,0,1,0
543.850,0,0,1,0
543.900,0,0,0,0
543.950,0,1,0,0
544.000,0,1,0,0
544.050,0,1,0,0
544.100,0,1,0,0
544.150,0,1,0,1
544.200,0,1,0,1
544.250,0,1,0,1
544.300,0,1,0,1
544.350,1,1,0,1
544.400,1,0,1,1
544.450,1,0,1,1
544.500,1,0,1,1
544.550,1,0,1,1
544.600,1,0,1,0
544.650,1,0,1,0
544.700,1,0,1,0
544.750,1,0,1,0
544.800,0,0,1,0
544.850,0,1,0,0
544.900,0,1,0,0
544.950,0,1,0,0
545.000,0,1,0,0
545.050,0,1,0,0
545.100,0,1,0,1
545.150,0,1,0,1
545.200,0,1,0,1
545.250,0,1,0,1
545.300,1,0,1,1
545.350,1,0,1,1
545.400,1,0,1,1
545.450,1,0,1,1
545.500,1,0,1,0
545.550,1,0,1,0
545.600,1,0,1,0
545.650,1,0,1,0
545.700,1,0,1,0
545.750,0,0,1,0
545.800,0,1,0,0
545.850,0,1,0,0
545.900,0,1,0,0
545.950,0,1,0,0
546.000,0,1,0,1
546.050,0,1,0,1
546.100,0,1,0,1
546.150,0,1,0,1
546.200,0,0,0,1
546.250,1,0,0,1
546.300,1,0,1,1
546.350,1,0,1,1
546.400,1,0,1,1
546.450,1,0,1,0
546.500,1,0,1,0
546.550,1,0,1,0
546.600,1,0,1,0
546.650,1,0,1,0
546.700,0,1,1,0
546.750,0,1,0,0
546.800,0,1,0,0
546.850,0,1,0,0
546.900,0,1,0,1
546.950,0,1,0,1
547.000,0,1,0,1
547.050,0,1,0,1
547.100,0,0,0,1
547.150,0,0,0,1
547.200,1,0,1,1
547.250,1,0,1,1
547.300,1,0,1,0
547.350,1,0,1,0
547.400,1,0,1,0
547.450,1,0,1,0
547.500,1,0,1,0
547.550,1,0,1,0
547.600,1,1,1,0
547.650,0,1,0,0
547.700,0,1,0,0
547.750,0,1,0,0
547.800,0,1,0,1
547.850,0,1,0,1
547.900,0,1,0,1
547.950,0,1,0,1
548.000,0,0,0,1
548.050,0,0,0,1
548.100,0,0,0,1
548.150,1,0,1,1
548.200,1,0,1,1
548.250,1,0,1,0
548.300,1,0,1,0
548.350,1,0,1,0
548.400,1,0,1,0
548.450,1,0,1,0
548.500,1,1,1,0
548.550,1,1,1,0
548.600,0,1,0,0
548.650,0,1,0,0
548.700,0,1,0,1
548.750,0,1,0,1
548.800,0,1,0,1
548.850,0,1,0,1
548.900,0,0,0,1
548.950,0,0,0,1
549.000,0,0,0,1
549.050,1,0,0,1
549.100,1,0,1,1
549.150,1,0,1,0
549.200,1,0,1,0
549.250,1,0,1,0
549.300,1,0,1,0
549.350,1,0,1,0
549.400,1,1,1,0
549.450,1,1,1,0
549.500,1,1,1,0
549.550,0,1,0,0
549.600,0,1,0,1
549.650,0,1,0,1
549.700,0,1,0,1
549.750,0,1,0,1
549.800,0,0,0,1
549.850,0,0,0,1
549.900,0,0,0,1
549.950,0,0,0,1
550.000,0,0,0,1
550.050,1,0,1,0
550.100,1,0,1,0
550.150,1,0,1,0
550.200,1,0,1,0
550.250,1,0,1,0
550.300,1,1,1,0
550.350,1,1,1,0
550.400,1,1,1,0
550.450,1,1,1,0
550.500,0,1,0,1
550.550,0,1,0,1
550.600,0,1,0,1
550.650,0,1,0,1
550.700,0,0,0,1
550.750,0,0,0,1
550.800,0,0,0,1
550.850,0,0,0,1
550.900,0,0,0,1
550.950,1,0,1,0
551.000,1,0,1,0
551.050,1,0,1,0
551.100,1,0,1,0
551.150,1,0,1,0
551.200,1,1,1,0
551.250,1,1,1,0
551.300,1,1,1,0
551.350,1,1,1,0
551.400,0,1,0,1
551.450,0,1,0,1
551.500,0,1,0,1
551.550,0,1,0,1
551.600,0,0,0,1
551.650,0,0,0,1
551.700,0,0,0,1
551.750,0,0,0,1
551.800,0,0,0,1
551.850,0,0,0,0
551.900,1,0,1,0
551.950,1,0,1,0
552.000,1,0,1,0
552.050,1,1,1,0
552.100,1,1,1,0
552.150,1,1,1,0
552.200,1,1,1,0
552.250,1,1,1,0
552.300,1,1,1,0
552.350,0,1,0,1
552.400,0,1,0,1
552.450,0,1,0,1
552.500,0,0,0,1
552.550,0,0,0,1
552.600,0,0,0,1
552.650,0,0,0,1
552.700,0,0,0,1
552.750,0,0,0,1
552.800,0,0,0,0
552.850,1,0,1,0
552.900,1,0,1,0
552.950,1,0,1,0
553.000,1,1,1,0
553.050,1,1,1,0
553.100,1,1,1,0
553.150,1,1,1,0
553.200,1,1,1,0
553.250,1,1,1,1
553.300,0,1,0,1
553.350,0,1,0,1
553.400,0,0,0,1
553.450,0,0,0,1
553.500,0,0,0,1
553.550,0,0,0,1
553.600,0,0,0,1
553.650,0,0,0,1
553.700,0,0,0,0
553.750,0,0,0,0
553.800,1,0,1,0
553.850,1,1,1,0
553.900,1,1,1,0
553.950,1,1,1,0
554.000,1,1,1,0
554.050,1,1,1,0
554.100,1,1,1,0
554.150,1,1,1,1
554.200,1,1,1,1
554.250,0,1,0,1
554.300,0,0,0,1
554.350,0,0,0,1
554.400,0,0,0,1
554.450,0,0,0,1
554.500,0,0,0,1
554.550,0,0,0,1
554.600,0,0,0,0
554.650,0,0,0,0
554.700,0,0,0,0
554.750,1,0,1,0
554.800,1,1,1,0
554.850,1,1,1,0
554.900,1,1,1,0
554.950,1,1,1,0
555.000,1,1,1,0
555.050,1,1,1,1
555.100,1,1,1,1
555.150,1,1,1,1
555.200,0,1,0,1
555.250,0,0,0,1
555.300,0,0,0,1
555.350,0,0,0,1
555.400,0,0,0,1
555.450,0,0,0,1
555.500,0,0,0,0
555.550,0,0,0,0
555.600,0,0,0,0
555.650,0,0,1,0
555.700,1,1,1,0
555.750,1,1,1,0
555.800,1,1,1,0
555.850,1,1,1,0
555.900,1,1,1,0
555.950,1,1,1,1
556.000,1,1,1,1
556.050,1,1,1,1
556.100,1,1,1,1
556.150,0,0,0,1
556.200,0,0,0,1
556.250,0,0,0,1
556.300,0,0,0,1
556.350,0,0,0,1
556.400,0,0,0,0
556.450,0,0,0,0
556.500,0,0,0,0
556.550,0,0,0,0
556.600,1,1,1,0
556.650,1,1,1,0
556.700,1,1,1,0
556.750,1,1,1,0
556.800,1,1,1,0
556.850,1,1,1,1
556.900,1,1,1,1
556.950,1,1,1,1
557.000,1,1,1,1
557.050,1,0,1,1
557.100,0,0,0,1
557.150,0,0,0,1
557.200,0,0,0,1
557.250,0,0,0,1
557.300,0,0,0,0
557.350,0,0,0,0
557.400,0,0,0,0
557.450,0,0,0,0
557.500,0,1,0,0
557.550,1,1,1,0
557.600,1,1,1,0
557.650,1,1,1,0
557.700,1,1,1,0
557.750,1,1,1,1
557.800,1,1,1,1
557.850,1,1,1,1
557.900,1,1,1,1
557.950,1,0,1,1
558.000,0,0,0,1
558.050,0,0,0,1
558.100,0,0,0,1
558.150,0,0,0,1
558.200,0,0,0,0
558.250,0,0,0,0
558.300,0,0,0,0
558.350,0,0,0,0
558.400,0,1,0,0
558.450,0,1,0,0
558.500,1,1,1,0
558.550,1,1,1,0
558.600,1,1,1,0
558.650,1,1,1,1
558.700,1,1,1,1
558.750,1,1,1,1
558.800,1,0,1,1
558.850,1,0,1,1
558.900,1,0,1,1
558.950,0,0,1,1
559.000,0,0,0,1
559.050,0,0,0,1
559.100,0,0,0,0
559.150,0,0,0,0
559.200,0,0,0,0
559.250,0,0,0,0
559.300,0,1,0,0
559.350,0,1,0,0
559.400,0,1,0,0
559.450,1,1,1,0
559.500,1,1,1,0
559.550,1,1,1,1
559.600,1,1,1,1
559.650,1,1,1,1
559.700,1,0,1,1
559.750,1,0,1,1
559.800,1,0,1,1
559.850,1,0,1,1
559.900,0,0,1,1
559.950,0,0,0,1
560.000,0,0,0,0
560.050,0,0,0,0
560.100,0,0,0,0
560.150,0,1,0,0
560.200,0,1,0,0
560.250,0,1,0,0
560.300,0,1,0,0
560.350,0,1,0,0
560.400,1,1,1,0
560.450,1,1,1,0
560.500,1,1,1,1
560.550,1,1,1,1
560.600,1,0,1,1
560.650,1,0,1,1
560.700,1,0,1,1
560.750,1,0,1,1
560.800,1,0,1,1
560.850,0,0,0,1
560.900,0,0,0,0
560.950,0,0,0,0
561.000,0,0,0,0
561.050,0,1,0,0
561.100,0,1,0,0
561.150,0,1,0,0
561.200,0,1,0,0
561.250,0,1,0,0
561.300,1,1,0,0
561.350,1,1,1,0
561.400,1,1,1,1
561.450,1,1,1,1
561.500,1,0,1,1
561.550,1,0,1,1
561.600,1,0,1,1
561.650,1,0,1,1
561.700,1,0,1,1
561.750,1,0,1,1
561.800,0,0,1,1
561.850,0,0,0,0
561.900,0,0,0,0
561.950,0,1,0,0
562.000,0,1,0,0
562.050,0,1,0,0
562.100,0,1,0,0
562.150,0,1,0,0
562.200,0,1,0,0
562.250,1,1,0,0
562.300,1,1,1,1
562.350,1,1,1,1
562.400,1,0,1,1
562.450,1,0,1,1
562.500,1,0,1,1
562.550,1,0,1,1
562.600,1,0,1,1
562.650,1,0,1,1
562.700,1,0,1,1
562.750,0,0,1,0
562.800,0,0,0,0
562.850,0,1,0,0
562.900,0,1,0,0
562.950,0,1,0,0
563.000,0,1,0,0
563.050,0,1,0,0
563.100,0,1,0,0
563.150,0,1,0,0
563.200,1,1,0,1
563.250,1,1,1,1
563.300,1,0,1,1
563.350,1,0,1,1
563.400,1,0,1,1
563.450,1,0,1,1
563.500,1,0,1,1
563.550,1,0,1,1
563.600,1,0,1,1
563.650,0,0,1,0
563.700,0,0,1,0
563.750,0,1,0,0
563.800,0,1,0,0
563.850,0,1,0,0
563.900,0,1,0,0
563.950,0,1,0,0
564.000,0,1,0,0
564.050,0,1,0,0
564.100,0,1,0,1
564.150,1,1,0,1
564.200,1,0,1,1
564.250,1,0,1,1
564.300,1,0,1,1
564.350,1,0,1,1
564.400,1,0,1,1
564.450,1,0,1,1
564.500,1,0,1,1
564.550,1,0,1,0
564.600,0,0,1,0
564.650,0,1,0,0
564.700,0,1,0,0
564.750,0,1,0,0
564.800,0,1,0,0
564.850,0,1,0,0
564.900,0,1,0,0
564.950,0,1,0,0
565.000,0,1,0,0
565.050,0,1,0,1
565.100,1,0,0,1
565.150,1,0,1,1
565.200,1,0,1,1
565.250,1,0,1,1
565.300,1,0,1,1
565.350,1,0,1,1
565.400,1,0,1,1
565.450,1,0,1,0
565.500,1,0,1,0
565.550,0,0,1,0
565.600,0,1,1,0
565.650,0,1,0,0
565.700,0,1,0,0
565.750,0,1,0,0
565.800,0,1,0,0
565.850,0,1,0,0
565.900,0,1,0,1
565.950,0,1,0,1
566.000,0,0,0,1
566.050,1,0,0,1
566.100,1,0,1,1
566.150,1,0,1,1
566.200,1,0,1,1
566.250,1,0,1,1
566.300,1,0,1,1
566.350,1,0,1,0
566.400,1,0,1,0
566.450,1,0,1,0
566.500,0,1,1,0
566.550,0,1,1,0
566.600,0,1,0,0
566.650,0,1,0,0
566.700,0,1,0,0
566.750,0,1,0,0
566.800,0,1,0,1
566.850,0,1,0,1
566.900,0,0,0,1
566.950,0,0,0,1
567.000,1,0,0,1
567.050,1,0,1,1
567.100,1,0,1,1
567.150,1,0,1,1
567.200,1,0,1,1
567.250,1,0,1,0
567.300,1,0,1,0
567.350,1,1,1,0
567.400,1,1,1,0
567.450,0,1,1,0
567.500,0,1,1,0
567.550,0,1,0,0
567.600,0,1,0,0
567.650,0,1,0,0
567.700,0,1,0,1
567.750,0,1,0,1
567.800,0,0,0,1
567.850,0,0,0,1
567.900,0,0,0,1
567.950,1,0,0,1
568.000,1,0,1,1
568.050,1,0,1,1
568.100,1,0,1,1
568.150,1,0,1,0
568.200,1,0,1,0
568.250,1,1,1,0
568.300,1,1,1,0
568.350,1,1,1,0
568.400,0,1,1,0
568.450,0,1,1,0
568.500,0,1,0,0
568.550,0,1,0,0
568.600,0,1,0,1
568.650,0,1,0,1
568.700,0,0,0,1
568.750,0,0,0,1
568.800,0,0,0,1
568.850,1,0,0,1
568.900,1,0,0,1
568.950,1,0,0,1
569.000,1,0,1,1
569.050,1,0,1,0
569.100,1,0,1,0
569.150,1,1,1,0
569.200,1,1,1,0
569.250,1,1,1,0
569.300,1,1,1,0
569.350,0,1,1,0
569.400,0,1,1,0
569.450,0,1,0,0
569.500,0,1,0,1
569.550,0,0,0,1
569.600,0,0,0,1
569.650,0,0,0,1
569.700,0,0,0,1
569.750,0,0,0,1
569.800,1,0,0,1
569.850,1,0,0,1
569.900,1,0,1,1
569.950,1,0,1,0
570.000,1,0,1,0
570.050,1,1,1,0
570.100,1,1,1,0
570.150,1,1,1,0
570.200,1,1,1,0
570.250,0,1,1,0
570.300,0,1,1,0
570.350,0,1,1,0
570.400,0,1,0,0
570.450,0,0,0,1
570.500,0,0,0,1
570.550,0,0,0,1
570.600,0,0,0,1
570.650,0,0,0,1
570.700,0,0,0,1
570.750,1,0,0,1
570.800,1,0,0,1
570.850,1,0,1,0
570.900,1,1,1,0
570.950,1,1,1,0
571.000,1,1,1,0
571.050,1,1,1,0
571.100,1,1,1,0
571.150,1,1,1,0
571.200,0,1,1,0
571.250,0,1,1,0
571.300,0,1,1,0
571.350,0,0,0,1
571.400,0,0,0,1
571.450,0,0,0,1
571.500,0,0,0,1
571.550,0,0,0,1
571.600,0,0,0,1
571.650,0,0,0,1
571.700,1,0,0,1
571.750,1,0,0,1
571.800,1,1,1,0
571.850,1,1,1,0
571.900,1,1,1,0
571.950,1,1,1,0
572.000,1,1,1,0
572.050,1,1,1,0
572.100,1,1,1,0
572.150,0,1,1,0
572.200,0,1,1,0
572.250,0,0,1,1
572.300,0,0,0,1
572.350,0,0,0,1
572.400,0,0,0,1
572.450,0,0,0,1
572.500,0,0,0,1
572.550,0,0,0,1
572.600,0,0,0,1
572.650,1,0,0,1
572.700,1,1,0,0
572.750,1,1,1,0
572.800,1,1,1,0
572.850,1,1,1,0
572.900,1,1,1,0
572.950,1,1,1,0
573.000,1,1,1,0
573.050,1,1,1,0
573.100,0,1,1,0
573.150,0,0,1,1
573.200,0,0,1,1
573.250,0,0,0,1
573.300,0,0,0,1
573.350,0,0,0,1
573.400,0,0,0,1
573.450,0,0,0,1
573.500,0,0,0,1
573.550,0,0,0,1
573.600,1,1,0,0
573.650,1,1,0,0
573.700,1,1,1,0
573.750,1,1,1,0
573.800,1,1,1,0
573.850,1,1,1,0
573.900,1,1,1,0
573.950,1,1,1,0
574.000,1,1,1,0
574.050,0,0,1,1
574.100,0,0,1,1
574.150,0,0,0,1
574.200,0,0,0,1
574.250,0,0,0,1
574.300,0,0,0,1
574.350,0,0,0,1
574.400,0,0,0,1
574.450,0,0,0,1
574.500,0,1,0,0
574.550,1,1,0,0
574.600,1,1,0,0
574.650,1,1,1,0
574.700,1,1,1,0
574.750,1,1,1,0
574.800,1,1,1,0
574.850,1,1,1,0
574.900,1,1,1,0
574.950,1,0,1,1
575.000,0,0,1,1
575.050,0,0,1,1
575.100,0,0,0,1
575.150,0,0,0,1
575.200,0,0,0,1
575.250,0,0,0,1
575.300,0,0,0,1
575.350,0,0,0,1
575.400,0,0,0,0
575.450,0,1,0,0
575.500,1,1,0,0
575.550,1,1,0,0
575.600,1,1,1,0
575.650,1,1,1,0
575.700,1,1,1,0
575.750,1,1,1,0
575.800,1,1,1,0
575.850,1,0,1,1
575.900,1,0,1,1
575.950,0,0,1,1
576.000,0,0,1,1
576.050,0,0,0,1
576.100,0,0,0,1
576.150,0,0,0,1
576.200,0,0,0,1
576.250,0,0,0,1
576.300,0,0,0,0
576.350,0,1,0,0
576.400,0,1,0,0
576.450,1,1,0,0
576.500,1,1,1,0
576.550,1,1,1,0
576.600,1,1,1,0
576.650,1,1,1,0
576.700,1,1,1,0
576.750,1,0,1,1
576.800,1,0,1,1
576.850,1,0,1,1
576.900,0,0,1,1
576.950,0,0,1,1
577.000,0,0,0,1
577.050,0,0,0,1
577.100,0,0,0,1
577.150,0,0,0,1
577.200,0,0,0,0
577.250,0,1,0,0
577.300,0,1,0,0
577.350,1,1,0,0
577.400,1,1,0,0
577.450,1,1,1,0
577.500,1,1,1,0
577.550,1,1,1,0
577.600,1,1,1,0
577.650,1,0,1,1
577.700,1,0,1,1
577.750,1,0,1,1
577.800,1,0,1,1
577.850,0,0,1,1
577.900,0,0,1,1
577.950,0,0,0,1
578.000,0,0,0,1
578.050,0,0,0,1
578.100,0,1,0,0
578.150,0,1,0,0
578.200,0,1,0,0
578.250,0,1,0,0
578.300,1,1,0,0
578.350,1,1,0,0
578.400,1,1,1,0
578.450,1,1,1,0
578.500,1,1,1,0
578.550,1,0,1,1
578.600,1,0,1,1
578.650,1,0,1,1
578.700,1,0,1,1
578.750,0,0,1,1
578.800,0,0,1,1
578.850,0,0,0,1
578.900,0,0,0,1
578.950,0,0,0,1
579.000,0,1,0,0
579.050,0,1,0,0
579.100,0,1,0,0
579.150,0,1,0,0
579.200,0,1,0,0
579.250,1,1,0,0
579.300,1,1,0,0
579.350,1,1,1,0
579.400,1,1,1,0
579.450,1,0,1,1
579.500,1,0,1,1
579.550,1,0,1,1
579.600,1,0,1,1
579.650,1,0,1,1
579.700,0,0,1,1
579.750,0,0,1,1
579.800,0,0,0,1
579.850,0,0,0,1
579.900,0,1,0,0
579.950,0,1,0,0
580.000,0,1,0,0
580.050,0,1,0,0
580.100,0,1,0,0
580.150,0,1,0,0
580.200,1,1,0,0
580.250,1,1,0,0
580.300,1,1,1,0
580.350,1,0,1,1
580.400,1,0,1,1
580.450,1,0,1,1
580.500,1,0,1,1
580.550,1,0,1,1
580.600,1,0,1,1
580.650,0,0,1,1
580.700,0,0,1,1
580.750,0,0,0,1
580.800,0,1,0,0
580.850,0,1,0,0
580.900,0,1,0,0
580.950,0,1,0,0
581.000,0,1,0,0
581.050,0,1,0,0
581.100,0,1,0,0
581.150,1,1,0,0
581.200,1,1,0,0
581.250,1,0,1,1
581.300,1,0,1,1
581.350,1,0,1,1
581.400,1,0,1,1
581.450,1,0,1,1
581.500,1,0,1,1
581.550,1,0,1,1
581.600,0,0,1,1
581.650,0,0,1,1
581.700,0,1,0,0
581.750,0,1,0,0
581.800,0,1,0,0
581.850,0,1,0,0
581.900,0,1,0,0
581.950,0,1,0,0
582.000,0,1,0,0
582.050,0,1,0,0
582.100,1,0,0,0
582.150,1,0,1,1
582.200,1,0,1,1
582.250,1,0,1,1
582.300,1,0,1,1
582.350,1,0,1,1
582.400,1,0,1,1
582.450,1,0,1,1
582.500,1,0,1,1
582.550,0,0,1,1
582.600,0,1,1,0
582.650,0,1,0,0
582.700,0,1,0,0
582.750,0,1,0,0
582.800,0,1,0,0
582.850,0,1,0,0
582.900,0,1,0,0
582.950,0,1,0,0
583.000,0,0,0,0
583.050,1,0,0,1
583.100,1,0,1,1
583.150,1,0,1,1
583.200,1,0,1,1
583.250,1,0,1,1
583.300,1,0,1,1
583.350,1,0,1,1
583.400,1,0,1,1
583.450,1,1,1,1
583.500,0,1,1,0
583.550,0,1,1,0
583.600,0,1,0,0
583.650,0,1,0,0
583.700,0,1,0,0
583.750,0,1,0,0
583.800,0,1,0,0
583.850,0,1,0,0
583.900,0,0,0,0
583.950,1,0,0,1
584.000,1,0,0,1
584.050,1,0,1,1
584.100,1,0,1,1
584.150,1,0,1,1
584.200,1,0,1,1
584.250,1,0,1,1
584.300,1,0,1,1
584.350,1,0,1,1
584.400,1,1,1,0
584.450,0,1,1,0
584.500,0,1,0,0
584.550,0,1,0,0
584.600,0,1,0,0
584.650,0,1,0,0
584.700,0,1,0,0
584.750,0,1,0,0
584.800,0,0,0,0
584.850,0,0,0,1
584.900,1,0,0,1
584.950,1,0,0,1
585.000,1,0,1,1
585.050,1,0,1,1
585.100,1,0,1,1
585.150,1,0,1,1
585.200,1,0,1,1
585.250,1,0,1,1
585.300,1,1,1,0
585.350,1,1,1,0
585.400,0,1,1,0
585.450,0,1,0,0
585.500,0,1,0,0
585.550,0,1,0,0
585.600,0,1,0,0
585.650,0,1,0,0
585.700,0,0,0,0
585.750,0,0,0,1
585.800,0,0,0,1
585.850,1,0,0,1
585.900,1,0,0,1
585.950,1,0,1,1
586.000,1,0,1,1
586.050,1,0,1,1
586.100,1,0,1,1
586.150,1,0,1,1
586.200,1,1,1,0
586.250,1,1,1,0
586.300,1,1,1,0
586.350,0,1,1,0
586.400,0,1,0,0
586.450,0,1,0,0
586.500,0,1,0,0
586.550,0,1,0,0
586.600,0,1,0,0
586.650,0,0,0,1
586.700,0,0,0,1
586.750,0,0,0,1
586.800,1,0,0,1
586.850,1,0,0,1
586.900,1,0,1,1
586.950,1,0,1,1
587.000,1,0,1,1
587.050,1,0,1,1
587.100,1,1,1,0
587.150,1,1,1,0
587.200,1,1,1,0
587.250,1,1,1,0
587.300,0,1,1,0
587.350,0,1,0,0
587.400,0,1,0,0
587.450,0,1,0,0
587.500,0,1,0,0
587.550,0,0,0,1
587.600,0,0,0,1
587.650,0,0,0,1
587.700,0,0,0,1
587.750,1,0,0,1
587.800,1,0,0,1
587.850,1,0,1,1
587.900,1,0,1,1
587.950,1,0,1,1
588.000,1,1,1,0
588.050,1,1,1,0
588.100,1,1,1,0
588.150,1,1,1,0
588.200,1,1,1,0
588.250,0,1,1,0
588.300,0,1,0,0
588.350,0,1,0,0
588.400,0,1,0,0
588.450,0,0,0,1
588.500,0,0,0,1
588.550,0,0,0,1
588.600,0,0,0,1
588.650,0,0,0,1
588.700,1,0,0,1
588.750,1,0,1,1
588.800,1,0,1,1
588.850,1,0,1,1
588.900,1,1,1,0
588.950,1,1,1,0
589.000,1,1,1,0
589.050,1,1,1,0
589.100,1,1,1,0
589.150,0,1,1,0
589.200,0,1,1,0
589.250,0,1,0,0
589.300,0,0,0,0
589.350,0,0,0,1
589.400,0,0,0,1
589.450,0,0,0,1
589.500,0,0,0,1
589.550,0,0,0,1
589.600,0,0,0,1
589.650,1,0,0,1
589.700,1,0,1,1
589.750,1,0,1,0
589.800,1,1,1,0
589.850,1,1,1,0
589.900,1,1,1,0
589.950,1,1,1,0
590.000,1,1,1,0
590.050,1,1,1,0
590.100,0,1,1,0
590.150,0,1,1,0
590.200,0,1,0,0
590.250,0,0,0,1
590.300,0,0,0,1
590.350,0,0,0,1
590.400,0,0,0,1
590.450,0,0,0,1
590.500,0,0,0,1
590.550,0,0,0,1
590.600,1,0,0,1
590.650,1,0,1,0
590.700,1,1,1,0
590.750,1,1,1,0
590.800,1,1,1,0
590.850,1,1,1,0
590.900,1,1,1,0
590.950,1,1,1,0
591.000,1,1,1,0
591.050,0,1,1,0
591.100,0,1,0,1
591.150,0,0,0,1
591.200,0,0,0,1
591.250,0,0,0,1
591.300,0,0,0,1
591.350,0,0,0,1
591.400,0,0,0,1
591.450,0,0,0,1
591.500,0,0,0,1
591.550,1,0,0,0
591.600,1,1,1,0
591.650,1,1,1,0
591.700,1,1,1,0
591.750,1,1,1,0
591.800,1,1,1,0
591.850,1,1,1,0
591.900,1,1,1,0
591.950,1,1,1,0
592.000,0,1,1,0
592.050,0,0,0,1
592.100,0,0,0,1
592.150,0,0,0,1
592.200,0,0,0,1
592.250,0,0,0,1
592.300,0,0,0,1
592.350,0,0,0,1
592.400,0,0,0,1
592.450,0,0,0,0
592.500,1,0,0,0
592.550,1,1,1,0
592.600,1,1,1,0
592.650,1,1,1,0
592.700,1,1,1,0
592.750,1,1,1,0
592.800,1,1,1,0
592.850,1,1,1,0
592.900,1,1,1,0
592.950,0,0,1,1
593.000,0,0,0,1
593.050,0,0,0,1
593.100,0,0,0,1
593.150,0,0,0,1
593.200,0,0,0,1
593.250,0,0,0,1
593.300,0,0,0,1
593.350,0,0,0,0
593.400,0,0,0,0
593.450,1,1,0,0
593.500,1,1,1,0
593.550,1,1,1,0
593.600,1,1,1,0
593.650,1,1,1,0
593.700,1,1,1,0
593.750,1,1,1,0
593.800,1,1,1,0
593.850,1,1,1,1
593.900,0,0,1,1
593.950,0,0,0,1
594.000,0,0,0,1
594.050,0,0,0,1
594.100,0,0,0,1
594.150,0,0,0,1
594.200,0,0,0,1
594.250,0,0,0,0
594.300,0,0,0,0
594.350,0,1,0,0
594.400,1,1,0,0
594.450,1,1,1,0
594.500,1,1,1,0
594.550,1,1,1,0
594.600,1,1,1,0
594.650,1,1,1,0
594.700,1,1,1,0
594.750,1,1,1,1
594.800,1,0,1,1
594.850,0,0,1,1
594.900,0,0,0,1
594.950,0,0,0,1
595.000,0,0,0,1
595.050,0,0,0,1
595.100,0,0,0,1
595.150,0,0,0,0
595.200,0,0,0,0
595.250,0,0,0,0
595.300,0,1,0,0
595.350,1,1,0,0
595.400,1,1,1,0
595.450,1,1,1,0
595.500,1,1,1,0
595.550,1,1,1,0
595.600,1,1,1,1
595.650,1,1,1,1
595.700,1,0,1,1
595.750,1,0,1,1
595.800,0,0,1,1
595.850,0,0,0,1
595.900,0,0,0,1
595.950,0,0,0,1
596.000,0,0,0,1
596.050,0,0,0,0
596.100,0,0,0,0
596.150,0,0,0,0
596.200,0,1,0,0
596.250,0,1,0,0
596.300,1,1,1,0
596.350,1,1,1,0
596.400,1,1,1,0
596.450,1,1,1,0
596.500,1,1,1,1
596.550,1,1,1,1
596.600,1,1,1,1
596.650,1,0,1,1
596.700,1,0,1,1
596.750,0,0,1,1
596.800,0,0,0,1
596.850,0,0,0,1
596.900,0,0,0,1
596.950,0,0,0,0
597.000,0,0,0,0
597.050,0,0,0,0
597.100,0,1,0,0
597.150,0,1,0,0
597.200,0,1,0,0
597.250,1,1,1,0
597.300,1,1,1,0
597.350,1,1,1,0
597.400,1,1,1,1
597.450,1,1,1,1
597.500,1,1,1,1
597.550,1,0,1,1
597.600,1,0,1,1
597.650,1,0,1,1
597.700,0,0,0,1
597.750,0,0,0,1
597.800,0,0,0,0
597.850,0,0,0,0
597.900,0,0,0,0
597.950,0,0,0,0
598.000,0,1,0,0
598.050,0,1,0,0
598.100,0,1,0,0
598.150,1,1,0,0
598.200,1,1,1,0
598.250,1,1,1,0
598.300,1,1,1,1
598.350,1,1,1,1
598.400,1,1,1,1
598.450,1,0,1,1
598.500,1,0,1,1
598.550,1,0,1,1
598.600,1,0,1,1
598.650,0,0,0,1
598.700,0,0,0,1
598.750,0,0,0,0
598.800,0,0,0,0
598.850,0,0,0,0
598.900,0,1,0,0
598.950,0,1,0,0
599.000,0,1,0,0
599.050,0,1,0,0
599.100,0,1,0,0
599.150,1,1,1,0
599.200,1,1,1,1
599.250,1,1,1,1
599.300,1,1,1,1
599.350,1,0,1,1
599.400,1,0,1,1
599.450,1,0,1,1
599.500,1,0,1,1
599.550,1,0,1,1
599.600,0,0,0,0
599.650,0,0,0,0
599.700,0,0,0,0
599.750,0,0,0,0
599.800,0,1,0,0
599.850,0,1,0,0
599.900,0,1,0,0
599.950,0,1,0,0
600.000,1,0,1,0
600.050,1,1,1,0
600.100,0,1,0,1
600.150,0,1,0,1
600.200,0,1,0,1
600.250,0,1,0,1
600.300,0,1,0,1
600.350,0,1,0,1
600.400,0,1,0,1
600.450,0,1,0,1
600.500,0,0,0,1
600.550,0,0,0,0
600.600,1,0,1,0
600.650,1,0,1,0
600.700,1,0,1,0
600.750,1,0,1,0
600.800,1,0,1,0
600.850,1,0,1,0
600.900,1,0,1,0
600.950,1,0,1,0
601.000,1,1,1,1
601.050,0,1,0,1
601.100,0,1,0,1
601.150,0,1,0,1
601.200,0,1,0,1
601.250,0,1,0,1
601.300,0,1,0,1
601.350,0,1,0,1
601.400,0,1,0,1
601.450,0,0,0,1
601.500,0,0,0,0
601.550,1,0,1,0
601.600,1,0,1,0
601.650,1,0,1,0
601.700,1,0,1,0
601.750,1,0,1,0
601.800,1,0,1,0
601.850,1,0,1,0
601.900,1,1,1,0
601.950,1,1,1,1
602.000,0,1,0,1
602.050,0,1,0,1
602.100,0,1,0,1
602.150,0,1,0,1
602.200,0,1,0,1
602.250,0,1,0,1
602.300,0,1,0,1
602.350,0,1,0,1
602.400,0,0,0,0
602.450,1,0,1,0
602.500,1,0,1,0
602.550,1,0,1,0
602.600,1,0,1,0
602.650,1,0,1,0
602.700,1,0,1,0
602.750,1,0,1,0
602.800,1,0,1,0
602.850,1,1,1,0
602.900,1,1,1,1
602.950,0,1,0,1
603.000,0,1,0,1
603.050,0,1,0,1
603.100,0,1,0,1
603.150,0,1,0,1
603.200,0,1,0,1
603.250,0,1,0,1
603.300,0,0,0,1
603.350,0,0,0,0
603.400,1,0,1,0
603.450,1,0,1,0
603.500,1,0,1,0
603.550,1,0,1,0
603.600,1,0,1,0
603.650,1,0,1,0
603.700,1,0,1,0
603.750,1,0,1,0
603.800,1,1,1,1
603.850,0,1,0,1
603.900,0,1,0,1
603.950,0,1,0,1
604.000,0,1,0,1
604.050,0,1,0,1
604.100,0,1,0,1
604.150,0,1,0,1
604.200,0,1,0,1
604.250,0,0,0,1
604.300,0,0,0,0
604.350,1,0,1,0
604.400,1,0,1,0
604.450,1,0,1,0
604.500,1,0,1,0
604.550,1,0,1,0
604.600,1,0,1,0
604.650,1,0,1,0
604.700,1,0,1,0
604.750,1,1,1,1
604.800,0,1,0,1
604.850,0,1,0,1
604.900,0,1,0,1
604.950,0,1,0,1
605.000,0,1,0,1
605.050,0,1,0,1
605.100,0,1,0,1
605.150,0,1,0,1
605.200,0,0,0,0
605.250,0,0,0,0
605.300,1,0,1,0
605.350,1,0,1,0
605.400,1,0,1,0
605.450,1,0,1,0
605.500,1,0,1,0
605.550,1,0,1,0
605.600,1,0,1,0
605.650,1,0,1,0
605.700,1,1,1,1
605.750,0,1,0,1
605.800,0,1,0,1
605.850,0,1,0,1
605.900,0,1,0,1
605.950,0,1,0,1
606.000,0,1,0,1
606.050,0,1,0,1
606.100,0,1,0,1
606.150,0,0,0,0
606.200,0,0,0,0
606.250,1,0,1,0
606.300,1,0,1,0
606.350,1,0,1,0
606.400,1,0,1,0
606.450,1,0,1,0
606.500,1,0,1,0
606.550,1,0,1,0
606.600,1,0,1,0
606.650,1,1,1,1
606.700,0,1,0,1
606.750,0,1,0,1
606.800,0,1,0,1
606.850,0,1,0,1
606.900,0,1,0,1
606.950,0,1,0,1
607.000,0,1,0,1
607.050,0,0,0,1
607.100,0,0,0,0
607.150,0,0,0,0
607.200,1,0,1,0
607.250,1,0,1,0
607.300,1,0,1,0
607.350,1,0,1,0
607.400,1,0,1,0
607.450,1,0,1,0
607.500,1,0,1,0
607.550,1,1,1,1
607.600,1,1,1,1
607.650,0,1,0,1
607.700,0,1,0,1
607.750,0,1,0,1
607.800,0,1,0,1
607.850,0,1,0,1
607.900,0,1,0,1
607.950,0,1,0,1
608.000,0,0,0,0
608.050,0,0,0,0
608.100,0,0,1,0
608.150,1,0,1,0
608.200,1,0,1,0
608.250,1,0,1,0
608.300,1,0,1,0
608.350,1,0,1,0
608.400,1,0,1,0
608.450,1,0,1,1
608.500,1,1,1,1
608.550,1,1,1,1
608.600,0,1,0,1
608.650,0,1,0,1
608.700,0,1,0,1
608.750,0,1,0,1
608.800,0,1,0,1
608.850,0,1,0,1
608.900,0,1,0,0
608.950,0,0,0,0
609.000,0,0,0,0
609.050,1,0,1,0
609.100,1,0,1,0
609.150,1,0,1,0
609.200,1,0,1,0
609.250,1,0,1,0
609.300,1,0,1,0
609.350,1,0,1,0
609.400,1,1,1,1
609.450,1,1,1,1
609.500,1,1,0,1
609.550,0,1,0,1
609.600,0,1,0,1
609.650,0,1,0,1
609.700,0,1,0,1
609.750,0,1,0,1
609.800,0,1,0,1
609.850,0,0,0,0
609.900,0,0,0,0
609.950,0,0,0,0
610.000,1,0,1,0
610.050,1,0,1,0
610.100,1,0,1,0
610.150,1,0,1,0
610.200,1,0,1,0
610.250,1,0,1,0
610.300,1,0,1,1
610.350,1,1,1,1
610.400,1,1,1,1
610.450,0,1,0,1
610.500,0,1,0,1
610.550,0,1,0,1
610.600,0,1,0,1
610.650,0,1,0,1
610.700,0,1,0,1
610.750,0,1,0,0
610.800,0,0,0,0
610.850,0,0,0,0
610.900,0,0,0,0
610.950,1,0,1,0
611.000,1,0,1,0
611.050,1,0,1,0
611.100,1,0,1,0
611.150,1,0,1,0
611.200,1,0,1,1
611.250,1,1,1,1
611.300,1,1,1,1
611.350,1,1,1,1
611.400,0,1,0,1
611.450,0,1,0,1
611.500,0,1,0,1
611.550,0,1,0,1
611.600,0,1,0,1
611.650,0,1,0,0
611.700,0,0,0,0
611.750,0,0,0,0
611.800,0,0,0,0
611.850,0,0,0,0
611.900,1,0,1,0
611.950,1,0,1,0
612.000,1,0,1,0
612.050,1,0,1,0
612.100,1,0,1,0
612.150,1,1,1,1
612.200,1,1,1,1
612.250,1,1,1,1
612.300,1,1,1,1
612.350,0,1,0,1
612.400,0,1,0,1
612.450,0,1,0,1
612.500,0,1,0,1
612.550,0,1,0,1
612.600,0,0,0,0
612.650,0,0,0,0
612.700,0,0,0,0
612.750,0,0,0,0
612.800,0,0,0,0
612.850,1,0,1,0
612.900,1,0,1,0
612.950,1,0,1,0
613.000,1,0,1,0
613.050,1,0,1,1
613.100,1,1,1,1
613.150,1,1,1,1
613.200,1,1,1,1
613.250,1,1,1,1
613.300,0,1,0,1
613.350,0,1,0,1
613.400,0,1,0,1
613.450,0,1,0,1
613.500,0,1,0,0
613.550,0,0,0,0
613.600,0,0,0,0
613.650,0,0,0,0
613.700,0,0,0,0
613.750,1,0,0,0
613.800,1,0,1,0
613.850,1,0,1,0
613.900,1,0,1,0
613.950,1,0,1,1
614.000,1,1,1,1
614.050,1,1,1,1
614.100,1,1,1,1
614.150,1,1,1,1
614.200,1,1,1,1
614.250,0,1,0,1
614.300,0,1,0,1
614.350,0,1,0,1
614.400,0,1,0,1
614.450,0,0,0,0
614.500,0,0,0,0
614.550,0,0,0,0
614.600,0,0,0,0
614.650,0,0,0,0
614.700,0,0,0,0
614.750,1,0,1,0
614.800,1,0,1,0
614.850,1,0,1,0
614.900,1,0,1,1
614.950,1,1,1,1
615.000,1,1,1,1
615.050,1,1,1,1
615.100,1,1,1,1
615.150,1,1,1,1
615.200,0,1,0,1
615.250,0,1,0,1
615.300,0,1,0,1
615.350,0,1,0,0
615.400,0,0,0,0
615.450,0,0,0,0
615.500,0,0,0,0
615.550,0,0,0,0
615.600,0,0,0,0
615.650,1,0,0,0
615.700,1,0,1,0
615.750,1,0,1,0
615.800,1,0,1,0
615.850,1,1,1,1
615.900,1,1,1,1
615.950,1,1,1,1
616.000,1,1,1,1
616.050,1,1,1,1
616.100,1,1,1,1
616.150,0,1,1,1
616.200,0,1,0,1
616.250,0,1,0,0
616.300,0,0,0,0
616.350,0,0,0,0
616.400,0,0,0,0
616.450,0,0,0,0
616.500,0,0,0,0
616.550,0,0,0,0
616.600,0,0,0,0
616.650,1,0,1,0
616.700,1,0,1,0
616.750,1,0,1,1
616.800,1,1,1,1
616.850,1,1,1,1
616.900,1,1,1,1
616.950,1,1,1,1
617.000,1,1,1,1
617.050,1,1,1,1
617.100,0,1,1,1
617.150,0,1,0,1
617.200,0,1,0,0
617.250,0,0,0,0
617.300,0,0,0,0
617.350,0,0,0,0
617.400,0,0,0,0
617.450,0,0,0,0
617.500,0,0,0,0
617.550,1,0,0,0
617.600,1,0,1,0
617.650,1,0,1,1
617.700,1,1,1,1
617.750,1,1,1,1
617.800,1,1,1,1
617.850,1,1,1,1
617.900,1,1,1,1
617.950,1,1,1,1
618.000,1,1,1,1
618.050,0,1,0,1
618.100,0,1,0,0
618.150,0,0,0,0
618.200,0,0,0,0
618.250,0,0,0,0
618.300,0,0,0,0
618.350,0,0,0,0
618.400,0,0,0,0
618.450,0,0,0,0
618.500,0,0,0,0
618.550,1,0,1,1
618.600,1,0,1,1
618.650,1,1,1,1
618.700,1,1,1,1
618.750,1,1,1,1
618.800,1,1,1,1
618.850,1,1,1,1
618.900,1,1,1,1
618.950,1,1,1,1
619.000,0,1,1,0
619.050,0,0,0,0
619.100,0,0,0,0
619.150,0,0,0,0
619.200,0,0,0,0
619.250,0,0,0,0
619.300,0,0,0,0
619.350,0,0,0,0
619.400,0,0,0,0
619.450,1,0,0,1
619.500,1,0,1,1
619.550,1,1,1,1
619.600,1,1,1,1
619.650,1,1,1,1
619.700,1,1,1,1
619.750,1,1,1,1
619.800,1,1,1,1
619.850,1,1,1,1
619.900,1,1,1,0
619.950,0,1,1,0
620.000,0,0,0,0
620.050,0,0,0,0
620.100,0,0,0,0
620.150,0,0,0,0
620.200,0,0,0,0
620.250,0,0,0,0
620.300,0,0,0,0
620.350,0,0,0,1
620.400,1,0,0,1
620.450,1,1,0,1
620.500,1,1,1,1
620.550,1,1,1,1
620.600,1,1,1,1
620.650,1,1,1,1
620.700,1,1,1,1
620.750,1,1,1,1
620.800,1,1,1,0
620.850,1,1,1,0
620.900,0,0,1,0
620.950,0,0,0,0
621.000,0,0,0,0
621.050,0,0,0,0
621.100,0,0,0,0
621.150,0,0,0,0
621.200,0,0,0,0
621.250,0,0,0,0
621.300,0,0,0,1
621.350,0,1,0,1
621.400,1,1,0,1
621.450,1,1,1,1
621.500,1,1,1,1
621.550,1,1,1,1
621.600,1,1,1,1
621.650,1,1,1,1
621.700,1,1,1,1
621.750,1,1,1,0
621.800,1,0,1,0
621.850,0,0,1,0
621.900,0,0,0,0
621.950,0,0,0,0
622.000,0,0,0,0
622.050,0,0,0,0
622.100,0,0,0,0
622.150,0,0,0,0
622.200,0,0,0,1
622.250,0,1,0,1
622.300,0,1,0,1
622.350,1,1,0,1
622.400,1,1,1,1
622.450,1,1,1,1
622.500,1,1,1,1
622.550,1,1,1,1
622.600,1,1,1,1
622.650,1,1,1,0
622.700,1,0,1,0
622.750,1,0,1,0
622.800,0,0,1,0
622.850,0,0,0,0
622.900,0,0,0,0
622.950,0,0,0,0
623.000,0,0,0,0
623.050,0,0,0,0
623.100,0,0,0,1
623.150,0,1,0,1
623.200,0,1,0,1
623.250,0,1,0,1
623.300,1,1,0,1
623.350,1,1,1,1
623.400,1,1,1,1
623.450,1,1,1,1
623.500,1,1,1,1
623.550,1,1,1,0
623.600,1,0,1,0
623.650,1,0,1,0
623.700,1,0,1,0
623.750,0,0,1,0
623.800,0,0,1,0
623.850,0,0,0,0
623.900,0,0,0,0
623.950,0,0,0,0
624.000,0,0,0,1
624.050,0,0,0,1
624.100,0,1,0,1
624.150,0,1,0,1
624.200,0,1,0,1
624.250,1,1,0,1
624.300,1,1,1,1
624.350,1,1,1,1
624.400,1,1,1,1
624.450,1,1,1,1
624.500,1,0,1,0
624.550,1,0,1,0
624.600,1,0,1,0
624.650,1,0,1,0
624.700,0,0,1,0
624.750,0,0,1,0
624.800,0,0,0,0
624.850,0,0,0,0
624.900,0,0,0,0
624.950,0,0,0,1
625.000,0,1,0,1
625.050,0,1,0,1
625.100,0,1,0,1
625.150,0,1,0,1
625.200,1,1,0,1
625.250,1,1,1,1
625.300,1,1,1,1
625.350,1,1,1,1
625.400,1,1,1,0
625.450,1,0,1,0
625.500,1,0,1,0
625.550,1,0,1,0
625.600,1,0,1,0
625.650,1,0,1,0
625.700,0,0,1,0
625.750,0,0,0,0
625.800,0,0,0,0
625.850,0,0,0,1
625.900,0,1,0,1
625.950,0,1,0,1
626.000,0,1,0,1
626.050,0,1,0,1
626.100,0,1,0,1
626.150,1,1,0,1
626.200,1,1,0,1
626.250,1,1,1,1
626.300,1,1,1,0
626.350,1,0,1,0
626.400,1,0,1,0
626.450,1,0,1,0
626.500,1,0,1,0
626.550,1,0,1,0
626.600,1,0,1,0
626.650,0,0,1,0
626.700,0,0,0,0
626.750,0,0,0,0
626.800,0,0,0,1
626.850,0,1,0,1
626.900,0,1,0,1
626.950,0,1,0,1
627.000,0,1,0,1
627.050,0,1,0,1
627.100,0,1,0,1
627.150,1,1,0,1
627.200,1,1,1,1
627.250,1,1,1,0
627.300,1,0,1,0
627.350,1,0,1,0
627.400,1,0,1,0
627.450,1,0,1,0
627.500,1,0,1,0
627.550,1,0,1,0
627.600,0,0,1,0
627.650,0,0,0,0
627.700,0,0,0,1
627.750,0,1,0,1
627.800,0,1,0,1
627.850,0,1,0,1
627.900,0,1,0,1
627.950,0,1,0,1
628.000,0,1,0,1
628.050,0,1,0,1
628.100,1,1,0,1
628.150,1,1,1,0
628.200,1,0,1,0
628.250,1,0,1,0
628.300,1,0,1,0
628.350,1,0,1,0
628.400,1,0,1,0
628.450,1,0,1,0
628.500,1,0,1,0
628.550,0,0,1,0
628.600,0,0,0,1
628.650,0,0,0,1
628.700,0,1,0,1
628.750,0,1,0,1
628.800,0,1,0,1
628.850,0,1,0,1
628.900,0,1,0,1
628.950,0,1,0,1
629.000,0,1,0,1
629.050,1,1,0,0
629.100,1,0,1,0
629.150,1,0,1,0
629.200,1,0,1,0
629.250,1,0,1,0
629.300,1,0,1,0
629.350,1,0,1,0
629.400,1,0,1,0
629.450,1,0,1,0
629.500,0,0,1,1
629.550,0,1,1,1
629.600,0,1,0,1
629.650,0,1,0,1
629.700,0,1,0,1
629.750,0,1,0,1
629.800,0,1,0,1
629.850,0,1,0,1
629.900,0,1,0,1
629.950,0,1,0,0
630.000,1,0,0,0
630.050,1,0,1,0
630.100,1,0,1,0
630.150,1,0,1,0
630.200,1,0,1,0
630.250,1,0,1,0
630.300,1,0,1,0
630.350,1,0,1,0
630.400,1,0,1,1
630.450,0,0,1,1
630.500,0,1,1,1
630.550,0,1,0,1
630.600,0,1,0,1
630.650,0,1,0,1
630.700,0,1,0,1
630.750,0,1,0,1
630.800,0,1,0,1
630.850,0,1,0,0
630.900,0,0,0,0
630.950,1,0,0,0
631.000,1,0,0,0
631.050,1,0,1,0
631.100,1,0,1,0
631.150,1,0,1,0
631.200,1,0,1,0
631.250,1,0,1,0
631.300,1,0,1,1
631.350,1,0,1,1
631.400,0,1,1,1
631.450,0,1,1,1
631.500,0,1,0,1
631.550,0,1,0,1
631.600,0,1,0,1
631.650,0,1,0,1
631.700,0,1,0,1
631.750,0,1,0,0
631.800,0,1,0,0
631.850,0,0,0,0
631.900,1,0,0,0
631.950,1,0,0,0
632.000,1,0,1,0
632.050,1,0,1,0
632.100,1,0,1,0
632.150,1,0,1,0
632.200,1,0,1,1
632.250,1,0,1,1
632.300,1,1,1,1
632.350,1,1,1,1
632.400,0,1,1,1
632.450,0,1,0,1
632.500,0,1,0,1
632.550,0,1,0,1
632.600,0,1,0,1
632.650,0,1,0,0
632.700,0,1,0,0
632.750,0,0,0,0
632.800,0,0,0,0
632.850,0,0,0,0
632.900,1,0,0,0
632.950,1,0,1,0
633.000,1,0,1,0
633.050,1,0,1,0
633.100,1,0,1,0
633.150,1,0,1,1
633.200,1,1,1,1
633.250,1,1,1,1
633.300,1,1,1,1
633.350,0,1,1,1
633.400,0,1,0,1
633.450,0,1,0,1
633.500,0,1,0,1
633.550,0,1,0,0
633.600,0,1,0,0
633.650,0,0,0,0
633.700,0,0,0,0
633.750,0,0,0,0
633.800,0,0,0,0
633.850,1,0,0,0
633.900,1,0,1,0
633.950,1,0,1,0
634.000,1,0,1,0
634.050,1,0,1,1
634.100,1,1,1,1
634.150,1,1,1,1
634.200,1,1,1,1
634.250,1,1,1,1
634.300,0,1,1,1
634.350,0,1,0,1
634.400,0,1,0,1
634.450,0,1,0,1
634.500,0,1,0,0
634.550,0,0,0,0
634.600,0,0,0,0
634.650,0,0,0,0
634.700,0,0,0,0
634.750,0,0,0,0
634.800,1,0,0,0
634.850,1,0,1,0
634.900,1,0,1,0
634.950,1,0,1,1
635.000,1,0,1,1
635.050,1,1,1,1
635.100,1,1,1,1
635.150,1,1,1,1
635.200,1,1,1,1
635.250,0,1,1,1
635.300,0,1,0,1
635.350,0,1,0,1
635.400,0,1,0,0
635.450,0,1,0,0
635.500,0,0,0,0
635.550,0,0,0,0
635.600,0,0,0,0
635.650,0,0,0,0
635.700,0,0,0,0
635.750,1,0,0,0
635.800,1,0,1,0
635.850,1,0,1,0
635.900,1,0,1,1
635.950,1,1,1,1
636.000,1,1,1,1
636.050,1,1,1,1
636.100,1,1,1,1
636.150,1,1,1,1
636.200,0,1,1,1
636.250,0,1,0,1
636.300,0,1,0,1
636.350,0,1,0,0
636.400,0,0,0,0
636.450,0,0,0,0
636.500,0,0,0,0
636.550,0,0,0,0
636.600,0,0,0,0
636.650,0,0,0,0
636.700,1,0,0,0
636.750,1,0,1,0
636.800,1,0,1,1
636.850,1,0,1,1
636.900,1,1,1,1
636.950,1,1,1,1
637.000,1,1,1,1
637.050,1,1,1,1
637.100,1,1,1,1
637.150,1,1,1,1
637.200,0,1,0,1
637.250,0,1,0,0
637.300,0,0,0,0
637.350,0,0,0,0
637.400,0,0,0,0
637.450,0,0,0,0
637.500,0,0,0,0
637.550,0,0,0,0
637.600,0,0,0,0
637.650,1,0,0,0
637.700,1,0,1,1
637.750,1,0,1,1
637.800,1,1,1,1
637.850,1,1,1,1
637.900,1,1,1,1
637.950,1,1,1,1
638.000,1,1,1,1
638.050,1,1,1,1
638.100,1,1,1,1
638.150,0,1,1,0
638.200,0,1,0,0
638.250,0,0,0,0
638.300,0,0,0,0
638.350,0,0,0,0
638.400,0,0,0,0
638.450,0,0,0,0
638.500,0,0,0,0
638.550,0,0,0,0
638.600,1,0,0,1
638.650,1,0,1,1
638.700,1,1,1,1
638.750,1,1,1,1
638.800,1,1,1,1
638.850,1,1,1,1
638.900,1,1,1,1
638.950,1,1,1,1
639.000,1,1,1,1
639.050,1,1,1,0
639.100,0,1,0,0
639.150,0,0,0,0
639.200,0,0,0,0
639.250,0,0,0,0
639.300,0,0,0,0
639.350,0,0,0,0
639.400,0,0,0,0
639.450,0,0,0,0
639.500,0,0,0,1
639.550,0,0,0,1
639.600,1,1,1,1
639.650,1,1,1,1
639.700,1,1,1,1
639.750,1,1,1,1
639.800,1,1,1,1
639.850,1,1,1,1
639.900,1,1,1,1
639.950,1,1,1,0
640.000,0,1,1,0
640.050,0,0,0,0
640.100,0,0,0,0
640.150,0,0,0,0
640.200,0,0,0,0
640.250,0,0,0,0
640.300,0,0,0,0
640.350,0,0,0,0
640.400,0,0,0,1
640.450,0,0,0,1
640.500,1,1,0,1
640.550,1,1,1,1
640.600,1,1,1,1
640.650,1,1,1,1
640.700,1,1,1,1
640.750,1,1,1,1
640.800,1,1,1,1
640.850,1,1,1,0
640.900,1,1,1,0
640.950,1,0,1,0
641.000,0,0,0,0
641.050,0,0,0,0
641.100,0,0,0,0
641.150,0,0,0,0
641.200,0,0,0,0
641.250,0,0,0,0
641.300,0,0,0,1
641.350,0,0,0,1
641.400,0,1,0,1
641.450,1,1,0,1
641.500,1,1,1,1
641.550,1,1,1,1
641.600,1,1,1,1
641.650,1,1,1,1
641.700,1,1,1,1
641.750,1,1,1,0
641.800,1,1,1,0
641.850,1,0,1,0
641.900,1,0,1,0
641.950,0,0,0,0
642.000,0,0,0,0
642.050,0,0,0,0
642.100,0,0,0,0
642.150,0,0,0,0
642.200,0,0,0,1
642.250,0,0,0,1
642.300,0,1,0,1
642.350,0,1,0,1
642.400,0,1,0,1
642.450,1,1,1,1
642.500,1,1,1,1
642.550,1,1,1,1
642.600,1,1,1,1
642.650,1,1,1,0
642.700,1,1,1,0
642.750,1,0,1,0
642.800,1,0,1,0
642.850,1,0,1,0
642.900,0,0,0,0
642.950,0,0,0,0
643.000,0,0,0,0
643.050,0,0,0,0
643.100,0,0,0,0
643.150,0,0,0,1
643.200,0,1,0,1
643.250,0,1,0,1
643.300,0,1,0,1
643.350,0,1,0,1
643.400,1,1,1,1
643.450,1,1,1,1
643.500,1,1,1,1
643.550,1,1,1,0
643.600,1,1,1,0
643.650,1,0,1,0
643.700,1,0,1,0
643.750,1,0,1,0
643.800,1,0,1,0
643.850,0,0,1,0
643.900,0,0,0,0
643.950,0,0,0,0
644.000,0,0,0,0
644.050,0,0,0,1
644.100,0,0,0,1
644.150,0,1,0,1
644.200,0,1,0,1
644.250,0,1,0,1
644.300,0,1,0,1
644.350,1,1,1,1
644.400,1,1,1,1
644.450,1,1,1,1
644.500,1,1,1,0
644.550,1,0,1,0
644.600,1,0,1,0
644.650,1,0,1,0
644.700,1,0,1,0
644.750,1,0,1,0
644.800,0,0,0,0
644.850,0,0,0,0
644.900,0,0,0,0
644.950,0,0,0,1
645.000,0,0,0,1
645.050,0,1,0,1
645.100,0,1,0,1
645.150,0,1,0,1
645.200,0,1,0,1
645.250,1,1,0,1
645.300,1,1,1,1
645.350,1,1,1,1
645.400,1,1,1,0
645.450,1,1,1,0
645.500,1,0,1,0
645.550,1,0,1,0
645.600,1,0,1,0
645.650,1,0,1,0
645.700,1,0,1,0
645.750,0,0,0,0
645.800,0,0,0,0
645.850,0,0,0,1
645.900,0,0,0,1
645.950,0,1,0,1
646.000,0,1,0,1
646.050,0,1,0,1
646.100,0,1,0,1
646.150,0,1,0,1
646.200,0,1,0,1
646.250,1,1,1,1
646.300,1,1,1,0
646.350,1,1,1,0
646.400,1,0,1,0
646.450,1,0,1,0
646.500,1,0,1,0
646.550,1,0,1,0
646.600,1,0,1,0
646.650,1,0,1,0
646.700,0,0,0,0
646.750,0,0,0,1
646.800,0,0,0,1
646.850,0,1,0,1
646.900,0,1,0,1
646.950,0,1,0,1
647.000,0,1,0,1
647.050,0,1,0,1
647.100,0,1,0,1
647.150,0,1,0,1
647.200,1,1,1,0
647.250,1,1,1,0
647.300,1,0,1,0
647.350,1,0,1,0
647.400,1,0,1,0
647.450,1,0,1,0
647.500,1,0,1,0
647.550,1,0,1,0
647.600,1,0,1,0
647.650,0,0,0,0
647.700,0,0,0,1
647.750,0,0,0,1
647.800,0,1,0,1
647.850,0,1,0,1
647.900,0,1,0,1
647.950,0,1,0,1
648.000,0,1,0,1
648.050,0,1,0,1
648.100,0,1,0,0
648.150,1,1,1,0
648.200,1,0,1,0
648.250,1,0,1,0
648.300,1,0,1,0
648.350,1,0,1,0
648.400,1,0,1,0
648.450,1,0,1,0
648.500,1,0,1,0
648.550,1,0,1,1
648.600,0,0,0,1
648.650,0,0,0,1
648.700,0,1,0,1
648.750,0,1,0,1
648.800,0,1,0,1
648.850,0,1,0,1
648.900,0,1,0,1
648.950,0,1,0,1
649.000,0,1,0,0
649.050,1,1,0,0
649.100,1,0,1,0
649.150,1,0,1,0
649.200,1,0,1,0
649.250,1,0,1,0
649.300,1,0,1,0
649.350,1,0,1,0
649.400,1,0,1,0
649.450,1,0,1,1
649.500,1,0,1,1
649.550,0,1,0,1
649.600,0,1,0,1
649.650,0,1,0,1
649.700,0,1,0,1
649.750,0,1,0,1
649.800,0,1,0,1
649.850,0,1,0,1
649.900,0,1,0,0
649.950,0,1,0,0
650.000,0,0,0,0
650.050,1,0,1,0
650.100,1,0,1,0
650.150,1,0,1,0
650.200,1,0,1,0
650.250,1,0,1,0
650.300,1,0,1,0
650.350,1,0,1,1
650.400,1,0,1,1
650.450,0,1,1,1
650.500,0,1,0,1
650.550,0,1,0,1
650.600,0,1,0,1
650.650,0,1,0,1
650.700,0,1,0,1
650.750,0,1,0,1
650.800,0,1,0,0
650.850,0,1,0,0
650.900,0,0,0,0
650.950,1,0,1,0
651.000,1,0,1,0
651.050,1,0,1,0
651.100,1,0,1,0
651.150,1,0,1,0
651.200,1,0,1,0
651.250,1,0,1,1
651.300,1,0,1,1
651.350,1,1,1,1
651.400,1,1,0,1
651.450,0,1,0,1
651.500,0,1,0,1
651.550,0,1,0,1
651.600,0,1,0,1
651.650,0,1,0,1
651.700,0,1,0,0
651.750,0,1,0,0
651.800,0,0,0,0
651.850,0,0,0,0
651.900,1,0,1,0
651.950,1,0,1,0
652.000,1,0,1,0
652.050,1,0,1,0
652.100,1,0,1,0
652.150,1,0,1,1
652.200,1,0,1,1
652.250,1,1,1,1
652.300,1,1,1,1
652.350,0,1,0,1
652.400,0,1,0,1
652.450,0,1,0,1
652.500,0,1,0,1
652.550,0,1,0,1
652.600,0,1,0,0
652.650,0,1,0,0
652.700,0,0,0,0
652.750,0,0,0,0
652.800,0,0,0,0
652.850,1,0,1,0
652.900,1,0,1,0
652.950,1,0,1,0
653.000,1,0,1,0
653.050,1,0,1,1
653.100,1,0,1,1
653.150,1,1,1,1
653.200,1,1,1,1
653.250,1,1,1,1
653.300,0,1,0,1
653.350,0,1,0,1
653.400,0,1,0,1
653.450,0,1,0,1
653.500,0,1,0,0
653.550,0,1,0,0
653.600,0,0,0,0
653.650,0,0,0,0
653.700,0,0,0,0
653.750,0,0,0,0
653.800,1,0,1,0
653.850,1,0,1,0
653.900,1,0,1,0
653.950,1,0,1,1
654.000,1,0,1,1
654.050,1,1,1,1
654.100,1,1,1,1
654.150,1,1,1,1
654.200,1,1,1,1
654.250,0,1,0,1
654.300,0,1,0,1
654.350,0,1,0,1
654.400,0,1,0,1
654.450,0,1,0,0
654.500,0,0,0,0
654.550,0,0,0,0
654.600,0,0,0,0
654.650,0,0,0,0
654.700,0,0,1,0
654.750,1,0,1,0
654.800,1,0,1,0
654.850,1,0,1,0
654.900,1,0,1,1
654.950,1,1,1,1
655.000,1,1,1,1
655.050,1,1,1,1
655.100,1,1,1,1
655.150,1,1,1,1
655.200,0,1,0,1
655.250,0,1,0,1
655.300,0,1,0,1
655.350,0,1,0,0
655.400,0,0,0,0
655.450,0,0,0,0
655.500,0,0,0,0
655.550,0,0,0,0
655.600,0,0,0,0
655.650,1,0,1,0
655.700,1,0,1,0
655.750,1,0,1,0
655.800,1,0,1,1
655.850,1,0,1,1
655.900,1,1,1,1
655.950,1,1,1,1
656.000,1,1,1,1
656.050,1,1,1,1
656.100,1,1,0,1
656.150,0,1,0,1
656.200,0,1,0,1
656.250,0,1,0,0
656.300,0,1,0,0
656.350,0,0,0,0
656.400,0,0,0,0
656.450,0,0,0,0
656.500,0,0,0,0
656.550,0,0,0,0
656.600,1,0,1,0
656.650,1,0,1,0
656.700,1,0,1,1
656.750,1,0,1,1
656.800,1,1,1,1
656.850,1,1,1,1
656.900,1,1,1,1
656.950,1,1,1,1
657.000,1,1,1,1
657.050,0,1,0,1
657.100,0,1,0,1
657.150,0,1,0,0
657.200,0,1,0,0
657.250,0,0,0,0
657.300,0,0,0,0
657.350,0,0,0,0
657.400,0,0,0,0
657.450,0,0,0,0
657.500,0,0,0,0
657.550,1,0,1,0
657.600,1,0,1,1
657.650,1,0,1,1
657.700,1,1,1,1
657.750,1,1,1,1
657.800,1,1,1,1
657.850,1,1,1,1
657.900,1,1,1,1
657.950,1,1,1,1
658.000,0,1,0,1
658.050,0,1,0,0
658.100,0,1,0,0
658.150,0,0,0,0
658.200,0,0,0,0
658.250,0,0,0,0
658.300,0,0,0,0
658.350,0,0,0,0
658.400,0,0,0,0
658.450,0,0,1,0
658.500,1,0,1,1
658.550,1,0,1,1
658.600,1,1,1,1
658.650,1,1,1,1
658.700,1,1,1,1
658.750,1,1,1,1
658.800,1,1,1,1
658.850,1,1,1,1
658.900,1,1,1,1
658.950,0,1,0,0
659.000,0,1,0,0
659.050,0,0,0,0
659.100,0,0,0,0
659.150,0,0,0,0
659.200,0,0,0,0
659.250,0,0,0,0
659.300,0,0,0,0
659.350,0,0,0,0
659.400,1,0,1,1
659.450,1,0,1,1
659.500,1,1,1,1
659.550,1,1,1,1
659.600,1,1,1,1
659.650,1,1,1,1
659.700,1,1,1,1
659.750,1,1,1,1
659.800,1,1,1,0
659.850,1,1,0,0
659.900,0,1,0,0
659.950,0,0,0,0
660.000,0,0,0,0
660.050,0,0,0,0
660.100,0,0,0,0
660.150,0,0,0,0
660.200,0,0,0,0
660.250,0,0,0,0
660.300,0,0,0,1
660.350,1,0,1,1
660.400,1,1,1,1
660.450,1,1,1,1
660.500,1,1,1,1
660.550,1,1,1,1
660.600,1,1,1,1
660.650,1,1,1,1
660.700,1,1,1,0
660.750,1,1,1,0
660.800,0,1,0,0
660.850,0,0,0,0
660.900,0,0,0,0
660.950,0,0,0,0
661.000,0,0,0,0
661.050,0,0,0,0
661.100,0,0,0,0
661.150,0,0,0,0
661.200,0,0,0,1
661.250,0,0,1,1
661.300,1,1,1,1
661.350,1,1,1,1
661.400,1,1,1,1
661.450,1,1,1,1
661.500,1,1,1,1
661.550,1,1,1,1
661.600,1,1,1,0
661.650,1,1,1,0
661.700,1,1,0,0
661.750,0,0,0,0
661.800,0,0,0,0
661.850,0,0,0,0
661.900,0,0,0,0
661.950,0,0,0,0
662.000,0,0,0,0
662.050,0,0,0,1
662.100,0,0,0,1
662.150,0,0,0,1
662.200,1,1,1,1
662.250,1,1,1,1
662.300,1,1,1,1
662.350,1,1,1,1
662.400,1,1,1,1
662.450,1,1,1,1
662.500,1,1,1,0
662.550,1,1,1,0
662.600,1,1,1,0
662.650,1,0,0,0
662.700,0,0,0,0
662.750,0,0,0,0
662.800,0,0,0,0
662.850,0,0,0,0
662.900,0,0,0,0
662.950,0,0,0,1
663.000,0,0,0,1
663.050,0,0,0,1
663.100,0,1,0,1
663.150,1,1,1,1
663.200,1,1,1,1
663.250,1,1,1,1
663.300,1,1,1,1
663.350,1,1,1,1
663.400,1,1,1,0
663.450,1,1,1,0
663.500,1,1,1,0
663.550,1,0,1,0
663.600,0,0,0,0
663.650,0,0,0,0
663.700,0,0,0,0
663.750,0,0,0,0
663.800,0,0,0,0
663.850,0,0,0,1
663.900,0,0,0,1
663.950,0,0,0,1
664.000,0,1,0,1
664.050,0,1,0,1
664.100,1,1,1,1
664.150,1,1,1,1
664.200,1,1,1,1
664.250,1,1,1,1
664.300,1,1,1,1
664.350,1,1,1,0
664.400,1,0,1,0
664.450,1,0,1,0
664.500,1,0,1,0
664.550,0,0,0,0
664.600,0,0,0,0
664.650,0,0,0,0
664.700,0,0,0,0
664.750,0,0,0,0
664.800,0,0,0,1
664.850,0,0,0,1
664.900,0,1,0,1
664.950,0,1,0,1
665.000,0,1,1,1
665.050,1,1,1,1
665.100,1,1,1,1
665.150,1,1,1,1
665.200,1,1,1,1
665.250,1,1,1,0
665.300,1,1,1,0
665.350,1,0,1,0
665.400,1,0,1,0
665.450,1,0,1,0
665.500,0,0,0,0
665.550,0,0,0,0
665.600,0,0,0,0
665.650,0,0,0,0
665.700,0,0,0,1
665.750,0,0,0,1
665.800,0,1,0,1
665.850,0,1,0,1
665.900,0,1,0,1
665.950,1,1,1,1
666.000,1,1,1,1
666.050,1,1,1,1
666.100,1,1,1,1
666.150,1,1,1,0
666.200,1,1,1,0
666.250,1,0,1,0
666.300,1,0,1,0
666.350,1,0,1,0
666.400,1,0,0,0
666.450,0,0,0,0
666.500,0,0,0,0
666.550,0,0,0,0
666.600,0,0,0,1
666.650,0,0,0,1
666.700,0,1,0,1
666.750,0,1,0,1
666.800,0,1,0,1
666.850,0,1,0,1
666.900,1,1,1,1
666.950,1,1,1,1
667.000,1,1,1,1
667.050,1,1,1,0
667.100,1,1,1,0
667.150,1,0,1,0
667.200,1,0,1,0
667.250,1,0,1,0
667.300,1,0,1,0
667.350,0,0,0,0
667.400,0,0,0,0
667.450,0,0,0,0
667.500,0,0,0,1
667.550,0,0,0,1
667.600,0,1,0,1
667.650,0,1,0,1
667.700,0,1,0,1
667.750,0,1,0,1
667.800,0,1,0,1
667.850,1,1,1,1
667.900,1,1,1,1
667.950,1,1,1,0
668.000,1,1,1,0
668.050,1,0,1,0
668.100,1,0,1,0
668.150,1,0,1,0
668.200,1,0,1,0
668.250,1,0,1,0
668.300,0,0,0,0
668.350,0,0,0,0
668.400,0,0,0,1
668.450,0,0,0,1
668.500,0,1,0,1
668.550,0,1,0,1
668.600,0,1,0,1
668.650,0,1,0,1
668.700,0,1,0,1
668.750,0,1,1,1
668.800,1,1,1,1
668.850,1,1,1,0
668.900,1,1,1,0
668.950,1,0,1,0
669.000,1,0,1,0
669.050,1,0,1,0
669.100,1,0,1,0
669.150,1,0,1,0
669.200,1,0,0,0
669.250,0,0,0,0
669.300,0,0,0,1
669.350,0,0,0,1
669.400,0,1,0,1
669.450,0,1,0,1
669.500,0,1,0,1
669.550,0,1,0,1
669.600,0,1,0,1
669.650,0,1,0,1
669.700,1,1,1,0
669.750,1,1,1,0
669.800,1,1,1,0
669.850,1,0,1,0
669.900,1,0,1,0
669.950,1,0,1,0
670.000,1,0,1,0
670.050,1,0,1,0
670.100,1,0,1,0
670.150,1,0,0,1
670.200,0,0,0,1
670.250,0,0,0,1
670.300,0,1,0,1
670.350,0,1,0,1
670.400,0,1,0,1
670.450,0,1,0,1
670.500,0,1,0,1
670.550,0,1,0,1
670.600,0,1,0,0
670.650,1,1,1,0
670.700,1,1,1,0
670.750,1,0,1,0
670.800,1,0,1,0
670.850,1,0,1,0
670.900,1,0,1,0
670.950,1,0,1,0
671.000,1,0,1,0
671.050,1,0,1,1
671.100,0,0,0,1
671.150,0,0,0,1
671.200,0,1,0,1
671.250,0,1,0,1
671.300,0,1,0,1
671.350,0,1,0,1
671.400,0,1,0,1
671.450,0,1,0,1
671.500,0,1,0,0
671.550,0,1,1,0
671.600,1,0,1,0
671.650,1,0,1,0
671.700,1,0,1,0
671.750,1,0,1,0
671.800,1,0,1,0
671.850,1,0,1,0
671.900,1,0,1,0
671.950,1,0,1,1
672.000,1,0,1,1
672.050,0,0,0,1
672.100,0,1,0,1
672.150,0,1,0,1
672.200,0,1,0,1
672.250,0,1,0,1
672.300,0,1,0,1
672.350,0,1,0,1
672.400,0,1,0,0
672.450,0,1,0,0
672.500,1,1,1,0
672.550,1,0,1,0
672.600,1,0,1,0
672.650,1,0,1,0
672.700,1,0,1,0
672.750,1,0,1,0
672.800,1,0,1,0
672.850,1,0,1,1
672.900,1,0,1,1
672.950,1,0,0,1
673.000,0,1,0,1
673.050,0,1,0,1
673.100,0,1,0,1
673.150,0,1,0,1
673.200,0,1,0,1
673.250,0,1,0,1
673.300,0,1,0,0
673.350,0,1,0,0
673.400,0,0,0,0
673.450,1,0,1,0
673.500,1,0,1,0
673.550,1,0,1,0
673.600,1,0,1,0
673.650,1,0,1,0
673.700,1,0,1,0
673.750,1,0,1,1
673.800,1,0,1,1
673.850,1,0,1,1
673.900,0,1,0,1
673.950,0,1,0,1
674.000,0,1,0,1
674.050,0,1,0,1
674.100,0,1,0,1
674.150,0,1,0,1
674.200,0,1,0,0
674.250,0,1,0,0
674.300,0,0,0,0
674.350,0,0,0,0
674.400,1,0,1,0
674.450,1,0,1,0
674.500,1,0,1,0
674.550,1,0,1,0
674.600,1,0,1,0
674.650,1,0,1,1
674.700,1,0,1,1
674.750,1,0,1,1
674.800,1,1,1,1
674.850,0,1,0,1
674.900,0,1,0,1
674.950,0,1,0,1
675.000,0,1,0,1
675.050,0,1,0,1
675.100,0,1,0,0
675.150,0,1,0,0
675.200,0,1,0,0
675.250,0,0,0,0
675.300,0,0,0,0
675.350,1,0,1,0
675.400,1,0,1,0
675.450,1,0,1,0
675.500,1,0,1,0
675.550,1,0,1,0
675.600,1,0,1,1
675.650,1,0,1,1
675.700,1,1,1,1
675.750,1,1,1,1
675.800,0,1,0,1
675.850,0,1,0,1
675.900,0,1,0,1
675.950,0,1,0,1
676.000,0,1,0,0
676.050,0,1,0,0
676.100,0,1,0,0
676.150,0,0,0,0
676.200,0,0,0,0
676.250,1,0,0,0
676.300,1,0,1,0
676.350,1,0,1,0
676.400,1,0,1,0
676.450,1,0,1,0
676.500,1,0,1,1
676.550,1,0,1,1
676.600,1,1,1,1
676.650,1,1,1,1
676.700,1,1,1,1
676.750,0,1,0,1
676.800,0,1,0,1
676.850,0,1,0,1
676.900,0,1,0,0
676.950,0,1,0,0
677.000,0,1,0,0
677.050,0,0,0,0
677.100,0,0,0,0
677.150,0,0,0,0
677.200,1,0,1,0
677.250,1,0,1,0
677.300,1,0,1,0
677.350,1,0,1,0
677.400,1,0,1,1
677.450,1,0,1,1
677.500,1,1,1,1
677.550,1,1,1,1
677.600,1,1,1,1
677.650,1,1,1,1
677.700,0,1,0,1
677.750,0,1,0,1
677.800,0,1,0,0
677.850,0,1,0,0
677.900,0,1,0,0
677.950,0,0,0,0
678.000,0,0,0,0
678.050,0,0,0,0
678.100,0,0,0,0
678.150,1,0,1,0
678.200,1,0,1,0
678.250,1,0,1,1
678.300,1,0,1,1
678.350,1,0,1,1
678.400,1,1,1,1
678.450,1,1,1,1
678.500,1,1,1,1
678.550,1,1,1,1
678.600,0,1,1,1
678.650,0,1,0,1
678.700,0,1,0,0
678.750,0,1,0,0
678.800,0,1,0,0
678.850,0,0,0,0
678.900,0,0,0,0
678.950,0,0,0,0
679.000,0,0,0,0
679.050,0,0,0,0
679.100,1,0,1,0
679.150,1,0,1,1
679.200,1,0,1,1
679.250,1,0,1,1
679.300,1,1,1,1
679.350,1,1,1,1
679.400,1,1,1,1
679.450,1,1,1,1
679.500,1,1,1,1
679.550,0,1,0,1
679.600,0,1,0,0
679.650,0,1,0,0
679.700,0,0,0,0
679.750,0,0,0,0
679.800,0,0,0,0
679.850,0,0,0,0
679.900,0,0,0,0
679.950,0,0,0,0
680.000,0,0,0,0
680.050,1,0,1,1
680.100,1,0,1,1
680.150,1,0,1,1
680.200,1,1,1,1
680.250,1,1,1,1
680.300,1,1,1,1
680.350,1,1,1,1
680.400,1,1,1,1
680.450,1,1,1,1
680.500,0,1,0,0
680.550,0,1,0,0
680.600,0,0,0,0
680.650,0,0,0,0
680.700,0,0,0,0
680.750,0,0,0,0
680.800,0,0,0,0
680.850,0,0,0,0
680.900,0,0,0,0
680.950,0,0,0,1
681.000,1,0,1,1
681.050,1,1,1,1
681.100,1,1,1,1
681.150,1,1,1,1
681.200,1,1,1,1
681.250,1,1,1,1
681.300,1,1,1,1
681.350,1,1,1,1
681.400,1,1,1,0
681.450,0,1,0,0
681.500,0,0,0,0
681.550,0,0,0,0
681.600,0,0,0,0
681.650,0,0,0,0
681.700,0,0,0,0
681.750,0,0,0,0
681.800,0,0,0,0
681.850,0,0,0,1
681.900,0,0,0,1
681.950,1,1,1,1
682.000,1,1,1,1
682.050,1,1,1,1
682.100,1,1,1,1
682.150,1,1,1,1
682.200,1,1,1,1
682.250,1,1,1,0
682.300,1,1,1,0
682.350,1,1,1,0
682.400,0,0,0,0
682.450,0,0,0,0
682.500,0,0,0,0
682.550,0,0,0,0
682.600,0,0,0,0
682.650,0,0,0,0
682.700,0,0,0,1
682.750,0,0,0,1
682.800,0,0,0,1
682.850,1,1,0,1
682.900,1,1,1,1
682.950,1,1,1,1
683.000,1,1,1,1
683.050,1,1,1,1
683.100,1,1,1,1
683.150,1,1,1,0
683.200,1,1,1,0
683.250,1,1,1,0
683.300,1,0,1,0
683.350,0,0,0,0
683.400,0,0,0,0
683.450,0,0,0,0
683.500,0,0,0,0
683.550,0,0,0,0
683.600,0,0,0,1
683.650,0,0,0,1
683.700,0,0,0,1
683.750,0,1,0,1
683.800,1,1,0,1
683.850,1,1,1,1
683.900,1,1,1,1
683.950,1,1,1,1
684.000,1,1,1,1
684.050,1,1,1,0
684.100,1,1,1,0
684.150,1,0,1,0
684.200,1,0,1,0
684.250,1,0,1,0
684.300,0,0,0,0
684.350,0,0,0,0
684.400,0,0,0,0
684.450,0,0,0,0
684.500,0,0,0,0
684.550,0,0,0,1
684.600,0,0,0,1
684.650,0,1,0,1
684.700,0,1,0,1
684.750,1,1,0,1
684.800,1,1,1,1
684.850,1,1,1,1
684.900,1,1,1,1
684.950,1,1,1,0
685.000,1,1,1,0
685.050,1,1,1,0
685.100,1,0,1,0
685.150,1,0,1,0
685.200,0,0,1,0
685.250,0,0,0,0
685.300,0,0,0,0
685.350,0,0,0,0
685.400,0,0,0,0
685.450,0,0,0,1
685.500,0,0,0,1
685.550,0,1,0,1
685.600,0,1,0,1
685.650,0,1,0,1
685.700,1,1,0,1
685.750,1,1,1,1
685.800,1,1,1,1
685.850,1,1,1,0
685.900,1,1,1,0
685.950,1,1,1,0
686.000,1,0,1,0
686.050,1,0,1,0
686.100,1,0,1,0
686.150,0,0,1,0
686.200,0,0,0,0
686.250,0,0,0,0
686.300,0,0,0,0
686.350,0,0,0,1
686.400,0,0,0,1
686.450,0,1,0,1
686.500,0,1,0,1
686.550,0,1,0,1
686.600,0,1,0,1
686.650,1,1,0,1
686.700,1,1,1,1
686.750,1,1,1,0
686.800,1,1,1,0
686.850,1,1,1,0
686.900,1,0,1,0
686.950,1,0,1,0
687.000,1,0,1,0
687.050,1,0,1,0
687.100,0,0,1,0
687.150,0,0,0,0
687.200,0,0,0,0
687.250,0,0,0,1
687.300,0,0,0,1
687.350,0,1,0,1
687.400,0,1,0,1
687.450,0,1,0,1
687.500,0,1,0,1
687.550,0,1,0,1
687.600,1,1,0,1
687.650,1,1,1,0
687.700,1,1,1,0
687.750,1,1,1,0
687.800,1,0,1,0
687.850,1,0,1,0
687.900,1,0,1,0
687.950,1,0,1,0
688.000,1,0,1,0
688.050,0,0,1,0
688.100,0,0,0,1
688.150,0,0,0,1
688.200,0,0,0,1
688.250,0,1,0,1
688.300,0,1,0,1
688.350,0,1,0,1
688.400,0,1,0,1
688.450,0,1,0,1
688.500,0,1,0,1
688.550,1,1,0,0
688.600,1,1,1,0
688.650,1,1,1,0
688.700,1,0,1,0
688.750,1,0,1,0
688.800,1,0,1,0
688.850,1,0,1,0
688.900,1,0,1,0
688.950,1,0,1,0
689.000,0,0,1,1
689.050,0,0,0,1
689.100,0,0,0,1
689.150,0,1,0,1
689.200,0,1,0,1
689.250,0,1,0,1
689.300,0,1,0,1
689.350,0,1,0,1
689.400,0,1,0,1
689.450,0,1,0,0
689.500,1,1,0,0
689.550,1,0,1,0
689.600,1,0,1,0
689.650,1,0,1,0
689.700,1,0,1,0
689.750,1,0,1,0
689.800,1,0,1,0
689.850,1,0,1,0
689.900,1,0,1,1
689.950,0,0,1,1
690.000,0,0,0,1
690.050,0,1,0,1
690.100,0,1,0,1
690.150,0,1,0,1
690.200,0,1,0,1
690.250,0,1,0,1
690.300,0,1,0,0
690.350,0,1,0,0
690.400,0,1,0,0
690.450,1,0,0,0
690.500,1,0,1,0
690.550,1,0,1,0
690.600,1,0,1,0
690.650,1,0,1,0
690.700,1,0,1,0
690.750,1,0,1,1
690.800,1,0,1,1
690.850,1,0,1,1
690.900,0,1,1,1
690.950,0,1,0,1
691.000,0,1,0,1
691.050,0,1,0,1
691.100,0,1,0,1
691.150,0,1,0,1
691.200,0,1,0,0
691.250,0,1,0,0
691.300,0,1,0,0
691.350,0,0,0,0
691.400,1,0,0,0
691.450,1,0,1,0
691.500,1,0,1,0
691.550,1,0,1,0
691.600,1,0,1,0
691.650,1,0,1,1
691.700,1,0,1,1
691.750,1,0,1,1
691.800,1,1,1,1
691.850,0,1,1,1
691.900,0,1,0,1
691.950,0,1,0,1
692.000,0,1,0,1
692.050,0,1,0,1
692.100,0,1,0,0
692.150,0,1,0,0
692.200,0,1,0,0
692.250,0,0,0,0
692.300,0,0,0,0
692.350,1,0,0,0
692.400,1,0,1,0
692.450,1,0,1,0
692.500,1,0,1,0
692.550,1,0,1,1
692.600,1,0,1,1
692.650,1,0,1,1
692.700,1,1,1,1
692.750,1,1,1,1
692.800,0,1,1,1
692.850,0,1,0,1
692.900,0,1,0,1
692.950,0,1,0,1
693.000,0,1,0,0
693.050,0,1,0,0
693.100,0,1,0,0
693.150,0,0,0,0
693.200,0,0,0,0
693.250,0,0,0,0
693.300,1,0,0,0
693.350,1,0,1,0
693.400,1,0,1,0
693.450,1,0,1,1
693.500,1,0,1,1
693.550,1,0,1,1
693.600,1,1,1,1
693.650,1,1,1,1
693.700,1,1,1,1
693.750,0,1,1,1
693.800,0,1,0,1
693.850,0,1,0,1
693.900,0,1,0,0
693.950,0,1,0,0
694.000,0,0,0,0
694.050,0,0,0,0
694.100,0,0,0,0
694.150,0,0,0,0
694.200,0,0,0,0
694.250,1,0,0,0
694.300,1,0,1,0
694.350,1,0,1,1
694.400,1,0,1,1
694.450,1,0,1,1
694.500,1,1,1,1
694.550,1,1,1,1
694.600,1,1,1,1
694.650,1,1,1,1
694.700,1,1,1,1
694.750,0,1,1,1
694.800,0,1,0,0
694.850,0,1,0,0
694.900,0,1,0,0
694.950,0,0,0,0
695.000,0,0,0,0
695.050,0,0,0,0
695.100,0,0,0,0
695.150,0,0,0,0
695.200,1,0,0,0
695.250,1,0,0,1
695.300,1,0,1,1
695.350,1,0,1,1
695.400,1,1,1,1
695.450,1,1,1,1
695.500,1,1,1,1
695.550,1,1,1,1
695.600,1,1,1,1
695.650,1,1,1,1
695.700,0,1,1,0
695.750,0,1,0,0
695.800,0,1,0,0
695.850,0,0,0,0
695.900,0,0,0,0
695.950,0,0,0,0
696.000,0,0,0,0
696.050,0,0,0,0
696.100,0,0,0,0
696.150,0,0,0,1
696.200,1,0,1,1
696.250,1,0,1,1
696.300,1,1,1,1
696.350,1,1,1,1
696.400,1,1,1,1
696.450,1,1,1,1
696.500,1,1,1,1
696.550,1,1,1,1
696.600,1,1,1,0
696.650,0,1,1,0
696.700,0,0,0,0
696.750,0,0,0,0
696.800,0,0,0,0
696.850,0,0,0,0
696.900,0,0,0,0
696.950,0,0,0,0
697.000,0,0,0,0
697.050,0,0,0,1
697.100,1,0,0,1
697.150,1,0,0,1
697.200,1,1,1,1
697.250,1,1,1,1
697.300,1,1,1,1
697.350,1,1,1,1
697.400,1,1,1,1
697.450,1,1,1,1
697.500,1,1,1,0
697.550,1,1,1,0
697.600,0,0,1,0
697.650,0,0,0,0
697.700,0,0,0,0
697.750,0,0,0,0
697.800,0,0,0,0
697.850,0,0,0,0
697.900,0,0,0,0
697.950,0,0,0,1
698.000,0,0,0,1
698.050,0,0,0,1
698.100,1,1,0,1
698.150,1,1,1,1
698.200,1,1,1,1
698.250,1,1,1,1
698.300,1,1,1,1
698.350,1,1,1,1
698.400,1,1,1,0
698.450,1,1,1,0
698.500,1,0,1,0
698.550,0,0,1,0
698.600,0,0,0,0
698.650,0,0,0,0
698.700,0,0,0,0
698.750,0,0,0,0
698.800,0,0,0,0
698.850,0,0,0,1
698.900,0,0,0,1
698.950,0,1,0,1
699.000,0,1,0,1
699.050,1,1,0,1
699.100,1,1,1,1
699.150,1,1,1,1
699.200,1,1,1,1
699.250,1,1,1,1
699.300,1,1,1,0
699.350,1,1,1,0
699.400,1,0,1,0
699.450,1,0,1,0
699.500,0,0,1,0
699.550,0,0,0,0
699.600,0,0,0,0
699.650,0,0,0,0
699.700,0,0,0,0
699.750,0,0,0,1
699.800,0,0,0,1
699.850,0,1,0,1
699.900,0,1,0,1
699.950,0,1,0,1
700.000,0,1,0,1
700.050,0,1,0,1
700.100,0,1,0,1
700.150,1,1,0,1
700.200,1,1,1,0
700.250,1,1,1,0
700.300,1,1,1,0
700.350,1,1,1,0
700.400,1,0,1,0
700.450,1,0,1,0
700.500,1,0,1,0
700.550,1,0,1,0
700.600,0,0,1,0
700.650,0,0,1,0
700.700,0,0,0,1
700.750,0,0,0,1
700.800,0,0,0,1
700.850,0,1,0,1
700.900,0,1,0,1
700.950,0,1,0,1
701.000,0,1,0,1
701.050,0,1,0,1
701.100,1,1,0,1
701.150,1,1,0,0
701.200,1,1,1,0
701.250,1,1,1,0
701.300,1,0,1,0
701.350,1,0,1,0
701.400,1,0,1,0
701.450,1,0,1,0
701.500,1,0,1,0
701.550,1,0,1,0
701.600,0,0,1,1
701.650,0,0,0,1
701.700,0,0,0,1
701.750,0,1,0,1
701.800,0,1,0,1
701.850,0,1,0,1
701.900,0,1,0,1
701.950,0,1,0,1
702.000,0,1,0,1
702.050,1,1,0,0
702.100,1,1,0,0
702.150,1,1,1,0
702.200,1,0,1,0
702.250,1,0,1,0
702.300,1,0,1,0
702.350,1,0,1,0
702.400,1,0,1,0
702.450,1,0,1,0
702.500,1,0,1,0
702.550,0,0,1,1
702.600,0,0,0,1
702.650,0,1,0,1
702.700,0,1,0,1
702.750,0,1,0,1
702.800,0,1,0,1
702.850,0,1,0,1
702.900,0,1,0,1
702.950,0,1,0,0
703.000,0,1,0,0
703.050,1,1,1,0
703.100,1,0,1,0
703.150,1,0,1,0
703.200,1,0,1,0
703.250,1,0,1,0
703.300,1,0,1,0
703.350,1,0,1,0
703.400,1,0,1,0
703.450,1,0,1,1
703.500,0,0,1,1
703.550,0,0,0,1
703.600,0,1,0,1
703.650,0,1,0,1
703.700,0,1,0,1
703.750,0,1,0,1
703.800,0,1,0,1
703.850,0,1,0,1
703.900,0,1,0,0
703.950,0,1,0,0
704.000,1,1,0,0
704.050,1,0,1,0
704.100,1,0,1,0
704.150,1,0,1,0
704.200,1,0,1,0
704.250,1,0,1,0
704.300,1,0,1,0
704.350,1,0,1,1
704.400,1,0,1,1
704.450,0,0,1,1
704.500,0,1,0,1
704.550,0,1,0,1
704.600,0,1,0,1
704.650,0,1,0,1
704.700,0,1,0,1
704.750,0,1,0,1
704.800,0,1,0,0
704.850,0,1,0,0
704.900,0,1,0,0
704.950,1,0,1,0
705.000,1,0,1,0
705.050,1,0,1,0
705.100,1,0,1,0
705.150,1,0,1,0
705.200,1,0,1,0
705.250,1,0,1,1
705.300,1,0,1,1
705.350,1,0,1,1
705.400,0,0,1,1
705.450,0,1,0,1
705.500,0,1,0,1
705.550,0,1,0,1
705.600,0,1,0,1
705.650,0,1,0,1
705.700,0,1,0,0
705.750,0,1,0,0
705.800,0,1,0,0
705.850,0,0,0,0
705.900,1,0,1,0
705.950,1,0,1,0
706.000,1,0,1,0
706.050,1,0,1,0
706.100,1,0,1,0
706.150,1,0,1,1
706.200,1,0,1,1
706.250,1,0,1,1
706.300,1,0,1,1
706.350,0,1,1,1
706.400,0,1,0,1
706.450,0,1,0,1
706.500,0,1,0,1
706.550,0,1,0,1
706.600,0,1,0,0
706.650,0,1,0,0
706.700,0,1,0,0
706.750,0,1,0,0
706.800,0,0,0,0
706.850,1,0,1,0
706.900,1,0,1,0
706.950,1,0,1,0
707.000,1,0,1,0
707.050,1,0,1,1
707.100,1,0,1,1
707.150,1,0,1,1
707.200,1,0,1,1
707.250,1,1,1,1
707.300,0,1,0,1
707.350,0,1,0,1
707.400,0,1,0,1
707.450,0,1,0,1
707.500,0,1,0,0
707.550,0,1,0,0
707.600,0,1,0,0
707.650,0,1,0,0
707.700,0,0,0,0
707.750,0,0,0,0
707.800,1,0,1,0
707.850,1,0,1,0
707.900,1,0,1,0
707.950,1,0,1,1
708.000,1,0,1,1
708.050,1,0,1,1
708.100,1,0,1,1
708.150,1,1,1,1
708.200,1,1,1,1
708.250,0,1,0,1
708.300,0,1,0,1
708.350,0,1,0,1
708.400,0,1,0,0
708.450,0,1,0,0
708.500,0,1,0,0
708.550,0,1,0,0
708.600,0,0,0,0
708.650,0,0,0,0
708.700,0,0,0,0
708.750,1,0,1,0
708.800,1,0,1,0
708.850,1,0,1,1
708.900,1,0,1,1
708.950,1,0,1,1
709.000,1,0,1,1
709.050,1,1,1,1
709.100,1,1,1,1
709.150,1,1,1,1
709.200,0,1,0,1
709.250,0,1,0,1
709.300,0,1,0,0
709.350,0,1,0,0
709.400,0,1,0,0
709.450,0,1,0,0
709.500,0,0,0,0
709.550,0,0,0,0
709.600,0,0,0,0
709.650,0,0,1,0
709.700,1,0,1,0
709.750,1,0,1,1
709.800,1,0,1,1
709.850,1,0,1,1
709.900,1,0,1,1
709.950,1,1,1,1
710.000,1,1,1,1
710.050,1,1,1,1
710.100,1,1,0,1
710.150,0,1,0,1
710.200,0,1,0,0
710.250,0,1,0,0
710.300,0,1,0,0
710.350,0,1,0,0
710.400,0,0,0,0
710.450,0,0,0,0
710.500,0,0,0,0
710.550,0,0,0,0
710.600,0,0,1,0
710.650,1,0,1,1
710.700,1,0,1,1
710.750,1,0,1,1
710.800,1,0,1,1
710.850,1,1,1,1
710.900,1,1,1,1
710.950,1,1,1,1
711.000,1,1,1,1
711.050,1,1,0,1
711.100,0,1,0,0
711.150,0,1,0,0
711.200,0,1,0,0
711.250,0,1,0,0
711.300,0,0,0,0
711.350,0,0,0,0
711.400,0,0,0,0
711.450,0,0,0,0
711.500,0,0,0,0
711.550,0,0,1,0
711.600,1,0,1,1
711.650,1,0,1,1
711.700,1,0,1,1
711.750,1,1,1,1
711.800,1,1,1,1
711.850,1,1,1,1
711.900,1,1,1,1
711.950,1,1,1,1
712.000,1,1,0,0
712.050,0,1,0,0
712.100,0,1,0,0
712.150,0,1,0,0
712.200,0,0,0,0
712.250,0,0,0,0
712.300,0,0,0,0
712.350,0,0,0,0
712.400,0,0,0,0
712.450,0,0,0,0
712.500,1,0,1,1
712.550,1,0,1,1
712.600,1,0,1,1
712.650,1,1,1,1
712.700,1,1,1,1
712.750,1,1,1,1
712.800,1,1,1,1
712.850,1,1,1,1
712.900,1,1,1,1
712.950,1,1,0,0
713.000,0,1,0,0
713.050,0,1,0,0
713.100,0,0,0,0
713.150,0,0,0,0
713.200,0,0,0,0
713.250,0,0,0,0
713.300,0,0,0,0
713.350,0,0,0,0
713.400,0,0,1,1
713.450,1,0,1,1
713.500,1,0,1,1
713.550,1,1,1,1
713.600,1,1,1,1
713.650,1,1,1,1
713.700,1,1,1,1
713.750,1,1,1,1
713.800,1,1,1,1
713.850,1,1,0,0
713.900,0,1,0,0
713.950,0,1,0,0
714.000,0,0,0,0
714.050,0,0,0,0
714.100,0,0,0,0
714.150,0,0,0,0
714.200,0,0,0,0
714.250,0,0,0,0
714.300,0,0,0,1
714.350,0,0,1,1
714.400,1,0,1,1
714.450,1,0,1,1
714.500,1,1,1,1
714.550,1,1,1,1
714.600,1,1,1,1
714.650,1,1,1,1
714.700,1,1,1,1
714.750,1,1,1,0
714.800,1,1,0,0
714.850,0,1,0,0
714.900,0,1,0,0
714.950,0,0,0,0
715.000,0,0,0,0
715.050,0,0,0,0
715.100,0,0,0,0
715.150,0,0,0,0
715.200,0,0,0,1
715.250,0,0,1,1
715.300,0,0,1,1
715.350,1,0,1,1
715.400,1,1,1,1
715.450,1,1,1,1
715.500,1,1,1,1
715.550,1,1,1,1
715.600,1,1,1,1
715.650,1,1,1,0
715.700,1,1,1,0
715.750,1,1,0,0
715.800,0,1,0,0
715.850,0,0,0,0
715.900,0,0,0,0
715.950,0,0,0,0
716.000,0,0,0,0
716.050,0,0,0,0
716.100,0,0,0,1
716.150,0,0,0,1
716.200,0,0,1,1
716.250,1,0,1,1
716.300,1,1,1,1
716.350,1,1,1,1
716.400,1,1,1,1
716.450,1,1,1,1
716.500,1,1,1,1
716.550,1,1,1,0
716.600,1,1,1,0
716.650,1,1,0,0
716.700,1,1,0,0
716.750,0,0,0,0
716.800,0,0,0,0
716.850,0,0,0,0
716.900,0,0,0,0
716.950,0,0,0,0
717.000,0,0,0,1
717.050,0,0,0,1
717.100,0,0,0,1
717.150,0,0,1,1
717.200,1,1,1,1
717.250,1,1,1,1
717.300,1,1,1,1
717.350,1,1,1,1
717.400,1,1,1,1
717.450,1,1,1,0
717.500,1,1,1,0
717.550,1,1,1,0
717.600,1,1,0,0
717.650,0,0,0,0
717.700,0,0,0,0
717.750,0,0,0,0
717.800,0,0,0,0
717.850,0,0,0,0
717.900,0,0,0,1
717.950,0,0,0,1
718.000,0,0,0,1
718.050,0,0,0,1
718.100,0,1,1,1
718.150,1,1,1,1
718.200,1,1,1,1
718.250,1,1,1,1
718.300,1,1,1,1
718.350,1,1,1,0
718.400,1,1,1,0
718.450,1,1,1,0
718.500,1,1,0,0
718.550,1,0,0,0
718.600,0,0,0,0
718.650,0,0,0,0
718.700,0,0,0,0
718.750,0,0,0,0
718.800,0,0,0,1
718.850,0,0,0,1
718.900,0,0,0,1
718.950,0,0,0,1
719.000,0,1,1,1
719.050,0,1,1,1
719.100,1,1,1,1
719.150,1,1,1,1
719.200,1,1,1,1
719.250,1,1,1,0
719.300,1,1,1,0
719.350,1,1,1,0
719.400,1,1,1,0
719.450,1,0,0,0
719.500,1,0,0,0
719.550,0,0,0,0
719.600,0,0,0,0
719.650,0,0,0,0
719.700,0,0,0,1
719.750,0,0,0,1
719.800,0,0,0,1
719.850,0,0,0,1
719.900,0,1,0,1
719.950,0,1,1,1
720.000,1,1,1,1
720.050,1,1,1,1
720.100,1,1,1,1
720.150,1,1,1,0
720.200,1,1,1,0
720.250,1,1,1,0
720.300,1,1,1,0
720.350,1,0,1,0
720.400,1,0,0,0
720.450,1,0,0,0
720.500,0,0,0,0
720.550,0,0,0,0
720.600,0,0,0,1
720.650,0,0,0,1
720.700,0,0,0,1
720.750,0,0,0,1
720.800,0,1,0,1
720.850,0,1,0,1
720.900,0,1,1,1
720.950,1,1,1,1
721.000,1,1,1,1
721.050,1,1,1,0
721.100,1,1,1,0
721.150,1,1,1,0
721.200,1,1,1,0
721.250,1,0,1,0
721.300,1,0,1,0
721.350,1,0,0,0
721.400,0,0,0,0
721.450,0,0,0,0
721.500,0,0,0,1
721.550,0,0,0,1
721.600,0,0,0,1
721.650,0,0,0,1
721.700,0,1,0,1
721.750,0,1,0,1
721.800,0,1,1,1
721.850,0,1,1,1
721.900,1,1,1,1
721.950,1,1,1,0
722.000,1,1,1,0
722.050,1,1,1,0
722.100,1,1,1,0
722.150,1,0,1,0
722.200,1,0,1,0
722.250,1,0,0,0
722.300,1,0,0,0
722.350,0,0,0,0
722.400,0,0,0,1
722.450,0,0,0,1
722.500,0,0,0,1
722.550,0,0,0,1
722.600,0,1,0,1
722.650,0,1,0,1
722.700,0,1,0,1
722.750,0,1,1,1
722.800,1,1,1,1
722.850,1,1,1,0
722.900,1,1,1,0
722.950,1,1,1,0
723.000,1,1,1,0
723.050,1,0,1,0
723.100,1,0,1,0
723.150,1,0,1,0
723.200,1,0,0,0
723.250,0,0,0,0
723.300,0,0,0,1
723.350,0,0,0,1
723.400,0,0,0,1
723.450,0,0,0,1
723.500,0,1,0,1
723.550,0,1,0,1
723.600,0,1,0,1
723.650,0,1,0,1
723.700,0,1,1,1
723.750,1,1,1,0
723.800,1,1,1,0
723.850,1,1,1,0
723.900,1,1,1,0
723.950,1,0,1,0
724.000,1,0,1,0
724.050,1,0,1,0
724.100,1,0,1,0
724.150,1,0,0,0
724.200,0,0,0,1
724.250,0,0,0,1
724.300,0,0,0,1
724.350,0,0,0,1
724.400,0,0,0,1
724.450,0,1,0,1
724.500,0,1,0,1
724.550,0,1,0,1
724.600,0,1,1,1
724.650,0,1,1,0
724.700,1,1,1,0
724.750,1,1,1,0
724.800,1,1,1,0
724.850,1,0,1,0
724.900,1,0,1,0
724.950,1,0,1,0
725.000,1,0,1,0
725.050,1,0,0,0
725.100,1,0,0,1
725.150,0,0,0,1
725.200,0,0,0,1
725.250,0,0,0,1
725.300,0,0,0,1
725.350,0,1,0,1
725.400,0,1,0,1
725.450,0,1,0,1
725.500,0,1,0,1
725.550,0,1,1,0
725.600,1,1,1,0
725.650,1,1,1,0
725.700,1,1,1,0
725.750,1,0,1,0
725.800,1,0,1,0
725.850,1,0,1,0
725.900,1,0,1,0
725.950,1,0,1,0
726.000,1,0,0,1
726.050,1,0,0,1
726.100,0,0,0,1
726.150,0,0,0,1
726.200,0,0,0,1
726.250,0,1,0,1
726.300,0,1,0,1
726.350,0,1,0,1
726.400,0,1,0,1
726.450,0,1,0,0
726.500,0,1,1,0
726.550,1,1,1,0
726.600,1,1,1,0
726.650,1,1,1,0
726.700,1,0,1,0
726.750,1,0,1,0
726.800,1,0,1,0
726.850,1,0,1,0
726.900,1,0,1,1
726.950,1,0,0,1
727.000,0,0,0,1
727.050,0,0,0,1
727.100,0,0,0,1
727.150,0,1,0,1
727.200,0,1,0,1
727.250,0,1,0,1
727.300,0,1,0,0
727.350,0,1,0,0
727.400,0,1,1,0
727.450,0,1,1,0
727.500,1,1,1,0
727.550,1,0,1,0
727.600,1,0,1,0
727.650,1,0,1,0
727.700,1,0,1,0
727.750,1,0,1,0
727.800,1,0,1,1
727.850,1,0,1,1
727.900,1,0,0,1
727.950,0,0,0,1
728.000,0,0,0,1
728.050,0,1,0,1
728.100,0,1,0,1
728.150,0,1,0,1
728.200,0,1,0,1
728.250,0,1,0,0
728.300,0,1,0,0
728.350,0,1,1,0
728.400,1,1,1,0
728.450,1,0,1,0
728.500,1,0,1,0
728.550,1,0,1,0
728.600,1,0,1,0
728.650,1,0,1,0
728.700,1,0,1,1
728.750,1,0,1,1
728.800,1,0,0,1
728.850,1,0,0,1
728.900,0,0,0,1
728.950,0,1,0,1
729.000,0,1,0,1
729.050,0,1,0,1
729.100,0,1,0,0
729.150,0,1,0,0
729.200,0,1,0,0
729.250,0,1,0,0
729.300,0,1,1,0
729.350,1,0,1,0
729.400,1,0,1,0
729.450,1,0,1,0
729.500,1,0,1,0
729.550,1,0,1,0
729.600,1,0,1,1
729.650,1,0,1,1
729.700,1,0,1,1
729.750,1,0,0,1
729.800,0,1,0,1
729.850,0,1,0,1
729.900,0,1,0,1
729.950,0,1,0,1
730.000,0,1,0,0
730.050,0,1,0,0
730.100,0,1,0,0
730.150,0,1,0,0
730.200,0,1,0,0
730.250,0,0,1,0
730.300,1,0,1,0
730.350,1,0,1,0
730.400,1,0,1,0
730.450,1,0,1,1
730.500,1,0,1,1
730.550,1,0,1,1
730.600,1,0,1,1
730.650,1,0,1,1
730.700,1,1,0,1
730.750,0,1,0,1
730.800,0,1,0,1
730.850,0,1,0,1
730.900,0,1,0,0
730.950,0,1,0,0
731.000,0,1,0,0
731.050,0,1,0,0
731.100,0,1,0,0
731.150,0,0,1,0
731.200,0,0,1,0
731.250,1,0,1,0
731.300,1,0,1,0
731.350,1,0,1,0
731.400,1,0,1,1
731.450,1,0,1,1
731.500,1,0,1,1
731.550,1,0,1,1
731.600,1,1,1,1
731.650,1,1,0,1
731.700,0,1,0,1
731.750,0,1,0,1
731.800,0,1,0,1
731.850,0,1,0,0
731.900,0,1,0,0
731.950,0,1,0,0
732.000,0,1,0,0
732.050,0,0,0,0
732.100,0,0,1,0
732.150,1,0,1,0
732.200,1,0,1,0
732.250,1,0,1,0
732.300,1,0,1,1
732.350,1,0,1,1
732.400,1,0,1,1
732.450,1,0,1,1
732.500,1,1,1,1
732.550,1,1,0,1
732.600,0,1,0,1
732.650,0,1,0,1
732.700,0,1,0,0
732.750,0,1,0,0
732.800,0,1,0,0
732.850,0,1,0,0
732.900,0,1,0,0
732.950,0,0,0,0
733.000,0,0,0,0
733.050,0,0,1,0
733.100,1,0,1,0
733.150,1,0,1,0
733.200,1,0,1,1
733.250,1,0,1,1
733.300,1,0,1,1
733.350,1,0,1,1
733.400,1,1,1,1
733.450,1,1,1,1
733.500,1,1,0,1
733.550,0,1,0,1
733.600,0,1,0,0
733.650,0,1,0,0
733.700,0,1,0,0
733.750,0,1,0,0
733.800,0,1,0,0
733.850,0,0,0,0
733.900,0,0,0,0
733.950,0,0,0,0
734.000,0,0,1,0
734.050,1,0,1,0
734.100,1,0,1,1
734.150,1,0,1,1
734.200,1,0,1,1
734.250,1,0,1,1
734.300,1,1,1,1
734.350,1,1,1,1
734.400,1,1,1,1
734.450,1,1,0,1
734.500,0,1,0,0
734.550,0,1,0,0
734.600,0,1,0,0
734.650,0,1,0,0
734.700,0,1,0,0
734.750,0,0,0,0
734.800,0,0,0,0
734.850,0,0,0,0
734.900,0,0,1,0
734.950,1,0,1,1
735.000,1,0,1,1
735.050,1,0,1,1
735.100,1,0,1,1
735.150,1,0,1,1
735.200,1,1,1,1
735.250,1,1,1,1
735.300,1,1,1,1
735.350,1,1,1,1
735.400,0,1,0,0
735.450,0,1,0,0
735.500,0,1,0,0
735.550,0,1,0,0
735.600,0,1,0,0
735.650,0,0,0,0
735.700,0,0,0,0
735.750,0,0,0,0
735.800,0,0,0,0
735.850,0,0,1,1
735.900,1,0,1,1
735.950,1,0,1,1
736.000,1,0,1,1
736.050,1,0,1,1
736.100,1,1,1,1
736.150,1,1,1,1
736.200,1,1,1,1
736.250,1,1,1,1
736.300,1,1,0,0
736.350,0,1,0,0
736.400,0,1,0,0
736.450,0,1,0,0
736.500,0,1,0,0
736.550,0,0,0,0
736.600,0,0,0,0
736.650,0,0,0,0
736.700,0,0,0,0
736.750,0,0,0,1
736.800,0,0,1,1
736.850,1,0,1,1
736.900,1,0,1,1
736.950,1,0,1,1
737.000,1,1,1,1
737.050,1,1,1,1
737.100,1,1,1,1
737.150,1,1,1,0
737.200,1,1,1,0
737.250,1,1,0,0
737.300,0,1,0,0
737.350,0,1,0,0
737.400,0,1,0,0
737.450,0,0,0,0
737.500,0,0,0,0
737.550,0,0,0,0
737.600,0,0,0,0
737.650,0,0,0,1
737.700,0,0,0,1
737.750,0,0,1,1
737.800,1,0,1,1
737.850,1,0,1,1
737.900,1,1,1,1
737.950,1,1,1,1
738.000,1,1,1,1
738.050,1,1,1,0
738.100,1,1,1,0
738.150,1,1,1,0
738.200,1,1,0,0
738.250,0,1,0,0
738.300,0,1,0,0
738.350,0,0,0,0
738.400,0,0,0,0
738.450,0,0,0,0
738.500,0,0,0,1
738.550,0,0,0,1
738.600,0,0,0,1
738.650,0,0,0,1
738.700,1,0,1,1
738.750,1,0,1,1
738.800,1,1,1,1
738.850,1,1,1,1
738.900,1,1,1,1
738.950,1,1,1,0
739.000,1,1,1,0
739.050,1,1,1,0
739.100,1,1,1,0
739.150,1,1,0,0
739.200,0,0,0,0
739.250,0,0,0,0
739.300,0,0,0,0
739.350,0,0,0,0
739.400,0,0,0,1
739.450,0,0,0,1
739.500,0,0,0,1
739.550,0,0,0,1
739.600,0,0,1,1
739.650,1,0,1,1
739.700,1,1,1,1
739.750,1,1,1,1
739.800,1,1,1,1
739.850,1,1,1,0
739.900,1,1,1,0
739.950,1,1,1,0
740.000,1,1,1,0
740.050,1,1,1,0
740.100,0,0,0,0
740.150,0,0,0,0
740.200,0,0,0,0
740.250,0,0,0,0
740.300,0,0,0,1
740.350,0,0,0,1
740.400,0,0,0,1
740.450,0,0,0,1
740.500,0,0,0,1
740.550,0,1,1,1
740.600,1,1,1,1
740.650,1,1,1,1
740.700,1,1,1,1
740.750,1,1,1,0
740.800,1,1,1,0
740.850,1,1,1,0
740.900,1,1,1,0
740.950,1,1,1,0
741.000,1,0,0,0
741.050,0,0,0,0
741.100,0,0,0,0
741.150,0,0,0,0
741.200,0,0,0,1
741.250,0,0,0,1
741.300,0,0,0,1
741.350,0,0,0,1
741.400,0,0,0,1
741.450,0,1,0,1
741.500,0,1,1,1
741.550,1,1,1,1
741.600,1,1,1,1
741.650,1,1,1,0
741.700,1,1,1,0
741.750,1,1,1,0
741.800,1,1,1,0
741.850,1,1,1,0
741.900,1,0,1,0
741.950,1,0,0,0
742.000,0,0,0,0
742.050,0,0,0,0
742.100,0,0,0,1
742.150,0,0,0,1
742.200,0,0,0,1
742.250,0,0,0,1
742.300,0,0,0,1
742.350,0,1,0,1
742.400,0,1,0,1
742.450,1,1,1,1
742.500,1,1,1,1
742.550,1,1,1,0
742.600,1,1,1,0
742.650,1,1,1,0
742.700,1,1,1,0
742.750,1,1,1,0
742.800,1,0,1,0
742.850,1,0,1,0
742.900,1,0,0,0
742.950,0,0,0,0
743.000,0,0,0,1
743.050,0,0,0,1
743.100,0,0,0,1
743.150,0,0,0,1
743.200,0,0,0,1
743.250,0,1,0,1
743.300,0,1,0,1
743.350,0,1,0,1
743.400,1,1,1,1
743.450,1,1,1,0
743.500,1,1,1,0
743.550,1,1,1,0
743.600,1,1,1,0
743.650,1,1,1,0
743.700,1,0,1,0
743.750,1,0,1,0
743.800,1,0,1,0
743.850,0,0,0,0
743.900,0,0,0,1
743.950,0,0,0,1
744.000,0,0,0,1
744.050,0,0,0,1
744.100,0,0,0,1
744.150,0,1,0,1
744.200,0,1,0,1
744.250,0,1,0,1
744.300,0,1,0,1
744.350,1,1,1,0
744.400,1,1,1,0
744.450,1,1,1,0
744.500,1,1,1,0
744.550,1,1,1,0
744.600,1,0,1,0
744.650,1,0,1,0
744.700,1,0,1,0
744.750,1,0,1,0
744.800,0,0,0,1
744.850,0,0,0,1
744.900,0,0,0,1
744.950,0,0,0,1
745.000,0,0,0,1
745.050,0,1,0,1
745.100,0,1,0,1
745.150,0,1,0,1
745.200,0,1,0,1
745.250,0,1,0,0
745.300,1,1,1,0
745.350,1,1,1,0
745.400,1,1,1,0
745.450,1,1,1,0
745.500,1,0,1,0
745.550,1,0,1,0
745.600,1,0,1,0
745.650,1,0,1,0
745.700,1,0,1,1
745.750,0,0,0,1
745.800,0,0,0,1
745.850,0,0,0,1
745.900,0,0,0,1
745.950,0,1,0,1
746.000,0,1,0,1
746.050,0,1,0,1
746.100,0,1,0,0
746.150,0,1,0,0
746.200,0,1,0,0
746.250,1,1,1,0
746.300,1,1,1,0
746.350,1,1,1,0
746.400,1,0,1,0
746.450,1,0,1,0
746.500,1,0,1,0
746.550,1,0,1,1
746.600,1,0,1,1
746.650,1,0,1,1
746.700,0,0,0,1
746.750,0,0,0,1
746.800,0,0,0,1
746.850,0,1,0,1
746.900,0,1,0,1
746.950,0,1,0,1
747.000,0,1,0,0
747.050,0,1,0,0
747.100,0,1,0,0
747.150,0,1,0,0
747.200,1,1,1,0
747.250,1,1,1,0
747.300,1,0,1,0
747.350,1,0,1,0
747.400,1,0,1,0
747.450,1,0,1,1
747.500,1,0,1,1
747.550,1,0,1,1
747.600,1,0,1,1
747.650,0,0,0,1
747.700,0,0,0,1
747.750,0,1,0,1
747.800,0,1,0,1
747.850,0,1,0,1
747.900,0,1,0,0
747.950,0,1,0,0
748.000,0,1,0,0
748.050,0,1,0,0
748.100,0,1,1,0
748.150,1,0,1,0
748.200,1,0,1,0
748.250,1,0,1,0
748.300,1,0,1,0
748.350,1,0,1,1
748.400,1,0,1,1
748.450,1,0,1,1
748.500,1,0,1,1
748.550,1,0,1,1
748.600,0,0,0,1
748.650,0,1,0,1
748.700,0,1,0,1
748.750,0,1,0,1
748.800,0,1,0,0
748.850,0,1,0,0
748.900,0,1,0,0
748.950,0,1,0,0
749.000,0,1,0,0
749.050,0,0,0,0
749.100,1,0,1,0
749.150,1,0,1,0
749.200,1,0,1,0
749.250,1,0,1,1
749.300,1,0,1,1
749.350,1,0,1,1
749.400,1,0,1,1
749.450,1,0,1,1
749.500,1,1,1,1
749.550,0,1,0,1
749.600,0,1,0,1
749.650,0,1,0,0
749.700,0,1,0,0
749.750,0,1,0,0
749.800,0,1,0,0
749.850,0,1,0,0
749.900,0,1,0,0
749.950,0,0,0,0
750.000,0,0,0,0
750.050,1,0,1,0
750.100,1,0,1,1
750.150,1,0,1,1
750.200,1,0,1,1
750.250,1,0,1,1
750.300,1,0,1,1
750.350,1,0,1,1
750.400,1,1,1,1
750.450,1,1,1,1
750.500,0,1,0,1
750.550,0,1,0,0
750.600,0,1,0,0
750.650,0,1,0,0
750.700,0,1,0,0
750.750,0,1,0,0
750.800,0,1,0,0
750.850,0,0,0,0
750.900,0,0,0,0
750.950,1,0,1,0
751.000,1,0,1,1
751.050,1,0,1,1
751.100,1,0,1,1
751.150,1,0,1,1
751.200,1,0,1,1
751.250,1,0,1,1
751.300,1,1,1,1
751.350,1,1,1,1
751.400,1,1,1,1
751.450,0,1,0,0
751.500,0,1,0,0
751.550,0,1,0,0
751.600,0,1,0,0
751.650,0,1,0,0
751.700,0,0,0,0
751.750,0,0,0,0
751.800,0,0,0,0
751.850,0,0,0,0
751.900,1,0,0,1
751.950,1,0,1,1
752.000,1,0,1,1
752.050,1,0,1,1
752.100,1,0,1,1
752.150,1,0,1,1
752.200,1,1,1,1
752.250,1,1,1,1
752.300,1,1,1,1
752.350,0,1,1,0
752.400,0,1,0,0
752.450,0,1,0,0
752.500,0,1,0,0
752.550,0,1,0,0
752.600,0,0,0,0
752.650,0,0,0,0
752.700,0,0,0,0
752.750,0,0,0,0
752.800,0,0,0,1
752.850,1,0,0,1
752.900,1,0,1,1
752.950,1,0,1,1
753.000,1,0,1,1
753.050,1,1,1,1
753.100,1,1,1,1
753.150,1,1,1,1
753.200,1,1,1,1
753.250,1,1,1,0
753.300,0,1,1,0
753.350,0,1,0,0
753.400,0,1,0,0
753.450,0,1,0,0
753.500,0,0,0,0
753.550,0,0,0,0
753.600,0,0,0,0
753.650,0,0,0,0
753.700,0,0,0,1
753.750,0,0,0,1
753.800,1,0,0,1
753.850,1,0,1,1
753.900,1,0,1,1
753.950,1,1,1,1
754.000,1,1,1,1
754.050,1,1,1,1
754.100,1,1,1,1
754.150,1,1,1,0
754.200,1,1,1,0
754.250,0,1,1,0
754.300,0,1,0,0
754.350,0,1,0,0
754.400,0,0,0,0
754.450,0,0,0,0
754.500,0,0,0,0
754.550,0,0,0,0
754.600,0,0,0,1
754.650,0,0,0,1
754.700,0,0,0,1
754.750,1,0,0,1
754.800,1,0,1,1
754.850,1,1,1,1
754.900,1,1,1,1
754.950,1,1,1,1
755.000,1,1,1,0
755.050,1,1,1,0
755.100,1,1,1,0
755.150,1,1,1,0
755.200,0,1,1,0
755.250,0,1,0,0
755.300,0,0,0,0
755.350,0,0,0,0
755.400,0,0,0,0
755.450,0,0,0,1
755.500,0,0,0,1
755.550,0,0,0,1
755.600,0,0,0,1
755.650,0,0,0,1
755.700,1,0,0,1
755.750,1,1,1,1
755.800,1,1,1,1
755.850,1,1,1,1
755.900,1,1,1,0
755.950,1,1,1,0
756.000,1,1,1,0
756.050,1,1,1,0
756.100,1,1,1,0
756.150,0,1,1,0
756.200,0,0,0,0
756.250,0,0,0,0
756.300,0,0,0,0
756.350,0,0,0,1
756.400,0,0,0,1
756.450,0,0,0,1
756.500,0,0,0,1
756.550,0,0,0,1
756.600,0,0,0,1
756.650,1,1,0,1
756.700,1,1,1,1
756.750,1,1,1,1
756.800,1,1,1,0
756.850,1,1,1,0
756.900,1,1,1,0
756.950,1,1,1,0
757.000,1,1,1,0
757.050,1,1,1,0
757.100,0,0,1,0
757.150,0,0,0,0
757.200,0,0,0,0
757.250,0,0,0,1
757.300,0,0,0,1
757.350,0,0,0,1
757.400,0,0,0,1
757.450,0,0,0,1
757.500,0,0,0,1
757.550,0,1,0,1
757.600,1,1,0,1
757.650,1,1,1,1
757.700,1,1,1,0
757.750,1,1,1,0
757.800,1,1,1,0
757.850,1,1,1,0
757.900,1,1,1,0
757.950,1,0,1,0
758.000,1,0,1,0
758.050,1,0,1,0
758.100,0,0,1,1
758.150,0,0,0,1
758.200,0,0,0,1
758.250,0,0,0,1
758.300,0,0,0,1
758.350,0,0,0,1
758.400,0,1,0,1
758.450,0,1,0,1
758.500,0,1,0,1
758.550,1,1,0,0
758.600,1,1,1,0
758.650,1,1,1,0
758.700,1,1,1,0
758.750,1,1,1,0
758.800,1,1,1,0
758.850,1,0,1,0
758.900,1,0,1,0
758.950,1,0,1,0
759.000,1,0,1,1
759.050,0,0,1,1
759.100,0,0,0,1
759.150,0,0,0,1
759.200,0,0,0,1
759.250,0,0,0,1
759.300,0,1,0,1
759.350,0,1,0,1
759.400,0,1,0,1
759.450,0,1,0,0
759.500,1,1,0,0
759.550,1,1,0,0
759.600,1,1,1,0
759.650,1,1,1,0
759.700,1,1,1,0
759.750,1,0,1,0
759.800,1,0,1,0
759.850,1,0,1,0
759.900,1,0,1,1
759.950,1,0,1,1
760.000,0,0,0,1
760.050,0,0,0,1
760.100,0,0,0,1
760.150,0,0,0,1
760.200,0,1,0,1
760.250,0,1,0,1
760.300,0,1,0,1
760.350,0,1,0,0
760.400,0,1,0,0
760.450,1,1,0,0
760.500,1,1,1,0
760.550,1,1,1,0
760.600,1,0,1,0
760.650,1,0,1,0
760.700,1,0,1,0
760.750,1,0,1,0
760.800,1,0,1,1
760.850,1,0,1,1
760.900,1,0,1,1
760.950,0,0,1,1
761.000,0,0,0,1
761.050,0,1,0,1
761.100,0,1,0,1
761.150,0,1,0,1
761.200,0,1,0,1
761.250,0,1,0,0
761.300,0,1,0,0
761.350,0,1,0,0
761.400,1,1,0,0
761.450,1,1,0,0
761.500,1,0,1,0
761.550,1,0,1,0
761.600,1,0,1,0
761.650,1,0,1,0
761.700,1,0,1,1
761.750,1,0,1,1
761.800,1,0,1,1
761.850,1,0,1,1
761.900,0,0,1,1
761.950,0,1,0,1
762.000,0,1,0,1
762.050,0,1,0,1
762.100,0,1,0,1
762.150,0,1,0,0
762.200,0,1,0,0
762.250,0,1,0,0
762.300,0,1,0,0
762.350,0,1,0,0
762.400,1,0,0,0
762.450,1,0,1,0
762.500,1,0,1,0
762.550,1,0,1,0
762.600,1,0,1,1
762.650,1,0,1,1
762.700,1,0,1,1
762.750,1,0,1,1
762.800,1,0,1,1
762.850,0,1,1,1
762.900,0,1,0,1
762.950,0,1,0,1
763.000,0,1,0,1
763.050,0,1,0,0
763.100,0,1,0,0
763.150,0,1,0,0
763.200,0,1,0,0
763.250,0,1,0,0
763.300,0,0,0,0
763.350,1,0,0,0
763.400,1,0,1,0
763.450,1,0,1,0
763.500,1,0,1,1
763.550,1,0,1,1
763.600,1,0,1,1
763.650,1,0,1,1
763.700,1,0,1,1
763.750,1,1,1,1
763.800,0,1,1,1
763.850,0,1,0,1
763.900,0,1,0,0
763.950,0,1,0,0
764.000,0,1,0,0
764.050,0,1,0,0
764.100,0,1,0,0
764.150,0,1,0,0
764.200,0,0,0,0
764.250,0,0,0,0
764.300,1,0,0,0
764.350,1,0,1,1
764.400,1,0,1,1
764.450,1,0,1,1
764.500,1,0,1,1
764.550,1,0,1,1
764.600,1,0,1,1
764.650,1,1,1,1
764.700,1,1,1,1
764.750,0,1,1,1
764.800,0,1,1,0
764.850,0,1,0,0
764.900,0,1,0,0
764.950,0,1,0,0
765.000,0,1,0,0
765.050,0,1,0,0
765.100,0,0,0,0
765.150,0,0,0,0
765.200,0,0,0,0
765.250,1,0,0,1
765.300,1,0,1,1
765.350,1,0,1,1
765.400,1,0,1,1
765.450,1,0,1,1
765.500,1,0,1,1
765.550,1,1,1,1
765.600,1,1,1,1
765.650,1,1,1,1
765.700,0,1,1,0
765.750,0,1,1,0
765.800,0,1,0,0
765.850,0,1,0,0
765.900,0,1,0,0
765.950,0,1,0,0
766.000,0,0,0,0
766.050,0,0,0,0
766.100,0,0,0,0
766.150,0,0,0,1
766.200,1,0,0,1
766.250,1,0,0,1
766.300,1,0,1,1
766.350,1,0,1,1
766.400,1,0,1,1
766.450,1,1,1,1
766.500,1,1,1,1
766.550,1,1,1,0
766.600,1,1,1,0
766.650,0,1,1,0
766.700,0,1,1,0
766.750,0,1,0,0
766.800,0,1,0,0
766.850,0,0,0,0
766.900,0,0,0,0
766.950,0,0,0,0
767.000,0,0,0,1
767.050,0,0,0,1
767.100,0,0,0,1
767.150,1,0,0,1
767.200,1,0,0,1
767.250,1,0,1,1
767.300,1,1,1,1
767.350,1,1,1,1
767.400,1,1,1,1
767.450,1,1,1,0
767.500,1,1,1,0
767.550,1,1,1,0
767.600,1,1,1,0
767.650,0,1,1,0
767.700,0,1,0,0
767.750,0,0,0,0
767.800,0,0,0,0
767.850,0,0,0,0
767.900,0,0,0,1
767.950,0,0,0,1
768.000,0,0,0,1
768.050,0,0,0,1
768.100,1,0,0,1
768.150,1,0,0,1
768.200,1,1,1,1
768.250,1,1,1,1
768.300,1,1,1,1
768.350,1,1,1,0
768.400,1,1,1,0
768.450,1,1,1,0
768.500,1,1,1,0
768.550,1,1,1,0
768.600,0,1,1,0
768.650,0,0,1,0
768.700,0,0,0,0
768.750,0,0,0,0
768.800,0,0,0,1
768.850,0,0,0,1
768.900,0,0,0,1
768.950,0,0,0,1
769.000,0,0,0,1
769.050,0,0,0,1
769.100,1,1,0,1
769.150,1,1,1,1
769.200,1,1,1,0
769.250,1,1,1,0
769.300,1,1,1,0
769.350,1,1,1,0
769.400,1,1,1,0
769.450,1,1,1,0
769.500,1,0,1,0
769.550,0,0,1,0
769.600,0,0,1,0
769.650,0,0,0,0
769.700,0,0,0,1
769.750,0,0,0,1
769.800,0,0,0,1
769.850,0,0,0,1
769.900,0,0,0,1
769.950,0,1,0,1
770.000,0,1,0,1
770.050,1,1,0,1
770.100,1,1,0,1
770.150,1,1,1,0
770.200,1,1,1,0
770.250,1,1,1,0
770.300,1,1,1,0
770.350,1,1,1,0
770.400,1,0,1,0
770.450,1,0,1,0
770.500,0,0,1,0
770.550,0,0,1,0
770.600,0,0,0,1
770.650,0,0,0,1
770.700,0,0,0,1
770.750,0,0,0,1
770.800,0,0,0,1
770.850,0,1,0,1
770.900,0,1,0,1
770.950,0,1,0,1
771.000,1,1,0,1
771.050,1,1,0,0
771.100,1,1,1,0
771.150,1,1,1,0
771.200,1,1,1,0
771.250,1,1,1,0
771.300,1,0,1,0
771.350,1,0,1,0
771.400,1,0,1,0
771.450,1,0,1,0
771.500,0,0,1,1
771.550,0,0,0,1
771.600,0,0,0,1
771.650,0,0,0,1
771.700,0,0,0,1
771.750,0,1,0,1
771.800,0,1,0,1
771.850,0,1,0,1
771.900,0,1,0,0
771.950,1,1,0,0
772.000,1,1,0,0
772.050,1,1,1,0
772.100,1,1,1,0
772.150,1,0,1,0
772.200,1,0,1,0
772.250,1,0,1,0
772.300,1,0,1,0
772.350,1,0,1,0
772.400,1,0,1,1
772.450,0,0,1,1
772.500,0,0,0,1
772.550,0,0,0,1
772.600,0,0,0,1
772.650,0,1,0,1
772.700,0,1,0,1
772.750,0,1,0,1
772.800,0,1,0,0
772.850,0,1,0,0
772.900,0,1,0,0
772.950,1,1,0,0
773.000,1,1,1,0
773.050,1,1,1,0
773.100,1,0,1,0
773.150,1,0,1,0
773.200,1,0,1,0
773.250,1,0,1,0
773.300,1,0,1,1
773.350,1,0,1,1
773.400,0,0,1,1
773.450,0,0,0,1
773.500,0,0,0,1
773.550,0,1,0,1
773.600,0,1,0,1
773.650,0,1,0,1
773.700,0,1,0,0
773.750,0,1,0,0
773.800,0,1,0,0
773.850,0,1,0,0
773.900,1,1,0,0
773.950,1,0,1,0
774.000,1,0,1,0
774.050,1,0,1,0
774.100,1,0,1,0
774.150,1,0,1,1
774.200,1,0,1,1
774.250,1,0,1,1
774.300,1,0,1,1
774.350,0,0,1,1
774.400,0,0,0,1
774.450,0,1,0,1
774.500,0,1,0,1
774.550,0,1,0,1
774.600,0,1,0,0
774.650,0,1,0,0
774.700,0,1,0,0
774.750,0,1,0,0
774.800,0,1,0,0
774.850,1,0,0,0
774.900,1,0,1,0
774.950,1,0,1,0
775.000,1,0,1,0
775.050,1,0,1,1
775.100,1,0,1,1
775.150,1,0,1,1
775.200,1,0,1,1
775.250,1,0,1,1
775.300,0,0,1,1
775.350,0,1,0,1
775.400,0,1,0,1
775.450,0,1,0,1
775.500,0,1,0,0
775.550,0,1,0,0
775.600,0,1,0,0
775.650,0,1,0,0
775.700,0,1,0,0
775.750,0,0,0,0
775.800,1,0,0,0
775.850,1,0,1,0
775.900,1,0,1,0
775.950,1,0,1,1
776.000,1,0,1,1
776.050,1,0,1,1
776.100,1,0,1,1
776.150,1,0,1,1
776.200,1,0,1,1
776.250,0,1,1,1
776.300,0,1,1,1
776.350,0,1,0,1
776.400,0,1,0,0
776.450,0,1,0,0
776.500,0,1,0,0
776.550,0,1,0,0
776.600,0,1,0,0
776.650,0,0,0,0
776.700,0,0,0,0
776.750,1,0,0,0
776.800,1,0,1,0
776.850,1,0,1,1
776.900,1,0,1,1
776.950,1,0,1,1
777.000,1,0,1,1
777.050,1,0,1,1
777.100,1,1,1,1
777.150,1,1,1,1
777.200,0,1,1,1
777.250,0,1,0,1
777.300,0,1,0,0
777.350,0,1,0,0
777.400,0,1,0,0
777.450,0,1,0,0
777.500,0,1,0,0
777.550,0,0,0,0
777.600,0,0,0,0
777.650,0,0,0,0
777.700,1,0,0,0
777.750,1,0,1,1
777.800,1,0,1,1
777.850,1,0,1,1
777.900,1,0,1,1
777.950,1,0,1,1
778.000,1,1,1,1
778.050,1,1,1,1
778.100,1,1,1,1
778.150,1,1,1,1
778.200,0,1,1,0
778.250,0,1,0,0
778.300,0,1,0,0
778.350,0,1,0,0
778.400,0,0,0,0
778.450,0,0,0,0
778.500,0,0,0,0
778.550,0,0,0,0
778.600,0,0,0,0
778.650,1,0,0,1
778.700,1,0,0,1
778.750,1,0,1,1
778.800,1,0,1,1
778.850,1,0,1,1
778.900,1,1,1,1
778.950,1,1,1,1
779.000,1,1,1,1
779.050,1,1,1,0
779.100,1,1,1,0
779.150,0,1,1,0
779.200,0,1,0,0
779.250,0,1,0,0
779.300,0,0,0,0
779.350,0,0,0,0
779.400,0,0,0,0
779.450,0,0,0,0
779.500,0,0,0,0
779.550,0,0,0,1
779.600,0,0,0,1
779.650,1,0,1,1
779.700,1,0,1,1
779.750,1,0,1,1
779.800,1,1,1,1
779.850,1,1,1,1
779.900,1,1,1,1
779.950,1,1,1,1
780.000,1,1,1,0
780.050,1,1,1,0
780.100,0,1,1,0
780.150,0,1,0,0
780.200,0,0,0,0
780.250,0,0,0,0
780.300,0,0,0,0
780.350,0,0,0,0
780.400,0,0,0,0
780.450,0,0,0,1
780.500,0,0,0,1
780.550,0,0,0,1
780.600,1,0,0,1
780.650,1,1,1,1
780.700,1,1,1,1
780.750,1,1,1,1
780.800,1,1,1,1
780.850,1,1,1,1
780.900,1,1,1,0
780.950,1,1,1,0
781.000,1,1,1,0
781.050,0,1,1,0
781.100,0,0,0,0
781.150,0,0,0,0
781.200,0,0,0,0
781.250,0,0,0,0
781.300,0,0,0,0
781.350,0,0,0,1
781.400,0,0,0,1
781.450,0,0,0,1
781.500,0,0,0,1
781.550,1,1,0,1
781.600,1,1,1,1
781.650,1,1,1,1
781.700,1,1,1,1
781.750,1,1,1,1
781.800,1,1,1,0
781.850,1,1,1,0
781.900,1,1,1,0
781.950,1,1,1,0
782.000,0,0,1,0
782.050,0,0,0,0
782.100,0,0,0,0
782.150,0,0,0,0
782.200,0,0,0,0
782.250,0,0,0,1
782.300,0,0,0,1
782.350,0,0,0,1
782.400,0,0,0,1
782.450,0,1,0,1
782.500,1,1,1,1
782.550,1,1,1,1
782.600,1,1,1,1
782.650,1,1,1,1
782.700,1,1,1,0
782.750,1,1,1,0
782.800,1,1,1,0
782.850,1,1,1,0
782.900,1,0,1,0
782.950,0,0,1,0
783.000,0,0,0,0
783.050,0,0,0,0
783.100,0,0,0,0
783.150,0,0,0,1
783.200,0,0,0,1
783.250,0,0,0,1
783.300,0,0,0,1
783.350,0,1,0,1
783.400,0,1,0,1
783.450,1,1,0,1
783.500,1,1,1,1
783.550,1,1,1,0
783.600,1,1,1,0
783.650,1,1,1,0
783.700,1,1,1,0
783.750,1,1,1,0
783.800,1,0,1,0
783.850,1,0,1,0
783.900,0,0,1,0
783.950,0,0,0,0
784.000,0,0,0,1
784.050,0,0,0,1
784.100,0,0,0,1
784.150,0,0,0,1
784.200,0,0,0,1
784.250,0,0,0,1
784.300,0,1,0,1
784.350,0,1,0,1
784.400,1,1,0,1
784.450,1,1,1,0
784.500,1,1,1,0
784.550,1,1,1,0
784.600,1,1,1,0
784.650,1,1,1,0
784.700,1,0,1,0
784.750,1,0,1,0
784.800,1,0,1,0
784.850,0,0,1,0
784.900,0,0,0,1
784.950,0,0,0,1
785.000,0,0,0,1
785.050,0,0,0,1
785.100,0,0,0,1
785.150,0,0,0,1
785.200,0,1,0,1
785.250,0,1,0,1
785.300,0,1,0,1
785.350,1,1,0,0
785.400,1,1,1,0
785.450,1,1,1,0
785.500,1,1,1,0
785.550,1,1,1,0
785.600,1,0,1,0
785.650,1,0,1,0
785.700,1,0,1,0
785.750,1,0,1,0
785.800,0,0,1,1
785.850,0,0,0,1
785.900,0,0,0,1
785.950,0,0,0,1
786.000,0,0,0,1
786.050,0,0,0,1
786.100,0,1,0,1
786.150,0,1,0,1
786.200,0,1,0,1
786.250,0,1,0,0
786.300,1,1,0,0
786.350,1,1,1,0
786.400,1,1,1,0
786.450,1,1,1,0
786.500,1,0,1,0
786.550,1,0,1,0
786.600,1,0,1,0
786.650,1,0,1,0
786.700,1,0,1,1
786.750,0,0,1,1
786.800,0,0,0,1
786.850,0,0,0,1
786.900,0,0,0,1
786.950,0,1,0,1
787.000,0,1,0,1
787.050,0,1,0,1
787.100,0,1,0,1
787.150,0,1,0,0
787.200,0,1,0,0
787.250,1,1,0,0
787.300,1,1,1,0
787.350,1,1,1,0
787.400,1,0,1,0
787.450,1,0,1,0
787.500,1,0,1,0
787.550,1,0,1,0
787.600,1,0,1,1
787.650,1,0,1,1
787.700,0,0,1,1
787.750,0,0,0,1
787.800,0,0,0,1
787.850,0,1,0,1
787.900,0,1,0,1
787.950,0,1,0,1
788.000,0,1,0,1
788.050,0,1,0,0
788.100,0,1,0,0
788.150,0,1,0,0
788.200,1,1,0,0
788.250,1,1,1,0
788.300,1,0,1,0
788.350,1,0,1,0
788.400,1,0,1,0
788.450,1,0,1,0
788.500,1,0,1,1
788.550,1,0,1,1
788.600,1,0,1,1
788.650,1,0,1,1
788.700,0,0,0,1
788.750,0,1,0,1
788.800,0,1,0,1
788.850,0,1,0,1
788.900,0,1,0,0
788.950,0,1,0,0
789.000,0,1,0,0
789.050,0,1,0,0
789.100,0,1,0,0
789.150,1,0,0,0
789.200,1,0,1,0
789.250,1,0,1,0
789.300,1,0,1,0
789.350,1,0,1,0
789.400,1,0,1,1
789.450,1,0,1,1
789.500,1,0,1,1
789.550,1,0,1,1
789.600,1,0,1,1
789.650,0,1,0,1
789.700,0,1,0,1
789.750,0,1,0,1
789.800,0,1,0,1
789.850,0,1,0,0
789.900,0,1,0,0
789.950,0,1,0,0
790.000,0,1,0,0
790.050,0,0,0,0
790.100,1,0,1,0
790.150,1,0,1,0
790.200,1,0,1,0
790.250,1,0,1,0
790.300,1,0,1,1
790.350,1,0,1,1
790.400,1,0,1,1
790.450,1,0,1,1
790.500,1,1,1,1
790.550,1,1,1,1
790.600,0,1,0,1
790.650,0,1,0,1
790.700,0,1,0,1
790.750,0,1,0,0
790.800,0,1,0,0
790.850,0,1,0,0
790.900,0,1,0,0
790.950,0,0,0,0
791.000,0,0,0,0
791.050,1,0,0,0
791.100,1,0,1,0
791.150,1,0,1,0
791.200,1,0,1,1
791.250,1,0,1,1
791.300,1,0,1,1
791.350,1,0,1,1
791.400,1,1,1,1
791.450,1,1,1,1
791.500,1,1,0,1
791.550,0,1,0,1
791.600,0,1,0,1
791.650,0,1,0,0
791.700,0,1,0,0
791.750,0,1,0,0
791.800,0,1,0,0
791.850,0,0,0,0
791.900,0,0,0,0
791.950,0,0,0,0
792.000,1,0,1,0
792.050,1,0,1,0
792.100,1,0,1,1
792.150,1,0,1,1
792.200,1,0,1,1
792.250,1,0,1,1
792.300,1,1,1,1
792.350,1,1,1,1
792.400,1,1,1,1
792.450,1,1,1,1
792.500,0,1,0,1
792.550,0,1,0,0
792.600,0,1,0,0
792.650,0,1,0,0
792.700,0,1,0,0
792.750,0,0,0,0
792.800,0,0,0,0
792.850,0,0,0,0
792.900,0,0,0,0
792.950,1,0,1,0
793.000,1,0,1,1
793.050,1,0,1,1
793.100,1,0,1,1
793.150,1,0,1,1
793.200,1,0,1,1
793.250,1,1,1,1
793.300,1,1,1,1
793.350,1,1,1,1
793.400,1,1,0,1
793.450,0,1,0,0
793.500,0,1,0,0
793.550,0,1,0,0
793.600,0,1,0,0
793.650,0,0,0,0
793.700,0,0,0,0
793.750,0,0,0,0
793.800,0,0,0,0
793.850,0,0,0,0
793.900,1,0,1,1
793.950,1,0,1,1
794.000,1,0,1,1
794.050,1,0,1,1
794.100,1,0,1,1
794.150,1,1,1,1
794.200,1,1,1,1
794.250,1,1,1,1
794.300,1,1,1,1
794.350,0,1,0,0
794.400,0,1,0,0
794.450,0,1,0,0
794.500,0,1,0,0
794.550,0,0,0,0
794.600,0,0,0,0
794.650,0,0,0,0
794.700,0,0,0,0
794.750,0,0,0,0
794.800,0,0,0,1
794.850,1,0,1,1
794.900,1,0,1,1
794.950,1,0,1,1
795.000,1,0,1,1
795.050,1,1,1,1
795.100,1,1,1,1
795.150,1,1,1,1
795.200,1,1,1,0
795.250,1,1,1,0
795.300,0,1,0,0
795.350,0,1,0,0
795.400,0,1,0,0
795.450,0,0,0,0
795.500,0,0,0,0
795.550,0,0,0,0
795.600,0,0,0,0
795.650,0,0,0,1
795.700,0,0,0,1
795.750,0,0,0,1
795.800,1,0,1,1
795.850,1,0,1,1
795.900,1,0,1,1
795.950,1,1,1,1
796.000,1,1,1,1
796.050,1,1,1,1
796.100,1,1,1,0
796.150,1,1,1,0
796.200,1,1,1,0
796.250,0,1,0,0
796.300,0,1,0,0
796.350,0,0,0,0
796.400,0,0,0,0
796.450,0,0,0,0
796.500,0,0,0,0
796.550,0,0,0,1
796.600,0,0,0,1
796.650,0,0,0,1
796.700,0,0,0,1
796.750,1,0,1,1
796.800,1,1,1,1
796.850,1,1,1,1
796.900,1,1,1,1
796.950,1,1,1,1
797.000,1,1,1,0
797.050,1,1,1,0
797.100,1,1,1,0
797.150,1,1,1,0
797.200,0,1,0,0
797.250,0,0,0,0
797.300,0,0,0,0
797.350,0,0,0,0
797.400,0,0,0,0
797.450,0,0,0,1
797.500,0,0,0,1
797.550,0,0,0,1
797.600,0,0,0,1
797.650,0,0,0,1
797.700,1,1,1,1
797.750,1,1,1,1
797.800,1,1,1,1
797.850,1,1,1,1
797.900,1,1,1,0
797.950,1,1,1,0
798.000,1,1,1,0
798.050,1,1,1,0
798.100,1,1,1,0
798.150,0,0,0,0
798.200,0,0,0,0
798.250,0,0,0,0
798.300,0,0,0,0
798.350,0,0,0,1
798.400,0,0,0,1
798.450,0,0,0,1
798.500,0,0,0,1
798.550,0,0,0,1
798.600,0,1,0,1
798.650,1,1,1,1
798.700,1,1,1,1
798.750,1,1,1,1
798.800,1,1,1,0
798.850,1,1,1,0
798.900,1,1,1,0
798.950,1,1,1,0
799.000,1,1,1,0
799.050,1,0,1,0
799.100,0,0,0,0
799.150,0,0,0,0
799.200,0,0,0,0
799.250,0,0,0,1
799.300,0,0,0,1
799.350,0,0,0,1
799.400,0,0,0,1
799.450,0,0,0,1
799.500,0,1,0,1
799.550,0,1,0,1
799.600,1,1,1,1
799.650,1,1,1,1
799.700,1,1,1,0
799.750,1,1,1,0
799.800,1,1,1,0
799.850,1,1,1,0
799.900,1,1,1,0
799.950,1,0,1,0
800.000,1,1,1,1
800.050,1,1,1,1
800.100,1,1,1,1
800.150,1,0,1,1
800.200,1,0,1,1
800.250,1,0,1,1
800.300,1,0,1,0
800.350,1,0,1,0
800.400,1,0,0,0
800.450,0,0,0,0
800.500,0,0,0,0
800.550,0,0,0,0
800.600,0,0,0,0
800.650,0,1,0,0
800.700,0,1,0,0
800.750,0,1,0,1
800.800,0,1,0,1
800.850,0,1,0,1
800.900,1,1,1,1
800.950,1,1,1,1
801.000,1,1,1,1
801.050,1,0,1,1
801.100,1,0,1,1
801.150,1,0,1,1
801.200,1,0,1,0
801.250,1,0,1,0
801.300,1,0,1,0
801.350,1,0,0,0
801.400,0,0,0,0
801.450,0,0,0,0
801.500,0,1,0,0
801.550,0,1,0,0
801.600,0,1,0,0
801.650,0,1,0,1
801.700,0,1,0,1
801.750,0,1,0,1
801.800,0,1,1,1
801.850,0,1,1,1
801.900,1,1,1,1
801.950,1,0,1,1
802.000,1,0,1,1
802.050,1,0,1,1
802.100,1,0,1,0
802.150,1,0,1,0
802.200,1,0,1,0
802.250,1,0,1,0
802.300,1,0,0,0
802.350,0,0,0,0
802.400,0,0,0,0
802.450,0,1,0,0
802.500,0,1,0,0
802.550,0,1,0,1
802.600,0,1,0,1
802.650,0,1,0,1
802.700,0,1,0,1
802.750,0,1,0,1
802.800,1,1,1,1
802.850,1,0,1,1
802.900,1,0,1,1
802.950,1,0,1,1
803.000,1,0,1,0
803.050,1,0,1,0
803.100,1,0,1,0
803.150,1,0,1,0
803.200,1,0,1,0
803.250,1,0,0,0
803.300,0,0,0,0
803.350,0,1,0,0
803.400,0,1,0,0
803.450,0,1,0,1
803.500,0,1,0,1
803.550,0,1,0,1
803.600,0,1,0,1
803.650,0,1,0,1
803.700,0,1,1,1
803.750,0,0,1,1
803.800,1,0,1,1
803.850,1,0,1,0
803.900,1,0,1,0
803.950,1,0,1,0
804.000,1,0,1,0
804.050,1,0,1,0
804.100,1,0,1,0
804.150,1,0,1,0
804.200,1,1,0,0
804.250,0,1,0,0
804.300,0,1,0,1
804.350,0,1,0,1
804.400,0,1,0,1
804.450,0,1,0,1
804.500,0,1,0,1
804.550,0,1,0,1
804.600,0,1,0,1
804.650,0,0,1,1
804.700,1,0,1,1
804.750,1,0,1,0
804.800,1,0,1,0
804.850,1,0,1,0
804.900,1,0,1,0
804.950,1,0,1,0
805.000,1,0,1,0
805.050,1,0,1,0
805.100,1,1,1,0
805.150,1,1,0,0
805.200,0,1,0,1
805.250,0,1,0,1
805.300,0,1,0,1
805.350,0,1,0,1
805.400,0,1,0,1
805.450,0,1,0,1
805.500,0,1,0,1
805.550,0,0,0,1
805.600,0,0,1,1
805.650,1,0,1,0
805.700,1,0,1,0
805.750,1,0,1,0
805.800,1,0,1,0
805.850,1,0,1,0
805.900,1,0,1,0
805.950,1,0,1,0
806.000,1,1,1,0
806.050,1,1,1,0
806.100,1,1,0,1
806.150,0,1,0,1
806.200,0,1,0,1
806.250,0,1,0,1
806.300,0,1,0,1
806.350,0,1,0,1
806.400,0,0,0,1
806.450,0,0,0,1
806.500,0,0,0,1
806.550,0,0,0,0
806.600,0,0,1,0
806.650,1,0,1,0
806.700,1,0,1,0
806.750,1,0,1,0
806.800,1,0,1,0
806.850,1,0,1,0
806.900,1,1,1,0
806.950,1,1,1,0
807.000,1,1,1,1
807.050,1,1,0,1
807.100,0,1,0,1
807.150,0,1,0,1
807.200,0,1,0,1
807.250,0,1,0,1
807.300,0,0,0,1
807.350,0,0,0,1
807.400,0,0,0,1
807.450,0,0,0,0
807.500,0,0,1,0
807.550,0,0,1,0
807.600,1,0,1,0
807.650,1,0,1,0
807.700,1,0,1,0
807.750,1,1,1,0
807.800,1,1,1,0
807.850,1,1,1,0
807.900,1,1,1,1
807.950,1,1,1,1
808.000,1,1,0,1
808.050,0,1,0,1
808.100,0,1,0,1
808.150,0,1,0,1
808.200,0,0,0,1
808.250,0,0,0,1
808.300,0,0,0,1
808.350,0,0,0,0
808.400,0,0,0,0
808.450,0,0,0,0
808.500,0,0,1,0
808.550,1,0,1,0
808.600,1,0,1,0
808.650,1,1,1,0
808.700,1,1,1,0
808.750,1,1,1,0
808.800,1,1,1,1
808.850,1,1,1,1
808.900,1,1,1,1
808.950,1,1,0,1
809.000,0,1,0,1
809.050,0,0,0,1
809.100,0,0,0,1
809.150,0,0,0,1
809.200,0,0,0,1
809.250,0,0,0,0
809.300,0,0,0,0
809.350,0,0,0,0
809.400,0,0,0,0
809.450,0,0,1,0
809.500,1,0,1,0
809.550,1,1,1,0
809.600,1,1,1,0
809.650,1,1,1,0
809.700,1,1,1,1
809.750,1,1,1,1
809.800,1,1,1,1
809.850,1,1,1,1
809.900,1,1,0,1
809.950,0,0,0,1
810.000,0,0,0,1
810.050,0,0,0,1
810.100,0,0,0,0
810.150,0,0,0,0
810.200,0,0,0,0
810.250,0,0,0,0
810.300,0,0,0,0
810.350,0,0,0,0
810.400,0,1,1,0
810.450,1,1,1,0
810.500,1,1,1,0
810.550,1,1,1,1
810.600,1,1,1,1
810.650,1,1,1,1
810.700,1,1,1,1
810.750,1,1,1,1
810.800,1,1,1,1
810.850,1,0,0,1
810.900,0,0,0,1
810.950,0,0,0,1
811.000,0,0,0,0
811.050,0,0,0,0
811.100,0,0,0,0
811.150,0,0,0,0
811.200,0,0,0,0
811.250,0,0,0,0
811.300,0,1,0,0
811.350,0,1,1,0
811.400,1,1,1,0
811.450,1,1,1,1
811.500,1,1,1,1
811.550,1,1,1,1
811.600,1,1,1,1
811.650,1,1,1,1
811.700,1,1,1,1
811.750,1,0,1,1
811.800,1,0,0,1
811.850,0,0,0,1
811.900,0,0,0,0
811.950,0,0,0,0
812.000,0,0,0,0
812.050,0,0,0,0
812.100,0,0,0,0
812.150,0,0,0,0
812.200,0,1,0,0
812.250,0,1,0,0
812.300,0,1,1,0
812.350,1,1,1,1
812.400,1,1,1,1
812.450,1,1,1,1
812.500,1,1,1,1
812.550,1,1,1,1
812.600,1,1,1,1
812.650,1,0,1,1
812.700,1,0,1,1
812.750,1,0,0,0
812.800,1,0,0,0
812.850,0,0,0,0
812.900,0,0,0,0
812.950,0,0,0,0
813.000,0,0,0,0
813.050,0,0,0,0
813.100,0,1,0,0
813.150,0,1,0,0
813.200,0,1,0,1
813.250,0,1,1,1
813.300,1,1,1,1
813.350,1,1,1,1
813.400,1,1,1,1
813.450,1,1,1,1
813.500,1,1,1,1
813.550,1,0,1,1
813.600,1,0,1,1
813.650,1,0,1,0
813.700,1,0,0,0
813.750,1,0,0,0
813.800,0,0,0,0
813.850,0,0,0,0
813.900,0,0,0,0
813.950,0,0,0,0
814.000,0,1,0,0
814.050,0,1,0,0
814.100,0,1,0,1
814.150,0,1,0,1
814.200,0,1,1,1
814.250,1,1,1,1
814.300,1,1,1,1
814.350,1,1,1,1
814.400,1,0,1,1
814.450,1,0,1,1
814.500,1,0,1,1
814.550,1,0,1,0
814.600,1,0,1,0
814.650,1,0,1,0
814.700,0,0,0,0
814.750,0,0,0,0
814.800,0,0,0,0
814.850,0,0,0,0
814.900,0,1,0,0
814.950,0,1,0,0
815.000,0,1,0,1
815.050,0,1,0,1
815.100,0,1,0,1
815.150,0,1,1,1
815.200,1,1,1,1
815.250,1,1,1,1
815.300,1,0,1,1
815.350,1,0,1,1
815.400,1,0,1,0
815.450,1,0,1,0
815.500,1,0,1,0
815.550,1,0,1,0
815.600,1,0,1,0
815.650,1,0,0,0
815.700,0,0,0,0
815.750,0,1,0,0
815.800,0,1,0,0
815.850,0,1,0,0
815.900,0,1,0,1
815.950,0,1,0,1
816.000,0,1,0,1
816.050,0,1,0,1
816.100,0,1,1,1
816.150,1,1,1,1
816.200,1,0,1,1
816.250,1,0,1,1
816.300,1,0,1,1
816.350,1,0,1,0
816.400,1,0,1,0
816.450,1,0,1,0
816.500,1,0,1,0
816.550,1,0,1,0
816.600,1,0,0,0
816.650,0,1,0,0
816.700,0,1,0,0
816.750,0,1,0,0
816.800,0,1,0,1
816.850,0,1,0,1
816.900,0,1,0,1
816.950,0,1,0,1
817.000,0,1,0,1
817.050,0,1,0,1
817.100,0,0,1,1
817.150,1,0,1,1
817.200,1,0,1,0
817.250,1,0,1,0
817.300,1,0,1,0
817.350,1,0,1,0
817.400,1,0,1,0
817.450,1,0,1,0
817.500,1,0,1,0
817.550,1,1,0,0
817.600,0,1,0,0
817.650,0,1,0,0
817.700,0,1,0,1
817.750,0,1,0,1
817.800,0,1,0,1
817.850,0,1,0,1
817.900,0,1,0,1
817.950,0,0,0,1
818.000,0,0,1,1
818.050,0,0,1,1
818.100,1,0,1,0
818.150,1,0,1,0
818.200,1,0,1,0
818.250,1,0,1,0
818.300,1,0,1,0
818.350,1,0,1,0
818.400,1,1,1,0
818.450,1,1,1,0
818.500,1,1,0,0
818.550,0,1,0,1
818.600,0,1,0,1
818.650,0,1,0,1
818.700,0,1,0,1
818.750,0,1,0,1
818.800,0,1,0,1
818.850,0,0,0,1
818.900,0,0,0,1
818.950,0,0,0,1
819.000,0,0,1,0
819.050,1,0,1,0
819.100,1,0,1,0
819.150,1,0,1,0
819.200,1,0,1,0
819.250,1,0,1,0
819.300,1,1,1,0
819.350,1,1,1,0
819.400,1,1,1,0
819.450,1,1,0,1
819.500,0,1,0,1
819.550,0,1,0,1
819.600,0,1,0,1
819.650,0,1,0,1
819.700,0,1,0,1
819.750,0,0,0,1
819.800,0,0,0,1
819.850,0,0,0,1
819.900,0,0,0,0
819.950,0,0,1,0
820.000,1,0,1,0
820.050,1,0,1,0
820.100,1,0,1,0
820.150,1,0,1,0
820.200,1,1,1,0
820.250,1,1,1,0
820.300,1,1,1,0
820.350,1,1,1,1
820.400,1,1,0,1
820.450,0,1,0,1
820.500,0,1,0,1
820.550,0,1,0,1
820.600,0,1,0,1
820.650,0,0,0,1
820.700,0,0,0,1
820.750,0,0,0,1
820.800,0,0,0,0
820.850,0,0,0,0
820.900,0,0,1,0
820.950,1,0,1,0
821.000,1,0,1,0
821.050,1,0,1,0
821.100,1,1,1,0
821.150,1,1,1,0
821.200,1,1,1,0
821.250,1,1,1,1
821.300,1,1,1,1
821.350,1,1,0,1
821.400,0,1,0,1
821.450,0,1,0,1
821.500,0,1,0,1
821.550,0,0,0,1
821.600,0,0,0,1
821.650,0,0,0,0
821.700,0,0,0,0
821.750,0,0,0,0
821.800,0,0,0,0
821.850,0,0,1,0
821.900,1,0,1,0
821.950,1,0,1,0
822.000,1,1,1,0
822.050,1,1,1,0
822.100,1,1,1,1
822.150,1,1,1,1
822.200,1,1,1,1
822.250,1,1,1,1
822.300,1,1,0,1
822.350,0,1,0,1
822.400,0,1,0,1
822.450,0,0,0,1
822.500,0,0,0,1
822.550,0,0,0,0
822.600,0,0,0,0
822.650,0,0,0,0
822.700,0,0,0,0
822.750,0,0,0,0
822.800,0,0,1,0
822.850,1,0,1,0
822.900,1,1,1,0
822.950,1,1,1,0
823.000,1,1,1,1
823.050,1,1,1,1
823.100,1,1,1,1
823.150,1,1,1,1
823.200,1,1,1,1
823.250,1,1,0,1
823.300,0,0,0,1
823.350,0,0,0,1
823.400,0,0,0,1
823.450,0,0,0,0
823.500,0,0,0,0
823.550,0,0,0,0
823.600,0,0,0,0
823.650,0,0,0,0
823.700,0,0,0,0
823.750,0,0,1,0
823.800,1,1,1,0
823.850,1,1,1,0
823.900,1,1,1,1
823.950,1,1,1,1
824.000,1,1,1,1
824.050,1,1,1,1
824.100,1,1,1,1
824.150,1,1,1,1
824.200,1,0,0,1
824.250,0,0,0,1
824.300,0,0,0,1
824.350,0,0,0,0
824.400,0,0,0,0
824.450,0,0,0,0
824.500,0,0,0,0
824.550,0,0,0,0
824.600,0,0,0,0
824.650,0,0,0,0
824.700,0,1,1,0
824.750,1,1,1,0
824.800,1,1,1,1
824.850,1,1,1,1
824.900,1,1,1,1
824.950,1,1,1,1
825.000,1,1,1,1
825.050,1,1,1,1
825.100,1,0,1,1
825.150,1,0,0,1
825.200,0,0,0,0
825.250,0,0,0,0
825.300,0,0,0,0
825.350,0,0,0,0
825.400,0,0,0,0
825.450,0,0,0,0
825.500,0,0,0,0
825.550,0,1,0,0
825.600,0,1,0,0
825.650,0,1,1,1
825.700,1,1,1,1
825.750,1,1,1,1
825.800,1,1,1,1
825.850,1,1,1,1
825.900,1,1,1,1
825.950,1,1,1,1
826.000,1,0,1,1
826.050,1,0,1,1
826.100,1,0,0,0
826.150,0,0,0,0
826.200,0,0,0,0
826.250,0,0,0,0
826.300,0,0,0,0
826.350,0,0,0,0
826.400,0,0,0,0
826.450,0,1,0,0
826.500,0,1,0,0
826.550,0,1,0,0
826.600,1,1,1,1
826.650,1,1,1,1
826.700,1,1,1,1
826.750,1,1,1,1
826.800,1,1,1,1
826.850,1,1,1,1
826.900,1,0,1,1
826.950,1,0,1,1
827.000,1,0,1,0
827.050,1,0,0,0
827.100,0,0,0,0
827.150,0,0,0,0
827.200,0,0,0,0
827.250,0,0,0,0
827.300,0,0,0,0
827.350,0,1,0,0
827.400,0,1,0,0
827.450,0,1,0,0
827.500,0,1,0,1
827.550,1,1,1,1
827.600,1,1,1,1
827.650,1,1,1,1
827.700,1,1,1,1
827.750,1,0,1,1
827.800,1,0,1,1
827.850,1,0,1,1
827.900,1,0,1,0
827.950,1,0,1,0
828.000,1,0,0,0
828.050,0,0,0,0
828.100,0,0,0,0
828.150,0,0,0,0
828.200,0,0,0,0
828.250,0,1,0,0
828.300,0,1,0,0
828.350,0,1,0,1
828.400,0,1,0,1
828.450,0,1,1,1
828.500,1,1,1,1
828.550,1,1,1,1
828.600,1,1,1,1
828.650,1,0,1,1
828.700,1,0,1,1
828.750,1,0,1,1
828.800,1,0,1,0
828.850,1,0,1,0
828.900,1,0,1,0
828.950,0,0,0,0
829.000,0,0,0,0
829.050,0,0,0,0
829.100,0,1,0,0
829.150,0,1,0,0
829.200,0,1,0,0
829.250,0,1,0,1
829.300,0,1,0,1
829.350,0,1,0,1
829.400,0,1,0,1
829.450,1,1,1,1
829.500,1,1,1,1
829.550,1,0,1,1
829.600,1,0,1,1
829.650,1,0,1,1
829.700,1,0,1,0
829.750,1,0,1,0
829.800,1,0,1,0
829.850,1,0,0,0
829.900,0,0,0,0
829.950,0,0,0,0
830.000,0,0,0,0
830.050,0,1,0,0
830.100,0,1,0,0
830.150,0,1,0,1
830.200,0,1,0,1
830.250,0,1,0,1
830.300,0,1,0,1
830.350,0,1,1,1
830.400,1,1,1,1
830.450,1,0,1,1
830.500,1,0,1,1
830.550,1,0,1,1
830.600,1,0,1,0
830.650,1,0,1,0
830.700,1,0,1,0
830.750,1,0,1,0
830.800,1,0,1,0
830.850,0,0,0,0
830.900,0,0,0,0
830.950,0,1,0,0
831.000,0,1,0,0
831.050,0,1,0,1
831.100,0,1,0,1
831.150,0,1,0,1
831.200,0,1,0,1
831.250,0,1,0,1
831.300,0,1,1,1
831.350,1,1,1,1
831.400,1,0,1,1
831.450,1,0,1,1
831.500,1,0,1,0
831.550,1,0,1,0
831.600,1,0,1,0
831.650,1,0,1,0
831.700,1,0,1,0
831.750,1,0,0,0
831.800,0,0,0,0
831.850,0,1,0,0
831.900,0,1,0,0
831.950,0,1,0,1
832.000,0,1,0,1
832.050,0,1,0,1
832.100,0,1,0,1
832.150,0,1,0,1
832.200,0,1,0,1
832.250,0,1,1,1
832.300,1,0,1,1
832.350,1,0,1,1
832.400,1,0,1,0
832.450,1,0,1,0
832.500,1,0,1,0
832.550,1,0,1,0
832.600,1,0,1,0
832.650,1,0,1,0
832.700,1,0,0,0
832.750,0,0,0,0
832.800,0,1,0,0
832.850,0,1,0,1
832.900,0,1,0,1
832.950,0,1,0,1
833.000,0,1,0,1
833.050,0,1,0,1
833.100,0,1,0,1
833.150,0,1,0,1
833.200,0,0,1,1
833.250,1,0,1,1
833.300,1,0,1,0
833.350,1,0,1,0
833.400,1,0,1,0
833.450,1,0,1,0
833.500,1,0,1,0
833.550,1,0,1,0
833.600,1,0,1,0
833.650,1,0,0,0
833.700,0,1,0,0
833.750,0,1,0,1
833.800,0,1,0,1
833.850,0,1,0,1
833.900,0,1,0,1
833.950,0,1,0,1
834.000,0,1,0,1
834.050,0,1,0,1
834.100,0,1,0,1
834.150,1,0,1,1
834.200,1,0,1,0
834.250,1,0,1,0
834.300,1,0,1,0
834.350,1,0,1,0
834.400,1,0,1,0
834.450,1,0,1,0
834.500,1,0,1,0
834.550,1,0,1,0
834.600,1,1,0,0
834.650,0,1,0,1
834.700,0,1,0,1
834.750,0,1,0,1
834.800,0,1,0,1
834.850,0,1,0,1
834.900,0,1,0,1
834.950,0,1,0,1
835.000,0,1,0,1
835.050,0,0,1,1
835.100,1,0,1,0
835.150,1,0,1,0
835.200,1,0,1,0
835.250,1,0,1,0
835.300,1,0,1,0
835.350,1,0,1,0
835.400,1,0,1,0
835.450,1,0,1,0
835.500,1,1,1,0
835.550,0,1,0,1
835.600,0,1,0,1
835.650,0,1,0,1
835.700,0,1,0,1
835.750,0,1,0,1
835.800,0,1,0,1
835.850,0,1,0,1
835.900,0,1,0,1
835.950,0,0,0,1
836.000,0,0,1,1
836.050,1,0,1,0
836.100,1,0,1,0
836.150,1,0,1,0
836.200,1,0,1,0
836.250,1,0,1,0
836.300,1,0,1,0
836.350,1,0,1,0
836.400,1,0,1,0
836.450,1,1,0,0
836.500,0,1,0,1
836.550,0,1,0,1
836.600,0,1,0,1
836.650,0,1,0,1
836.700,0,1,0,1
836.750,0,1,0,1
836.800,0,1,0,1
836.850,0,0,0,1
836.900,0,0,0,1
836.950,1,0,1,0
837.000,1,0,1,0
837.050,1,0,1,0
837.100,1,0,1,0
837.150,1,0,1,0
837.200,1,0,1,0
837.250,1,0,1,0
837.300,1,0,1,0
837.350,1,1,1,0
837.400,0,1,0,0
837.450,0,1,0,1
837.500,0,1,0,1
837.550,0,1,0,1
837.600,0,1,0,1
837.650,0,1,0,1
837.700,0,1,0,1
837.750,0,1,0,1
837.800,0,0,0,1
837.850,0,0,0,0
837.900,1,0,1,0
837.950,1,0,1,0
838.000,1,0,1,0
838.050,1,0,1,0
838.100,1,0,1,0
838.150,1,0,1,0
838.200,1,0,1,0
838.250,1,1,1,0
838.300,1,1,1,0
838.350,0,1,0,1
838.400,0,1,0,1
838.450,0,1,0,1
838.500,0,1,0,1
838.550,0,1,0,1
838.600,0,1,0,1
838.650,0,1,0,1
838.700,0,0,0,1
838.750,0,0,0,1
838.800,0,0,1,0
838.850,1,0,1,0
838.900,1,0,1,0
838.950,1,0,1,0
839.000,1,0,1,0
839.050,1,0,1,0
839.100,1,0,1,0
839.150,1,1,1,0
839.200,1,1,1,0
839.250,1,1,1,1
839.300,0,1,0,1
839.350,0,1,0,1
839.400,0,1,0,1
839.450,0,1,0,1
839.500,0,1,0,1
839.550,0,1,0,1
839.600,0,0,0,1
839.650,0,0,0,1
839.700,0,0,0,0
839.750,0,0,1,0
839.800,1,0,1,0
839.850,1,0,1,0
839.900,1,0,1,0
839.950,1,0,1,0
840.000,1,0,1,0
840.050,1,1,1,0
840.100,1,1,1,0
840.150,1,1,1,1
840.200,1,1,0,1
840.250,0,1,0,1
840.300,0,1,0,1
840.350,0,1,0,1
840.400,0,1,0,1
840.450,0,1,0,1
840.500,0,0,0,1
840.550,0,0,0,1
840.600,0,0,0,0
840.650,0,0,0,0
840.700,1,0,1,0
840.750,1,0,1,0
840.800,1,0,1,0
840.850,1,0,1,0
840.900,1,0,1,0
840.950,1,0,1,0
841.000,1,1,1,0
841.050,1,1,1,0
841.100,1,1,1,1
841.150,0,1,0,1
841.200,0,1,0,1
841.250,0,1,0,1
841.300,0,1,0,1
841.350,0,1,0,1
841.400,0,1,0,1
841.450,0,0,0,1
841.500,0,0,0,0
841.550,0,0,0,0
841.600,0,0,1,0
841.650,1,0,1,0
841.700,1,0,1,0
841.750,1,0,1,0
841.800,1,0,1,0
841.850,1,0,1,0
841.900,1,1,1,0
841.950,1,1,1,0
842.000,1,1,1,1
842.050,1,1,1,1
842.100,0,1,0,1
842.150,0,1,0,1
842.200,0,1,0,1
842.250,0,1,0,1
842.300,0,1,0,1
842.350,0,0,0,1
842.400,0,0,0,0
842.450,0,0,0,0
842.500,0,0,0,0
842.550,1,0,1,0
842.600,1,0,1,0
842.650,1,0,1,0
842.700,1,0,1,0
842.750,1,0,1,0
842.800,1,0,1,0
842.850,1,1,1,0
842.900,1,1,1,1
842.950,1,1,1,1
843.000,1,1,0,1
843.050,0,1,0,1
843.100,0,1,0,1
843.150,0,1,0,1
843.200,0,1,0,1
843.250,0,0,0,1
843.300,0,0,0,1
843.350,0,0,0,0
843.400,0,0,0,0
843.450,0,0,0,0
843.500,1,0,1,0
843.550,1,0,1,0
843.600,1,0,1,0
843.650,1,0,1,0
843.700,1,0,1,0
843.750,1,1,1,0
843.800,1,1,1,1
843.850,1,1,1,1
843.900,1,1,1,1
843.950,0,1,0,1
844.000,0,1,0,1
844.050,0,1,0,1
844.100,0,1,0,1
844.150,0,1,0,1
844.200,0,0,0,1
844.250,0,0,0,0
844.300,0,0,0,0
844.350,0,0,0,0
844.400,0,0,0,0
844.450,1,0,1,0
844.500,1,0,1,0
844.550,1,0,1,0
844.600,1,0,1,0
844.650,1,1,1,0
844.700,1,1,1,1
844.750,1,1,1,1
844.800,1,1,1,1
844.850,1,1,1,1
844.900,0,1,0,1
844.950,0,1,0,1
845.000,0,1,0,1
845.050,0,1,0,1
845.100,0,0,0,1
845.150,0,0,0,0
845.200,0,0,0,0
845.250,0,0,0,0
845.300,0,0,0,0
845.350,0,0,1,0
845.400,1,0,1,0
845.450,1,0,1,0
845.500,1,0,1,0
845.550,1,1,1,0
845.600,1,1,1,1
845.650,1,1,1,1
845.700,1,1,1,1
845.750,1,1,1,1
845.800,0,1,0,1
845.850,0,1,0,1
845.900,0,1,0,1
845.950,0,1,0,1
846.000,0,0,0,1
846.050,0,0,0,1
846.100,0,0,0,0
846.150,0,0,0,0
846.200,0,0,0,0
846.250,0,0,0,0
846.300,1,0,1,0
846.350,1,0,1,0
846.400,1,0,1,0
846.450,1,1,1,0
846.500,1,1,1,0
846.550,1,1,1,1
846.600,1,1,1,1
846.650,1,1,1,1
846.700,1,1,1,1
846.750,0,1,0,1
846.800,0,1,0,1
846.850,0,1,0,1
846.900,0,0,0,1
846.950,0,0,0,1
847.000,0,0,0,0
847.050,0,0,0,0
847.100,0,0,0,0
847.150,0,0,0,0
847.200,1,0,1,0
847.250,1,0,1,0
847.300,1,0,1,0
847.350,1,0,1,0
847.400,1,1,1,0
847.450,1,1,1,1
847.500,1,1,1,1
847.550,1,1,1,1
847.600,1,1,1,1
847.650,1,1,1,1
847.700,0,1,0,1
847.750,0,1,0,1
847.800,0,0,0,1
847.850,0,0,0,1
847.900,0,0,0,0
847.950,0,0,0,0
848.000,0,0,0,0
848.050,0,0,0,0
848.100,0,0,0,0
848.150,1,0,1,0
848.200,1,0,1,0
848.250,1,0,1,0
848.300,1,1,1,0
848.350,1,1,1,0
848.400,1,1,1,1
848.450,1,1,1,1
848.500,1,1,1,1
848.550,1,1,1,1
848.600,0,1,0,1
848.650,0,1,0,1
848.700,0,1,0,1
848.750,0,0,0,1
848.800,0,0,0,1
848.850,0,0,0,0
848.900,0,0,0,0
848.950,0,0,0,0
849.000,0,0,0,0
849.050,0,0,0,0
849.100,1,0,1,0
849.150,1,0,1,0
849.200,1,1,1,0
849.250,1,1,1,0
849.300,1,1,1,1
849.350,1,1,1,1
849.400,1,1,1,1
849.450,1,1,1,1
849.500,1,1,1,1
849.550,0,1,0,1
849.600,0,1,0,1
849.650,0,0,0,1
849.700,0,0,0,1
849.750,0,0,0,0
849.800,0,0,0,0
849.850,0,0,0,0
849.900,0,0,0,0
849.950,0,0,0,0
850.000,0,0,0,0
850.050,1,0,1,0
850.100,1,1,1,0
850.150,1,1,1,0
850.200,1,1,1,1
850.250,1,1,1,1
850.300,1,1,1,1
850.350,1,1,1,1
850.400,1,1,1,1
850.450,1,1,0,1
850.500,0,1,0,1
850.550,0,0,0,1
850.600,0,0,0,1
850.650,0,0,0,0
850.700,0,0,0,0
850.750,0,0,0,0
850.800,0,0,0,0
850.850,0,0,0,0
850.900,0,0,0,0
850.950,1,0,1,0
851.000,1,1,1,0
851.050,1,1,1,0
851.100,1,1,1,1
851.150,1,1,1,1
851.200,1,1,1,1
851.250,1,1,1,1
851.300,1,1,1,1
851.350,1,1,1,1
851.400,0,1,0,1
851.450,0,0,0,1
851.500,0,0,0,1
851.550,0,0,0,0
851.600,0,0,0,0
851.650,0,0,0,0
851.700,0,0,0,0
851.750,0,0,0,0
851.800,0,0,0,0
851.850,0,0,1,0
851.900,1,0,1,0
851.950,1,1,1,0
852.000,1,1,1,1
852.050,1,1,1,1
852.100,1,1,1,1
852.150,1,1,1,1
852.200,1,1,1,1
852.250,1,1,1,1
852.300,1,1,1,1
852.350,0,1,0,1
852.400,0,0,0,1
852.450,0,0,0,0
852.500,0,0,0,0
852.550,0,0,0,0
852.600,0,0,0,0
852.650,0,0,0,0
852.700,0,0,0,0
852.750,0,0,0,0
852.800,1,0,1,0
852.850,1,1,1,0
852.900,1,1,1,1
852.950,1,1,1,1
853.000,1,1,1,1
853.050,1,1,1,1
853.100,1,1,1,1
853.150,1,1,1,1
853.200,1,1,1,1
853.250,0,1,0,1
853.300,0,0,0,1
853.350,0,0,0,0
853.400,0,0,0,0
853.450,0,0,0,0
853.500,0,0,0,0
853.550,0,0,0,0
853.600,0,0,0,0
853.650,0,0,0,0
853.700,0,0,0,0
853.750,1,1,1,0
853.800,1,1,1,1
853.850,1,1,1,1
853.900,1,1,1,1
853.950,1,1,1,1
854.000,1,1,1,1
854.050,1,1,1,1
854.100,1,1,1,1
854.150,1,1,1,1
854.200,0,0,0,1
854.250,0,0,0,0
854.300,0,0,0,0
854.350,0,0,0,0
854.400,0,0,0,0
854.450,0,0,0,0
854.500,0,0,0,0
854.550,0,0,0,0
854.600,0,0,0,0
854.650,1,1,0,0
854.700,1,1,1,0
854.750,1,1,1,1
854.800,1,1,1,1
854.850,1,1,1,1
854.900,1,1,1,1
854.950,1,1,1,1
855.000,1,1,1,1
855.050,1,1,1,1
855.100,1,0,1,1
855.150,0,0,0,0
855.200,0,0,0,0
855.250,0,0,0,0
855.300,0,0,0,0
855.350,0,0,0,0
855.400,0,0,0,0
855.450,0,0,0,0
855.500,0,0,0,0
855.550,0,1,0,0
855.600,1,1,1,0
855.650,1,1,1,1
855.700,1,1,1,1
855.750,1,1,1,1
855.800,1,1,1,1
855.850,1,1,1,1
855.900,1,1,1,1
855.950,1,1,1,1
856.000,1,0,1,1
856.050,0,0,0,1
856.100,0,0,0,0
856.150,0,0,0,0
856.200,0,0,0,0
856.250,0,0,0,0
856.300,0,0,0,0
856.350,0,0,0,0
856.400,0,0,0,0
856.450,0,1,0,0
856.500,0,1,0,0
856.550,1,1,1,1
856.600,1,1,1,1
856.650,1,1,1,1
856.700,1,1,1,1
856.750,1,1,1,1
856.800,1,1,1,1
856.850,1,1,1,1
856.900,1,0,1,1
856.950,1,0,1,1
857.000,0,0,0,0
857.050,0,0,0,0
857.100,0,0,0,0
857.150,0,0,0,0
857.200,0,0,0,0
857.250,0,0,0,0
857.300,0,0,0,0
857.350,0,1,0,0
857.400,0,1,0,0
857.450,1,1,1,1
857.500,1,1,1,1
857.550,1,1,1,1
857.600,1,1,1,1
857.650,1,1,1,1
857.700,1,1,1,1
857.750,1,1,1,1
857.800,1,0,1,1
857.850,1,0,1,1
857.900,0,0,0,0
857.950,0,0,0,0
858.000,0,0,0,0
858.050,0,0,0,0
858.100,0,0,0,0
858.150,0,0,0,0
858.200,0,0,0,0
858.250,0,1,0,0
858.300,0,1,0,0
858.350,0,1,0,0
858.400,1,1,1,1
858.450,1,1,1,1
858.500,1,1,1,1
858.550,1,1,1,1
858.600,1,1,1,1
858.650,1,1,1,1
858.700,1,0,1,1
858.750,1,0,1,1
858.800,1,0,1,0
858.850,0,0,0,0
858.900,0,0,0,0
858.950,0,0,0,0
859.000,0,0,0,0
859.050,0,0,0,0
859.100,0,0,0,0
859.150,0,1,0,0
859.200,0,1,0,0
859.250,0,1,0,0
859.300,0,1,1,1
859.350,1,1,1,1
859.400,1,1,1,1
859.450,1,1,1,1
859.500,1,1,1,1
859.550,1,1,1,1
859.600,1,0,1,1
859.650,1,0,1,1
859.700,1,0,1,1
859.750,1,0,1,0
859.800,0,0,0,0
859.850,0,0,0,0
859.900,0,0,0,0
859.950,0,0,0,0
860.000,0,0,0,0
860.050,0,0,0,0
860.100,0,1,0,0
860.150,0,1,0,0
860.200,0,1,0,1
860.250,1,1,1,1
860.300,1,1,1,1
860.350,1,1,1,1
860.400,1,1,1,1
860.450,1,1,1,1
860.500,1,0,1,1
860.550,1,0,1,1
860.600,1,0,1,1
860.650,1,0,1,0
860.700,1,0,0,0
860.750,0,0,0,0
860.800,0,0,0,0
860.850,0,0,0,0
860.900,0,0,0,0
860.950,0,0,0,0
861.000,0,1,0,0
861.050,0,1,0,0
861.100,0,1,0,1
861.150,0,1,0,1
861.200,1,1,1,1
861.250,1,1,1,1
861.300,1,1,1,1
861.350,1,1,1,1
861.400,1,1,1,1
861.450,1,0,1,1
861.500,1,0,1,0
861.550,1,0,1,0
861.600,1,0,1,0
861.650,0,0,0,0
861.700,0,0,0,0
861.750,0,0,0,0
861.800,0,0,0,0
861.850,0,0,0,0
861.900,0,1,0,0
861.950,0,1,0,0
862.000,0,1,0,1
862.050,0,1,0,1
862.100,0,1,1,1
862.150,1,1,1,1
862.200,1,1,1,1
862.250,1,1,1,1
862.300,1,1,1,1
862.350,1,0,1,1
862.400,1,0,1,0
862.450,1,0,1,0
862.500,1,0,1,0
862.550,1,0,1,0
862.600,0,0,0,0
862.650,0,0,0,0
862.700,0,0,0,0
862.750,0,0,0,0
862.800,0,1,0,0
862.850,0,1,0,0
862.900,0,1,0,1
862.950,0,1,0,1
863.000,0,1,0,1
863.050,0,1,1,1
863.100,1,1,1,1
863.150,1,1,1,1
863.200,1,1,1,1
863.250,1,0,1,1
863.300,1,0,1,1
863.350,1,0,1,0
863.400,1,0,1,0
863.450,1,0,1,0
863.500,1,0,0,0
863.550,0,0,0,0
863.600,0,0,0,0
863.650,0,0,0,0
863.700,0,0,0,0
863.750,0,1,0,0
863.800,0,1,0,1
863.850,0,1,0,1
863.900,0,1,0,1
863.950,0,1,0,1
864.000,1,1,1,1
864.050,1,1,1,1
864.100,1,1,1,1
864.150,1,0,1,1
864.200,1,0,1,1
864.250,1,0,1,0
864.300,1,0,1,0
864.350,1,0,1,0
864.400,1,0,1,0
864.450,1,0,0,0
864.500,0,0,0,0
864.550,0,0,0,0
864.600,0,0,0,0
864.650,0,1,0,0
864.700,0,1,0,1
864.750,0,1,0,1
864.800,0,1,0,1
864.850,0,1,0,1
864.900,0,1,0,1
864.950,1,1,1,1
865.000,1,1,1,1
865.050,1,0,1,1
865.100,1,0,1,1
865.150,1,0,1,0
865.200,1,0,1,0
865.250,1,0,1,0
865.300,1,0,1,0
865.350,1,0,1,0
865.400,0,0,0,0
865.450,0,0,0,0
865.500,0,0,0,0
865.550,0,1,0,0
865.600,0,1,0,1
865.650,0,1,0,1
865.700,0,1,0,1
865.750,0,1,0,1
865.800,0,1,0,1
865.850,0,1,1,1
865.900,1,1,1,1
865.950,1,0,1,1
866.000,1,0,1,1
866.050,1,0,1,0
866.100,1,0,1,0
866.150,1,0,1,0
866.200,1,0,1,0
866.250,1,0,1,0
866.300,1,0,1,0
866.350,0,0,0,0
866.400,0,0,0,0
866.450,0,1,0,0
866.500,0,1,0,0
866.550,0,1,0,1
866.600,0,1,0,1
866.650,0,1,0,1
866.700,0,1,0,1
866.750,0,1,0,1
866.800,0,1,1,1
866.850,1,0,1,1
866.900,1,0,1,1
866.950,1,0,1,1
867.000,1,0,1,0
867.050,1,0,1,0
867.100,1,0,1,0
867.150,1,0,1,0
867.200,1,0,1,0
867.250,1,0,0,0
867.300,0,0,0,0
867.350,0,1,0,0
867.400,0,1,0,0
867.450,0,1,0,1
867.500,0,1,0,1
867.550,0,1,0,1
867.600,0,1,0,1
867.650,0,1,0,1
867.700,0,1,0,1
867.750,1,0,1,1
867.800,1,0,1,1
867.850,1,0,1,1
867.900,1,0,1,0
867.950,1,0,1,0
868.000,1,0,1,0
868.050,1,0,1,0
868.100,1,0,1,0
868.150,1,0,1,0
868.200,0,0,0,0
868.250,0,1,0,0
868.300,0,1,0,0
868.350,0,1,0,1
868.400,0,1,0,1
868.450,0,1,0,1
868.500,0,1,0,1
868.550,0,1,0,1
868.600,0,1,0,1
868.650,0,1,0,1
868.700,1,0,1,1
868.750,1,0,1,1
868.800,1,0,1,0
868.850,1,0,1,0
868.900,1,0,1,0
868.950,1,0,1,0
869.000,1,0,1,0
869.050,1,0,1,0
869.100,1,0,1,0
869.150,0,1,0,0
869.200,0,1,0,0
869.250,0,1,0,1
869.300,0,1,0,1
869.350,0,1,0,1
869.400,0,1,0,1
869.450,0,1,0,1
869.500,0,1,0,1
869.550,0,1,0,1
869.600,0,0,1,1
869.650,1,0,1,1
869.700,1,0,1,0
869.750,1,0,1,0
869.800,1,0,1,0
869.850,1,0,1,0
869.900,1,0,1,0
869.950,1,0,1,0
870.000,1,0,1,0
870.050,1,1,1,0
870.100,0,1,0,0
870.150,0,1,0,1
870.200,0,1,0,1
870.250,0,1,0,1
870.300,0,1,0,1
870.350,0,1,0,1
870.400,0,1,0,1
870.450,0,0,0,1
870.500,0,0,0,1
870.550,0,0,1,1
870.600,1,0,1,0
870.650,1,0,1,0
870.700,1,0,1,0
870.750,1,0,1,0
870.800,1,0,1,0
870.850,1,0,1,0
870.900,1,0,1,0
870.950,1,1,1,0
871.000,1,1,0,0
871.050,0,1,0,1
871.100,0,1,0,1
871.150,0,1,0,1
871.200,0,1,0,1
871.250,0,1,0,1
871.300,0,1,0,1
871.350,0,1,0,1
871.400,0,0,0,1
871.450,0,0,0,1
871.500,0,0,1,0
871.550,1,0,1,0
871.600,1,0,1,0
871.650,1,0,1,0
871.700,1,0,1,0
871.750,1,0,1,0
871.800,1,0,1,0
871.850,1,1,1,0
871.900,1,1,1,0
871.950,1,1,0,1
872.000,0,1,0,1
872.050,0,1,0,1
872.100,0,1,0,1
872.150,0,1,0,1
872.200,0,1,0,1
872.250,0,1,0,1
872.300,0,0,0,1
872.350,0,0,0,1
872.400,0,0,0,0
872.450,0,0,1,0
872.500,1,0,1,0
872.550,1,0,1,0
872.600,1,0,1,0
872.650,1,0,1,0
872.700,1,0,1,0
872.750,1,0,1,0
872.800,1,1,1,0
872.850,1,1,1,1
872.900,1,1,0,1
872.950,0,1,0,1
873.000,0,1,0,1
873.050,0,1,0,1
873.100,0,1,0,1
873.150,0,1,0,1
873.200,0,0,0,1
873.250,0,0,0,1
873.300,0,0,0,0
873.350,0,0,0,0
873.400,1,0,1,0
873.450,1,0,1,0
873.500,1,0,1,0
873.550,1,0,1,0
873.600,1,0,1,0
873.650,1,0,1,0
873.700,1,1,1,0
873.750,1,1,1,1
873.800,1,1,1,1
873.850,1,1,0,1
873.900,0,1,0,1
873.950,0,1,0,1
874.000,0,1,0,1
874.050,0,1,0,1
874.100,0,1,0,1
874.150,0,0,0,1
874.200,0,0,0,0
874.250,0,0,0,0
874.300,0,0,0,0
874.350,1,0,1,0
874.400,1,0,1,0
874.450,1,0,1,0
874.500,1,0,1,0
874.550,1,0,1,0
874.600,1,1,1,0
874.650,1,1,1,1
874.700,1,1,1,1
874.750,1,1,1,1
874.800,1,1,0,1
874.850,0,1,0,1
874.900,0,1,0,1
874.950,0,1,0,1
875.000,0,1,0,1
875.050,0,0,0,1
875.100,0,0,0,0
875.150,0,0,0,0
875.200,0,0,0,0
875.250,0,0,0,0
875.300,1,0,1,0
875.350,1,0,1,0
875.400,1,0,1,0
875.450,1,0,1,0
875.500,1,1,1,0
875.550,1,1,1,1
875.600,1,1,1,1
875.650,1,1,1,1
875.700,1,1,1,1
875.750,1,1,0,1
875.800,0,1,0,1
875.850,0,1,0,1
875.900,0,1,0,1
875.950,0,0,0,1
876.000,0,0,0,1
876.050,0,0,0,0
876.100,0,0,0,0
876.150,0,0,0,0
876.200,0,0,1,0
876.250,1,0,1,0
876.300,1,0,1,0
876.350,1,0,1,0
876.400,1,1,1,0
876.450,1,1,1,0
876.500,1,1,1,1
876.550,1,1,1,1
876.600,1,1,1,1
876.650,1,1,1,1
876.700,0,1,0,1
876.750,0,1,0,1
876.800,0,0,0,1
876.850,0,0,0,1
876.900,0,0,0,1
876.950,0,0,0,0
877.000,0,0,0,0
877.050,0,0,0,0
877.100,0,0,0,0
877.150,0,0,1,0
877.200,1,0,1,0
877.250,1,0,1,0
877.300,1,1,1,0
877.350,1,1,1,0
877.400,1,1,1,1
877.450,1,1,1,1
877.500,1,1,1,1
877.550,1,1,1,1
877.600,1,1,0,1
877.650,0,1,0,1
877.700,0,0,0,1
877.750,0,0,0,1
877.800,0,0,0,1
877.850,0,0,0,0
877.900,0,0,0,0
877.950,0,0,0,0
878.000,0,0,0,0
878.050,0,0,0,0
878.100,0,0,1,0
878.150,1,0,1,0
878.200,1,1,1,0
878.250,1,1,1,0
878.300,1,1,1,1
878.350,1,1,1,1
878.400,1,1,1,1
878.450,1,1,1,1
878.500,1,1,1,1
878.550,1,1,0,1
878.600,0,0,0,1
878.650,0,0,0,1
878.700,0,0,0,1
878.750,0,0,0,0
878.800,0,0,0,0
878.850,0,0,0,0
878.900,0,0,0,0
878.950,0,0,0,0
879.000,0,0,0,0
879.050,0,0,1,0
879.100,1,1,1,0
879.150,1,1,1,0
879.200,1,1,1,1
879.250,1,1,1,1
879.300,1,1,1,1
879.350,1,1,1,1
879.400,1,1,1,1
879.450,1,1,1,1
879.500,1,0,0,1
879.550,0,0,0,1
879.600,0,0,0,1
879.650,0,0,0,0
879.700,0,0,0,0
879.750,0,0,0,0
879.800,0,0,0,0
879.850,0,0,0,0
879.900,0,0,0,0
879.950,0,0,0,0
880.000,0,1,1,0
880.050,1,1,1,0
880.100,1,1,1,1
880.150,1,1,1,1
880.200,1,1,1,1
880.250,1,1,1,1
880.300,1,1,1,1
880.350,1,1,1,1
880.400,1,0,1,1
880.450,1,0,0,1
880.500,0,0,0,1
880.550,0,0,0,0
880.600,0,0,0,0
880.650,0,0,0,0
880.700,0,0,0,0
880.750,0,0,0,0
880.800,0,0,0,0
880.850,0,0,0,0
880.900,0,1,0,0
880.950,0,1,1,0
881.000,1,1,1,1
881.050,1,1,1,1
881.100,1,1,1,1
881.150,1,1,1,1
881.200,1,1,1,1
881.250,1,1,1,1
881.300,1,1,1,1
881.350,1,0,1,1
881.400,1,0,0,1
881.450,0,0,0,0
881.500,0,0,0,0
881.550,0,0,0,0
881.600,0,0,0,0
881.650,0,0,0,0
881.700,0,0,0,0
881.750,0,0,0,0
881.800,0,1,0,0
881.850,0,1,0,0
881.900,0,1,1,1
881.950,1,1,1,1
882.000,1,1,1,1
882.050,1,1,1,1
882.100,1,1,1,1
882.150,1,1,1,1
882.200,1,1,1,1
882.250,1,0,1,1
882.300,1,0,1,1
882.350,1,0,0,0
882.400,0,0,0,0
882.450,0,0,0,0
882.500,0,0,0,0
882.550,0,0,0,0
882.600,0,0,0,0
882.650,0,0,0,0
882.700,0,1,0,0
882.750,0,1,0,0
882.800,0,1,0,1
882.850,0,1,1,1
882.900,1,1,1,1
882.950,1,1,1,1
883.000,1,1,1,1
883.050,1,1,1,1
883.100,1,1,1,1
883.150,1,0,1,1
883.200,1,0,1,1
883.250,1,0,1,0
883.300,1,0,0,0
883.350,0,0,0,0
883.400,0,0,0,0
883.450,0,0,0,0
883.500,0,0,0,0
883.550,0,0,0,0
883.600,0,1,0,0
883.650,0,1,0,0
883.700,0,1,0,1
883.750,0,1,0,1
883.800,0,1,1,1
883.850,1,1,1,1
883.900,1,1,1,1
883.950,1,1,1,1
884.000,1,1,1,1
884.050,1,0,1,1
884.100,1,0,1,1
884.150,1,0,1,0
884.200,1,0,1,0
884.250,1,0,0,0
884.300,0,0,0,0
884.350,0,0,0,0
884.400,0,0,0,0
884.450,0,0,0,0
884.500,0,1,0,0
884.550,0,1,0,0
884.600,0,1,0,1
884.650,0,1,0,1
884.700,0,1,0,1
884.750,0,1,1,1
884.800,1,1,1,1
884.850,1,1,1,1
884.900,1,1,1,1
884.950,1,0,1,1
885.000,1,0,1,0
885.050,1,0,1,0
885.100,1,0,1,0
885.150,1,0,1,0
885.200,1,0,0,0
885.250,0,0,0,0
885.300,0,0,0,0
885.350,0,0,0,0
885.400,0,1,0,0
885.450,0,1,0,0
885.500,0,1,0,1
885.550,0,1,0,1
885.600,0,1,0,1
885.650,0,1,0,1
885.700,1,1,1,1
885.750,1,1,1,1
885.800,1,1,1,1
885.850,1,0,1,1
885.900,1,0,1,1
885.950,1,0,1,0
886.000,1,0,1,0
886.050,1,0,1,0
886.100,1,0,1,0
886.150,1,0,0,0
886.200,0,0,0,0
886.250,0,0,0,0
886.300,0,1,0,0
886.350,0,1,0,0
886.400,0,1,0,1
886.450,0,1,0,1
886.500,0,1,0,1
886.550,0,1,0,1
886.600,0,1,0,1
886.650,0,1,1,1
886.700,1,0,1,1
886.750,1,0,1,1
886.800,1,0,1,1
886.850,1,0,1,0
886.900,1,0,1,0
886.950,1,0,1,0
887.000,1,0,1,0
887.050,1,0,1,0
887.100,1,0,0,0
887.150,0,0,0,0
887.200,0,1,0,0
887.250,0,1,0,0
887.300,0,1,0,1
887.350,0,1,0,1
887.400,0,1,0,1
887.450,0,1,0,1
887.500,0,1,0,1
887.550,0,1,0,1
887.600,1,0,1,1
887.650,1,0,1,1
887.700,1,0,1,1
887.750,1,0,1,0
887.800,1,0,1,0
887.850,1,0,1,0
887.900,1,0,1,0
887.950,1,0,1,0
888.000,1,0,1,0
888.050,1,0,0,0
888.100,0,1,0,0
888.150,0,1,0,0
888.200,0,1,0,1
888.250,0,1,0,1
888.300,0,1,0,1
888.350,0,1,0,1
888.400,0,1,0,1
888.450,0,1,0,1
888.500,0,0,1,1
888.550,1,0,1,1
888.600,1,0,1,1
888.650,1,0,1,0
888.700,1,0,1,0
888.750,1,0,1,0
888.800,1,0,1,0
888.850,1,0,1,0
888.900,1,0,1,0
888.950,1,0,1,0
889.000,1,1,0,0
889.050,0,1,0,0
889.100,0,1,0,1
889.150,0,1,0,1
889.200,0,1,0,1
889.250,0,1,0,1
889.300,0,1,0,1
889.350,0,1,0,1
889.400,0,0,0,1
889.450,0,0,0,1
889.500,1,0,1,1
889.550,1,0,1,0
889.600,1,0,1,0
889.650,1,0,1,0
889.700,1,0,1,0
889.750,1,0,1,0
889.800,1,0,1,0
889.850,1,0,1,0
889.900,1,1,1,0
889.950,1,1,0,0
890.000,0,1,0,1
890.050,0,1,0,1
890.100,0,1,0,1
890.150,0,1,0,1
890.200,0,1,0,1
890.250,0,1,0,1
890.300,0,0,0,1
890.350,0,0,0,1
890.400,0,0,1,1
890.450,0,0,1,0
890.500,1,0,1,0
890.550,1,0,1,0
890.600,1,0,1,0
890.650,1,0,1,0
890.700,1,0,1,0
890.750,1,0,1,0
890.800,1,1,1,0
890.850,1,1,1,0
890.900,1,1,0,1
890.950,0,1,0,1
891.000,0,1,0,1
891.050,0,1,0,1
891.100,0,1,0,1
891.150,0,1,0,1
891.200,0,1,0,1
891.250,0,0,0,1
891.300,0,0,0,1
891.350,0,0,0,0
891.400,0,0,1,0
891.450,1,0,1,0
891.500,1,0,1,0
891.550,1,0,1,0
891.600,1,0,1,0
891.650,1,0,1,0
891.700,1,1,1,0
891.750,1,1,1,0
891.800,1,1,1,1
891.850,1,1,0,1
891.900,0,1,0,1
891.950,0,1,0,1
892.000,0,1,0,1
892.050,0,1,0,1
892.100,0,1,0,1
892.150,0,0,0,1
892.200,0,0,0,1
892.250,0,0,0,0
892.300,0,0,1,0
892.350,1,0,1,0
892.400,1,0,1,0
892.450,1,0,1,0
892.500,1,0,1,0
892.550,1,0,1,0
892.600,1,1,1,0
892.650,1,1,1,0
892.700,1,1,1,1
892.750,1,1,1,1
892.800,1,1,0,1
892.850,0,1,0,1
892.900,0,1,0,1
892.950,0,1,0,1
893.000,0,1,0,1
893.050,0,0,0,1
893.100,0,0,0,1
893.150,0,0,0,0
893.200,0,0,0,0
893.250,0,0,1,0
893.300,0,0,1,0
893.350,1,0,1,0
893.400,1,0,1,0
893.450,1,0,1,0
893.500,1,1,1,0
893.550,1,1,1,0
893.600,1,1,1,1
893.650,1,1,1,1
893.700,1,1,1,1
893.750,1,1,0,1
893.800,0,1,0,1
893.850,0,1,0,1
893.900,0,1,0,1
893.950,0,0,0,1
894.000,0,0,0,1
894.050,0,0,0,0
894.100,0,0,0,0
894.150,0,0,0,0
894.200,0,0,0,0
894.250,0,0,1,0
894.300,1,0,1,0
894.350,1,0,1,0
894.400,1,1,1,0
894.450,1,1,1,0
894.500,1,1,1,1
894.550,1,1,1,1
894.600,1,1,1,1
894.650,1,1,1,1
894.700,1,1,0,1
894.750,0,1,0,1
894.800,0,1,0,1
894.850,0,0,0,1
894.900,0,0,0,0
894.950,0,0,0,0
895.000,0,0,0,0
895.050,0,0,0,0
895.100,0,0,0,0
895.150,0,0,0,0
895.200,0,0,1,0
895.250,1,0,1,0
895.300,1,1,1,0
895.350,1,1,1,0
895.400,1,1,1,1
895.450,1,1,1,1
895.500,1,1,1,1
895.550,1,1,1,1
895.600,1,1,1,1
895.650,1,1,0,1
895.700,0,1,0,1
895.750,0,0,0,1
895.800,0,0,0,1
895.850,0,0,0,0
895.900,0,0,0,0
895.950,0,0,0,0
896.000,0,0,0,0
896.050,0,0,0,0
896.100,0,0,0,0
896.150,0,0,1,0
896.200,1,1,1,0
896.250,1,1,1,0
896.300,1,1,1,1
896.350,1,1,1,1
896.400,1,1,1,1
896.450,1,1,1,1
896.500,1,1,1,1
896.550,1,1,1,1
896.600,1,0,0,1
896.650,0,0,0,1
896.700,0,0,0,1
896.750,0,0,0,0
896.800,0,0,0,0
896.850,0,0,0,0
896.900,0,0,0,0
896.950,0,0,0,0
897.000,0,0,0,0
897.050,0,0,0,0
897.100,0,1,1,0
897.150,1,1,1,0
897.200,1,1,1,1
897.250,1,1,1,1
897.300,1,1,1,1
897.350,1,1,1,1
897.400,1,1,1,1
897.450,1,1,1,1
897.500,1,0,1,1
897.550,1,0,0,1
897.600,0,0,0,1
897.650,0,0,0,0
897.700,0,0,0,0
897.750,0,0,0,0
897.800,0,0,0,0
897.850,0,0,0,0
897.900,0,0,0,0
897.950,0,1,0,0
898.000,0,1,0,0
898.050,0,1,1,0
898.100,1,1,1,1
898.150,1,1,1,1
898.200,1,1,1,1
898.250,1,1,1,1
898.300,1,1,1,1
898.350,1,1,1,1
898.400,1,0,1,1
898.450,1,0,1,1
898.500,1,0,0,1
898.550,0,0,0,0
898.600,0,0,0,0
898.650,0,0,0,0
898.700,0,0,0,0
898.750,0,0,0,0
898.800,0,0,0,0
898.850,0,1,0,0
898.900,0,1,0,0
898.950,0,1,0,0
899.000,0,1,1,1
899.050,1,1,1,1
899.100,1,1,1,1
899.150,1,1,1,1
899.200,1,1,1,1
899.250,1,1,1,1
899.300,1,0,1,1
899.350,1,0,1,1
899.400,1,0,1,1
899.450,1,0,0,0
899.500,0,0,0,0
899.550,0,0,0,0
899.600,0,0,0,0
899.650,0,0,0,0
899.700,0,0,0,0
899.750,0,1,0,0
899.800,0,1,0,0
899.850,0,1,0,0
899.900,0,1,0,1
899.950,0,1,1,1
900.000,0,0,0,1
900.050,0,0,0,1
900.100,0,0,1,1
900.150,1,0,1,0
900.200,1,1,1,0
900.250,1,1,1,0
900.300,1,1,1,0
900.350,1,1,1,0
900.400,1,1,1,0
900.450,1,1,1,0
900.500,1,1,1,0
900.550,1,1,0,0
900.600,0,1,0,1
900.650,0,0,0,1
900.700,0,0,0,1
900.750,0,0,0,1
900.800,0,0,0,1
900.850,0,0,0,1
900.900,0,0,0,1
900.950,0,0,0,1
901.000,0,0,1,1
901.050,1,0,1,0
901.100,1,1,1,0
901.150,1,1,1,0
901.200,1,1,1,0
901.250,1,1,1,0
901.300,1,1,1,0
901.350,1,1,1,0
901.400,1,1,1,0
901.450,1,1,1,0
901.500,0,1,0,1
901.550,0,0,0,1
901.600,0,0,0,1
901.650,0,0,0,1
901.700,0,0,0,1
901.750,0,0,0,1
901.800,0,0,0,1
901.850,0,0,0,1
901.900,0,0,0,1
901.950,0,0,1,0
902.000,1,1,1,0
902.050,1,1,1,0
902.100,1,1,1,0
902.150,1,1,1,0
902.200,1,1,1,0
902.250,1,1,1,0
902.300,1,1,1,0
902.350,1,1,1,0
902.400,1,1,0,1
902.450,0,0,0,1
902.500,0,0,0,1
902.550,0,0,0,1
902.600,0,0,0,1
902.650,0,0,0,1
902.700,0,0,0,1
902.750,0,0,0,1
902.800,0,0,0,1
902.850,0,0,0,0
902.900,0,1,1,0
902.950,1,1,1,0
903.000,1,1,1,0
903.050,1,1,1,0
903.100,1,1,1,0
903.150,1,1,1,0
903.200,1,1,1,0
903.250,1,1,1,0
903.300,1,0,1,0
903.350,1,0,0,1
903.400,0,0,0,1
903.450,0,0,0,1
903.500,0,0,0,1
903.550,0,0,0,1
903.600,0,0,0,1
903.650,0,0,0,1
903.700,0,0,0,1
903.750,0,0,0,0
903.800,0,1,0,0
903.850,0,1,1,0
903.900,1,1,1,0
903.950,1,1,1,0
904.000,1,1,1,0
904.050,1,1,1,0
904.100,1,1,1,0
904.150,1,1,1,0
904.200,1,1,1,1
904.250,1,0,1,1
904.300,1,0,0,1
904.350,0,0,0,1
904.400,0,0,0,1
904.450,0,0,0,1
904.500,0,0,0,1
904.550,0,0,0,1
904.600,0,0,0,1
904.650,0,0,0,0
904.700,0,1,0,0
904.750,0,1,0,0
904.800,0,1,1,0
904.850,1,1,1,0
904.900,1,1,1,0
904.950,1,1,1,0
905.000,1,1,1,0
905.050,1,1,1,0
905.100,1,1,1,1
905.150,1,0,1,1
905.200,1,0,1,1
905.250,1,0,0,1
905.300,0,0,0,1
905.350,0,0,0,1
905.400,0,0,0,1
905.450,0,0,0,1
905.500,0,0,0,1
905.550,0,0,0,0
905.600,0,1,0,0
905.650,0,1,0,0
905.700,0,1,0,0
905.750,0,1,1,0
905.800,1,1,1,0
905.850,1,1,1,0
905.900,1,1,1,0
905.950,1,1,1,0
906.000,1,1,1,1
906.050,1,0,1,1
906.100,1,0,1,1
906.150,1,0,1,1
906.200,1,0,0,1
906.250,0,0,0,1
906.300,0,0,0,1
906.350,0,0,0,1
906.400,0,0,0,1
906.450,0,0,0,0
906.500,0,1,0,0
906.550,0,1,0,0
906.600,0,1,0,0
906.650,0,1,1,0
906.700,0,1,1,0
906.750,1,1,1,0
906.800,1,1,1,0
906.850,1,1,1,0
906.900,1,1,1,1
906.950,1,0,1,1
907.000,1,0,1,1
907.050,1,0,1,1
907.100,1,0,0,1
907.150,1,0,0,1
907.200,0,0,0,1
907.250,0,0,0,1
907.300,0,0,0,1
907.350,0,0,0,0
907.400,0,0,0,0
907.450,0,1,0,0
907.500,0,1,0,0
907.550,0,1,0,0
907.600,0,1,1,0
907.650,0,1,1,0
907.700,1,1,1,0
907.750,1,1,1,0
907.800,1,1,1,1
907.850,1,0,1,1
907.900,1,0,1,1
907.950,1,0,1,1
908.000,1,0,1,1
908.050,1,0,0,1
908.100,1,0,0,1
908.150,0,0,0,1
908.200,0,0,0,1
908.250,0,0,0,0
908.300,0,0,0,0
908.350,0,1,0,0
908.400,0,1,0,0
908.450,0,1,0,0
908.500,0,1,0,0
908.550,0,1,1,0
908.600,0,1,1,0
908.650,1,1,1,0
908.700,1,1,1,1
908.750,1,1,1,1
908.800,1,0,1,1
908.850,1,0,1,1
908.900,1,0,1,1
908.950,1,0,1,1
909.000,1,0,0,1
909.050,1,0,0,1
909.100,0,0,0,1
909.150,0,0,0,0
909.200,0,0,0,0
909.250,0,1,0,0
909.300,0,1,0,0
909.350,0,1,0,0
909.400,0,1,0,0
909.450,0,1,1,0
909.500,0,1,1,0
909.550,0,1,1,0
909.600,1,1,1,1
909.650,1,1,1,1
909.700,1,0,1,1
909.750,1,0,1,1
909.800,1,0,1,1
909.850,1,0,1,1
909.900,1,0,1,1
909.950,1,0,0,1
910.000,1,0,0,1
910.050,0,0,0,0
910.100,0,0,0,0
910.150,0,1,0,0
910.200,0,1,0,0
910.250,0,1,0,0
910.300,0,1,0,0
910.350,0,1,0,0
910.400,0,1,1,0
910.450,0,1,1,0
910.500,0,1,1,0
910.550,1,1,1,1
910.600,1,0,1,1
910.650,1,0,1,1
910.700,1,0,1,1
910.750,1,0,1,1
910.800,1,0,1,1
910.850,1,0,1,1
910.900,1,0,0,1
910.950,1,0,0,0
911.000,0,0,0,0
911.050,0,1,0,0
911.100,0,1,0,0
911.150,0,1,0,0
911.200,0,1,0,0
911.250,0,1,0,0
911.300,0,1,0,0
911.350,0,1,1,0
911.400,0,1,1,0
911.450,1,1,1,1
911.500,1,0,1,1
911.550,1,0,1,1
911.600,1,0,1,1
911.650,1,0,1,1
911.700,1,0,1,1
911.750,1,0,1,1
911.800,1,0,0,1
911.850,1,0,0,0
911.900,1,0,0,0
911.950,0,1,0,0
912.000,0,1,0,0
912.050,0,1,0,0
912.100,0,1,0,0
912.150,0,1,0,0
912.200,0,1,0,0
912.250,0,1,0,0
912.300,0,1,1,0
912.350,0,1,1,1
912.400,0,0,1,1
912.450,1,0,1,1
912.500,1,0,1,1
912.550,1,0,1,1
912.600,1,0,1,1
912.650,1,0,1,1
912.700,1,0,1,1
912.750,1,0,0,1
912.800,1,0,0,0
912.850,1,1,0,0
912.900,0,1,0,0
912.950,0,1,0,0
913.000,0,1,0,0
913.050,0,1,0,0
913.100,0,1,0,0
913.150,0,1,0,0
913.200,0,1,0,0
913.250,0,1,1,1
913.300,0,0,1,1
913.350,0,0,1,1
913.400,1,0,1,1
913.450,1,0,1,1
913.500,1,0,1,1
913.550,1,0,1,1
913.600,1,0,1,1
913.650,1,0,1,1
913.700,1,0,0,0
913.750,1,0,0,0
913.800,1,1,0,0
913.850,0,1,0,0
913.900,0,1,0,0
913.950,0,1,0,0
914.000,0,1,0,0
914.050,0,1,0,0
914.100,0,1,0,0
914.150,0,1,1,1
914.200,0,0,1,1
914.250,0,0,1,1
914.300,0,0,1,1
914.350,1,0,1,1
914.400,1,0,1,1
914.450,1,0,1,1
914.500,1,0,1,1
914.550,1,0,1,1
914.600,1,0,1,0
914.650,1,0,0,0
914.700,1,1,0,0
914.750,1,1,0,0
914.800,0,1,0,0
914.850,0,1,0,0
914.900,0,1,0,0
914.950,0,1,0,0
915.000,0,1,0,0
915.050,0,1,0,1
915.100,0,1,0,1
915.150,0,0,1,1
915.200,0,0,1,1
915.250,0,0,1,1
915.300,1,0,1,1
915.350,1,0,1,1
915.400,1,0,1,1
915.450,1,0,1,0
915.500,1,0,1,0
915.550,1,0,1,0
915.600,1,1,0,0
915.650,1,1,0,0
915.700,1,1,0,0
915.750,0,1,0,0
915.800,0,1,0,0
915.850,0,1,0,0
915.900,0,1,0,0
915.950,0,1,0,1
916.000,0,1,0,1
916.050,0,0,1,1
916.100,0,0,1,1
916.150,0,0,1,1
916.200,0,0,1,1
916.250,1,0,1,1
916.300,1,0,1,1
916.350,1,0,1,1
916.400,1,0,1,0
916.450,1,0,1,0
916.500,1,1,1,0
916.550,1,1,0,0
916.600,1,1,0,0
916.650,1,1,0,0
916.700,0,1,0,0
916.750,0,1,0,0
916.800,0,1,0,0
916.850,0,1,0,1
916.900,0,1,0,1
916.950,0,0,0,1
917.000,0,0,1,1
917.050,0,0,1,1
917.100,0,0,1,1
917.150,0,0,1,1
917.200,1,0,1,1
917.250,1,0,1,1
917.300,1,0,1,0
917.350,1,0,1,0
917.400,1,0,1,0
917.450,1,1,1,0
917.500,1,1,0,0
917.550,1,1,0,0
917.600,1,1,0,0
917.650,0,1,0,0
917.700,0,1,0,0
917.750,0,1,0,1
917.800,0,1,0,1
917.850,0,1,0,1
917.900,0,0,0,1
917.950,0,0,1,1
918.000,0,0,1,1
918.050,0,0,1,1
918.100,0,0,1,1
918.150,1,0,1,1
918.200,1,0,1,0
918.250,1,0,1,0
918.300,1,0,1,0
918.350,1,1,1,0
918.400,1,1,1,0
918.450,1,1,0,0
918.500,1,1,0,0
918.550,1,1,0,0
918.600,0,1,0,0
918.650,0,1,0,1
918.700,0,1,0,1
918.750,0,1,0,1
918.800,0,0,0,1
918.850,0,0,0,1
918.900,0,0,1,1
918.950,0,0,1,1
919.000,0,0,1,1
919.050,1,0,1,1
919.100,1,0,1,0
919.150,1,0,1,0
919.200,1,0,1,0
919.250,1,0,1,0
919.300,1,1,1,0
919.350,1,1,0,0
919.400,1,1,0,0
919.450,1,1,0,0
919.500,1,1,0,0
919.550,0,1,0,1
919.600,0,1,0,1
919.650,0,1,0,1
919.700,0,1,0,1
919.750,0,0,0,1
919.800,0,0,0,1
919.850,0,0,1,1
919.900,0,0,1,1
919.950,0,0,1,1
920.000,0,0,1,0
920.050,1,0,1,0
920.100,1,0,1,0
920.150,1,0,1,0
920.200,1,1,1,0
920.250,1,1,1,0
920.300,1,1,1,0
920.350,1,1,0,0
920.400,1,1,0,0
920.450,0,1,0,0
920.500,0,1,0,1
920.550,0,1,0,1
920.600,0,1,0,1
920.650,0,0,0,1
920.700,0,0,0,1
920.750,0,0,0,1
920.800,0,0,1,1
920.850,0,0,1,1
920.900,0,0,1,1
920.950,1,0,1,0
921.000,1,0,1,0
921.050,1,0,1,0
921.100,1,1,1,0
921.150,1,1,1,0
921.200,1,1,1,0
921.250,1,1,1,0
921.300,1,1,0,0
921.350,1,1,0,0
921.400,1,1,0,1
921.450,0,1,0,1
921.500,0,1,0,1
921.550,0,0,0,1
921.600,0,0,0,1
921.650,0,0,0,1
921.700,0,0,0,1
921.750,0,0,1,1
921.800,0,0,1,1
921.850,0,0,1,0
921.900,1,0,1,0
921.950,1,0,1,0
922.000,1,0,1,0
922.050,1,1,1,0
922.100,1,1,1,0
922.150,1,1,1,0
922.200,1,1,1,0
922.250,1,1,0,0
922.300,1,1,0,1
922.350,0,1,0,1
922.400,0,1,0,1
922.450,0,0,0,1
922.500,0,0,0,1
922.550,0,0,0,1
922.600,0,0,0,1
922.650,0,0,0,1
922.700,0,0,1,1
922.750,0,0,1,0
922.800,0,0,1,0
922.850,1,0,1,0
922.900,1,0,1,0
922.950,1,1,1,0
923.000,1,1,1,0
923.050,1,1,1,0
923.100,1,1,1,0
923.150,1,1,0,0
923.200,1,1,0,0
923.250,1,1,0,1
923.300,0,1,0,1
923.350,0,0,0,1
923.400,0,0,0,1
923.450,0,0,0,1
923.500,0,0,0,1
923.550,0,0,0,1
923.600,0,0,0,1
923.650,0,0,1,0
923.700,0,0,1,0
923.750,0,0,1,0
923.800,1,0,1,0
923.850,1,1,1,0
923.900,1,1,1,0
923.950,1,1,1,0
924.000,1,1,1,0
924.050,1,1,1,0
924.100,1,1,0,1
924.150,1,1,0,1
924.200,1,1,0,1
924.250,0,1,0,1
924.300,0,0,0,1
924.350,0,0,0,1
924.400,0,0,0,1
924.450,0,0,0,1
924.500,0,0,0,1
924.550,0,0,0,0
924.600,0,0,1,0
924.650,0,0,1,0
924.700,0,0,1,0
924.750,1,1,1,0
924.800,1,1,1,0
924.850,1,1,1,0
924.900,1,1,1,0
924.950,1,1,1,0
925.000,1,1,1,0
925.050,1,1,0,1
925.100,1,1,0,1
925.150,1,1,0,1
925.200,0,0,0,1
925.250,0,0,0,1
925.300,0,0,0,1
925.350,0,0,0,1
925.400,0,0,0,1
925.450,0,0,0,0
925.500,0,0,0,0
925.550,0,0,1,0
925.600,0,0,1,0
925.650,1,1,1,0
925.700,1,1,1,0
925.750,1,1,1,0
925.800,1,1,1,0
925.850,1,1,1,0
925.900,1,1,1,0
925.950,1,1,1,1
926.000,1,1,0,1
926.050,1,1,0,1
926.100,1,0,0,1
926.150,0,0,0,1
926.200,0,0,0,1
926.250,0,0,0,1
926.300,0,0,0,1
926.350,0,0,0,1
926.400,0,0,0,0
926.450,0,0,0,0
926.500,0,0,1,0
926.550,0,1,1,0
926.600,1,1,1,0
926.650,1,1,1,0
926.700,1,1,1,0
926.750,1,1,1,0
926.800,1,1,1,0
926.850,1,1,1,1
926.900,1,1,1,1
926.950,1,1,0,1
927.000,1,1,0,1
927.050,0,0,0,1
927.100,0,0,0,1
927.150,0,0,0,1
927.200,0,0,0,1
927.250,0,0,0,1
927.300,0,0,0,0
927.350,0,0,0,0
927.400,0,0,0,0
927.450,0,0,1,0
927.500,0,1,1,0
927.550,1,1,1,0
927.600,1,1,1,0
927.650,1,1,1,0
927.700,1,1,1,0
927.750,1,1,1,1
927.800,1,1,1,1
927.850,1,1,1,1
927.900,1,1,1,1
927.950,1,0,0,1
928.000,0,0,0,1
928.050,0,0,0,1
928.100,0,0,0,1
928.150,0,0,0,1
928.200,0,0,0,0
928.250,0,0,0,0
928.300,0,0,0,0
928.350,0,0,0,0
928.400,0,1,1,0
928.450,0,1,1,0
928.500,1,1,1,0
928.550,1,1,1,0
928.600,1,1,1,0
928.650,1,1,1,0
928.700,1,1,1,1
928.750,1,1,1,1
928.800,1,1,1,1
928.850,1,0,0,1
928.900,1,0,0,1
928.950,0,0,0,1
929.000,0,0,0,1
929.050,0,0,0,1
929.100,0,0,0,0
929.150,0,0,0,0
929.200,0,0,0,0
929.250,0,0,0,0
929.300,0,0,0,0
929.350,0,1,1,0
929.400,1,1,1,0
929.450,1,1,1,0
929.500,1,1,1,0
929.550,1,1,1,0
929.600,1,1,1,1
929.650,1,1,1,1
929.700,1,1,1,1
929.750,1,0,1,1
929.800,1,0,0,1
929.850,1,0,0,1
929.900,0,0,0,1
929.950,0,0,0,1
930.000,0,0,0,1
930.050,0,0,0,0
930.100,0,0,0,0
930.150,0,0,0,0
930.200,0,0,0,0
930.250,0,1,0,0
930.300,0,1,1,0
930.350,1,1,1,0
930.400,1,1,1,0
930.450,1,1,1,0
930.500,1,1,1,1
930.550,1,1,1,1
930.600,1,1,1,1
930.650,1,0,1,1
930.700,1,0,1,1
930.750,1,0,0,1
930.800,0,0,0,1
930.850,0,0,0,1
930.900,0,0,0,1
930.950,0,0,0,1
931.000,0,0,0,0
931.050,0,0,0,0
931.100,0,0,0,0
931.150,0,1,0,0
931.200,0,1,0,0
931.250,0,1,1,0
931.300,1,1,1,0
931.350,1,1,1,0
931.400,1,1,1,0
931.450,1,1,1,1
931.500,1,1,1,1
931.550,1,0,1,1
931.600,1,0,1,1
931.650,1,0,1,1
931.700,1,0,0,1
931.750,0,0,0,1
931.800,0,0,0,1
931.850,0,0,0,1
931.900,0,0,0,0
931.950,0,0,0,0
932.000,0,0,0,0
932.050,0,1,0,0
932.100,0,1,0,0
932.150,0,1,0,0
932.200,0,1,1,0
932.250,1,1,1,0
932.300,1,1,1,0
932.350,1,1,1,1
932.400,1,1,1,1
932.450,1,0,1,1
932.500,1,0,1,1
932.550,1,0,1,1
932.600,1,0,1,1
932.650,1,0,0,1
932.700,0,0,0,1
932.750,0,0,0,1
932.800,0,0,0,0
932.850,0,0,0,0
932.900,0,0,0,0
932.950,0,1,0,0
933.000,0,1,0,0
933.050,0,1,0,0
933.100,0,1,0,0
933.150,0,1,1,0
933.200,1,1,1,0
933.250,1,1,1,0
933.300,1,1,1,1
933.350,1,0,1,1
933.400,1,0,1,1
933.450,1,0,1,1
933.500,1,0,1,1
933.550,1,0,1,1
933.600,1,0,0,1
933.650,0,0,0,1
933.700,0,0,0,1
933.750,0,0,0,0
933.800,0,0,0,0
933.850,0,1,0,0
933.900,0,1,0,0
933.950,0,1,0,0
934.000,0,1,0,0
934.050,0,1,1,0
934.100,1,1,1,0
934.150,1,1,1,0
934.200,1,1,1,1
934.250,1,0,1,1
934.300,1,0,1,1
934.350,1,0,1,1
934.400,1,0,1,1
934.450,1,0,1,1
934.500,1,0,1,1
934.550,0,0,0,1
934.600,0,0,0,1
934.650,0,0,0,0
934.700,0,0,0,0
934.750,0,1,0,0
934.800,0,1,0,0
934.850,0,1,0,0
934.900,0,1,0,0
934.950,0,1,0,0
935.000,0,1,1,0
935.050,1,1,1,0
935.100,1,1,1,1
935.150,1,0,1,1
935.200,1,0,1,1
935.250,1,0,1,1
935.300,1,0,1,1
935.350,1,0,1,1
935.400,1,0,1,1
935.450,1,0,0,1
935.500,0,0,0,1
935.550,0,0,0,0
935.600,0,0,0,0
935.650,0,1,0,0
935.700,0,1,0,0
935.750,0,1,0,0
935.800,0,1,0,0
935.850,0,1,0,0
935.900,0,1,0,0
935.950,0,1,1,0
936.000,1,1,1,1
936.050,1,0,1,1
936.100,1,0,1,1
936.150,1,0,1,1
936.200,1,0,1,1
936.250,1,0,1,1
936.300,1,0,1,1
936.350,1,0,1,1
936.400,1,0,0,1
936.450,0,0,0,0
936.500,0,0,0,0
936.550,0,1,0,0
936.600,0,1,0,0
936.650,0,1,0,0
936.700,0,1,0,0
936.750,0,1,0,0
936.800,0,1,0,0
936.850,0,1,0,0
936.900,0,1,1,1
936.950,1,1,1,1
937.000,1,0,1,1
937.050,1,0,1,1
937.100,1,0,1,1
937.150,1,0,1,1
937.200,1,0,1,1
937.250,1,0,1,1
937.300,1,0,1,1
937.350,1,0,0,0
937.400,0,0,0,0
937.450,0,1,0,0
937.500,0,1,0,0
937.550,0,1,0,0
937.600,0,1,0,0
937.650,0,1,0,0
937.700,0,1,0,0
937.750,0,1,0,0
937.800,0,1,0,1
937.850,1,1,1,1
937.900,1,0,1,1
937.950,1,0,1,1
938.000,1,0,1,1
938.050,1,0,1,1
938.100,1,0,1,1
938.150,1,0,1,1
938.200,1,0,1,1
938.250,1,0,1,0
938.300,1,0,0,0
938.350,0,1,0,0
938.400,0,1,0,0
938.450,0,1,0,0
938.500,0,1,0,0
938.550,0,1,0,0
938.600,0,1,0,0
938.650,0,1,0,0
938.700,0,1,0,1
938.750,0,1,1,1
938.800,1,0,1,1
938.850,1,0,1,1
938.900,1,0,1,1
938.950,1,0,1,1
939.000,1,0,1,1
939.050,1,0,1,1
939.100,1,0,1,1
939.150,1,0,1,0
939.200,1,0,1,0
939.250,0,1,0,0
939.300,0,1,0,0
939.350,0,1,0,0
939.400,0,1,0,0
939.450,0,1,0,0
939.500,0,1,0,0
939.550,0,1,0,0
939.600,0,1,0,0
939.650,0,1,0,1
939.700,0,0,1,1
939.750,1,0,1,1
939.800,1,0,1,1
939.850,1,0,1,1
939.900,1,0,1,1
939.950,1,0,1,1
940.000,1,0,1,1
940.050,1,0,1,1
940.100,1,0,1,0
940.150,1,1,0,0
940.200,0,1,0,0
940.250,0,1,0,0
940.300,0,1,0,0
940.350,0,1,0,0
940.400,0,1,0,0
940.450,0,1,0,0
940.500,0,1,0,0
940.550,0,1,0,1
940.600,0,0,0,1
940.650,0,0,1,1
940.700,1,0,1,1
940.750,1,0,1,1
940.800,1,0,1,1
940.850,1,0,1,1
940.900,1,0,1,1
940.950,1,0,1,1
941.000,1,0,1,0
941.050,1,1,1,0
941.100,1,1,0,0
941.150,0,1,0,0
941.200,0,1,0,0
941.250,0,1,0,0
941.300,0,1,0,0
941.350,0,1,0,0
941.400,0,1,0,0
941.450,0,1,0,1
941.500,0,0,0,1
941.550,0,0,0,1
941.600,1,0,1,1
941.650,1,0,1,1
941.700,1,0,1,1
941.750,1,0,1,1
941.800,1,0,1,1
941.850,1,0,1,1
941.900,1,0,1,0
941.950,1,1,1,0
942.000,1,1,1,0
942.050,1,1,0,0
942.100,0,1,0,0
942.150,0,1,0,0
942.200,0,1,0,0
942.250,0,1,0,0
942.300,0,1,0,0
942.350,0,1,0,0
942.400,0,0,0,1
942.450,0,0,0,1
942.500,0,0,1,1
942.550,1,0,1,1
942.600,1,0,1,1
942.650,1,0,1,1
942.700,1,0,1,1
942.750,1,0,1,1
942.800,1,0,1,0
942.850,1,1,1,0
942.900,1,1,1,0
942.950,1,1,1,0
943.000,0,1,0,0
943.050,0,1,0,0
943.100,0,1,0,0
943.150,0,1,0,0
943.200,0,1,0,0
943.250,0,1,0,0
943.300,0,0,0,1
943.350,0,0,0,1
943.400,0,0,0,1
943.450,0,0,1,1
943.500,1,0,1,1
943.550,1,0,1,1
943.600,1,0,1,1
943.650,1,0,1,1
943.700,1,0,1,0
943.750,1,1,1,0
943.800,1,1,1,0
943.850,1,1,1,0
943.900,1,1,0,0
943.950,0,1,0,0
944.000,0,1,0,0
944.050,0,1,0,0
944.100,0,1,0,0
944.150,0,1,0,0
944.200,0,0,0,1
944.250,0,0,0,1
944.300,0,0,0,1
944.350,0,0,0,1
944.400,0,0,1,1
944.450,1,0,1,1
944.500,1,0,1,1
944.550,1,0,1,1
944.600,1,0,1,0
944.650,1,1,1,0
944.700,1,1,1,0
944.750,1,1,1,0
944.800,1,1,1,0
944.850,1,1,0,0
944.900,0,1,0,0
944.950,0,1,0,0
945.000,0,1,0,0
945.050,0,1,0,0
945.100,0,0,0,1
945.150,0,0,0,1
945.200,0,0,0,1
945.250,0,0,0,1
945.300,0,0,0,1
945.350,1,0,1,1
945.400,1,0,1,1
945.450,1,0,1,1
945.500,1,0,1,0
945.550,1,1,1,0
945.600,1,1,1,0
945.650,1,1,1,0
945.700,1,1,1,0
945.750,1,1,1,0
945.800,0,1,0,0
945.850,0,1,0,0
945.900,0,1,0,0
945.950,0,1,0,1
946.000,0,0,0,1
946.050,0,0,0,1
946.100,0,0,0,1
946.150,0,0,0,1
946.200,0,0,0,1
946.250,0,0,1,1
946.300,1,0,1,1
946.350,1,0,1,1
946.400,1,0,1,0
946.450,1,1,1,0
946.500,1,1,1,0
946.550,1,1,1,0
946.600,1,1,1,0
946.650,1,1,1,0
946.700,1,1,1,0
946.750,0,1,0,0
946.800,0,1,0,0
946.850,0,1,0,1
946.900,0,0,0,1
946.950,0,0,0,1
947.000,0,0,0,1
947.050,0,0,0,1
947.100,0,0,0,1
947.150,0,0,0,1
947.200,0,0,1,1
947.250,1,0,1,1
947.300,1,0,1,0
947.350,1,0,1,0
947.400,1,1,1,0
947.450,1,1,1,0
947.500,1,1,1,0
947.550,1,1,1,0
947.600,1,1,1,0
947.650,1,1,0,0
947.700,0,1,0,0
947.750,0,1,0,1
947.800,0,1,0,1
947.850,0,0,0,1
947.900,0,0,0,1
947.950,0,0,0,1
948.000,0,0,0,1
948.050,0,0,0,1
948.100,0,0,0,1
948.150,1,0,1,1
948.200,1,0,1,0
948.250,1,0,1,0
948.300,1,1,1,0
948.350,1,1,1,0
948.400,1,1,1,0
948.450,1,1,1,0
948.500,1,1,1,0
948.550,1,1,1,0
948.600,1,1,0,0
948.650,0,1,0,1
948.700,0,1,0,1
948.750,0,0,0,1
948.800,0,0,0,1
948.850,0,0,0,1
948.900,0,0,0,1
948.950,0,0,0,1
949.000,0,0,0,1
949.050,0,0,0,1
949.100,1,0,1,0
949.150,1,0,1,0
949.200,1,1,1,0
949.250,1,1,1,0
949.300,1,1,1,0
949.350,1,1,1,0
949.400,1,1,1,0
949.450,1,1,1,0
949.500,1,1,1,0
949.550,0,1,0,1
949.600,0,1,0,1
949.650,0,0,0,1
949.700,0,0,0,1
949.750,0,0,0,1
949.800,0,0,0,1
949.850,0,0,0,1
949.900,0,0,0,1
949.950,0,0,0,1
950.000,0,0,0,1
950.050,1,0,1,0
950.100,1,0,1,0
950.150,1,1,1,0
950.200,1,1,1,0
950.250,1,1,1,0
950.300,1,1,1,0
950.350,1,1,1,0
950.400,1,1,1,0
950.450,1,1,1,0
950.500,0,1,0,1
950.550,0,0,0,1
950.600,0,0,0,1
950.650,0,0,0,1
950.700,0,0,0,1
950.750,0,0,0,1
950.800,0,0,0,1
950.850,0,0,0,1
950.900,0,0,0,1
950.950,1,0,1,0
951.000,1,0,1,0
951.050,1,1,1,0
951.100,1,1,1,0
951.150,1,1,1,0
951.200,1,1,1,0
951.250,1,1,1,0
951.300,1,1,1,0
951.350,1,1,1,0
951.400,0,1,0,1
951.450,0,1,0,1
951.500,0,0,0,1
951.550,0,0,0,1
951.600,0,0,0,1
951.650,0,0,0,1
951.700,0,0,0,1
951.750,0,0,0,1
951.800,0,0,0,1
951.850,0,0,0,0
951.900,1,0,1,0
951.950,1,1,1,0
952.000,1,1,1,0
952.050,1,1,1,0
952.100,1,1,1,0
952.150,1,1,1,0
952.200,1,1,1,0
952.250,1,1,1,0
952.300,1,1,1,1
952.350,0,1,0,1
952.400,0,0,0,1
952.450,0,0,0,1
952.500,0,0,0,1
952.550,0,0,0,1
952.600,0,0,0,1
952.650,0,0,0,1
952.700,0,0,0,1
952.750,0,0,0,0
952.800,1,0,0,0
952.850,1,1,1,0
952.900,1,1,1,0
952.950,1,1,1,0
953.000,1,1,1,0
953.050,1,1,1,0
953.100,1,1,1,0
953.150,1,1,1,0
953.200,1,1,1,1
953.250,0,1,1,1
953.300,0,0,0,1
953.350,0,0,0,1
953.400,0,0,0,1
953.450,0,0,0,1
953.500,0,0,0,1
953.550,0,0,0,1
953.600,0,0,0,1
953.650,0,0,0,0
953.700,0,0,0,0
953.750,1,0,0,0
953.800,1,1,1,0
953.850,1,1,1,0
953.900,1,1,1,0
953.950,1,1,1,0
954.000,1,1,1,0
954.050,1,1,1,0
954.100,1,1,1,1
954.150,1,1,1,1
954.200,0,0,0,1
954.250,0,0,0,1
954.300,0,0,0,1
954.350,0,0,0,1
954.400,0,0,0,1
954.450,0,0,0,1
954.500,0,0,0,1
954.550,0,0,0,0
954.600,0,0,0,0
954.650,0,0,0,0
954.700,1,1,1,0
954.750,1,1,1,0
954.800,1,1,1,0
954.850,1,1,1,0
954.900,1,1,1,0
954.950,1,1,1,0
955.000,1,1,1,1
955.050,1,1,1,1
955.100,1,1,1,1
955.150,0,0,0,1
955.200,0,0,0,1
955.250,0,0,0,1
955.300,0,0,0,1
955.350,0,0,0,1
955.400,0,0,0,1
955.450,0,0,0,0
955.500,0,0,0,0
955.550,0,0,0,0
955.600,1,1,0,0
955.650,1,1,1,0
955.700,1,1,1,0
955.750,1,1,1,0
955.800,1,1,1,0
955.850,1,1,1,0
955.900,1,1,1,1
955.950,1,1,1,1
956.000,1,1,1,1
956.050,1,0,1,1
956.100,0,0,0,1
956.150,0,0,0,1
956.200,0,0,0,1
956.250,0,0,0,1
956.300,0,0,0,1
956.350,0,0,0,0
956.400,0,0,0,0
956.450,0,0,0,0
956.500,0,1,0,0
956.550,1,1,0,0
956.600,1,1,1,0
956.650,1,1,1,0
956.700,1,1,1,0
956.750,1,1,1,0
956.800,1,1,1,1
956.850,1,1,1,1
956.900,1,1,1,1
956.950,1,0,1,1
957.000,0,0,1,1
957.050,0,0,0,1
957.100,0,0,0,1
957.150,0,0,0,1
957.200,0,0,0,1
957.250,0,0,0,0
957.300,0,0,0,0
957.350,0,0,0,0
957.400,0,0,0,0
957.450,0,1,0,0
957.500,1,1,1,0
957.550,1,1,1,0
957.600,1,1,1,0
957.650,1,1,1,0
957.700,1,1,1,1
957.750,1,1,1,1
957.800,1,1,1,1
957.850,1,1,1,1
957.900,1,0,1,1
957.950,0,0,0,1
958.000,0,0,0,1
958.050,0,0,0,1
958.100,0,0,0,1
958.150,0,0,0,0
958.200,0,0,0,0
958.250,0,0,0,0
958.300,0,0,0,0
958.350,0,0,0,0
958.400,1,1,0,0
958.450,1,1,1,0
958.500,1,1,1,0
958.550,1,1,1,0
958.600,1,1,1,1
958.650,1,1,1,1
958.700,1,1,1,1
958.750,1,1,1,1
958.800,1,0,1,1
958.850,0,0,1,1
958.900,0,0,0,1
958.950,0,0,0,1
959.000,0,0,0,1
959.050,0,0,0,0
959.100,0,0,0,0
959.150,0,0,0,0
959.200,0,0,0,0
959.250,0,0,0,0
959.300,0,1,0,0
959.350,1,1,0,0
959.400,1,1,1,0
959.450,1,1,1,0
959.500,1,1,1,1
959.550,1,1,1,1
959.600,1,1,1,1
959.650,1,1,1,1
959.700,1,1,1,1
959.750,1,0,1,1
959.800,0,0,1,1
959.850,0,0,0,1
959.900,0,0,0,1
959.950,0,0,0,1
960.000,0,0,0,0
960.050,0,0,0,0
960.100,0,0,0,0
960.150,0,0,0,0
960.200,0,1,0,0
960.250,1,1,0,0
960.300,1,1,1,0
960.350,1,1,1,0
960.400,1,1,1,0
960.450,1,1,1,1
960.500,1,1,1,1
960.550,1,1,1,1
960.600,1,1,1,1
960.650,1,0,1,1
960.700,1,0,1,1
960.750,0,0,0,1
960.800,0,0,0,1
960.850,0,0,0,1
960.900,0,0,0,0
960.950,0,0,0,0
961.000,0,0,0,0
961.050,0,0,0,0
961.100,0,0,0,0
961.150,0,1,0,0
961.200,1,1,0,0
961.250,1,1,1,0
961.300,1,1,1,0
961.350,1,1,1,0
961.400,1,1,1,1
961.450,1,1,1,1
961.500,1,1,1,1
961.550,1,1,1,1
961.600,1,0,1,1
961.650,0,0,1,1
961.700,0,0,0,1
961.750,0,0,0,1
961.800,0,0,0,0
961.850,0,0,0,0
961.900,0,0,0,0
961.950,0,0,0,0
962.000,0,0,0,0
962.050,0,1,0,0
962.100,0,1,0,0
962.150,1,1,0,0
962.200,1,1,1,0
962.250,1,1,1,0
962.300,1,1,1,1
962.350,1,1,1,1
962.400,1,1,1,1
962.450,1,1,1,1
962.500,1,0,1,1
962.550,1,0,1,1
962.600,0,0,1,1
962.650,0,0,0,1
962.700,0,0,0,1
962.750,0,0,0,0
962.800,0,0,0,0
962.850,0,0,0,0
962.900,0,0,0,0
962.950,0,1,0,0
963.000,0,1,0,0
963.050,0,1,0,0
963.100,1,1,1,0
963.150,1,1,1,0
963.200,1,1,1,1
963.250,1,1,1,1
963.300,1,1,1,1
963.350,1,1,1,1
963.400,1,0,1,1
963.450,1,0,1,1
963.500,1,0,1,1
963.550,0,0,0,1
963.600,0,0,0,1
963.650,0,0,0,0
963.700,0,0,0,0
963.750,0,0,0,0
963.800,0,0,0,0
963.850,0,0,0,0
963.900,0,1,0,0
963.950,0,1,0,0
964.000,0,1,0,0
964.050,1,1,1,0
964.100,1,1,1,1
964.150,1,1,1,1
964.200,1,1,1,1
964.250,1,1,1,1
964.300,1,1,1,1
964.350,1,0,1,1
964.400,1,0,1,1
964.450,1,0,1,1
964.500,0,0,0,1
964.550,0,0,0,0
964.600,0,0,0,0
964.650,0,0,0,0
964.700,0,0,0,0
964.750,0,0,0,0
964.800,0,1,0,0
964.850,0,1,0,0
964.900,0,1,0,0
964.950,1,1,1,0
965.000,1,1,1,0
965.050,1,1,1,1
965.100,1,1,1,1
965.150,1,1,1,1
965.200,1,1,1,1
965.250,1,0,1,1
965.300,1,0,1,1
965.350,1,0,1,1
965.400,0,0,0,1
965.450,0,0,0,0
965.500,0,0,0,0
965.550,0,0,0,0
965.600,0,0,0,0
965.650,0,0,0,0
965.700,0,0,0,0
965.750,0,1,0,0
965.800,0,1,0,0
965.850,0,1,0,0
965.900,1,1,1,0
965.950,1,1,1,1
966.000,1,1,1,1
966.050,1,1,1,1
966.100,1,1,1,1
966.150,1,1,1,1
966.200,1,0,1,1
966.250,1,0,1,1
966.300,1,0,1,1
966.350,0,0,0,1
966.400,0,0,0,0
966.450,0,0,0,0
966.500,0,0,0,0
966.550,0,0,0,0
966.600,0,0,0,0
966.650,0,1,0,0
966.700,0,1,0,0
966.750,0,1,0,0
966.800,0,1,0,0
966.850,1,1,1,1
966.900,1,1,1,1
966.950,1,1,1,1
967.000,1,1,1,1
967.050,1,1,1,1
967.100,1,0,1,1
967.150,1,0,1,1
967.200,1,0,1,1
967.250,1,0,1,1
967.300,0,0,0,0
967.350,0,0,0,0
967.400,0,0,0,0
967.450,0,0,0,0
967.500,0,0,0,0
967.550,0,0,0,0
967.600,0,1,0,0
967.650,0,1,0,0
967.700,0,1,0,0
967.750,0,1,1,1
967.800,1,1,1,1
967.850,1,1,1,1
967.900,1,1,1,1
967.950,1,1,1,1
968.000,1,1,1,1
968.050,1,0,1,1
968.100,1,0,1,1
968.150,1,0,1,1
968.200,1,0,0,0
968.250,0,0,0,0
968.300,0,0,0,0
968.350,0,0,0,0
968.400,0,0,0,0
968.450,0,0,0,0
968.500,0,0,0,0
968.550,0,1,0,0
968.600,0,1,0,0
968.650,0,1,0,0
968.700,0,1,1,1
968.750,1,1,1,1
968.800,1,1,1,1
968.850,1,1,1,1
968.900,1,1,1,1
968.950,1,0,1,1
969.000,1,0,1,1
969.050,1,0,1,1
969.100,1,0,1,0
969.150,1,0,0,0
969.200,0,0,0,0
969.250,0,0,0,0
969.300,0,0,0,0
969.350,0,0,0,0
969.400,0,0,0,0
969.450,0,1,0,0
969.500,0,1,0,0
969.550,0,1,0,0
969.600,0,1,0,1
969.650,0,1,1,1
969.700,1,1,1,1
969.750,1,1,1,1
969.800,1,1,1,1
969.850,1,1,1,1
969.900,1,0,1,1
969.950,1,0,1,1
970.000,1,0,1,1
970.050,1,0,1,0
970.100,1,0,0,0
970.150,0,0,0,0
970.200,0,0,0,0
970.250,0,0,0,0
970.300,0,0,0,0
970.350,0,0,0,0
970.400,0,1,0,0
970.450,0,1,0,0
970.500,0,1,0,0
970.550,0,1,1,1
970.600,1,1,1,1
970.650,1,1,1,1
970.700,1,1,1,1
970.750,1,1,1,1
970.800,1,0,1,1
970.850,1,0,1,1
970.900,1,0,1,1
970.950,1,0,1,1
971.000,1,0,0,0
971.050,1,0,0,0
971.100,0,0,0,0
971.150,0,0,0,0
971.200,0,0,0,0
971.250,0,0,0,0
971.300,0,1,0,0
971.350,0,1,0,0
971.400,0,1,0,0
971.450,0,1,0,1
971.500,0,1,1,1
971.550,1,1,1,1
971.600,1,1,1,1
971.650,1,1,1,1
971.700,1,1,1,1
971.750,1,0,1,1
971.800,1,0,1,1
971.850,1,0,1,1
971.900,1,0,1,0
971.950,1,0,0,0
972.000,0,0,0,0
972.050,0,0,0,0
972.100,0,0,0,0
972.150,0,0,0,0
972.200,0,1,0,0
972.250,0,1,0,0
972.300,0,1,0,0
972.350,0,1,0,0
972.400,0,1,0,1
972.450,0,1,1,1
972.500,1,1,1,1
972.550,1,1,1,1
972.600,1,1,1,1
972.650,1,0,1,1
972.700,1,0,1,1
972.750,1,0,1,1
972.800,1,0,1,1
972.850,1,0,1,0
972.900,1,0,0,0
972.950,1,0,0,0
973.000,0,0,0,0
973.050,0,0,0,0
973.100,0,1,0,0
973.150,0,1,0,0
973.200,0,1,0,0
973.250,0,1,0,0
973.300,0,1,0,1
973.350,0,1,1,1
973.400,0,1,1,1
973.450,1,1,1,1
973.500,1,1,1,1
973.550,1,0,1,1
973.600,1,0,1,1
973.650,1,0,1,1
973.700,1,0,1,1
973.750,1,0,1,0
973.800,1,0,1,0
973.850,1,0,0,0
973.900,0,0,0,0
973.950,0,0,0,0
974.000,0,0,0,0
974.050,0,1,0,0
974.100,0,1,0,0
974.150,0,1,0,0
974.200,0,1,0,0
974.250,0,1,0,1
974.300,0,1,1,1
974.350,0,1,1,1
974.400,1,1,1,1
974.450,1,1,1,1
974.500,1,0,1,1
974.550,1,0,1,1
974.600,1,0,1,1
974.650,1,0,1,1
974.700,1,0,1,0
974.750,1,0,0,0
974.800,1,0,0,0
974.850,1,0,0,0
974.900,0,0,0,0
974.950,0,1,0,0
975.000,0,1,0,0
975.050,0,1,0,0
975.100,0,1,0,0
975.150,0,1,0,1
975.200,0,1,0,1
975.250,0,1,1,1
975.300,0,1,1,1
975.350,1,1,1,1
975.400,1,0,1,1
975.450,1,0,1,1
975.500,1,0,1,1
975.550,1,0,1,1
975.600,1,0,1,0
975.650,1,0,1,0
975.700,1,0,0,0
975.750,1,0,0,0
975.800,0,0,0,0
975.850,0,0,0,0
975.900,0,1,0,0
975.950,0,1,0,0
976.000,0,1,0,0
976.050,0,1,0,1
976.100,0,1,0,1
976.150,0,1,0,1
976.200,0,1,1,1
976.250,0,1,1,1
976.300,1,0,1,1
976.350,1,0,1,1
976.400,1,0,1,1
976.450,1,0,1,1
976.500,1,0,1,0
976.550,1,0,1,0
976.600,1,0,1,0
976.650,1,0,0,0
976.700,1,0,0,0
976.750,1,0,0,0
976.800,0,1,0,0
976.850,0,1,0,0
976.900,0,1,0,0
976.950,0,1,0,0
977.000,0,1,0,1
977.050,0,1,0,1
977.100,0,1,0,1
977.150,0,1,1,1
977.200,0,1,1,1
977.250,1,0,1,1
977.300,1,0,1,1
977.350,1,0,1,1
977.400,1,0,1,1
977.450,1,0,1,0
977.500,1,0,1,0
977.550,1,0,1,0
977.600,1,0,0,0
977.650,1,0,0,0
977.700,1,0,0,0
977.750,0,1,0,0
977.800,0,1,0,0
977.850,0,1,0,0
977.900,0,1,0,1
977.950,0,1,0,1
978.000,0,1,0,1
978.050,0,1,1,1
978.100,0,1,1,1
978.150,0,1,1,1
978.200,0,0,1,1
978.250,1,0,1,1
978.300,1,0,1,1
978.350,1,0,1,0
978.400,1,0,1,0
978.450,1,0,1,0
978.500,1,0,0,0
978.550,1,0,0,0
978.600,1,0,0,0
978.650,1,1,0,0
978.700,0,1,0,0
978.750,0,1,0,0
978.800,0,1,0,0
978.850,0,1,0,1
978.900,0,1,0,1
978.950,0,1,0,1
979.000,0,1,1,1
979.050,0,1,1,1
979.100,0,0,1,1
979.150,0,0,1,1
979.200,1,0,1,1
979.250,1,0,1,1
979.300,1,0,1,0
979.350,1,0,1,0
979.400,1,0,1,0
979.450,1,0,0,0
979.500,1,0,0,0
979.550,1,0,0,0
979.600,1,1,0,0
979.650,0,1,0,0
979.700,0,1,0,0
979.750,0,1,0,1
979.800,0,1,0,1
979.850,0,1,0,1
979.900,0,1,0,1
979.950,0,1,1,1
980.000,0,0,1,1
980.050,0,0,1,1
980.100,0,0,1,1
980.150,1,0,1,1
980.200,1,0,1,0
980.250,1,0,1,0
980.300,1,0,1,0
980.350,1,0,1,0
980.400,1,0,0,0
980.450,1,0,0,0
980.500,1,1,0,0
980.550,1,1,0,0
980.600,0,1,0,0
980.650,0,1,0,0
980.700,0,1,0,1
980.750,0,1,0,1
980.800,0,1,0,1
980.850,0,1,0,1
980.900,0,1,1,1
980.950,0,0,1,1
981.000,0,0,1,1
981.050,0,0,1,1
981.100,1,0,1,1
981.150,1,0,1,0
981.200,1,0,1,0
981.250,1,0,1,0
981.300,1,0,1,0
981.350,1,0,0,0
981.400,1,1,0,0
981.450,1,1,0,0
981.500,1,1,0,0
981.550,0,1,0,0
981.600,0,1,0,1
981.650,0,1,0,1
981.700,0,1,0,1
981.750,0,1,0,1
981.800,0,1,0,1
981.850,0,0,1,1
981.900,0,0,1,1
981.950,0,0,1,1
982.000,0,0,1,1
982.050,1,0,1,0
982.100,1,0,1,0
982.150,1,0,1,0
982.200,1,0,1,0
982.250,1,0,1,0
982.300,1,1,0,0
982.350,1,1,0,0
982.400,1,1,0,0
982.450,1,1,0,0
982.500,0,1,0,0
982.550,0,1,0,1
982.600,0,1,0,1
982.650,0,1,0,1
982.700,0,1,0,1
982.750,0,0,0,1
982.800,0,0,1,1
982.850,0,0,1,1
982.900,0,0,1,1
982.950,0,0,1,1
983.000,1,0,1,0
983.050,1,0,1,0
983.100,1,0,1,0
983.150,1,0,1,0
983.200,1,1,1,0
983.250,1,1,0,0
983.300,1,1,0,0
983.350,1,1,0,0
983.400,1,1,0,0
983.450,0,1,0,1
983.500,0,1,0,1
983.550,0,1,0,1
983.600,0,1,0,1
983.650,0,0,0,1
983.700,0,0,0,1
983.750,0,0,1,1
983.800,0,0,1,1
983.850,0,0,1,1
983.900,0,0,1,0
983.950,1,0,1,0
984.000,1,0,1,0
984.050,1,0,1,0
984.100,1,1,1,0
984.150,1,1,1,0
984.200,1,1,0,0
984.250,1,1,0,0
984.300,1,1,0,0
984.350,1,1,0,0
984.400,0,1,0,1
984.450,0,1,0,1
984.500,0,1,0,1
984.550,0,0,0,1
984.600,0,0,0,1
984.650,0,0,0,1
984.700,0,0,1,1
984.750,0,0,1,1
984.800,0,0,1,1
984.850,0,0,1,0
984.900,1,0,1,0
984.950,1,0,1,0
985.000,1,0,1,0
985.050,1,1,1,0
985.100,1,1,1,0
985.150,1,1,0,0
985.200,1,1,0,0
985.250,1,1,0,0
985.300,1,1,0,1
985.350,0,1,0,1
985.400,0,1,0,1
985.450,0,0,0,1
985.500,0,0,0,1
985.550,0,0,0,1
985.600,0,0,0,1
985.650,0,0,1,1
985.700,0,0,1,1
985.750,0,0,1,0
985.800,0,0,1,0
985.850,1,0,1,0
985.900,1,0,1,0
985.950,1,1,1,0
986.000,1,1,1,0
986.050,1,1,1,0
986.100,1,1,0,0
986.150,1,1,0,0
986.200,1,1,0,1
986.250,1,1,0,1
986.300,0,1,0,1
986.350,0,1,0,1
986.400,0,0,0,1
986.450,0,0,0,1
986.500,0,0,0,1
986.550,0,0,0,1
986.600,0,0,1,1
986.650,0,0,1,0
986.700,0,0,1,0
986.750,0,0,1,0
986.800,1,0,1,0
986.850,1,1,1,0
986.900,1,1,1,0
986.950,1,1,1,0
987.000,1,1,1,0
987.050,1,1,0,0
987.100,1,1,0,1
987.150,1,1,0,1
987.200,1,1,0,1
987.250,0,1,0,1
987.300,0,0,0,1
987.350,0,0,0,1
987.400,0,0,0,1
987.450,0,0,0,1
987.500,0,0,0,1
987.550,0,0,1,1
987.600,0,0,1,0
987.650,0,0,1,0
987.700,1,0,1,0
987.750,1,0,1,0
987.800,1,1,1,0
987.850,1,1,1,0
987.900,1,1,1,0
987.950,1,1,1,0
988.000,1,1,0,0
988.050,1,1,0,1
988.100,1,1,0,1
988.150,1,1,0,1
988.200,0,1,0,1
988.250,0,0,0,1
988.300,0,0,0,1
988.350,0,0,0,1
988.400,0,0,0,1
988.450,0,0,0,1
988.500,0,0,1,0
988.550,0,0,1,0
988.600,0,0,1,0
988.650,0,0,1,0
988.700,1,1,1,0
988.750,1,1,1,0
988.800,1,1,1,0
988.850,1,1,1,0
988.900,1,1,1,0
988.950,1,1,0,1
989.000,1,1,0,1
989.050,1,1,0,1
989.100,1,1,0,1
989.150,0,0,0,1
989.200,0,0,0,1
989.250,0,0,0,1
989.300,0,0,0,1
989.350,0,0,0,1
989.400,0,0,0,0
989.450,0,0,1,0
989.500,0,0,1,0
989.550,0,0,1,0
989.600,1,0,1,0
989.650,1,1,1,0
989.700,1,1,1,0
989.750,1,1,1,0
989.800,1,1,1,0
989.850,1,1,1,1
989.900,1,1,0,1
989.950,1,1,0,1
990.000,1,1,0,1
990.050,1,0,0,1
990.100,0,0,0,1
990.150,0,0,0,1
990.200,0,0,0,1
990.250,0,0,0,1
990.300,0,0,0,1
990.350,0,0,0,0
990.400,0,0,1,0
990.450,0,0,1,0
990.500,0,0,1,0
990.550,1,1,1,0
990.600,1,1,1,0
990.650,1,1,1,0
990.700,1,1,1,0
990.750,1,1,1,0
990.800,1,1,1,1
990.850,1,1,1,1
990.900,1,1,0,1
990.950,1,1,0,1
991.000,1,0,0,1
991.050,0,0,0,1
991.100,0,0,0,1
991.150,0,0,0,1
991.200,0,0,0,1
991.250,0,0,0,0
991.300,0,0,0,0
991.350,0,0,1,0
991.400,0,0,1,0
991.450,0,1,1,0
991.500,1,1,1,0
991.550,1,1,1,0
991.600,1,1,1,0
991.650,1,1,1,0
991.700,1,1,1,0
991.750,1,1,1,1
991.800,1,1,0,1
991.850,1,1,0,1
991.900,1,0,0,1
991.950,1,0,0,1
992.000,0,0,0,1
992.050,0,0,0,1
992.100,0,0,0,1
992.150,0,0,0,0
992.200,0,0,0,0
992.250,0,0,0,0
992.300,0,0,1,0
992.350,0,1,1,0
992.400,0,1,1,0
992.450,1,1,1,0
992.500,1,1,1,0
992.550,1,1,1,0
992.600,1,1,1,0
992.650,1,1,1,1
992.700,1,1,1,1
992.750,1,1,1,1
992.800,1,0,0,1
992.850,1,0,0,1
992.900,0,0,0,1
992.950,0,0,0,1
993.000,0,0,0,1
993.050,0,0,0,1
993.100,0,0,0,0
993.150,0,0,0,0
993.200,0,0,0,0
993.250,0,1,1,0
993.300,0,1,1,0
993.350,0,1,1,0
993.400,1,1,1,0
993.450,1,1,1,0
993.500,1,1,1,0
993.550,1,1,1,1
993.600,1,1,1,1
993.650,1,1,1,1
993.700,1,0,1,1
993.750,1,0,0,1
993.800,1,0,0,1
993.850,1,0,0,1
993.900,0,0,0,1
993.950,0,0,0,1
994.000,0,0,0,0
994.050,0,0,0,0
994.100,0,0,0,0
994.150,0,0,0,0
994.200,0,1,1,0
994.250,0,1,1,0
994.300,0,1,1,0
994.350,1,1,1,0
994.400,1,1,1,0
994.450,1,1,1,1
994.500,1,1,1,1
994.550,1,1,1,1
994.600,1,1,1,1
994.650,1,0,1,1
994.700,1,0,0,1
994.750,1,0,0,1
994.800,0,0,0,1
994.850,0,0,0,1
994.900,0,0,0,0
994.950,0,0,0,0
995.000,0,0,0,0
995.050,0,0,0,0
995.100,0,1,0,0
995.150,0,1,1,0
995.200,0,1,1,0
995.250,0,1,1,0
995.300,1,1,1,0
995.350,1,1,1,1
995.400,1,1,1,1
995.450,1,1,1,1
995.500,1,1,1,1
995.550,1,0,1,1
995.600,1,0,0,1
995.650,1,0,0,1
995.700,1,0,0,1
995.750,0,0,0,1
995.800,0,0,0,0
995.850,0,0,0,0
995.900,0,0,0,0
995.950,0,0,0,0
996.000,0,1,0,0
996.050,0,1,0,0
996.100,0,1,1,0
996.150,0,1,1,0
996.200,0,1,1,0
996.250,1,1,1,1
996.300,1,1,1,1
996.350,1,1,1,1
996.400,1,1,1,1
996.450,1,0,1,1
996.500,1,0,1,1
996.550,1,0,1,1
996.600,1,0,0,1
996.650,1,0,0,1
996.700,0,0,0,0
996.750,0,0,0,0
996.800,0,0,0,0
996.850,0,0,0,0
996.900,0,1,0,0
996.950,0,1,0,0
997.000,0,1,0,0
997.050,0,1,1,0
997.100,0,1,1,0
997.150,0,1,1,0
997.200,1,1,1,1
997.250,1,1,1,1
997.300,1,1,1,1
997.350,1,0,1,1
997.400,1,0,1,1
997.450,1,0,1,1
997.500,1,0,0,1
997.550,1,0,0,1
997.600,1,0,0,1
997.650,0,0,0,0
997.700,0,0,0,0
997.750,0,0,0,0
997.800,0,0,0,0
997.850,0,1,0,0
997.900,0,1,0,0
997.950,0,1,0,0
998.000,0,1,1,0
998.050,0,1,1,0
998.100,0,1,1,1
998.150,1,1,1,1
998.200,1,1,1,1
998.250,1,1,1,1
998.300,1,0,1,1
998.350,1,0,1,1
998.400,1,0,1,1
998.450,1,0,0,1
998.500,1,0,0,1
998.550,1,0,0,0
998.600,0,0,0,0
998.650,0,0,0,0
998.700,0,0,0,0
998.750,0,1,0,0
998.800,0,1,0,0
998.850,0,1,0,0
998.900,0,1,0,0
998.950,0,1,1,0
999.000,0,1,1,1
999.050,0,1,1,1
999.100,1,1,1,1
999.150,1,1,1,1
999.200,1,0,1,1
999.250,1,0,1,1
999.300,1,0,1,1
999.350,1,0,1,1
999.400,1,0,0,1
999.450,1,0,0,0
999.500,1,0,0,0
999.550,0,0,0,0
999.600,0,0,0,0
999.650,0,0,0,0
999.700,0,1,0,0
999.750,0,1,0,0
999.800,0,1,0,0
999.850,0,1,0,0
999.900,0,1,1,0
999.950,0,1,1,1
1000.000,1,0,1,0
1000.050,1,0,1,0
1000.100,1,0,1,0
1000.150,1,0,1,0
1000.200,1,0,1,0
1000.250,1,1,1,0
1000.300,1,1,1,1
1000.350,1,1,1,1
1000.400,0,1,0,1
1000.450,0,1,0,1
1000.500,0,1,0,1
1000.550,0,1,0,1
1000.600,0,1,0,1
1000.650,0,1,0,1
1000.700,0,0,0,1
1000.750,0,0,0,0
1000.800,0,0,0,0
1000.850,1,0,1,0
1000.900,1,0,1,0
1000.950,1,0,1,0
1001.000,1,0,1,0
1001.050,1,0,1,0
1001.100,1,0,1,0
1001.150,1,1,1,0
1001.200,1,1,1,1
1001.250,1,1,1,1
1001.300,1,1,0,1
1001.350,0,1,0,1
1001.400,0,1,0,1
1001.450,0,1,0,1
1001.500,0,1,0,1
1001.550,0,1,0,1
1001.600,0,0,0,1
1001.650,0,0,0,1
1001.700,0,0,0,0
1001.750,0,0,0,0
1001.800,1,0,1,0
1001.850,1,0,1,0
1001.900,1,0,1,0
1001.950,1,0,1,0
1002.000,1,0,1,0
1002.050,1,0,1,0
1002.100,1,1,1,0
1002.150,1,1,1,1
1002.200,1,1,1,1
1002.250,0,1,0,1
1002.300,0,1,0,1
1002.350,0,1,0,1
1002.400,0,1,0,1
1002.450,0,1,0,1
1002.500,0,1,0,1
1002.550,0,0,0,1
1002.600,0,0,0,0
1002.650,0,0,0,0
1002.700,0,0,0,0
1002.750,1,0,1,0
1002.800,1,0,1,0
1002.850,1,0,1,0
1002.900,1,0,1,0
1002.950,1,0,1,0
1003.000,1,1,1,0
1003.050,1,1,1,1
1003.100,1,1,1,1
1003.150,1,1,1,1
1003.200,0,1,0,1
1003.250,0,1,0,1
1003.300,0,1,0,1
1003.350,0,1,0,1
1003.400,0,1,0,1
1003.450,0,0,0,1
1003.500,0,0,0,0
1003.550,0,0,0,0
1003.600,0,0,0,0
1003.650,1,0,1,0
1003.700,1,0,1,0
1003.750,1,0,1,0
1003.800,1,0,1,0
1003.850,1,0,1,0
1003.900,1,0,1,0
1003.950,1,1,1,1
1004.000,1,1,1,1
1004.050,1,1,1,1
1004.100,0,1,1,1
1004.150,0,1,0,1
1004.200,0,1,0,1
1004.250,0,1,0,1
1004.300,0,1,0,1
1004.350,0,0,0,1
1004.400,0,0,0,1
1004.450,0,0,0,0
1004.500,0,0,0,0
1004.550,0,0,0,0
1004.600,1,0,1,0
1004.650,1,0,1,0
1004.700,1,0,1,0
1004.750,1,0,1,0
1004.800,1,0,1,0
1004.850,1,1,1,0
1004.900,1,1,1,1
1004.950,1,1,1,1
1005.000,1,1,1,1
1005.050,0,1,0,1
1005.100,0,1,0,1
1005.150,0,1,0,1
1005.200,0,1,0,1
1005.250,0,1,0,1
1005.300,0,0,0,1
1005.350,0,0,0,0
1005.400,0,0,0,0
1005.450,0,0,0,0
1005.500,0,0,0,0
1005.550,1,0,1,0
1005.600,1,0,1,0
1005.650,1,0,1,0
1005.700,1,0,1,0
1005.750,1,1,1,0
1005.800,1,1,1,0
1005.850,1,1,1,1
1005.900,1,1,1,1
1005.950,1,1,1,1
1006.000,0,1,0,1
1006.050,0,1,0,1
1006.100,0,1,0,1
1006.150,0,1,0,1
1006.200,0,0,0,1
1006.250,0,0,0,0
1006.300,0,0,0,0
1006.350,0,0,0,0
1006.400,0,0,0,0
1006.450,0,0,0,0
1006.500,1,0,1,0
1006.550,1,0,1,0
1006.600,1,0,1,0
1006.650,1,1,1,0
1006.700,1,1,1,0
1006.750,1,1,1,1
1006.800,1,1,1,1
1006.850,1,1,1,1
1006.900,1,1,1,1
1006.950,0,1,0,1
1007.000,0,1,0,1
1007.050,0,1,0,1
1007.100,0,0,0,1
1007.150,0,0,0,1
1007.200,0,0,0,0
1007.250,0,0,0,0
1007.300,0,0,0,0
1007.350,0,0,0,0
1007.400,1,0,1,0
1007.450,1,0,1,0
1007.500,1,0,1,0
1007.550,1,1,1,0
1007.600,1,1,1,0
1007.650,1,1,1,1
1007.700,1,1,1,1
1007.750,1,1,1,1
1007.800,1,1,1,1
1007.850,1,1,0,1
1007.900,0,1,0,1
1007.950,0,1,0,1
1008.000,0,0,0,1
1008.050,0,0,0,1
1008.100,0,0,0,0
1008.150,0,0,0,0
1008.200,0,0,0,0
1008.250,0,0,0,0
1008.300,0,0,0,0
1008.350,1,0,1,0
1008.400,1,0,1,0
1008.450,1,0,1,0
1008.500,1,1,1,0
1008.550,1,1,1,1
1008.600,1,1,1,1
1008.650,1,1,1,1
1008.700,1,1,1,1
1008.750,1,1,1,1
1008.800,1,1,0,1
1008.850,0,1,0,1
1008.900,0,1,0,1
1008.950,0,0,0,1
1009.000,0,0,0,0
1009.050,0,0,0,0
1009.100,0,0,0,0
1009.150,0,0,0,0
1009.200,0,0,0,0
1009.250,0,0,0,0
1009.300,1,0,1,0
1009.350,1,0,1,0
1009.400,1,1,1,0
1009.450,1,1,1,0
1009.500,1,1,1,1
1009.550,1,1,1,1
1009.600,1,1,1,1
1009.650,1,1,1,1
1009.700,1,1,1,1
1009.750,0,1,0,1
1009.800,0,1,0,1
1009.850,0,0,0,1
1009.900,0,0,0,0
1009.950,0,0,0,0
1010.000,0,0,0,0
1010.050,0,0,0,0
1010.100,0,0,0,0
1010.150,0,0,0,0
1010.200,0,0,0,0
1010.250,1,0,1,0
1010.300,1,1,1,0
1010.350,1,1,1,0
1010.400,1,1,1,1
1010.450,1,1,1,1
1010.500,1,1,1,1
1010.550,1,1,1,1
1010.600,1,1,1,1
1010.650,1,1,1,1
1010.700,0,1,0,1
1010.750,0,1,0,1
1010.800,0,0,0,1
1010.850,0,0,0,0
1010.900,0,0,0,0
1010.950,0,0,0,0
1011.000,0,0,0,0
1011.050,0,0,0,0
1011.100,0,0,0,0
1011.150,0,0,0,0
1011.200,1,0,1,0
1011.250,1,1,1,0
1011.300,1,1,1,1
1011.350,1,1,1,1
1011.400,1,1,1,1
1011.450,1,1,1,1
1011.500,1,1,1,1
1011.550,1,1,1,1
1011.600,1,1,1,1
1011.650,0,1,0,1
1011.700,0,0,0,1
1011.750,0,0,0,0
1011.800,0,0,0,0
1011.850,0,0,0,0
1011.900,0,0,0,0
1011.950,0,0,0,0
1012.000,0,0,0,0
1012.050,0,0,0,0
1012.100,0,0,0,0
1012.150,1,0,1,0
1012.200,1,1,1,1
1012.250,1,1,1,1
1012.300,1,1,1,1
1012.350,1,1,1,1
1012.400,1,1,1,1
1012.450,1,1,1,1
1012.500,1,1,1,1
1012.550,1,1,1,1
1012.600,0,0,0,1
1012.650,0,0,0,0
1012.700,0,0,0,0
1012.750,0,0,0,0
1012.800,0,0,0,0
1012.850,0,0,0,0
1012.900,0,0,0,0
1012.950,0,0,0,0
1013.000,0,0,0,0
1013.050,0,0,1,0
1013.100,1,1,1,0
1013.150,1,1,1,1
1013.200,1,1,1,1
1013.250,1,1,1,1
1013.300,1,1,1,1
1013.350,1,1,1,1
1013.400,1,1,1,1
1013.450,1,1,1,1
1013.500,1,1,1,1
1013.550,0,0,0,1
1013.600,0,0,0,0
1013.650,0,0,0,0
1013.700,0,0,0,0
1013.750,0,0,0,0
1013.800,0,0,0,0
1013.850,0,0,0,0
1013.900,0,0,0,0
1013.950,0,0,0,0
1014.000,0,1,0,0
1014.050,1,1,1,1
1014.100,1,1,1,1
1014.150,1,1,1,1
1014.200,1,1,1,1
1014.250,1,1,1,1
1014.300,1,1,1,1
1014.350,1,1,1,1
1014.400,1,1,1,1
1014.450,1,0,1,1
1014.500,0,0,0,0
1014.550,0,0,0,0
1014.600,0,0,0,0
1014.650,0,0,0,0
1014.700,0,0,0,0
1014.750,0,0,0,0
1014.800,0,0,0,0
1014.850,0,0,0,0
1014.900,0,1,0,0
1014.950,0,1,1,0
1015.000,1,1,1,1
1015.050,1,1,1,1
1015.100,1,1,1,1
1015.150,1,1,1,1
1015.200,1,1,1,1
1015.250,1,1,1,1
1015.300,1,1,1,1
1015.350,1,0,1,1
1015.400,1,0,1,1
1015.450,0,0,0,0
1015.500,0,0,0,0
1015.550,0,0,0,0
1015.600,0,0,0,0
1015.650,0,0,0,0
1015.700,0,0,0,0
1015.750,0,0,0,0
1015.800,0,1,0,0
1015.850,0,1,0,0
1015.900,0,1,0,1
1015.950,1,1,1,1
1016.000,1,1,1,1
1016.050,1,1,1,1
1016.100,1,1,1,1
1016.150,1,1,1,1
1016.200,1,1,1,1
1016.250,1,0,1,1
1016.300,1,0,1,1
1016.350,1,0,0,0
1016.400,0,0,0,0
1016.450,0,0,0,0
1016.500,0,0,0,0
1016.550,0,0,0,0
1016.600,0,0,0,0
1016.650,0,0,0,0
1016.700,0,0,0,0
1016.750,0,1,0,0
1016.800,0,1,0,1
1016.850,0,1,1,1
1016.900,1,1,1,1
1016.950,1,1,1,1
1017.000,1,1,1,1
1017.050,1,1,1,1
1017.100,1,1,1,1
1017.150,1,0,1,1
1017.200,1,0,1,1
1017.250,1,0,1,0
1017.300,1,0,1,0
1017.350,0,0,0,0
1017.400,0,0,0,0
1017.450,0,0,0,0
1017.500,0,0,0,0
1017.550,0,0,0,0
1017.600,0,0,0,0
1017.650,0,1,0,0
1017.700,0,1,0,0
1017.750,0,1,0,1
1017.800,0,1,1,1
1017.850,1,1,1,1
1017.900,1,1,1,1
1017.950,1,1,1,1
1018.000,1,1,1,1
1018.050,1,1,1,1
1018.100,1,0,1,1
1018.150,1,0,1,0
1018.200,1,0,1,0
1018.250,1,0,1,0
1018.300,0,0,0,0
1018.350,0,0,0,0
1018.400,0,0,0,0
1018.450,0,0,0,0
1018.500,0,0,0,0
1018.550,0,1,0,0
1018.600,0,1,0,0
1018.650,0,1,0,1
1018.700,0,1,0,1
1018.750,0,1,1,1
1018.800,1,1,1,1
1018.850,1,1,1,1
1018.900,1,1,1,1
1018.950,1,1,1,1
1019.000,1,0,1,1
1019.050,1,0,1,1
1019.100,1,0,1,0
1019.150,1,0,1,0
1019.200,1,0,1,0
1019.250,0,0,0,0
1019.300,0,0,0,0
1019.350,0,0,0,0
1019.400,0,0,0,0
1019.450,0,1,0,0
1019.500,0,1,0,0
1019.550,0,1,0,1
1019.600,0,1,0,1
1019.650,0,1,0,1
1019.700,0,1,0,1
1019.750,1,1,1,1
1019.800,1,1,1,1
1019.850,1,1,1,1
1019.900,1,0,1,1
1019.950,1,0,1,1
1020.000,1,0,1,0
1020.050,1,0,1,0
1020.100,1,0,1,0
1020.150,1,0,1,0
1020.200,0,0,0,0
1020.250,0,0,0,0
1020.300,0,0,0,0
1020.350,0,1,0,0
1020.400,0,1,0,0
1020.450,0,1,0,1
1020.500,0,1,0,1
1020.550,0,1,0,1
1020.600,0,1,0,1
1020.650,0,1,0,1
1020.700,1,1,1,1
1020.750,1,1,1,1
1020.800,1,1,1,1
1020.850,1,0,1,1
1020.900,1,0,1,0
1020.950,1,0,1,0
1021.000,1,0,1,0
1021.050,1,0,1,0
1021.100,1,0,1,0
1021.150,1,0,0,0
1021.200,0,0,0,0
1021.250,0,0,0,0
1021.300,0,1,0,0
1021.350,0,1,0,1
1021.400,0,1,0,1
1021.450,0,1,0,1
1021.500,0,1,0,1
1021.550,0,1,0,1
1021.600,0,1,0,1
1021.650,1,1,1,1
1021.700,1,1,1,1
1021.750,1,0,1,1
1021.800,1,0,1,0
1021.850,1,0,1,0
1021.900,1,0,1,0
1021.950,1,0,1,0
1022.000,1,0,1,0
1022.050,1,0,1,0
1022.100,1,0,0,0
1022.150,0,0,0,0
1022.200,0,1,0,0
1022.250,0,1,0,1
1022.300,0,1,0,1
1022.350,0,1,0,1
1022.400,0,1,0,1
1022.450,0,1,0,1
1022.500,0,1,0,1
1022.550,0,1,0,1
1022.600,1,1,1,1
1022.650,1,0,1,1
1022.700,1,0,1,0
1022.750,1,0,1,0
1022.800,1,0,1,0
1022.850,1,0,1,0
1022.900,1,0,1,0
1022.950,1,0,1,0
1023.000,1,0,1,0
1023.050,0,0,0,0
1023.100,0,0,0,0
1023.150,0,1,0,0
1023.200,0,1,0,1
1023.250,0,1,0,1
1023.300,0,1,0,1
1023.350,0,1,0,1
1023.400,0,1,0,1
1023.450,0,1,0,1
1023.500,0,1,0,1
1023.550,1,1,1,1
1023.600,1,0,1,0
1023.650,1,0,1,0
1023.700,1,0,1,0
1023.750,1,0,1,0
1023.800,1,0,1,0
1023.850,1,0,1,0
1023.900,1,0,1,0
1023.950,1,0,1,0
1024.000,1,0,0,0
1024.050,0,1,0,0
1024.100,0,1,0,1
1024.150,0,1,0,1
1024.200,0,1,0,1
1024.250,0,1,0,1
1024.300,0,1,0,1
1024.350,0,1,0,1
1024.400,0,1,0,1
1024.450,0,1,0,1
1024.500,1,0,1,1
1024.550,1,0,1,0
1024.600,1,0,1,0
1024.650,1,0,1,0
1024.700,1,0,1,0
1024.750,1,0,1,0
1024.800,1,0,1,0
1024.850,1,0,1,0
1024.900,1,0,1,0
1024.950,1,1,0,0
1025.000,0,1,0,1
1025.050,0,1,0,1
1025.100,0,1,0,1
1025.150,0,1,0,1
1025.200,0,1,0,1
1025.250,0,1,0,1
1025.300,0,1,0,1
1025.350,0,1,0,1
1025.400,0,0,0,1
1025.450,1,0,1,0
1025.500,1,0,1,0
1025.550,1,0,1,0
1025.600,1,0,1,0
1025.650,1,0,1,0
1025.700,1,0,1,0
1025.750,1,0,1,0
1025.800,1,0,1,0
1025.850,1,1,1,0
1025.900,1,1,0,0
1025.950,0,1,0,1
1026.000,0,1,0,1
1026.050,0,1,0,1
1026.100,0,1,0,1
1026.150,0,1,0,1
1026.200,0,1,0,1
1026.250,0,1,0,1
1026.300,0,0,0,1
1026.350,0,0,0,1
1026.400,0,0,1,0
1026.450,1,0,1,0
1026.500,1,0,1,0
1026.550,1,0,1,0
1026.600,1,0,1,0
1026.650,1,0,1,0
1026.700,1,0,1,0
1026.750,1,0,1,0
1026.800,1,1,1,0
1026.850,1,1,0,1
1026.900,0,1,0,1
1026.950,0,1,0,1
1027.000,0,1,0,1
1027.050,0,1,0,1
1027.100,0,1,0,1
1027.150,0,1,0,1
1027.200,0,0,0,1
1027.250,0,0,0,1
1027.300,0,0,0,0
1027.350,0,0,1,0
1027.400,1,0,1,0
1027.450,1,0,1,0
1027.500,1,0,1,0
1027.550,1,0,1,0
1027.600,1,0,1,0
1027.650,1,0,1,0
1027.700,1,1,1,0
1027.750,1,1,1,0
1027.800,1,1,0,1
1027.850,0,1,0,1
1027.900,0,1,0,1
1027.950,0,1,0,1
1028.000,0,1,0,1
1028.050,0,1,0,1
1028.100,0,1,0,1
1028.150,0,0,0,1
1028.200,0,0,0,0
1028.250,0,0,0,0
1028.300,0,0,1,0
1028.350,1,0,1,0
1028.400,1,0,1,0
1028.450,1,0,1,0
1028.500,1,0,1,0
1028.550,1,0,1,0
1028.600,1,1,1,0
1028.650,1,1,1,0
1028.700,1,1,1,1
1028.750,1,1,0,1
1028.800,0,1,0,1
1028.850,0,1,0,1
1028.900,0,1,0,1
1028.950,0,1,0,1
1029.000,0,1,0,1
1029.050,0,0,0,1
1029.100,0,0,0,1
1029.150,0,0,0,0
1029.200,0,0,0,0
1029.250,0,0,1,0
1029.300,1,0,1,0
1029.350,1,0,1,0
1029.400,1,0,1,0
1029.450,1,0,1,0
1029.500,1,1,1,0
1029.550,1,1,1,0
1029.600,1,1,1,1
1029.650,1,1,1,1
1029.700,1,1,0,1
1029.750,0,1,0,1
1029.800,0,1,0,1
1029.850,0,1,0,1
1029.900,0,1,0,1
1029.950,0,0,0,1
1030.000,0,0,0,1
1030.050,0,0,0,0
1030.100,0,0,0,0
1030.150,0,0,0,0
1030.200,0,0,1,0
1030.250,1,0,1,0
1030.300,1,0,1,0
1030.350,1,0,1,0
1030.400,1,1,1,0
1030.450,1,1,1,0
1030.500,1,1,1,1
1030.550,1,1,1,1
1030.600,1,1,1,1
1030.650,1,1,0,1
1030.700,0,1,0,1
1030.750,0,1,0,1
1030.800,0,1,0,1
1030.850,0,1,0,1
1030.900,0,0,0,1
1030.950,0,0,0,0
1031.000,0,0,0,0
1031.050,0,0,0,0
1031.100,0,0,0,0
1031.150,0,0,1,0
1031.200,1,0,1,0
1031.250,1,0,1,0
1031.300,1,0,1,0
1031.350,1,1,1,0
1031.400,1,1,1,1
1031.450,1,1,1,1
1031.500,1,1,1,1
1031.550,1,1,1,1
1031.600,1,1,1,1
1031.650,0,1,0,1
1031.700,0,1,0,1
1031.750,0,1,0,1
1031.800,0,0,0,1
1031.850,0,0,0,0
1031.900,0,0,0,0
1031.950,0,0,0,0
1032.000,0,0,0,0
1032.050,0,0,0,0
1032.100,0,0,1,0
1032.150,1,0,1,0
1032.200,1,0,1,0
1032.250,1,0,1,0
1032.300,1,1,1,1
1032.350,1,1,1,1
1032.400,1,1,1,1
1032.450,1,1,1,1
1032.500,1,1,1,1
1032.550,1,1,1,1
1032.600,0,1,0,1
1032.650,0,1,0,1
1032.700,0,0,0,1
1032.750,0,0,0,0
1032.800,0,0,0,0
1032.850,0,0,0,0
1032.900,0,0,0,0
1032.950,0,0,0,0
1033.000,0,0,0,0
1033.050,0,0,1,0
1033.100,1,0,1,0
1033.150,1,0,1,0
1033.200,1,1,1,0
1033.250,1,1,1,1
1033.300,1,1,1,1
1033.350,1,1,1,1
1033.400,1,1,1,1
1033.450,1,1,1,1
1033.500,1,1,0,1
1033.550,0,1,0,1
1033.600,0,1,0,1
1033.650,0,0,0,0
1033.700,0,0,0,0
1033.750,0,0,0,0
1033.800,0,0,0,0
1033.850,0,0,0,0
1033.900,0,0,0,0
1033.950,0,0,0,0
1034.000,0,0,1,0
1034.050,1,0,1,0
1034.100,1,1,1,0
1034.150,1,1,1,1
1034.200,1,1,1,1
1034.250,1,1,1,1
1034.300,1,1,1,1
1034.350,1,1,1,1
1034.400,1,1,1,1
1034.450,1,1,1,1
1034.500,0,1,0,1
1034.550,0,0,0,1
1034.600,0,0,0,0
1034.650,0,0,0,0
1034.700,0,0,0,0
1034.750,0,0,0,0
1034.800,0,0,0,0
1034.850,0,0,0,0
1034.900,0,0,0,0
1034.950,1,0,1,0
1035.000,1,1,1,0
1035.050,1,1,1,1
1035.100,1,1,1,1
1035.150,1,1,1,1
1035.200,1,1,1,1
1035.250,1,1,1,1
1035.300,1,1,1,1
1035.350,1,1,1,1
1035.400,1,1,1,1
1035.450,0,0,0,1
1035.500,0,0,0,1
1035.550,0,0,0,0
1035.600,0,0,0,0
1035.650,0,0,0,0
1035.700,0,0,0,0
1035.750,0,0,0,0
1035.800,0,0,0,0
1035.850,0,0,0,0
1035.900,0,1,1,0
1035.950,1,1,1,0
1036.000,1,1,1,1
1036.050,1,1,1,1
1036.100,1,1,1,1
1036.150,1,1,1,1
1036.200,1,1,1,1
1036.250,1,1,1,1
1036.300,1,1,1,1
1036.350,1,0,1,1
1036.400,0,0,0,1
1036.450,0,0,0,0
1036.500,0,0,0,0
1036.550,0,0,0,0
1036.600,0,0,0,0
1036.650,0,0,0,0
1036.700,0,0,0,0
1036.750,0,0,0,0
1036.800,0,0,0,0
1036.850,1,1,1,0
1036.900,1,1,1,1
1036.950,1,1,1,1
1037.000,1,1,1,1
1037.050,1,1,1,1
1037.100,1,1,1,1
1037.150,1,1,1,1
1037.200,1,1,1,1
1037.250,1,0,1,1
1037.300,1,0,0,1
1037.350,0,0,0,0
1037.400,0,0,0,0
1037.450,0,0,0,0
1037.500,0,0,0,0
1037.550,0,0,0,0
1037.600,0,0,0,0
1037.650,0,0,0,0
1037.700,0,0,0,0
1037.750,0,1,0,0
1037.800,1,1,1,0
1037.850,1,1,1,1
1037.900,1,1,1,1
1037.950,1,1,1,1
1038.000,1,1,1,1
1038.050,1,1,1,1
1038.100,1,1,1,1
1038.150,1,1,1,1
1038.200,1,0,1,1
1038.250,1,0,0,0
1038.300,0,0,0,0
1038.350,0,0,0,0
1038.400,0,0,0,0
1038.450,0,0,0,0
1038.500,0,0,0,0
1038.550,0,0,0,0
1038.600,0,0,0,0
1038.650,0,1,0,0
1038.700,0,1,0,0
1038.750,1,1,1,1
1038.800,1,1,1,1
1038.850,1,1,1,1
1038.900,1,1,1,1
1038.950,1,1,1,1
1039.000,1,1,1,1
1039.050,1,1,1,1
1039.100,1,0,1,1
1039.150,1,0,1,1
1039.200,1,0,0,0
1039.250,0,0,0,0
1039.300,0,0,0,0
1039.350,0,0,0,0
1039.400,0,0,0,0
1039.450,0,0,0,0
1039.500,0,0,0,0
1039.550,0,1,0,0
1039.600,0,1,0,0
1039.650,0,1,0,1
1039.700,1,1,1,1
1039.750,1,1,1,1
1039.800,1,1,1,1
1039.850,1,1,1,1
1039.900,1,1,1,1
1039.950,1,1,1,1
1040.000,1,0,1,1
1040.050,1,0,1,1
1040.100,1,0,1,0
1040.150,0,0,0,0
1040.200,0,0,0,0
1040.250,0,0,0,0
1040.300,0,0,0,0
1040.350,0,0,0,0
1040.400,0,0,0,0
1040.450,0,1,0,0
1040.500,0,1,0,0
1040.550,0,1,0,1
1040.600,0,1,0,1
1040.650,1,1,1,1
1040.700,1,1,1,1
1040.750,1,1,1,1
1040.800,1,1,1,1
1040.850,1,1,1,1
1040.900,1,1,1,1
1040.950,1,0,1,1
1041.000,1,0,1,0
1041.050,1,0,1,0
1041.100,0,0,0,0
1041.150,0,0,0,0
1041.200,0,0,0,0
1041.250,0,0,0,0
1041.300,0,0,0,0
1041.350,0,0,0,0
1041.400,0,1,0,0
1041.450,0,1,0,1
1041.500,0,1,0,1
1041.550,0,1,0,1
1041.600,1,1,1,1
1041.650,1,1,1,1
1041.700,1,1,1,1
1041.750,1,1,1,1
1041.800,1,1,1,1
1041.850,1,0,1,1
1041.900,1,0,1,0
1041.950,1,0,1,0
1042.000,1,0,1,0
1042.050,0,0,0,0
1042.100,0,0,0,0
1042.150,0,0,0,0
1042.200,0,0,0,0
1042.250,0,0,0,0
1042.300,0,1,0,0
1042.350,0,1,0,1
1042.400,0,1,0,1
1042.450,0,1,0,1
1042.500,0,1,0,1
1042.550,1,1,1,1
1042.600,1,1,1,1
1042.650,1,1,1,1
1042.700,1,1,1,1
1042.750,1,0,1,1
1042.800,1,0,1,0
1042.850,1,0,1,0
1042.900,1,0,1,0
1042.950,1,0,1,0
1043.000,0,0,0,0
1043.050,0,0,0,0
1043.100,0,0,0,0
1043.150,0,0,0,0
1043.200,0,0,0,0
1043.250,0,1,0,0
1043.300,0,1,0,1
1043.350,0,1,0,1
1043.400,0,1,0,1
1043.450,0,1,1,1
1043.500,1,1,1,1
1043.550,1,1,1,1
1043.600,1,1,1,1
1043.650,1,0,1,1
1043.700,1,0,1,0
1043.750,1,0,1,0
1043.800,1,0,1,0
1043.850,1,0,1,0
1043.900,1,0,1,0
1043.950,0,0,0,0
1044.000,0,0,0,0
1044.050,0,0,0,0
1044.100,0,0,0,0
1044.150,0,1,0,0
1044.200,0,1,0,1
1044.250,0,1,0,1
1044.300,0,1,0,1
1044.350,0,1,0,1
1044.400,1,1,1,1
1044.450,1,1,1,1
1044.500,1,1,1,1
1044.550,1,0,1,1
1044.600,1,0,1,1
1044.650,1,0,1,0
1044.700,1,0,1,0
1044.750,1,0,1,0
1044.800,1,0,1,0
1044.850,0,0,0,0
1044.900,0,0,0,0
1044.950,0,0,0,0
1045.000,0,0,0,0
1045.050,0,1,0,0
1045.100,0,1,0,1
1045.150,0,1,0,1
1045.200,0,1,0,1
1045.250,0,1,0,1
1045.300,0,1,0,1
1045.350,1,1,1,1
1045.400,1,1,1,1
1045.450,1,1,1,1
1045.500,1,0,1,1
1045.550,1,0,1,0
1045.600,1,0,1,0
1045.650,1,0,1,0
1045.700,1,0,1,0
1045.750,1,0,1,0
1045.800,0,0,0,0
1045.850,0,0,0,0
1045.900,0,0,0,0
1045.950,0,1,0,0
1046.000,0,1,0,0
1046.050,0,1,0,1
1046.100,0,1,0,1
1046.150,0,1,0,1
1046.200,0,1,0,1
1046.250,0,1,0,1
1046.300,1,1,1,1
1046.350,1,1,1,1
1046.400,1,0,1,1
1046.450,1,0,1,0
1046.500,1,0,1,0
1046.550,1,0,1,0
1046.600,1,0,1,0
1046.650,1,0,1,0
1046.700,1,0,1,0
1046.750,0,0,0,0
1046.800,0,0,0,0
1046.850,0,1,0,0
1046.900,0,1,0,0
1046.950,0,1,0,1
1047.000,0,1,0,1
1047.050,0,1,0,1
1047.100,0,1,0,1
1047.150,0,1,0,1
1047.200,1,1,0,1
1047.250,1,1,1,1
1047.300,1,0,1,1
1047.350,1,0,1,1
1047.400,1,0,1,0
1047.450,1,0,1,0
1047.500,1,0,1,0
1047.550,1,0,1,0
1047.600,1,0,1,0
1047.650,0,0,0,0
1047.700,0,0,0,0
1047.750,0,1,0,0
1047.800,0,1,0,0
1047.850,0,1,0,1
1047.900,0,1,0,1
1047.950,0,1,0,1
1048.000,0,1,0,1
1048.050,0,1,0,1
1048.100,0,1,0,1
1048.150,1,1,1,1
1048.200,1,0,1,1
1048.250,1,0,1,1
1048.300,1,0,1,0
1048.350,1,0,1,0
1048.400,1,0,1,0
1048.450,1,0,1,0
1048.500,1,0,1,0
1048.550,1,0,1,0
1048.600,0,0,0,0
1048.650,0,1,0,0
1048.700,0,1,0,0
1048.750,0,1,0,1
1048.800,0,1,0,1
1048.850,0,1,0,1
1048.900,0,1,0,1
1048.950,0,1,0,1
1049.000,0,1,0,1
1049.050,0,1,0,1
1049.100,1,0,1,1
1049.150,1,0,1,1
1049.200,1,0,1,0
1049.250,1,0,1,0
1049.300,1,0,1,0
1049.350,1,0,1,0
1049.400,1,0,1,0
1049.450,1,0,1,0
1049.500,1,0,1,0
1049.550,0,1,0,0
1049.600,0,1,0,0
1049.650,0,1,0,1
1049.700,0,1,0,1
1049.750,0,1,0,1
1049.800,0,1,0,1
1049.850,0,1,0,1
1049.900,0,1,0,1
1049.950,0,1,0,1
1050.000,0,0,0,1
1050.050,1,0,1,1
1050.100,1,0,1,0
1050.150,1,0,1,0
1050.200,1,0,1,0
1050.250,1,0,1,0
1050.300,1,0,1,0
1050.350,1,0,1,0
1050.400,1,0,1,0
1050.450,1,0,1,0
1050.500,0,1,0,0
1050.550,0,1,0,1
1050.600,0,1,0,1
1050.650,0,1,0,1
1050.700,0,1,0,1
1050.750,0,1,0,1
1050.800,0,1,0,1
1050.850,0,1,0,1
1050.900,0,1,0,1
1050.950,1,0,1,1
1051.000,1,0,1,0
1051.050,1,0,1,0
1051.100,1,0,1,0
1051.150,1,0,1,0
1051.200,1,0,1,0
1051.250,1,0,1,0
1051.300,1,0,1,0
1051.350,1,0,1,0
1051.400,0,1,0,0
1051.450,0,1,0,1
1051.500,0,1,0,1
1051.550,0,1,0,1
1051.600,0,1,0,1
1051.650,0,1,0,1
1051.700,0,1,0,1
1051.750,0,1,0,1
1051.800,0,1,0,1
1051.850,0,0,0,1
1051.900,1,0,1,0
1051.950,1,0,1,0
1052.000,1,0,1,0
1052.050,1,0,1,0
1052.100,1,0,1,0
1052.150,1,0,1,0
1052.200,1,0,1,0
1052.250,1,0,1,0
1052.300,1,0,1,0
1052.350,0,1,0,1
1052.400,0,1,0,1
1052.450,0,1,0,1
1052.500,0,1,0,1
1052.550,0,1,0,1
1052.600,0,1,0,1
1052.650,0,1,0,1
1052.700,0,1,0,1
1052.750,0,0,0,1
1052.800,1,0,1,0
1052.850,1,0,1,0
1052.900,1,0,1,0
1052.950,1,0,1,0
1053.000,1,0,1,0
1053.050,1,0,1,0
1053.100,1,0,1,0
1053.150,1,0,1,0
1053.200,1,0,1,0
1053.250,1,1,1,0
1053.300,0,1,0,1
1053.350,0,1,0,1
1053.400,0,1,0,1
1053.450,0,1,0,1
1053.500,0,1,0,1
1053.550,0,1,0,1
1053.600,0,1,0,1
1053.650,0,1,0,1
1053.700,0,0,0,1
1053.750,1,0,1,0
1053.800,1,0,1,0
1053.850,1,0,1,0
1053.900,1,0,1,0
1053.950,1,0,1,0
1054.000,1,0,1,0
1054.050,1,0,1,0
1054.100,1,0,1,0
1054.150,1,0,1,0
1054.200,0,1,0,1
1054.250,0,1,0,1
1054.300,0,1,0,1
1054.350,0,1,0,1
1054.400,0,1,0,1
1054.450,0,1,0,1
1054.500,0,1,0,1
1054.550,0,1,0,1
1054.600,0,0,0,1
1054.650,0,0,0,0
1054.700,1,0,1,0
1054.750,1,0,1,0
1054.800,1,0,1,0
1054.850,1,0,1,0
1054.900,1,0,1,0
1054.950,1,0,1,0
1055.000,1,0,1,0
1055.050,1,0,1,0
1055.100,1,1,1,0
1055.150,0,1,0,1
1055.200,0,1,0,1
1055.250,0,1,0,1
1055.300,0,1,0,1
1055.350,0,1,0,1
1055.400,0,1,0,1
1055.450,0,1,0,1
1055.500,0,1,0,1
1055.550,0,0,0,1
1055.600,1,0,0,0
1055.650,1,0,1,0
1055.700,1,0,1,0
1055.750,1,0,1,0
1055.800,1,0,1,0
1055.850,1,0,1,0
1055.900,1,0,1,0
1055.950,1,0,1,0
1056.000,1,1,1,0
1056.050,0,1,1,0
1056.100,0,1,0,1
1056.150,0,1,0,1
1056.200,0,1,0,1
1056.250,0,1,0,1
1056.300,0,1,0,1
1056.350,0,1,0,1
1056.400,0,1,0,1
1056.450,0,0,0,1
1056.500,0,0,0,0
1056.550,1,0,1,0
1056.600,1,0,1,0
1056.650,1,0,1,0
1056.700,1,0,1,0
1056.750,1,0,1,0
1056.800,1,0,1,0
1056.850,1,0,1,0
1056.900,1,1,1,0
1056.950,1,1,1,0
1057.000,0,1,0,1
1057.050,0,1,0,1
1057.100,0,1,0,1
1057.150,0,1,0,1
1057.200,0,1,0,1
1057.250,0,1,0,1
1057.300,0,1,0,1
1057.350,0,0,0,1
1057.400,0,0,0,1
1057.450,0,0,0,0
1057.500,1,0,1,0
1057.550,1,0,1,0
1057.600,1,0,1,0
1057.650,1,0,1,0
1057.700,1,0,1,0
1057.750,1,0,1,0
1057.800,1,0,1,0
1057.850,1,1,1,0
1057.900,1,1,1,1
1057.950,0,1,0,1
1058.000,0,1,0,1
1058.050,0,1,0,1
1058.100,0,1,0,1
1058.150,0,1,0,1
1058.200,0,1,0,1
1058.250,0,1,0,1
1058.300,0,0,0,1
1058.350,0,0,0,0
1058.400,0,0,1,0
1058.450,1,0,1,0
1058.500,1,0,1,0
1058.550,1,0,1,0
1058.600,1,0,1,0
1058.650,1,0,1,0
1058.700,1,0,1,0
1058.750,1,1,1,0
1058.800,1,1,1,0
1058.850,1,1,1,1
1058.900,0,1,0,1
1058.950,0,1,0,1
1059.000,0,1,0,1
1059.050,0,1,0,1
1059.100,0,1,0,1
1059.150,0,1,0,1
1059.200,0,0,0,1
1059.250,0,0,0,1
1059.300,0,0,0,0
1059.350,1,0,1,0
1059.400,1,0,1,0
1059.450,1,0,1,0
1059.500,1,0,1,0
1059.550,1,0,1,0
1059.600,1,0,1,0
1059.650,1,0,1,0
1059.700,1,1,1,0
1059.750,1,1,1,1
1059.800,0,1,0,1
1059.850,0,1,0,1
1059.900,0,1,0,1
1059.950,0,1,0,1
1060.000,0,1,0,1
1060.050,0,1,0,1
1060.100,0,1,0,1
1060.150,0,0,0,1
1060.200,0,0,0,0
1060.250,0,0,0,0
1060.300,1,0,1,0
1060.350,1,0,1,0
1060.400,1,0,1,0
1060.450,1,0,1,0
1060.500,1,0,1,0
1060.550,1,0,1,0
1060.600,1,1,1,0
1060.650,1,1,1,1
1060.700,1,1,1,1
1060.750,0,1,0,1
1060.800,0,1,0,1
1060.850,0,1,0,1
1060.900,0,1,0,1
1060.950,0,1,0,1
1061.000,0,1,0,1
1061.050,0,1,0,1
1061.100,0,0,0,1
1061.150,0,0,0,0
1061.200,0,0,0,0
1061.250,1,0,1,0
1061.300,1,0,1,0
1061.350,1,0,1,0
1061.400,1,0,1,0
1061.450,1,0,1,0
1061.500,1,0,1,0
1061.550,1,1,1,0
1061.600,1,1,1,1
1061.650,1,1,1,1
1061.700,0,1,0,1
1061.750,0,1,0,1
1061.800,0,1,0,1
1061.850,0,1,0,1
1061.900,0,1,0,1
1061.950,0,1,0,1
1062.000,0,1,0,1
1062.050,0,0,0,0
1062.100,0,0,0,0
1062.150,1,0,1,0
1062.200,1,0,1,0
1062.250,1,0,1,0
1062.300,1,0,1,0
1062.350,1,0,1,0
1062.400,1,0,1,0
1062.450,1,0,1,0
1062.500,1,1,1,0
1062.550,1,1,1,1
1062.600,1,1,0,1
1062.650,0,1,0,1
1062.700,0,1,0,1
1062.750,0,1,0,1
1062.800,0,1,0,1
1062.850,0,1,0,1
1062.900,0,1,0,1
1062.950,0,0,0,1
1063.000,0,0,0,0
1063.050,0,0,0,0
1063.100,1,0,1,0
1063.150,1,0,1,0
1063.200,1,0,1,0
1063.250,1,0,1,0
1063.300,1,0,1,0
1063.350,1,0,1,0
1063.400,1,0,1,0
1063.450,1,1,1,1
1063.500,1,1,1,1
1063.550,0,1,0,1
1063.600,0,1,0,1
1063.650,0,1,0,1
1063.700,0,1,0,1
1063.750,0,1,0,1
1063.800,0,1,0,1
1063.850,0,1,0,1
1063.900,0,0,0,0
1063.950,0,0,0,0
1064.000,0,0,0,0
1064.050,1,0,1,0
1064.100,1,0,1,0
1064.150,1,0,1,0
1064.200,1,0,1,0
1064.250,1,0,1,0
1064.300,1,0,1,0
1064.350,1,0,1,0
1064.400,1,1,1,1
1064.450,1,1,1,1
1064.500,0,1,0,1
1064.550,0,1,0,1
1064.600,0,1,0,1
1064.650,0,1,0,1
1064.700,0,1,0,1
1064.750,0,1,0,1
1064.800,0,1,0,1
1064.850,0,0,0,1
1064.900,0,0,0,0
1064.950,0,0,1,0
1065.000,1,0,1,0
1065.050,1,0,1,0
1065.100,1,0,1,0
1065.150,1,0,1,0
1065.200,1,0,1,0
1065.250,1,0,1,0
1065.300,1,0,1,0
1065.350,1,1,1,1
1065.400,1,1,1,1
1065.450,0,1,0,1
1065.500,0,1,0,1
1065.550,0,1,0,1
1065.600,0,1,0,1
1065.650,0,1,0,1
1065.700,0,1,0,1
1065.750,0,1,0,1
1065.800,0,0,0,1
1065.850,0,0,0,0
1065.900,1,0,1,0
1065.950,1,0,1,0
1066.000,1,0,1,0
1066.050,1,0,1,0
1066.100,1,0,1,0
1066.150,1,0,1,0
1066.200,1,0,1,0
1066.250,1,0,1,0
1066.300,1,1,1,1
1066.350,0,1,0,1
1066.400,0,1,0,1
1066.450,0,1,0,1
1066.500,0,1,0,1
1066.550,0,1,0,1
1066.600,0,1,0,1
1066.650,0,1,0,1
1066.700,0,0,0,1
1066.750,0,0,0,0
1066.800,0,0,0,0
1066.850,1,0,1,0
1066.900,1,0,1,0
1066.950,1,0,1,0
1067.000,1,0,1,0
1067.050,1,0,1,0
1067.100,1,0,1,0
1067.150,1,0,1,0
1067.200,1,1,1,0
1067.250,1,1,1,1
1067.300,0,1,0,1
1067.350,0,1,0,1
1067.400,0,1,0,1
1067.450,0,1,0,1
1067.500,0,1,0,1
1067.550,0,1,0,1
1067.600,0,1,0,1
1067.650,0,0,0,1
1067.700,0,0,0,0
1067.750,0,0,0,0
1067.800,1,0,1,0
1067.850,1,0,1,0
1067.900,1,0,1,0
1067.950,1,0,1,0
1068.000,1,0,1,0
1068.050,1,0,1,0
1068.100,1,0,1,0
1068.150,1,1,1,0
1068.200,1,1,1,1
1068.250,0,1,0,1
1068.300,0,1,0,1
1068.350,0,1,0,1
1068.400,0,1,0,1
1068.450,0,1,0,1
1068.500,0,1,0,1
1068.550,0,1,0,1
1068.600,0,0,0,1
1068.650,0,0,0,0
1068.700,0,0,0,0
1068.750,1,0,1,0
1068.800,1,0,1,0
1068.850,1,0,1,0
1068.900,1,0,1,0
1068.950,1,0,1,0
1069.000,1,0,1,0
1069.050,1,0,1,0
1069.100,1,1,1,0
1069.150,1,1,1,1
1069.200,0,1,0,1
1069.250,0,1,0,1
1069.300,0,1,0,1
1069.350,0,1,0,1
1069.400,0,1,0,1
1069.450,0,1,0,1
1069.500,0,1,0,1
1069.550,0,0,0,1
1069.600,0,0,0,0
1069.650,0,0,1,0
1069.700,1,0,1,0
1069.750,1,0,1,0
1069.800,1,0,1,0
1069.850,1,0,1,0
1069.900,1,0,1,0
1069.950,1,0,1,0
1070.000,1,0,1,0
1070.050,1,1,1,1
1070.100,1,1,1,1
1070.150,0,1,0,1
1070.200,0,1,0,1
1070.250,0,1,0,1
1070.300,0,1,0,1
1070.350,0,1,0,1
1070.400,0,1,0,1
1070.450,0,0,0,1
1070.500,0,0,0,0
1070.550,0,0,0,0
1070.600,0,0,1,0
1070.650,1,0,1,0
1070.700,1,0,1,0
1070.750,1,0,1,0
1070.800,1,0,1,0
1070.850,1,0,1,0
1070.900,1,0,1,0
1070.950,1,1,1,0
1071.000,1,1,1,1
1071.050,1,1,1,1
1071.100,0,1,0,1
1071.150,0,1,0,1
1071.200,0,1,0,1
1071.250,0,1,0,1
1071.300,0,1,0,1
1071.350,0,1,0,1
1071.400,0,1,0,1
1071.450,0,0,0,0
1071.500,0,0,0,0
1071.550,0,0,1,0
1071.600,1,0,1,0
1071.650,1,0,1,0
1071.700,1,0,1,0
1071.750,1,0,1,0
1071.800,1,0,1,0
1071.850,1,0,1,0
1071.900,1,1,1,0
1071.950,1,1,1,1
1072.000,1,1,0,1
1072.050,0,1,0,1
1072.100,0,1,0,1
1072.150,0,1,0,1
1072.200,0,1,0,1
1072.250,0,1,0,1
1072.300,0,1,0,1
1072.350,0,0,0,1
1072.400,0,0,0,0
1072.450,0,0,0,0
1072.500,0,0,1,0
1072.550,1,0,1,0
1072.600,1,0,1,0
1072.650,1,0,1,0
1072.700,1,0,1,0
1072.750,1,0,1,0
1072.800,1,0,1,0
1072.850,1,1,1,1
1072.900,1,1,1,1
1072.950,1,1,0,1
1073.000,0,1,0,1
1073.050,0,1,0,1
1073.100,0,1,0,1
1073.150,0,1,0,1
1073.200,0,1,0,1
1073.250,0,1,0,1
1073.300,0,0,0,1
1073.350,0,0,0,0
1073.400,0,0,0,0
1073.450,1,0,1,0
1073.500,1,0,1,0
1073.550,1,0,1,0
1073.600,1,0,1,0
1073.650,1,0,1,0
1073.700,1,0,1,0
1073.750,1,0,1,0
1073.800,1,1,1,1
1073.850,1,1,1,1
1073.900,1,1,0,1
1073.950,0,1,0,1
1074.000,0,1,0,1
1074.050,0,1,0,1
1074.100,0,1,0,1
1074.150,0,1,0,1
1074.200,0,1,0,1
1074.250,0,0,0,0
1074.300,0,0,0,0
1074.350,0,0,0,0
1074.400,1,0,1,0
1074.450,1,0,1,0
1074.500,1,0,1,0
1074.550,1,0,1,0
1074.600,1,0,1,0
1074.650,1,0,1,0
1074.700,1,0,1,0
1074.750,1,1,1,1
1074.800,1,1,1,1
1074.850,0,1,0,1
1074.900,0,1,0,1
1074.950,0,1,0,1
1075.000,0,1,0,1
1075.050,0,1,0,1
1075.100,0,1,0,1
1075.150,0,1,0,1
1075.200,0,0,0,0
1075.250,0,0,0,0
1075.300,0,0,0,0
1075.350,1,0,1,0
1075.400,1,0,1,0
1075.450,1,0,1,0
1075.500,1,0,1,0
1075.550,1,0,1,0
1075.600,1,0,1,0
1075.650,1,1,1,0
1075.700,1,1,1,1
1075.750,1,1,1,1
1075.800,1,1,0,1
1075.850,0,1,0,1
1075.900,0,1,0,1
1075.950,0,1,0,1
1076.000,0,1,0,1
1076.050,0,1,0,1
1076.100,0,0,0,1
1076.150,0,0,0,0
1076.200,0,0,0,0
1076.250,0,0,0,0
1076.300,1,0,1,0
1076.350,1,0,1,0
1076.400,1,0,1,0
1076.450,1,0,1,0
1076.500,1,0,1,0
1076.550,1,0,1,0
1076.600,1,1,1,0
1076.650,1,1,1,1
1076.700,1,1,1,1
1076.750,0,1,0,1
1076.800,0,1,0,1
1076.850,0,1,0,1
1076.900,0,1,0,1
1076.950,0,1,0,1
1077.000,0,0,0,1
1077.050,0,0,0,1
1077.100,0,0,0,0
1077.150,0,0,0,0
1077.200,0,0,0,0
1077.250,1,0,1,0
1077.300,1,0,1,0
1077.350,1,0,1,0
1077.400,1,0,1,0
1077.450,1,0,1,0
1077.500,1,1,1,0
1077.550,1,1,1,1
1077.600,1,1,1,1
1077.650,1,1,1,1
1077.700,1,1,0,1
1077.750,0,1,0,1
1077.800,0,1,0,1
1077.850,0,1,0,1
1077.900,0,1,0,1
1077.950,0,0,0,1
1078.000,0,0,0,0
1078.050,0,0,0,0
1078.100,0,0,0,0
1078.150,0,0,0,0
1078.200,1,0,1,0
1078.250,1,0,1,0
1078.300,1,0,1,0
1078.350,1,0,1,0
1078.400,1,1,1,0
1078.450,1,1,1,0
1078.500,1,1,1,1
1078.550,1,1,1,1
1078.600,1,1,1,1
1078.650,0,1,0,1
1078.700,0,1,0,1
1078.750,0,1,0,1
1078.800,0,1,0,1
1078.850,0,0,0,1
1078.900,0,0,0,1
1078.950,0,0,0,0
1079.000,0,0,0,0
1079.050,0,0,0,0
1079.100,0,0,0,0
1079.150,1,0,1,0
1079.200,1,0,1,0
1079.250,1,0,1,0
1079.300,1,0,1,0
1079.350,1,1,1,0
1079.400,1,1,1,1
1079.450,1,1,1,1
1079.500,1,1,1,1
1079.550,1,1,1,1
1079.600,1,1,0,1
1079.650,0,1,0,1
1079.700,0,1,0,1
1079.750,0,1,0,1
1079.800,0,0,0,1
1079.850,0,0,0,0
1079.900,0,0,0,0
1079.950,0,0,0,0
1080.000,0,0,0,0
1080.050,0,0,0,0
1080.100,1,0,1,0
1080.150,1,0,1,0
1080.200,1,0,1,0
1080.250,1,1,1,0
1080.300,1,1,1,0
1080.350,1,1,1,1
1080.400,1,1,1,1
1080.450,1,1,1,1
1080.500,1,1,1,1
1080.550,1,1,0,1
1080.600,0,1,0,1
1080.650,0,1,0,1
1080.700,0,0,0,1
1080.750,0,0,0,1
1080.800,0,0,0,0
1080.850,0,0,0,0
1080.900,0,0,0,0
1080.950,0,0,0,0
1081.000,0,0,0,0
1081.050,1,0,1,0
1081.100,1,0,1,0
1081.150,1,0,1,0
1081.200,1,1,1,0
1081.250,1,1,1,1
1081.300,1,1,1,1
1081.350,1,1,1,1
1081.400,1,1,1,1
1081.450,1,1,1,1
1081.500,1,1,0,1
1081.550,0,1,0,1
1081.600,0,1,0,1
1081.650,0,0,0,1
1081.700,0,0,0,0
1081.750,0,0,0,0
1081.800,0,0,0,0
1081.850,0,0,0,0
1081.900,0,0,0,0
1081.950,0,0,0,0
1082.000,1,0,1,0
1082.050,1,0,1,0
1082.100,1,0,1,0
1082.150,1,1,1,1
1082.200,1,1,1,1
1082.250,1,1,1,1
1082.300,1,1,1,1
1082.350,1,1,1,1
1082.400,1,1,1,1
1082.450,1,1,0,1
1082.500,0,1,0,1
1082.550,0,1,0,1
1082.600,0,0,0,1
1082.650,0,0,0,0
1082.700,0,0,0,0
1082.750,0,0,0,0
1082.800,0,0,0,0
1082.850,0,0,0,0
1082.900,0,0,0,0
1082.950,0,0,1,0
1083.000,1,0,1,0
1083.050,1,1,1,0
1083.100,1,1,1,1
1083.150,1,1,1,1
1083.200,1,1,1,1
1083.250,1,1,1,1
1083.300,1,1,1,1
1083.350,1,1,1,1
1083.400,1,1,0,1
1083.450,0,1,0,1
1083.500,0,0,0,1
1083.550,0,0,0,0
1083.600,0,0,0,0
1083.650,0,0,0,0
1083.700,0,0,0,0
1083.750,0,0,0,0
1083.800,0,0,0,0
1083.850,0,0,0,0
1083.900,0,0,1,0
1083.950,1,0,1,0
1084.000,1,1,1,1
1084.050,1,1,1,1
1084.100,1,1,1,1
1084.150,1,1,1,1
1084.200,1,1,1,1
1084.250,1,1,1,1
1084.300,1,1,1,1
1084.350,1,1,0,1
1084.400,0,1,0,1
1084.450,0,0,0,0
1084.500,0,0,0,0
1084.550,0,0,0,0
1084.600,0,0,0,0
1084.650,0,0,0,0
1084.700,0,0,0,0
1084.750,0,0,0,0
1084.800,0,0,0,0
1084.850,0,0,1,0
1084.900,1,1,1,0
1084.950,1,1,1,1
1085.000,1,1,1,1
1085.050,1,1,1,1
1085.100,1,1,1,1
1085.150,1,1,1,1
1085.200,1,1,1,1
1085.250,1,1,1,1
1085.300,1,1,0,1
1085.350,0,0,0,1
1085.400,0,0,0,0
1085.450,0,0,0,0
1085.500,0,0,0,0
1085.550,0,0,0,0
1085.600,0,0,0,0
1085.650,0,0,0,0
1085.700,0,0,0,0
1085.750,0,0,0,0
1085.800,0,1,1,0
1085.850,1,1,1,1
1085.900,1,1,1,1
1085.950,1,1,1,1
1086.000,1,1,1,1
1086.050,1,1,1,1
1086.100,1,1,1,1
1086.150,1,1,1,1
1086.200,1,1,1,1
1086.250,1,0,1,1
1086.300,0,0,0,1
1086.350,0,0,0,0
1086.400,0,0,0,0
1086.450,0,0,0,0
1086.500,0,0,0,0
1086.550,0,0,0,0
1086.600,0,0,0,0
1086.650,0,0,0,0
1086.700,0,0,0,0
1086.750,0,1,1,0
1086.800,1,1,1,1
1086.850,1,1,1,1
1086.900,1,1,1,1
1086.950,1,1,1,1
1087.000,1,1,1,1
1087.050,1,1,1,1
1087.100,1,1,1,1
1087.150,1,0,1,1
1087.200,1,0,1,1
1087.250,0,0,0,0
1087.300,0,0,0,0
1087.350,0,0,0,0
1087.400,0,0,0,0
1087.450,0,0,0,0
1087.500,0,0,0,0
1087.550,0,0,0,0
1087.600,0,0,0,0
1087.650,0,1,0,0
1087.700,0,1,1,1
1087.750,1,1,1,1
1087.800,1,1,1,1
1087.850,1,1,1,1
1087.900,1,1,1,1
1087.950,1,1,1,1
1088.000,1,1,1,1
1088.050,1,1,1,1
1088.100,1,0,1,1
1088.150,1,0,1,0
1088.200,0,0,0,0
1088.250,0,0,0,0
1088.300,0,0,0,0
1088.350,0,0,0,0
1088.400,0,0,0,0
1088.450,0,0,0,0
1088.500,0,0,0,0
1088.550,0,1,0,0
1088.600,0,1,0,0
1088.650,0,1,0,1
1088.700,1,1,1,1
1088.750,1,1,1,1
1088.800,1,1,1,1
1088.850,1,1,1,1
1088.900,1,1,1,1
1088.950,1,1,1,1
1089.000,1,0,1,1
1089.050,1,0,1,1
1089.100,1,0,1,0
1089.150,0,0,0,0
1089.200,0,0,0,0
1089.250,0,0,0,0
1089.300,0,0,0,0
1089.350,0,0,0,0
1089.400,0,0,0,0
1089.450,0,1,0,0
1089.500,0,1,0,0
1089.550,0,1,0,1
1089.600,0,1,0,1
1089.650,1,1,1,1
1089.700,1,1,1,1
1089.750,1,1,1,1
1089.800,1,1,1,1
1089.850,1,1,1,1
1089.900,1,0,1,1
1089.950,1,0,1,1
1090.000,1,0,1,0
1090.050,1,0,1,0
1090.100,1,0,0,0
1090.150,0,0,0,0
1090.200,0,0,0,0
1090.250,0,0,0,0
1090.300,0,0,0,0
1090.350,0,0,0,0
1090.400,0,1,0,0
1090.450,0,1,0,1
1090.500,0,1,0,1
1090.550,0,1,0,1
1090.600,1,1,1,1
1090.650,1,1,1,1
1090.700,1,1,1,1
1090.750,1,1,1,1
1090.800,1,0,1,1
1090.850,1,0,1,1
1090.900,1,0,1,0
1090.950,1,0,1,0
1091.000,1,0,1,0
1091.050,1,0,0,0
1091.100,0,0,0,0
1091.150,0,0,0,0
1091.200,0,0,0,0
1091.250,0,0,0,0
1091.300,0,1,0,0
1091.350,0,1,0,1
1091.400,0,1,0,1
1091.450,0,1,0,1
1091.500,0,1,0,1
1091.550,1,1,1,1
1091.600,1,1,1,1
1091.650,1,1,1,1
1091.700,1,1,1,1
1091.750,1,0,1,1
1091.800,1,0,1,0
1091.850,1,0,1,0
1091.900,1,0,1,0
1091.950,1,0,1,0
1092.000,1,0,0,0
1092.050,0,0,0,0
1092.100,0,0,0,0
1092.150,0,0,0,0
1092.200,0,1,0,0
1092.250,0,1,0,0
1092.300,0,1,0,1
1092.350,0,1,0,1
1092.400,0,1,0,1
1092.450,0,1,0,1
1092.500,1,1,1,1
1092.550,1,1,1,1
1092.600,1,1,1,1
1092.650,1,0,1,1
1092.700,1,0,1,1
1092.750,1,0,1,0
1092.800,1,0,1,0
1092.850,1,0,1,0
1092.900,1,0,1,0
1092.950,1,0,0,0
1093.000,0,0,0,0
1093.050,0,0,0,0
1093.100,0,0,0,0
1093.150,0,1,0,0
1093.200,0,1,0,1
1093.250,0,1,0,1
1093.300,0,1,0,1
1093.350,0,1,0,1
1093.400,0,1,0,1
1093.450,0,1,1,1
1093.500,1,1,1,1
1093.550,1,1,1,1
1093.600,1,0,1,1
1093.650,1,0,1,0
1093.700,1,0,1,0
1093.750,1,0,1,0
1093.800,1,0,1,0
1093.850,1,0,1,0
1093.900,1,0,0,0
1093.950,0,0,0,0
1094.000,0,0,0,0
1094.050,0,1,0,0
1094.100,0,1,0,1
1094.150,0,1,0,1
1094.200,0,1,0,1
1094.250,0,1,0,1
1094.300,0,1,0,1
1094.350,0,1,0,1
1094.400,1,1,1,1
1094.450,1,1,1,1
1094.500,1,0,1,1
1094.550,1,0,1,0
1094.600,1,0,1,0
1094.650,1,0,1,0
1094.700,1,0,1,0
1094.750,1,0,1,0
1094.800,1,0,1,0
1094.850,1,0,0,0
1094.900,0,0,0,0
1094.950,0,0,0,0
1095.000,0,1,0,1
1095.050,0,1,0,1
1095.100,0,1,0,1
1095.150,0,1,0,1
1095.200,0,1,0,1
1095.250,0,1,0,1
1095.300,0,1,0,1
1095.350,0,1,1,1
1095.400,1,0,1,1
1095.450,1,0,1,0
1095.500,1,0,1,0
1095.550,1,0,1,0
1095.600,1,0,1,0
1095.650,1,0,1,0
1095.700,1,0,1,0
1095.750,1,0,1,0
1095.800,1,0,0,0
1095.850,0,1,0,0
1095.900,0,1,0,0
1095.950,0,1,0,1
1096.000,0,1,0,1
1096.050,0,1,0,1
1096.100,0,1,0,1
1096.150,0,1,0,1
1096.200,0,1,0,1
1096.250,0,1,0,1
1096.300,0,0,1,1
1096.350,1,0,1,1
1096.400,1,0,1,0
1096.450,1,0,1,0
1096.500,1,0,1,0
1096.550,1,0,1,0
1096.600,1,0,1,0
1096.650,1,0,1,0
1096.700,1,0,1,0
1096.750,1,0,1,0
1096.800,0,1,0,0
1096.850,0,1,0,1
1096.900,0,1,0,1
1096.950,0,1,0,1
1097.000,0,1,0,1
1097.050,0,1,0,1
1097.100,0,1,0,1
1097.150,0,1,0,1
1097.200,0,0,0,1
1097.250,0,0,1,1
1097.300,1,0,1,0
1097.350,1,0,1,0
1097.400,1,0,1,0
1097.450,1,0,1,0
1097.500,1,0,1,0
1097.550,1,0,1,0
1097.600,1,0,1,0
1097.650,1,0,1,0
1097.700,1,1,1,0
1097.750,0,1,0,1
1097.800,0,1,0,1
1097.850,0,1,0,1
1097.900,0,1,0,1
1097.950,0,1,0,1
1098.000,0,1,0,1
1098.050,0,1,0,1
1098.100,0,0,0,1
1098.150,0,0,0,1
1098.200,0,0,1,0
1098.250,1,0,1,0
1098.300,1,0,1,0
1098.350,1,0,1,0
1098.400,1,0,1,0
1098.450,1,0,1,0
1098.500,1,0,1,0
1098.550,1,0,1,0
1098.600,1,1,1,0
1098.650,1,1,1,0
1098.700,0,1,0,1
1098.750,0,1,0,1
1098.800,0,1,0,1
1098.850,0,1,0,1
1098.900,0,1,0,1
1098.950,0,1,0,1
1099.000,0,1,0,1
1099.050,0,0,0,1
1099.100,0,0,0,0
1099.150,0,0,0,0
1099.200,1,0,1,0
1099.250,1,0,1,0
1099.300,1,0,1,0
1099.350,1,0,1,0
1099.400,1,0,1,0
1099.450,1,0,1,0
1099.500,1,1,1,0
1099.550,1,1,1,0
1099.600,1,1,1,1
1099.650,0,1,0,1
1099.700,0,1,0,1
1099.750,0,1,0,1
1099.800,0,1,0,1
1099.850,0,1,0,1
1099.900,0,1,0,1
1099.950,0,0,0,1
1100.000,1,1,1,0
1100.050,1,0,1,0
1100.100,1,0,1,0
1100.150,0,0,1,0
1100.200,0,0,1,0
1100.250,0,0,1,1
1100.300,0,0,1,1
1100.350,0,0,1,1
1100.400,0,0,0,1
1100.450,0,0,0,1
1100.500,0,1,0,1
1100.550,0,1,0,1
1100.600,0,1,0,1
1100.650,1,1,0,1
1100.700,1,1,0,0
1100.750,1,1,0,0
1100.800,1,1,0,0
1100.850,1,1,0,0
1100.900,1,1,1,0
1100.950,1,0,1,0
1101.000,1,0,1,0
1101.050,1,0,1,0
1101.100,0,0,1,0
1101.150,0,0,1,1
1101.200,0,0,1,1
1101.250,0,0,1,1
1101.300,0,0,1,1
1101.350,0,0,0,1
1101.400,0,0,0,1
1101.450,0,1,0,1
1101.500,0,1,0,1
1101.550,0,1,0,1
1101.600,1,1,0,0
1101.650,1,1,0,0
1101.700,1,1,0,0
1101.750,1,1,0,0
1101.800,1,1,0,0
1101.850,1,0,1,0
1101.900,1,0,1,0
1101.950,1,0,1,0
1102.000,1,0,1,0
1102.050,0,0,1,1
1102.100,0,0,1,1
1102.150,0,0,1,1
1102.200,0,0,1,1
1102.250,0,0,1,1
1102.300,0,0,0,1
1102.350,0,1,0,1
1102.400,0,1,0,1
1102.450,0,1,0,1
1102.500,0,1,0,0
1102.550,1,1,0,0
1102.600,1,1,0,0
1102.650,1,1,0,0
1102.700,1,1,0,0
1102.750,1,1,0,0
1102.800,1,0,1,0
1102.850,1,0,1,0
1102.900,1,0,1,0
1102.950,1,0,1,1
1103.000,0,0,1,1
1103.050,0,0,1,1
1103.100,0,0,1,1
1103.150,0,0,1,1
1103.200,0,0,1,1
1103.250,0,1,0,1
1103.300,0,1,0,1
1103.350,0,1,0,1
1103.400,0,1,0,0
1103.450,0,1,0,0
1103.500,1,1,0,0
1103.550,1,1,0,0
1103.600,1,1,0,0
1103.650,1,1,0,0
1103.700,1,0,0,0
1103.750,1,0,1,0
1103.800,1,0,1,0
1103.850,1,0,1,0
1103.900,1,0,1,1
1103.950,0,0,1,1
1104.000,0,0,1,1
1104.050,0,0,1,1
1104.100,0,0,1,1
1104.150,0,1,1,1
1104.200,0,1,1,1
1104.250,0,1,0,1
1104.300,0,1,0,1
1104.350,0,1,0,0
1104.400,0,1,0,0
1104.450,1,1,0,0
1104.500,1,1,0,0
1104.550,1,1,0,0
1104.600,1,0,0,0
1104.650,1,0,0,0
1104.700,1,0,0,0
1104.750,1,0,1,0
1104.800,1,0,1,1
1104.850,1,0,1,1
1104.900,0,0,1,1
1104.950,0,0,1,1
1105.000,0,0,1,1
1105.050,0,0,1,1
1105.100,0,1,1,1
1105.150,0,1,1,1
1105.200,0,1,0,1
1105.250,0,1,0,0
1105.300,0,1,0,0
1105.350,1,1,0,0
1105.400,1,1,0,0
1105.450,1,1,0,0
1105.500,1,0,0,0
1105.550,1,0,0,0
1105.600,1,0,0,0
1105.650,1,0,0,0
1105.700,1,0,1,0
1105.750,1,0,1,1
1105.800,1,0,1,1
1105.850,0,0,1,1
1105.900,0,0,1,1
1105.950,0,0,1,1
1106.000,0,1,1,1
1106.050,0,1,1,1
1106.100,0,1,1,1
1106.150,0,1,0,1
1106.200,0,1,0,0
1106.250,0,1,0,0
1106.300,1,1,0,0
1106.350,1,1,0,0
1106.400,1,1,0,0
1106.450,1,0,0,0
1106.500,1,0,0,0
1106.550,1,0,0,0
1106.600,1,0,0,0
1106.650,1,0,1,1
1106.700,1,0,1,1
1106.750,0,0,1,1
1106.800,0,0,1,1
1106.850,0,0,1,1
1106.900,0,1,1,1
1106.950,0,1,1,1
1107.000,0,1,1,1
1107.050,0,1,1,1
1107.100,0,1,0,0
1107.150,0,1,0,0
1107.200,0,1,0,0
1107.250,1,1,0,0
1107.300,1,1,0,0
1107.350,1,0,0,0
1107.400,1,0,0,0
1107.450,1,0,0,0
1107.500,1,0,0,0
1107.550,1,0,0,1
1107.600,1,0,1,1
1107.650,1,0,1,1
1107.700,0,0,1,1
1107.750,0,0,1,1
1107.800,0,0,1,1
1107.850,0,1,1,1
1107.900,0,1,1,1
1107.950,0,1,1,1
1108.000,0,1,1,0
1108.050,0,1,0,0
1108.100,0,1,0,0
1108.150,0,1,0,0
1108.200,1,1,0,0
1108.250,1,0,0,0
1108.300,1,0,0,0
1108.350,1,0,0,0
1108.400,1,0,0,0
1108.450,1,0,0,1
1108.500,1,0,0,1
1108.550,1,0,1,1
1108.600,1,0,1,1
1108.650,0,0,1,1
1108.700,0,0,1,1
1108.750,0,1,1,1
1108.800,0,1,1,1
1108.850,0,1,1,1
1108.900,0,1,1,0
1108.950,0,1,1,0
1109.000,0,1,1,0
1109.050,0,1,0,0
1109.100,0,1,0,0
1109.150,1,1,0,0
1109.200,1,0,0,0
1109.250,1,0,0,0
1109.300,1,0,0,0
1109.350,1,0,0,1
1109.400,1,0,0,1
1109.450,1,0,0,1
1109.500,1,0,0,1
1109.550,1,0,1,1
1109.600,0,0,1,1
1109.650,0,1,1,1
1109.700,0,1,1,1
1109.750,0,1,1,1
1109.800,0,1,1,0
1109.850,0,1,1,0
1109.900,0,1,1,0
1109.950,0,1,1,0
1110.000,0,1,0,0
1110.050,0,1,0,0
1110.100,1,0,0,0
1110.150,1,0,0,0
1110.200,1,0,0,0
1110.250,1,0,0,1
1110.300,1,0,0,1
1110.350,1,0,0,1
1110.400,1,0,0,1
1110.450,1,0,0,1
1110.500,1,0,1,1
1110.550,0,1,1,1
1110.600,0,1,1,1
1110.650,0,1,1,1
1110.700,0,1,1,0
1110.750,0,1,1,0
1110.800,0,1,1,0
1110.850,0,1,1,0
1110.900,0,1,1,0
1110.950,0,1,0,0
1111.000,0,0,0,0
1111.050,1,0,0,0
1111.100,1,0,0,0
1111.150,1,0,0,1
1111.200,1,0,0,1
1111.250,1,0,0,1
1111.300,1,0,0,1
1111.350,1,0,0,1
1111.400,1,0,0,1
1111.450,1,1,1,1
1111.500,0,1,1,1
1111.550,0,1,1,1
1111.600,0,1,1,0
1111.650,0,1,1,0
1111.700,0,1,1,0
1111.750,0,1,1,0
1111.800,0,1,1,0
1111.850,0,1,1,0
1111.900,0,0,0,0
1111.950,0,0,0,0
1112.000,1,0,0,0
1112.050,1,0,0,1
1112.100,1,0,0,1
1112.150,1,0,0,1
1112.200,1,0,0,1
1112.250,1,0,0,1
1112.300,1,0,0,1
1112.350,1,1,0,1
1112.400,1,1,1,1
1112.450,0,1,1,1
1112.500,0,1,1,0
1112.550,0,1,1,0
1112.600,0,1,1,0
1112.650,0,1,1,0
1112.700,0,1,1,0
1112.750,0,1,1,0
1112.800,0,0,1,0
1112.850,0,0,1,0
1112.900,0,0,0,0
1112.950,1,0,0,0
1113.000,1,0,0,1
1113.050,1,0,0,1
1113.100,1,0,0,1
1113.150,1,0,0,1
1113.200,1,0,0,1
1113.250,1,0,0,1
1113.300,1,1,0,1
1113.350,1,1,1,1
1113.400,0,1,1,0
1113.450,0,1,1,0
1113.500,0,1,1,0
1113.550,0,1,1,0
1113.600,0,1,1,0
1113.650,0,1,1,0
1113.700,0,1,1,0
1113.750,0,0,1,0
1113.800,0,0,1,0
1113.850,0,0,0,0
1113.900,1,0,0,1
1113.950,1,0,0,1
1114.000,1,0,0,1
1114.050,1,0,0,1
1114.100,1,0,0,1
1114.150,1,0,0,1
1114.200,1,1,0,1
1114.250,1,1,0,1
1114.300,1,1,1,1
1114.350,0,1,1,0
1114.400,0,1,1,0
1114.450,0,1,1,0
1114.500,0,1,1,0
1114.550,0,1,1,0
1114.600,0,1,1,0
1114.650,0,0,1,0
1114.700,0,0,1,0
1114.750,0,0,1,0
1114.800,0,0,0,1
1114.850,1,0,0,1
1114.900,1,0,0,1
1114.950,1,0,0,1
1115.000,1,0,0,1
1115.050,1,0,0,1
1115.100,1,1,0,1
1115.150,1,1,0,1
1115.200,1,1,0,1
1115.250,1,1,0,0
1115.300,1,1,1,0
1115.350,0,1,1,0
1115.400,0,1,1,0
1115.450,0,1,1,0
1115.500,0,1,1,0
1115.550,0,0,1,0
1115.600,0,0,1,0
1115.650,0,0,1,0
1115.700,0,0,1,0
1115.750,0,0,0,1
1115.800,1,0,0,1
1115.850,1,0,0,1
1115.900,1,0,0,1
1115.950,1,0,0,1
1116.000,1,1,0,1
1116.050,1,1,0,1
1116.100,1,1,0,1
1116.150,1,1,0,0
1116.200,1,1,1,0
1116.250,1,1,1,0
1116.300,0,1,1,0
1116.350,0,1,1,0
1116.400,0,1,1,0
1116.450,0,1,1,0
1116.500,0,0,1,0
1116.550,0,0,1,0
1116.600,0,0,1,0
1116.650,0,0,1,1
1116.700,0,0,0,1
1116.750,1,0,0,1
1116.800,1,0,0,1
1116.850,1,0,0,1
1116.900,1,0,0,1
1116.950,1,1,0,1
1117.000,1,1,0,1
1117.050,1,1,0,0
1117.100,1,1,0,0
1117.150,1,1,1,0
1117.200,1,1,1,0
1117.250,0,1,1,0
1117.300,0,1,1,0
1117.350,0,1,1,0
1117.400,0,0,1,0
1117.450,0,0,1,0
1117.500,0,0,1,0
1117.550,0,0,1,1
1117.600,0,0,1,1
1117.650,0,0,0,1
1117.700,0,0,0,1
1117.750,1,0,0,1
1117.800,1,0,0,1
1117.850,1,1,0,1
1117.900,1,1,0,1
1117.950,1,1,0,0
1118.000,1,1,0,0
1118.050,1,1,0,0
1118.100,1,1,0,0
1118.150,1,1,1,0
1118.200,0,1,1,0
1118.250,0,1,1,0
1118.300,0,0,1,0
1118.350,0,0,1,0
1118.400,0,0,1,0
1118.450,0,0,1,1
1118.500,0,0,1,1
1118.550,0,0,1,1
1118.600,0,0,0,1
1118.650,0,0,0,1
1118.700,1,0,0,1
1118.750,1,0,0,1
1118.800,1,1,0,1
1118.850,1,1,0,0
1118.900,1,1,0,0
1118.950,1,1,0,0
1119.000,1,1,0,0
1119.050,1,1,0,0
1119.100,1,1,1,0
1119.150,0,1,1,0
1119.200,0,1,1,0
1119.250,0,0,1,0
1119.300,0,0,1,0
1119.350,0,0,1,1
1119.400,0,0,1,1
1119.450,0,0,1,1
1119.500,0,0,1,1
1119.550,0,0,0,1
1119.600,0,0,0,1
1119.650,1,0,0,1
1119.700,1,1,0,1
1119.750,1,1,0,0
1119.800,1,1,0,0
1119.850,1,1,0,0
1119.900,1,1,0,0
1119.950,1,1,0,0
1120.000,1,1,0,0
1120.050,1,1,1,0
1120.100,0,1,1,0
1120.150,0,0,1,0
1120.200,0,0,1,1
1120.250,0,0,1,1
1120.300,0,0,1,1
1120.350,0,0,1,1
1120.400,0,0,1,1
1120.450,0,0,1,1
1120.500,0,0,0,1
1120.550,0,0,0,1
1120.600,1,1,0,1
1120.650,1,1,0,0
1120.700,1,1,0,0
1120.750,1,1,0,0
1120.800,1,1,0,0
1120.850,1,1,0,0
1120.900,1,1,0,0
1120.950,1,1,0,0
1121.000,1,1,1,0
1121.050,0,0,1,0
1121.100,0,0,1,1
1121.150,0,0,1,1
1121.200,0,0,1,1
1121.250,0,0,1,1
1121.300,0,0,1,1
1121.350,0,0,1,1
1121.400,0,0,1,1
1121.450,0,0,0,1
1121.500,0,1,0,1
1121.550,1,1,0,0
1121.600,1,1,0,0
1121.650,1,1,0,0
1121.700,1,1,0,0
1121.750,1,1,0,0
1121.800,1,1,0,0
1121.850,1,1,0,0
1121.900,1,1,0,0
1121.950,1,0,1,0
1122.000,1,0,1,1
1122.050,0,0,1,1
1122.100,0,0,1,1
1122.150,0,0,1,1
1122.200,0,0,1,1
1122.250,0,0,1,1
1122.300,0,0,1,1
1122.350,0,0,1,1
1122.400,0,1,0,1
1122.450,0,1,0,0
1122.500,1,1,0,0
1122.550,1,1,0,0
1122.600,1,1,0,0
1122.650,1,1,0,0
1122.700,1,1,0,0
1122.750,1,1,0,0
1122.800,1,1,0,0
1122.850,1,0,0,0
1122.900,1,0,1,1
1122.950,1,0,1,1
1123.000,0,0,1,1
1123.050,0,0,1,1
1123.100,0,0,1,1
1123.150,0,0,1,1
1123.200,0,0,1,1
1123.250,0,0,1,1
1123.300,0,1,1,1
1123.350,0,1,0,0
1123.400,0,1,0,0
1123.450,0,1,0,0
1123.500,1,1,0,0
1123.550,1,1,0,0
1123.600,1,1,0,0
1123.650,1,1,0,0
1123.700,1,1,0,0
1123.750,1,0,0,0
1123.800,1,0,0,1
1123.850,1,0,1,1
1123.900,1,0,1,1
1123.950,0,0,1,1
1124.000,0,0,1,1
1124.050,0,0,1,1
1124.100,0,0,1,1
1124.150,0,0,1,1
1124.200,0,1,1,1
1124.250,0,1,1,0
1124.300,0,1,0,0
1124.350,0,1,0,0
1124.400,0,1,0,0
1124.450,1,1,0,0
1124.500,1,1,0,0
1124.550,1,1,0,0
1124.600,1,1,0,0
1124.650,1,0,0,0
1124.700,1,0,0,0
1124.750,1,0,1,1
1124.800,1,0,1,1
1124.850,1,0,1,1
1124.900,1,0,1,1
1124.950,0,0,1,1
1125.000,0,0,1,1
1125.050,0,0,1,1
1125.100,0,0,1,1
1125.150,0,1,1,1
1125.200,0,1,1,0
1125.250,0,1,0,0
1125.300,0,1,0,0
1125.350,0,1,0,0
1125.400,1,1,0,0
1125.450,1,1,0,0
1125.500,1,1,0,0
1125.550,1,0,0,0
1125.600,1,0,0,0
1125.650,1,0,0,1
1125.700,1,0,0,1
1125.750,1,0,1,1
1125.800,1,0,1,1
1125.850,1,0,1,1
1125.900,0,0,1,1
1125.950,0,0,1,1
1126.000,0,0,1,1
1126.050,0,1,1,1
1126.100,0,1,1,0
1126.150,0,1,1,0
1126.200,0,1,0,0
1126.250,0,1,0,0
1126.300,0,1,0,0
1126.350,1,1,0,0
1126.400,1,1,0,0
1126.450,1,1,0,0
1126.500,1,0,0,0
1126.550,1,0,0,1
1126.600,1,0,0,1
1126.650,1,0,1,1
1126.700,1,0,1,1
1126.750,1,0,1,1
1126.800,1,0,1,1
1126.850,0,0,1,1
1126.900,0,0,1,1
1126.950,0,1,1,1
1127.000,0,1,1,0
1127.050,0,1,1,0
1127.100,0,1,1,0
1127.150,0,1,0,0
1127.200,0,1,0,0
1127.250,0,1,0,0
1127.300,0,1,0,0
1127.350,1,1,0,0
1127.400,1,0,0,0
1127.450,1,0,0,1
1127.500,1,0,0,1
1127.550,1,0,0,1
1127.600,1,0,1,1
1127.650,1,0,1,1
1127.700,1,0,1,1
1127.750,1,0,1,1
1127.800,0,0,1,1
1127.850,0,0,1,1
1127.900,0,1,1,0
1127.950,0,1,1,0
1128.000,0,1,1,0
1128.050,0,1,0,0
1128.100,0,1,0,0
1128.150,0,1,0,0
1128.200,0,1,0,0
1128.250,0,1,0,0
1128.300,1,0,0,0
1128.350,1,0,0,1
1128.400,1,0,0,1
1128.450,1,0,0,1
1128.500,1,0,0,1
1128.550,1,0,1,1
1128.600,1,0,1,1
1128.650,1,0,1,1
1128.700,1,0,1,1
1128.750,0,0,1,1
1128.800,0,1,1,0
1128.850,0,1,1,0
1128.900,0,1,1,0
1128.950,0,1,1,0
1129.000,0,1,0,0
1129.050,0,1,0,0
1129.100,0,1,0,0
1129.150,0,1,0,0
1129.200,0,0,0,0
1129.250,1,0,0,1
1129.300,1,0,0,1
1129.350,1,0,0,1
1129.400,1,0,0,1
1129.450,1,0,0,1
1129.500,1,0,1,1
1129.550,1,0,1,1
1129.600,1,0,1,1
1129.650,1,0,1,0
1129.700,0,1,1,0
1129.750,0,1,1,0
1129.800,0,1,1,0
1129.850,0,1,1,0
1129.900,0,1,1,0
1129.950,0,1,0,0
1130.000,0,1,0,0
1130.050,0,1,0,0
1130.100,0,1,0,1
1130.150,0,0,0,1
1130.200,1,0,0,1
1130.250,1,0,0,1
1130.300,1,0,0,1
1130.350,1,0,0,1
1130.400,1,0,0,1
1130.450,1,0,1,1
1130.500,1,0,1,1
1130.550,1,0,1,0
1130.600,1,1,1,0
1130.650,0,1,1,0
1130.700,0,1,1,0
1130.750,0,1,1,0
1130.800,0,1,1,0
1130.850,0,1,1,0
1130.900,0,1,0,0
1130.950,0,1,0,0
1131.000,0,1,0,1
1131.050,0,0,0,1
1131.100,0,0,0,1
1131.150,1,0,0,1
1131.200,1,0,0,1
1131.250,1,0,0,1
1131.300,1,0,0,1
1131.350,1,0,1,1
1131.400,1,0,1,1
1131.450,1,0,1,0
1131.500,1,1,1,0
1131.550,1,1,1,0
1131.600,0,1,1,0
1131.650,0,1,1,0
1131.700,0,1,1,0
1131.750,0,1,1,0
1131.800,0,1,1,0
1131.850,0,1,0,0
1131.900,0,0,0,1
1131.950,0,0,0,1
1132.000,0,0,0,1
1132.050,0,0,0,1
1132.100,1,0,0,1
1132.150,1,0,0,1
1132.200,1,0,0,1
1132.250,1,0,0,1
1132.300,1,0,1,1
1132.350,1,0,1,0
1132.400,1,1,1,0
1132.450,1,1,1,0
1132.500,1,1,1,0
1132.550,0,1,1,0
1132.600,0,1,1,0
1132.650,0,1,1,0
1132.700,0,1,1,0
1132.750,0,1,0,0
1132.800,0,0,0,1
1132.850,0,0,0,1
1132.900,0,0,0,1
1132.950,0,0,0,1
1133.000,0,0,0,1
1133.050,1,0,0,1
1133.100,1,0,0,1
1133.150,1,0,0,1
1133.200,1,0,0,1
1133.250,1,0,1,0
1133.300,1,1,1,0
1133.350,1,1,1,0
1133.400,1,1,1,0
1133.450,1,1,1,0
1133.500,0,1,1,0
1133.550,0,1,1,0
1133.600,0,1,1,0
1133.650,0,1,1,0
1133.700,0,0,0,1
1133.750,0,0,0,1
1133.800,0,0,0,1
1133.850,0,0,0,1
1133.900,0,0,0,1
1133.950,0,0,0,1
1134.000,1,0,0,1
1134.050,1,0,0,1
1134.100,1,0,0,1
1134.150,1,0,0,0
1134.200,1,1,1,0
1134.250,1,1,1,0
1134.300,1,1,1,0
1134.350,1,1,1,0
1134.400,1,1,1,0
1134.450,0,1,1,0
1134.500,0,1,1,0
1134.550,0,1,1,0
1134.600,0,0,1,1
1134.650,0,0,0,1
1134.700,0,0,0,1
1134.750,0,0,0,1
1134.800,0,0,0,1
1134.850,0,0,0,1
1134.900,0,0,0,1
1134.950,1,0,0,1
1135.000,1,0,0,1
1135.050,1,0,0,0
1135.100,1,1,1,0
1135.150,1,1,1,0
1135.200,1,1,1,0
1135.250,1,1,1,0
1135.300,1,1,1,0
1135.350,1,1,1,0
1135.400,1,1,1,0
1135.450,0,1,1,0
1135.500,0,0,1,0
1135.550,0,0,1,1
1135.600,0,0,0,1
1135.650,0,0,0,1
1135.700,0,0,0,1
1135.750,0,0,0,1
1135.800,0,0,0,1
1135.850,0,0,0,1
1135.900,1,0,0,1
1135.950,1,0,0,0
1136.000,1,1,0,0
1136.050,1,1,1,0
1136.100,1,1,1,0
1136.150,1,1,1,0
1136.200,1,1,1,0
1136.250,1,1,1,0
1136.300,1,1,1,0
1136.350,1,1,1,0
1136.400,0,1,1,1
1136.450,0,0,1,1
1136.500,0,0,0,1
1136.550,0,0,0,1
1136.600,0,0,0,1
1136.650,0,0,0,1
1136.700,0,0,0,1
1136.750,0,0,0,1
1136.800,0,0,0,1
1136.850,1,0,0,0
1136.900,1,1,0,0
1136.950,1,1,0,0
1137.000,1,1,1,0
1137.050,1,1,1,0
1137.100,1,1,1,0
1137.150,1,1,1,0
1137.200,1,1,1,0
1137.250,1,1,1,0
1137.300,1,1,1,1
1137.350,0,0,1,1
1137.400,0,0,1,1
1137.450,0,0,0,1
1137.500,0,0,0,1
1137.550,0,0,0,1
1137.600,0,0,0,1
1137.650,0,0,0,1
1137.700,0,0,0,1
1137.750,0,0,0,0
1137.800,1,1,0,0
1137.850,1,1,0,0
1137.900,1,1,1,0
1137.950,1,1,1,0
1138.000,1,1,1,0
1138.050,1,1,1,0
1138.100,1,1,1,0
1138.150,1,1,1,0
1138.200,1,1,1,1
1138.250,0,0,1,1
1138.300,0,0,1,1
1138.350,0,0,0,1
1138.400,0,0,0,1
1138.450,0,0,0,1
1138.500,0,0,0,1
1138.550,0,0,0,1
1138.600,0,0,0,1
1138.650,0,0,0,0
1138.700,0,1,0,0
1138.750,1,1,0,0
1138.800,1,1,0,0
1138.850,1,1,1,0
1138.900,1,1,1,0
1138.950,1,1,1,0
1139.000,1,1,1,0
1139.050,1,1,1,0
1139.100,1,1,1,1
1139.150,1,0,1,1
1139.200,0,0,1,1
1139.250,0,0,1,1
1139.300,0,0,0,1
1139.350,0,0,0,1
1139.400,0,0,0,1
1139.450,0,0,0,1
1139.500,0,0,0,1
1139.550,0,0,0,0
1139.600,0,1,0,0
1139.650,0,1,0,0
1139.700,1,1,0,0
1139.750,1,1,0,0
1139.800,1,1,1,0
1139.850,1,1,1,0
1139.900,1,1,1,0
1139.950,1,1,1,0
1140.000,1,1,1,1
1140.050,1,0,1,1
1140.100,1,0,1,1
1140.150,0,0,1,1
1140.200,0,0,1,1
1140.250,0,0,0,1
1140.300,0,0,0,1
1140.350,0,0,0,1
1140.400,0,0,0,0
1140.450,0,0,0,0
1140.500,0,1,0,0
1140.550,0,1,0,0
1140.600,0,1,0,0
1140.650,1,1,0,0
1140.700,1,1,0,0
1140.750,1,1,1,0
1140.800,1,1,1,0
1140.850,1,1,1,0
1140.900,1,1,1,1
1140.950,1,0,1,1
1141.000,1,0,1,1
1141.050,1,0,1,1
1141.100,0,0,1,1
1141.150,0,0,1,1
1141.200,0,0,0,1
1141.250,0,0,0,1
1141.300,0,0,0,0
1141.350,0,0,0,0
1141.400,0,1,0,0
1141.450,0,1,0,0
1141.500,0,1,0,0
1141.550,0,1,0,0
1141.600,1,1,0,0
1141.650,1,1,1,0
1141.700,1,1,1,0
1141.750,1,1,1,1
1141.800,1,1,1,1
1141.850,1,0,1,1
1141.900,1,0,1,1
1141.950,1,0,1,1
1142.000,1,0,1,1
1142.050,0,0,1,1
1142.100,0,0,0,1
1142.150,0,0,0,1
1142.200,0,0,0,0
1142.250,0,0,0,0
1142.300,0,1,0,0
1142.350,0,1,0,0
1142.400,0,1,0,0
1142.450,0,1,0,0
1142.500,0,1,0,0
1142.550,1,1,0,0
1142.600,1,1,1,0
1142.650,1,1,1,1
1142.700,1,1,1,1
1142.750,1,0,1,1
1142.800,1,0,1,1
1142.850,1,0,1,1
1142.900,1,0,1,1
1142.950,1,0,1,1
1143.000,0,0,1,1
1143.050,0,0,0,1
1143.100,0,0,0,0
1143.150,0,0,0,0
1143.200,0,1,0,0
1143.250,0,1,0,0
1143.300,0,1,0,0
1143.350,0,1,0,0
1143.400,0,1,0,0
1143.450,1,1,0,0
1143.500,1,1,1,0
1143.550,1,1,1,1
1143.600,1,1,1,1
1143.650,1,0,1,1
1143.700,1,0,1,1
1143.750,1,0,1,1
1143.800,1,0,1,1
1143.850,1,0,1,1
1143.900,1,0,1,1
1143.950,0,0,0,1
1144.000,0,0,0,0
1144.050,0,0,0,0
1144.100,0,1,0,0
1144.150,0,1,0,0
1144.200,0,1,0,0
1144.250,0,1,0,0
1144.300,0,1,0,0
1144.350,0,1,0,0
1144.400,1,1,0,0
1144.450,1,1,1,1
1144.500,1,0,1,1
1144.550,1,0,1,1
1144.600,1,0,1,1
1144.650,1,0,1,1
1144.700,1,0,1,1
1144.750,1,0,1,1
1144.800,1,0,1,1
1144.850,0,0,1,1
1144.900,0,0,0,0
1144.950,0,0,0,0
1145.000,0,1,0,0
1145.050,0,1,0,0
1145.100,0,1,0,0
1145.150,0,1,0,0
1145.200,0,1,0,0
1145.250,0,1,0,0
1145.300,0,1,0,0
1145.350,1,1,1,0
1145.400,1,0,1,1
1145.450,1,0,1,1
1145.500,1,0,1,1
1145.550,1,0,1,1
1145.600,1,0,1,1
1145.650,1,0,1,1
1145.700,1,0,1,1
1145.750,1,0,1,1
1145.800,0,0,1,0
1145.850,0,0,0,0
1145.900,0,1,0,0
1145.950,0,1,0,0
1146.000,0,1,0,0
1146.050,0,1,0,0
1146.100,0,1,0,0
1146.150,0,1,0,0
1146.200,0,1,0,0
1146.250,0,1,0,1
1146.300,1,1,1,1
1146.350,1,0,1,1
1146.400,1,0,1,1
1146.450,1,0,1,1
1146.500,1,0,1,1
1146.550,1,0,1,1
1146.600,1,0,1,1
1146.650,1,0,1,1
1146.700,1,0,1,0
1146.750,0,0,0,0
1146.800,0,1,0,0
1146.850,0,1,0,0
1146.900,0,1,0,0
1146.950,0,1,0,0
1147.000,0,1,0,0
1147.050,0,1,0,0
1147.100,0,1,0,0
1147.150,0,1,0,1
1147.200,1,1,0,1
1147.250,1,0,1,1
1147.300,1,0,1,1
1147.350,1,0,1,1
1147.400,1,0,1,1
1147.450,1,0,1,1
1147.500,1,0,1,1
1147.550,1,0,1,1
1147.600,1,0,1,0
1147.650,1,0,1,0
1147.700,0,1,0,0
1147.750,0,1,0,0
1147.800,0,1,0,0
1147.850,0,1,0,0
1147.900,0,1,0,0
1147.950,0,1,0,0
1148.000,0,1,0,0
1148.050,0,1,0,1
1148.100,0,1,0,1
1148.150,1,0,1,1
1148.200,1,0,1,1
1148.250,1,0,1,1
1148.300,1,0,1,1
1148.350,1,0,1,1
1148.400,1,0,1,1
1148.450,1,0,1,1
1148.500,1,0,1,0
1148.550,1,0,1,0
1148.600,0,1,0,0
1148.650,0,1,0,0
1148.700,0,1,0,0
1148.750,0,1,0,0
1148.800,0,1,0,0
1148.850,0,1,0,0
1148.900,0,1,0,0
1148.950,0,1,0,1
1149.000,0,1,0,1
1149.050,0,0,0,1
1149.100,1,0,1,1
1149.150,1,0,1,1
1149.200,1,0,1,1
1149.250,1,0,1,1
1149.300,1,0,1,1
1149.350,1,0,1,0
1149.400,1,0,1,0
1149.450,1,0,1,0
1149.500,1,1,1,0
1149.550,0,1,0,0
1149.600,0,1,0,0
1149.650,0,1,0,0
1149.700,0,1,0,0
1149.750,0,1,0,0
1149.800,0,1,0,1
1149.850,0,1,0,1
1149.900,0,1,0,1
1149.950,0,0,0,1
1150.000,0,0,0,1
1150.050,1,0,1,1
1150.100,1,0,1,1
1150.150,1,0,1,1
1150.200,1,0,1,1
1150.250,1,0,1,0
1150.300,1,0,1,0
1150.350,1,0,1,0
1150.400,1,1,1,0
1150.450,1,1,1,0
1150.500,0,1,0,0
1150.550,0,1,0,0
1150.600,0,1,0,0
1150.650,0,1,0,0
1150.700,0,1,0,1
1150.750,0,1,0,1
1150.800,0,0,0,1
1150.850,0,0,0,1
1150.900,0,0,0,1
1150.950,1,0,1,1
1151.000,1,0,1,1
1151.050,1,0,1,1
1151.100,1,0,1,1
1151.150,1,0,1,0
1151.200,1,0,1,0
1151.250,1,0,1,0
1151.300,1,1,1,0
1151.350,1,1,1,0
1151.400,1,1,0,0
1151.450,0,1,0,0
1151.500,0,1,0,0
1151.550,0,1,0,0
1151.600,0,1,0,1
1151.650,0,1,0,1
1151.700,0,0,0,1
1151.750,0,0,0,1
1151.800,0,0,0,1
1151.850,0,0,0,1
1151.900,1,0,1,1
1151.950,1,0,1,1
1152.000,1,0,1,1
1152.050,1,0,1,0
1152.100,1,0,1,0
1152.150,1,1,1,0
1152.200,1,1,1,0
1152.250,1,1,1,0
1152.300,1,1,1,0
1152.350,0,1,0,0
1152.400,0,1,0,0
1152.450,0,1,0,0
1152.500,0,1,0,1
1152.550,0,1,0,1
1152.600,0,0,0,1
1152.650,0,0,0,1
1152.700,0,0,0,1
1152.750,0,0,0,1
1152.800,0,0,1,1
1152.850,1,0,1,1
1152.900,1,0,1,0
1152.950,1,0,1,0
1153.000,1,0,1,0
1153.050,1,1,1,0
1153.100,1,1,1,0
1153.150,1,1,1,0
1153.200,1,1,1,0
1153.250,1,1,1,0
1153.300,0,1,0,0
1153.350,0,1,0,0
1153.400,0,1,0,1
1153.450,0,1,0,1
1153.500,0,0,0,1
1153.550,0,0,0,1
1153.600,0,0,0,1
1153.650,0,0,0,1
1153.700,0,0,0,1
1153.750,1,0,1,1
1153.800,1,0,1,1
1153.850,1,0,1,0
1153.900,1,0,1,0
1153.950,1,1,1,0
1154.000,1,1,1,0
1154.050,1,1,1,0
1154.100,1,1,1,0
1154.150,1,1,1,0
1154.200,1,1,0,0
1154.250,0,1,0,0
1154.300,0,1,0,1
1154.350,0,1,0,1
1154.400,0,0,0,1
1154.450,0,0,0,1
1154.500,0,0,0,1
1154.550,0,0,0,1
1154.600,0,0,0,1
1154.650,0,0,0,1
1154.700,1,0,1,1
1154.750,1,0,1,0
1154.800,1,0,1,0
1154.850,1,1,1,0
1154.900,1,1,1,0
1154.950,1,1,1,0
1155.000,1,1,1,0
1155.050,1,1,1,0
1155.100,1,1,1,0
1155.150,0,1,0,0
1155.200,0,1,0,1
1155.250,0,1,0,1
1155.300,0,0,0,1
1155.350,0,0,0,1
1155.400,0,0,0,1
1155.450,0,0,0,1
1155.500,0,0,0,1
1155.550,0,0,0,1
1155.600,0,0,1,0
1155.650,1,0,1,0
1155.700,1,0,1,0
1155.750,1,1,1,0
1155.800,1,1,1,0
1155.850,1,1,1,0
1155.900,1,1,1,0
1155.950,1,1,1,0
1156.000,1,1,1,0
1156.050,1,1,1,0
1156.100,0,1,0,1
1156.150,0,1,0,1
1156.200,0,0,0,1
1156.250,0,0,0,1
1156.300,0,0,0,1
1156.350,0,0,0,1
1156.400,0,0,0,1
1156.450,0,0,0,1
1156.500,0,0,0,0
1156.550,0,0,1,0
1156.600,1,0,1,0
1156.650,1,1,1,0
1156.700,1,1,1,0
1156.750,1,1,1,0
1156.800,1,1,1,0
1156.850,1,1,1,0
1156.900,1,1,1,0
1156.950,1,1,1,1
1157.000,1,1,0,1
1157.050,0,1,0,1
1157.100,0,0,0,1
1157.150,0,0,0,1
1157.200,0,0,0,1
1157.250,0,0,0,1
1157.300,0,0,0,1
1157.350,0,0,0,1
1157.400,0,0,0,0
1157.450,0,0,0,0
1157.500,1,0,1,0
1157.550,1,1,1,0
1157.600,1,1,1,0
1157.650,1,1,1,0
1157.700,1,1,1,0
1157.750,1,1,1,0
1157.800,1,1,1,0
1157.850,1,1,1,1
1157.900,1,1,1,1
1157.950,0,1,0,1
1158.000,0,0,0,1
1158.050,0,0,0,1
1158.100,0,0,0,1
1158.150,0,0,0,1
1158.200,0,0,0,1
1158.250,0,0,0,1
1158.300,0,0,0,0
1158.350,0,0,0,0
1158.400,0,0,0,0
1158.450,1,1,1,0
1158.500,1,1,1,0
1158.550,1,1,1,0
1158.600,1,1,1,0
1158.650,1,1,1,0
1158.700,1,1,1,0
1158.750,1,1,1,1
1158.800,1,1,1,1
1158.850,1,1,1,1
1158.900,0,0,0,1
1158.950,0,0,0,1
1159.000,0,0,0,1
1159.050,0,0,0,1
1159.100,0,0,0,1
1159.150,0,0,0,0
1159.200,0,0,0,0
1159.250,0,0,0,0
1159.300,0,0,0,0
1159.350,1,1,0,0
1159.400,1,1,1,0
1159.450,1,1,1,0
1159.500,1,1,1,0
1159.550,1,1,1,0
1159.600,1,1,1,1
1159.650,1,1,1,1
1159.700,1,1,1,1
1159.750,1,1,1,1
1159.800,0,0,1,1
1159.850,0,0,0,1
1159.900,0,0,0,1
1159.950,0,0,0,1
1160.000,0,0,0,1
1160.050,0,0,0,0
1160.100,0,0,0,0
1160.150,0,0,0,0
1160.200,0,0,0,0
1160.250,0,1,0,0
1160.300,1,1,1,0
1160.350,1,1,1,0
1160.400,1,1,1,0
1160.450,1,1,1,0
1160.500,1,1,1,1
1160.550,1,1,1,1
1160.600,1,1,1,1
1160.650,1,0,1,1
1160.700,1,0,1,1
1160.750,0,0,0,1
1160.800,0,0,0,1
1160.850,0,0,0,1
1160.900,0,0,0,1
1160.950,0,0,0,0
1161.000,0,0,0,0
1161.050,0,0,0,0
1161.100,0,0,0,0
1161.150,0,1,0,0
1161.200,1,1,0,0
1161.250,1,1,1,0
1161.300,1,1,1,0
1161.350,1,1,1,0
1161.400,1,1,1,1
1161.450,1,1,1,1
1161.500,1,1,1,1
1161.550,1,0,1,1
1161.600,1,0,1,1
1161.650,0,0,1,1
1161.700,0,0,1,1
1161.750,0,0,0,1
1161.800,0,0,0,0
1161.850,0,0,0,0
1161.900,0,0,0,0
1161.950,0,0,0,0
1162.000,0,1,0,0
1162.050,0,1,0,0
1162.100,0,1,0,0
1162.150,1,1,0,0
1162.200,1,1,1,0
1162.250,1,1,1,1
1162.300,1,1,1,1
1162.350,1,1,1,1
1162.400,1,1,1,1
1162.450,1,0,1,1
1162.500,1,0,1,1
1162.550,1,0,1,1
1162.600,0,0,1,1
1162.650,0,0,0,1
1162.700,0,0,0,0
1162.750,0,0,0,0
1162.800,0,0,0,0
1162.850,0,0,0,0
1162.900,0,1,0,0
1162.950,0,1,0,0
1163.000,0,1,0,0
1163.050,0,1,0,0
1163.100,1,1,0,0
1163.150,1,1,1,1
1163.200,1,1,1,1
1163.250,1,1,1,1
1163.300,1,1,1,1
1163.350,1,0,1,1
1163.400,1,0,1,1
1163.450,1,0,1,1
1163.500,1,0,1,1
1163.550,0,0,1,1
1163.600,0,0,0,0
1163.650,0,0,0,0
1163.700,0,0,0,0
1163.750,0,0,0,0
1163.800,0,1,0,0
1163.850,0,1,0,0
1163.900,0,1,0,0
1163.950,0,1,0,0
1164.000,1,1,0,0
1164.050,1,1,0,1
1164.100,1,1,1,1
1164.150,1,1,1,1
1164.200,1,0,1,1
1164.250,1,0,1,1
1164.300,1,0,1,1
1164.350,1,0,1,1
1164.400,1,0,1,1
1164.450,0,0,1,1
1164.500,0,0,1,0
1164.550,0,0,0,0
1164.600,0,0,0,0
1164.650,0,0,0,0
1164.700,0,1,0,0
1164.750,0,1,0,0
1164.800,0,1,0,0
1164.850,0,1,0,0
1164.900,0,1,0,0
1164.950,1,1,0,1
1165.000,1,1,0,1
1165.050,1,1,1,1
1165.100,1,0,1,1
1165.150,1,0,1,1
1165.200,1,0,1,1
1165.250,1,0,1,1
1165.300,1,0,1,1
1165.350,1,0,1,1
1165.400,0,0,1,0
1165.450,0,0,1,0
1165.500,0,0,0,0
1165.550,0,1,0,0
1165.600,0,1,0,0
1165.650,0,1,0,0
1165.700,0,1,0,0
1165.750,0,1,0,0
1165.800,0,1,0,0
1165.850,0,1,0,1
1165.900,1,1,0,1
1165.950,1,1,0,1
1166.000,1,0,1,1
1166.050,1,0,1,1
1166.100,1,0,1,1
1166.150,1,0,1,1
1166.200,1,0,1,1
1166.250,1,0,1,1
1166.300,1,0,1,0
1166.350,0,0,1,0
1166.400,0,0,1,0
1166.450,0,0,0,0
1166.500,0,1,0,0
1166.550,0,1,0,0
1166.600,0,1,0,0
1166.650,0,1,0,0
1166.700,0,1,0,0
1166.750,0,1,0,1
1166.800,1,1,0,1
1166.850,1,1,0,1
1166.900,1,0,0,1
1166.950,1,0,1,1
1167.000,1,0,1,1
1167.050,1,0,1,1
1167.100,1,0,1,1
1167.150,1,0,1,0
1167.200,1,0,1,0
1167.250,0,0,1,0
1167.300,0,0,1,0
1167.350,0,0,1,0
1167.400,0,1,0,0
1167.450,0,1,0,0
1167.500,0,1,0,0
1167.550,0,1,0,0
1167.600,0,1,0,1
1167.650,0,1,0,1
1167.700,0,1,0,1
1167.750,1,1,0,1
1167.800,1,0,0,1
1167.850,1,0,0,1
1167.900,1,0,1,1
1167.950,1,0,1,1
1168.000,1,0,1,1
1168.050,1,0,1,0
1168.100,1,0,1,0
1168.150,1,0,1,0
1168.200,0,0,1,0
1168.250,0,0,1,0
1168.300,0,1,1,0
1168.350,0,1,0,0
1168.400,0,1,0,0
1168.450,0,1,0,0
1168.500,0,1,0,1
1168.550,0,1,0,1
1168.600,0,1,0,1
1168.650,0,1,0,1
1168.700,1,0,0,1
1168.750,1,0,0,1
1168.800,1,0,0,1
1168.850,1,0,1,1
1168.900,1,0,1,0
1168.950,1,0,1,0
1169.000,1,0,1,0
1169.050,1,0,1,0
1169.100,0,0,1,0
1169.150,0,1,1,0
1169.200,0,1,1,0
1169.250,0,1,1,0
1169.300,0,1,0,0
1169.350,0,1,0,1
1169.400,0,1,0,1
1169.450,0,1,0,1
1169.500,0,1,0,1
1169.550,0,1,0,1
1169.600,1,0,0,1
1169.650,1,0,0,1
1169.700,1,0,0,1
1169.750,1,0,0,1
1169.800,1,0,1,0
1169.850,1,0,1,0
1169.900,1,0,1,0
1169.950,1,0,1,0
1170.000,1,0,1,0
1170.050,0,1,1,0
1170.100,0,1,1,0
1170.150,0,1,1,0
1170.200,0,1,1,0
1170.250,0,1,0,1
1170.300,0,1,0,1
1170.350,0,1,0,1
1170.400,0,1,0,1
1170.450,0,1,0,1
1170.500,0,0,0,1
1170.550,1,0,0,1
1170.600,1,0,0,1
1170.650,1,0,0,1
1170.700,1,0,0,0
1170.750,1,0,1,0
1170.800,1,0,1,0
1170.850,1,0,1,0
1170.900,1,0,1,0
1170.950,1,1,1,0
1171.000,0,1,1,0
1171.050,0,1,1,0
1171.100,0,1,1,0
1171.150,0,1,1,1
1171.200,0,1,0,1
1171.250,0,1,0,1
1171.300,0,1,0,1
1171.350,0,0,0,1
1171.400,0,0,0,1
1171.450,0,0,0,1
1171.500,1,0,0,1
1171.550,1,0,0,0
1171.600,1,0,0,0
1171.650,1,0,0,0
1171.700,1,0,1,0
1171.750,1,0,1,0
1171.800,1,1,1,0
1171.850,1,1,1,0
1171.900,1,1,1,0
1171.950,0,1,1,0
1172.000,0,1,1,1
1172.050,0,1,1,1
1172.100,0,1,1,1
1172.150,0,1,1,1
1172.200,0,1,0,1
1172.250,0,0,0,1
1172.300,0,0,0,1
1172.350,0,0,0,1
1172.400,1,0,0,1
1172.450,1,0,0,0
1172.500,1,0,0,0
1172.550,1,0,0,0
1172.600,1,0,0,0
1172.650,1,0,1,0
1172.700,1,1,1,0
1172.750,1,1,1,0
1172.800,1,1,1,0
1172.850,0,1,1,0
1172.900,0,1,1,1
1172.950,0,1,1,1
1173.000,0,1,1,1
1173.050,0,1,1,1
1173.100,0,1,1,1
1173.150,0,0,0,1
1173.200,0,0,0,1
1173.250,0,0,0,1
1173.300,0,0,0,1
1173.350,1,0,0,0
1173.400,1,0,0,0
1173.450,1,0,0,0
1173.500,1,0,0,0
1173.550,1,0,0,0
1173.600,1,1,0,0
1173.650,1,1,1,0
1173.700,1,1,1,0
1173.750,1,1,1,0
1173.800,0,1,1,1
1173.850,0,1,1,1
1173.900,0,1,1,1
1173.950,0,1,1,1
1174.000,0,0,1,1
1174.050,0,0,1,1
1174.100,0,0,0,1
1174.150,0,0,0,1
1174.200,0,0,0,1
1174.250,0,0,0,0
1174.300,1,0,0,0
1174.350,1,0,0,0
1174.400,1,0,0,0
1174.450,1,0,0,0
1174.500,1,1,0,0
1174.550,1,1,0,0
1174.600,1,1,1,0
1174.650,1,1,1,0
1174.700,1,1,1,1
1174.750,0,1,1,1
1174.800,0,1,1,1
1174.850,0,1,1,1
1174.900,0,0,1,1
1174.950,0,0,1,1
1175.000,0,0,1,1
1175.050,0,0,0,1
1175.100,0,0,0,1
1175.150,0,0,0,0
1175.200,0,0,0,0
1175.250,1,0,0,0
1175.300,1,0,0,0
1175.350,1,1,0,0
1175.400,1,1,0,0
1175.450,1,1,0,0
1175.500,1,1,0,0
1175.550,1,1,1,0
1175.600,1,1,1,1
1175.650,1,1,1,1
1175.700,0,1,1,1
1175.750,0,1,1,1
1175.800,0,0,1,1
1175.850,0,0,1,1
1175.900,0,0,1,1
1175.950,0,0,1,1
1176.000,0,0,0,0
1176.050,0,0,0,0
1176.100,0,0,0,0
1176.150,0,0,0,0
1176.200,1,0,0,0
1176.250,1,1,0,0
1176.300,1,1,0,0
1176.350,1,1,0,0
1176.400,1,1,0,0
1176.450,1,1,0,1
1176.500,1,1,1,1
1176.550,1,1,1,1
1176.600,1,1,1,1
1176.650,0,1,1,1
1176.700,0,0,1,1
1176.750,0,0,1,1
1176.800,0,0,1,1
1176.850,0,0,1,1
1176.900,0,0,1,0
1176.950,0,0,0,0
1177.000,0,0,0,0
1177.050,0,0,0,0
1177.100,0,0,0,0
1177.150,1,1,0,0
1177.200,1,1,0,0
1177.250,1,1,0,0
1177.300,1,1,0,0
1177.350,1,1,0,1
1177.400,1,1,0,1
1177.450,1,1,1,1
1177.500,1,1,1,1
1177.550,1,1,1,1
1177.600,0,0,1,1
1177.650,0,0,1,1
1177.700,0,0,1,1
1177.750,0,0,1,1
1177.800,0,0,1,0
1177.850,0,0,1,0
1177.900,0,0,0,0
1177.950,0,0,0,0
1178.000,0,0,0,0
1178.050,1,1,0,0
1178.100,1,1,0,0
1178.150,1,1,0,0
1178.200,1,1,0,1
1178.250,1,1,0,1
1178.300,1,1,0,1
1178.350,1,1,0,1
1178.400,1,1,1,1
1178.450,1,1,1,1
1178.500,1,0,1,1
1178.550,0,0,1,1
1178.600,0,0,1,1
1178.650,0,0,1,0
1178.700,0,0,1,0
1178.750,0,0,1,0
1178.800,0,0,1,0
1178.850,0,0,0,0
1178.900,0,0,0,0
1178.950,0,1,0,0
1179.000,0,1,0,0
1179.050,1,1,0,0
1179.100,1,1,0,1
1179.150,1,1,0,1
1179.200,1,1,0,1
1179.250,1,1,0,1
1179.300,1,1,0,1
1179.350,1,0,1,1
1179.400,1,0,1,1
1179.450,1,0,1,1
1179.500,0,0,1,1
1179.550,0,0,1,0
1179.600,0,0,1,0
1179.650,0,0,1,0
1179.700,0,0,1,0
1179.750,0,0,1,0
1179.800,0,1,0,0
1179.850,0,1,0,0
1179.900,0,1,0,0
1179.950,1,1,0,0
1180.000,1,1,0,1
1180.050,1,1,0,1
1180.100,1,1,0,1
1180.150,1,1,0,1
1180.200,1,1,0,1
1180.250,1,0,0,1
1180.300,1,0,1,1
1180.350,1,0,1,1
1180.400,1,0,1,0
1180.450,0,0,1,0
1180.500,0,0,1,0
1180.550,0,0,1,0
1180.600,0,0,1,0
1180.650,0,0,1,0
1180.700,0,1,1,0
1180.750,0,1,0,0
1180.800,0,1,0,0
1180.850,0,1,0,1
1180.900,1,1,0,1
1180.950,1,1,0,1
1181.000,1,1,0,1
1181.050,1,1,0,1
1181.100,1,0,0,1
1181.150,1,0,0,1
1181.200,1,0,0,1
1181.250,1,0,1,1
1181.300,1,0,1,0
1181.350,1,0,1,0
1181.400,0,0,1,0
1181.450,0,0,1,0
1181.500,0,0,1,0
1181.550,0,0,1,0
1181.600,0,1,1,0
1181.650,0,1,1,0
1181.700,0,1,0,0
1181.750,0,1,0,1
1181.800,0,1,0,1
1181.850,1,1,0,1
1181.900,1,1,0,1
1181.950,1,1,0,1
1182.000,1,0,0,1
1182.050,1,0,0,1
1182.100,1,0,0,1
1182.150,1,0,0,0
1182.200,1,0,1,0
1182.250,1,0,1,0
1182.300,1,0,1,0
1182.350,0,0,1,0
1182.400,0,0,1,0
1182.450,0,1,1,0
1182.500,0,1,1,0
1182.550,0,1,1,0
1182.600,0,1,1,0
1182.650,0,1,0,1
1182.700,0,1,0,1
1182.750,0,1,0,1
1182.800,0,1,0,1
1182.850,1,1,0,1
1182.900,1,0,0,1
1182.950,1,0,0,1
1183.000,1,0,0,1
1183.050,1,0,0,0
1183.100,1,0,0,0
1183.150,1,0,1,0
1183.200,1,0,1,0
1183.250,1,0,1,0
1183.300,0,0,1,0
1183.350,0,1,1,0
1183.400,0,1,1,0
1183.450,0,1,1,0
1183.500,0,1,1,1
1183.550,0,1,1,1
1183.600,0,1,0,1
1183.650,0,1,0,1
1183.700,0,1,0,1
1183.750,0,0,0,1
1183.800,1,0,0,1
1183.850,1,0,0,1
1183.900,1,0,0,1
1183.950,1,0,0,0
1184.000,1,0,0,0
1184.050,1,0,0,0
1184.100,1,0,1,0
1184.150,1,0,1,0
1184.200,1,0,1,0
1184.250,0,1,1,0
1184.300,0,1,1,0
1184.350,0,1,1,0
1184.400,0,1,1,1
1184.450,0,1,1,1
1184.500,0,1,1,1
1184.550,0,1,0,1
1184.600,0,1,0,1
1184.650,0,0,0,1
1184.700,0,0,0,1
1184.750,1,0,0,1
1184.800,1,0,0,1
1184.850,1,0,0,0
1184.900,1,0,0,0
1184.950,1,0,0,0
1185.000,1,0,0,0
1185.050,1,0,1,0
1185.100,1,1,1,0
1185.150,1,1,1,0
1185.200,0,1,1,0
1185.250,0,1,1,0
1185.300,0,1,1,1
1185.350,0,1,1,1
1185.400,0,1,1,1
1185.450,0,1,1,1
1185.500,0,1,0,1
1185.550,0,0,0,1
1185.600,0,0,0,1
1185.650,0,0,0,1
1185.700,1,0,0,1
1185.750,1,0,0,0
1185.800,1,0,0,0
1185.850,1,0,0,0
1185.900,1,0,0,0
1185.950,1,0,0,0
1186.000,1,1,1,0
1186.050,1,1,1,0
1186.100,1,1,1,0
1186.150,0,1,1,0
1186.200,0,1,1,1
1186.250,0,1,1,1
1186.300,0,1,1,1
1186.350,0,1,1,1
1186.400,0,1,1,1
1186.450,0,0,0,1
1186.500,0,0,0,1
1186.550,0,0,0,1
1186.600,0,0,0,0
1186.650,1,0,0,0
1186.700,1,0,0,0
1186.750,1,0,0,0
1186.800,1,0,0,0
1186.850,1,0,0,0
1186.900,1,1,1,0
1186.950,1,1,1,0
1187.000,1,1,1,0
1187.050,1,1,1,1
1187.100,0,1,1,1
1187.150,0,1,1,1
1187.200,0,1,1,1
1187.250,0,1,1,1
1187.300,0,1,1,1
1187.350,0,0,1,1
1187.400,0,0,0,1
1187.450,0,0,0,1
1187.500,0,0,0,0
1187.550,0,0,0,0
1187.600,1,0,0,0
1187.650,1,0,0,0
1187.700,1,0,0,0
1187.750,1,0,0,0
1187.800,1,1,0,0
1187.850,1,1,0,0
1187.900,1,1,1,0
1187.950,1,1,1,1
1188.000,1,1,1,1
1188.050,0,1,1,1
1188.100,0,1,1,1
1188.150,0,1,1,1
1188.200,0,0,1,1
1188.250,0,0,1,1
1188.300,0,0,0,1
1188.350,0,0,0,0
1188.400,0,0,0,0
1188.450,0,0,0,0
1188.500,0,0,0,0
1188.550,1,0,0,0
1188.600,1,0,0,0
1188.650,1,0,0,0
1188.700,1,1,0,0
1188.750,1,1,0,0
1188.800,1,1,1,1
1188.850,1,1,1,1
1188.900,1,1,1,1
1188.950,1,1,1,1
1189.000,1,1,1,1
1189.050,0,1,1,1
1189.100,0,0,1,1
1189.150,0,0,1,1
1189.200,0,0,1,1
1189.250,0,0,1,0
1189.300,0,0,0,0
1189.350,0,0,0,0
1189.400,0,0,0,0
1189.450,0,0,0,0
1189.500,1,0,0,0
1189.550,1,1,0,0
1189.600,1,1,0,0
1189.650,1,1,0,0
1189.700,1,1,0,1
1189.750,1,1,1,1
1189.800,1,1,1,1
1189.850,1,1,1,1
1189.900,1,1,1,1
1189.950,0,1,1,1
1190.000,0,0,1,1
1190.050,0,0,1,1
1190.100,0,0,1,1
1190.150,0,0,1,0
1190.200,0,0,0,0
1190.250,0,0,0,0
1190.300,0,0,0,0
1190.350,0,0,0,0
1190.400,0,0,0,0
1190.450,1,1,0,0
1190.500,1,1,0,0
1190.550,1,1,0,0
1190.600,1,1,0,1
1190.650,1,1,0,1
1190.700,1,1,1,1
1190.750,1,1,1,1
1190.800,1,1,1,1
1190.850,1,0,1,1
1190.900,1,0,1,1
1190.950,0,0,1,1
1191.000,0,0,1,0
1191.050,0,0,1,0
1191.100,0,0,1,0
1191.150,0,0,0,0
1191.200,0,0,0,0
1191.250,0,0,0,0
1191.300,0,1,0,0
1191.350,0,1,0,0
1191.400,1,1,0,0
1191.450,1,1,0,1
1191.500,1,1,0,1
1191.550,1,1,0,1
1191.600,1,1,0,1
1191.650,1,1,1,1
1191.700,1,1,1,1
1191.750,1,0,1,1
1191.800,1,0,1,1
1191.850,0,0,1,1
1191.900,0,0,1,0
1191.950,0,0,1,0
1192.000,0,0,1,0
1192.050,0,0,1,0
1192.100,0,0,0,0
1192.150,0,0,0,0
1192.200,0,1,0,0
1192.250,0,1,0,0
1192.300,0,1,0,0
1192.350,1,1,0,1
1192.400,1,1,0,1
1192.450,1,1,0,1
1192.500,1,1,0,1
1192.550,1,1,0,1
1192.600,1,1,1,1
1192.650,1,0,1,1
1192.700,1,0,1,1
1192.750,1,0,1,1
1192.800,1,0,1,0
1192.850,0,0,1,0
1192.900,0,0,1,0
1192.950,0,0,1,0
1193.000,0,0,1,0
1193.050,0,1,0,0
1193.100,0,1,0,0
1193.150,0,1,0,0
1193.200,0,1,0,0
1193.250,0,1,0,1
1193.300,1,1,0,1
1193.350,1,1,0,1
1193.400,1,1,0,1
1193.450,1,1,0,1
1193.500,1,0,1,1
1193.550,1,0,1,1
1193.600,1,0,1,1
1193.650,1,0,1,1
1193.700,1,0,1,0
1193.750,0,0,1,0
1193.800,0,0,1,0
1193.850,0,0,1,0
1193.900,0,0,1,0
1193.950,0,1,0,0
1194.000,0,1,0,0
1194.050,0,1,0,0
1194.100,0,1,0,0
1194.150,0,1,0,1
1194.200,0,1,0,1
1194.250,1,1,0,1
1194.300,1,1,0,1
1194.350,1,1,0,1
1194.400,1,0,0,1
1194.450,1,0,1,1
1194.500,1,0,1,1
1194.550,1,0,1,0
1194.600,1,0,1,0
1194.650,1,0,1,0
1194.700,1,0,1,0
1194.750,0,0,1,0
1194.800,0,0,1,0
1194.850,0,1,1,0
1194.900,0,1,0,0
1194.950,0,1,0,0
1195.000,0,1,0,1
1195.050,0,1,0,1
1195.100,0,1,0,1
1195.150,0,1,0,1
1195.200,1,1,0,1
1195.250,1,1,0,1
1195.300,1,0,0,1
1195.350,1,0,0,1
1195.400,1,0,1,1
1195.450,1,0,1,0
1195.500,1,0,1,0
1195.550,1,0,1,0
1195.600,1,0,1,0
1195.650,1,0,1,0
1195.700,0,0,1,0
1195.750,0,1,1,0
1195.800,0,1,1,0
1195.850,0,1,0,0
1195.900,0,1,0,1
1195.950,0,1,0,1
1196.000,0,1,0,1
1196.050,0,1,0,1
1196.100,0,1,0,1
1196.150,1,0,0,1
1196.200,1,0,0,1
1196.250,1,0,0,1
1196.300,1,0,1,1
1196.350,1,0,1,0
1196.400,1,0,1,0
1196.450,1,0,1,0
1196.500,1,0,1,0
1196.550,1,0,1,0
1196.600,1,0,1,0
1196.650,0,1,1,0
1196.700,0,1,1,0
1196.750,0,1,1,0
1196.800,0,1,0,1
1196.850,0,1,0,1
1196.900,0,1,0,1
1196.950,0,1,0,1
1197.000,0,1,0,1
1197.050,0,0,0,1
1197.100,1,0,0,1
1197.150,1,0,0,1
1197.200,1,0,0,0
1197.250,1,0,1,0
1197.300,1,0,1,0
1197.350,1,0,1,0
1197.400,1,0,1,0
1197.450,1,0,1,0
1197.500,1,1,1,0
1197.550,1,1,1,0
1197.600,0,1,1,0
1197.650,0,1,1,1
1197.700,0,1,0,1
1197.750,0,1,0,1
1197.800,0,1,0,1
1197.850,0,1,0,1
1197.900,0,1,0,1
1197.950,0,0,0,1
1198.000,0,0,0,1
1198.050,1,0,0,1
1198.100,1,0,0,0
1198.150,1,0,0,0
1198.200,1,0,1,0
1198.250,1,0,1,0
1198.300,1,0,1,0
1198.350,1,0,1,0
1198.400,1,1,1,0
1198.450,1,1,1,0
1198.500,1,1,1,0
1198.550,0,1,1,1
1198.600,0,1,0,1
1198.650,0,1,0,1
1198.700,0,1,0,1
1198.750,0,1,0,1
1198.800,0,0,0,1
1198.850,0,0,0,1
1198.900,0,0,0,1
1198.950,0,0,0,0
1199.000,1,0,0,0
1199.050,1,0,0,0
1199.100,1,0,1,0
1199.150,1,0,1,0
1199.200,1,0,1,0
1199.250,1,1,1,0
1199.300,1,1,1,0
1199.350,1,1,1,0
1199.400,1,1,1,1
1199.450,1,1,1,1
1199.500,0,1,1,1
1199.550,0,1,0,1
1199.600,0,1,0,1
1199.650,0,1,0,1
1199.700,0,0,0,1
1199.750,0,0,0,1
1199.800,0,0,0,1
1199.850,0,0,0,0
1199.900,0,0,0,0
1199.950,1,0,0,0
1200.000,1,1,1,1
1200.050,1,1,1,1
1200.100,1,1,1,1
1200.150,1,1,1,1
1200.200,1,1,1,1
1200.250,1,1,1,1
1200.300,1,0,1,1
1200.350,1,0,0,1
1200.400,0,0,0,1
1200.450,0,0,0,0
1200.500,0,0,0,0
1200.550,0,0,0,0
1200.600,0,0,0,0
1200.650,0,0,0,0
1200.700,0,0,0,0
1200.750,0,1,0,0
1200.800,0,1,0,0
1200.850,0,1,1,0
1200.900,1,1,1,1
1200.950,1,1,1,1
1201.000,1,1,1,1
1201.050,1,1,1,1
1201.100,1,1,1,1
1201.150,1,1,1,1
1201.200,1,0,1,1
1201.250,1,0,1,1
1201.300,1,0,0,1
1201.350,0,0,0,0
1201.400,0,0,0,0
1201.450,0,0,0,0
1201.500,0,0,0,0
1201.550,0,0,0,0
1201.600,0,0,0,0
1201.650,0,1,0,0
1201.700,0,1,0,0
1201.750,0,1,0,0
1201.800,1,1,1,1
1201.850,1,1,1,1
1201.900,1,1,1,1
1201.950,1,1,1,1
1202.000,1,1,1,1
1202.050,1,1,1,1
1202.100,1,0,1,1
1202.150,1,0,1,1
1202.200,1,0,1,0
1202.250,1,0,0,0
1202.300,0,0,0,0
1202.350,0,0,0,0
1202.400,0,0,0,0
1202.450,0,0,0,0
1202.500,0,0,0,0
1202.550,0,1,0,0
1202.600,0,1,0,0
1202.650,0,1,0,1
1202.700,0,1,0,1
1202.750,0,1,1,1
1202.800,1,1,1,1
1202.850,1,1,1,1
1202.900,1,1,1,1
1202.950,1,0,1,1
1203.000,1,0,1,1
1203.050,1,0,1,1
1203.100,1,0,1,0
1203.150,1,0,1,0
1203.200,1,0,1,0
1203.250,0,0,0,0
1203.300,0,0,0,0
1203.350,0,0,0,0
1203.400,0,1,0,0
1203.450,0,1,0,0
1203.500,0,1,0,0
1203.550,0,1,0,1
1203.600,0,1,0,1
1203.650,0,1,0,1
1203.700,0,1,1,1
1203.750,1,1,1,1
1203.800,1,1,1,1
1203.850,1,0,1,1
1203.900,1,0,1,1
1203.950,1,0,1,0
1204.000,1,0,1,0
1204.050,1,0,1,0
1204.100,1,0,1,0
1204.150,1,0,1,0
1204.200,0,0,0,0
1204.250,0,0,0,0
1204.300,0,1,0,0
1204.350,0,1,0,0
1204.400,0,1,0,1
1204.450,0,1,0,1
1204.500,0,1,0,1
1204.550,0,1,0,1
1204.600,0,1,0,1
1204.650,0,1,0,1
1204.700,1,1,1,1
1204.750,1,0,1,1
1204.800,1,0,1,1
1204.850,1,0,1,0
1204.900,1,0,1,0
1204.950,1,0,1,0
1205.000,1,0,1,0
1205.050,1,0,1,0
1205.100,1,0,1,0
1205.150,0,0,0,0
1205.200,0,1,0,0
1205.250,0,1,0,0
1205.300,0,1,0,1
1205.350,0,1,0,1
1205.400,0,1,0,1
1205.450,0,1,0,1
1205.500,0,1,0,1
1205.550,0,1,0,1
1205.600,0,1,0,1
1205.650,1,0,1,1
1205.700,1,0,1,1
1205.750,1,0,1,0
1205.800,1,0,1,0
1205.850,1,0,1,0
1205.900,1,0,1,0
1205.950,1,0,1,0
1206.000,1,0,1,0
1206.050,1,0,1,0
1206.100,1,1,0,0
1206.150,0,1,0,0
1206.200,0,1,0,1
1206.250,0,1,0,1
1206.300,0,1,0,1
1206.350,0,1,0,1
1206.400,0,1,0,1
1206.450,0,1,0,1
1206.500,0,0,0,1
1206.550,0,0,0,1
1206.600,0,0,1,0
1206.650,1,0,1,0
1206.700,1,0,1,0
1206.750,1,0,1,0
1206.800,1,0,1,0
1206.850,1,0,1,0
1206.900,1,0,1,0
1206.950,1,0,1,0
1207.000,1,1,1,0
1207.050,1,1,0,1
1207.100,0,1,0,1
1207.150,0,1,0,1
1207.200,0,1,0,1
1207.250,0,1,0,1
1207.300,0,1,0,1
1207.350,0,1,0,1
1207.400,0,0,0,1
1207.450,0,0,0,1
1207.500,0,0,0,0
1207.550,0,0,1,0
1207.600,1,0,1,0
1207.650,1,0,1,0
1207.700,1,0,1,0
1207.750,1,0,1,0
1207.800,1,0,1,0
1207.850,1,0,1,0
1207.900,1,1,1,0
1207.950,1,1,1,1
1208.000,1,1,1,1
1208.050,0,1,0,1
1208.100,0,1,0,1
1208.150,0,1,0,1
1208.200,0,1,0,1
1208.250,0,1,0,1
1208.300,0,0,0,1
1208.350,0,0,0,1
1208.400,0,0,0,0
1208.450,0,0,0,0
1208.500,0,0,1,0
1208.550,1,0,1,0
1208.600,1,0,1,0
1208.650,1,0,1,0
1208.700,1,0,1,0
1208.750,1,1,1,0
1208.800,1,1,1,0
1208.850,1,1,1,1
1208.900,1,1,1,1
1208.950,1,1,1,1
1209.000,0,1,0,1
1209.050,0,1,0,1
1209.100,0,1,0,1
1209.150,0,1,0,1
1209.200,0,0,0,1
1209.250,0,0,0,1
1209.300,0,0,0,0
1209.350,0,0,0,0
1209.400,0,0,0,0
1209.450,0,0,0,0
1209.500,1,0,1,0
1209.550,1,0,1,0
1209.600,1,0,1,0
1209.650,1,1,1,0
1209.700,1,1,1,0
1209.750,1,1,1,1
1209.800,1,1,1,1
1209.850,1,1,1,1
1209.900,1,1,1,1
1209.950,0,1,0,1
1210.000,0,1,0,1
1210.050,0,0,0,1
1210.100,0,0,0,1
1210.150,0,0,0,1
1210.200,0,0,0,0
1210.250,0,0,0,0
1210.300,0,0,0,0
1210.350,0,0,0,0
1210.400,0,0,0,0
1210.450,1,0,1,0
1210.500,1,1,1,0
1210.550,1,1,1,0
1210.600,1,1,1,0
1210.650,1,1,1,1
1210.700,1,1,1,1
1210.750,1,1,1,1
1210.800,1,1,1,1
1210.850,1,1,1,1
1210.900,1,1,0,1
1210.950,0,0,0,1
1211.000,0,0,0,1
1211.050,0,0,0,0
1211.100,0,0,0,0
1211.150,0,0,0,0
1211.200,0,0,0,0
1211.250,0,0,0,0
1211.300,0,0,0,0
1211.350,0,0,0,0
1211.400,0,1,1,0
1211.450,1,1,1,0
1211.500,1,1,1,0
1211.550,1,1,1,1
1211.600,1,1,1,1
1211.650,1,1,1,1
1211.700,1,1,1,1
1211.750,1,1,1,1
1211.800,1,1,1,1
1211.850,1,0,0,1
1211.900,0,0,0,1
1211.950,0,0,0,0
1212.000,0,0,0,0
1212.050,0,0,0,0
1212.100,0,0,0,0
1212.150,0,0,0,0
1212.200,0,0,0,0
1212.250,0,0,0,0
1212.300,0,1,0,0
1212.350,1,1,1,0
1212.400,1,1,1,1
1212.450,1,1,1,1
1212.500,1,1,1,1
1212.550,1,1,1,1
1212.600,1,1,1,1
1212.650,1,1,1,1
1212.700,1,0,1,1
1212.750,1,0,1,1
1212.800,1,0,1,1
1212.850,0,0,0,0
1212.900,0,0,0,0
1212.950,0,0,0,0
1213.000,0,0,0,0
1213.050,0,0,0,0
1213.100,0,0,0,0
1213.150,0,0,0,0
1213.200,0,1,0,0
1213.250,0,1,0,0
1213.300,0,1,1,1
1213.350,1,1,1,1
1213.400,1,1,1,1
1213.450,1,1,1,1
1213.500,1,1,1,1
1213.550,1,1,1,1
1213.600,1,0,1,1
1213.650,1,0,1,1
1213.700,1,0,1,0
1213.750,1,0,1,0
1213.800,0,0,0,0
1213.850,0,0,0,0
1213.900,0,0,0,0
1213.950,0,0,0,0
1214.000,0,0,0,0
1214.050,0,0,0,0
1214.100,0,1,0,0
1214.150,0,1,0,0
1214.200,0,1,0,1
1214.250,0,1,1,1
1214.300,1,1,1,1
1214.350,1,1,1,1
1214.400,1,1,1,1
1214.450,1,1,1,1
1214.500,1,1,1,1
1214.550,1,0,1,1
1214.600,1,0,1,0
1214.650,1,0,1,0
1214.700,1,0,1,0
1214.750,0,0,0,0
1214.800,0,0,0,0
1214.850,0,0,0,0
1214.900,0,0,0,0
1214.950,0,0,0,0
1215.000,0,1,0,0
1215.050,0,1,0,0
1215.100,0,1,0,1
1215.150,0,1,0,1
1215.200,0,1,0,1
1215.250,1,1,1,1
1215.300,1,1,1,1
1215.350,1,1,1,1
1215.400,1,1,1,1
1215.450,1,0,1,1
1215.500,1,0,1,0
1215.550,1,0,1,0
1215.600,1,0,1,0
1215.650,1,0,1,0
1215.700,0,0,0,0
1215.750,0,0,0,0
1215.800,0,0,0,0
1215.850,0,0,0,0
1215.900,0,1,0,0
1215.950,0,1,0,1
1216.000,0,1,0,1
1216.050,0,1,0,1
1216.100,0,1,0,1
1216.150,0,1,0,1
1216.200,1,1,1,1
1216.250,1,1,1,1
1216.300,1,1,1,1
1216.350,1,0,1,1
1216.400,1,0,1,0
1216.450,1,0,1,0
1216.500,1,0,1,0
1216.550,1,0,1,0
1216.600,1,0,1,0
1216.650,0,0,0,0
1216.700,0,0,0,0
1216.750,0,0,0,0
1216.800,0,0,0,0
1216.850,0,1,0,0
1216.900,0,1,0,1
1216.950,0,1,0,1
1217.000,0,1,0,1
1217.050,0,1,0,1
1217.100,0,1,0,1
1217.150,1,1,1,1
1217.200,1,1,1,1
1217.250,1,0,1,1
1217.300,1,0,1,0
1217.350,1,0,1,0
1217.400,1,0,1,0
1217.450,1,0,1,0
1217.500,1,0,1,0
1217.550,1,0,1,0
1217.600,0,0,0,0
1217.650,0,0,0,0
1217.700,0,0,0,0
1217.750,0,1,0,0
1217.800,0,1,0,1
1217.850,0,1,0,1
1217.900,0,1,0,1
1217.950,0,1,0,1
1218.000,0,1,0,1
1218.050,0,1,0,1
1218.100,1,1,1,1
1218.150,1,0,1,1
1218.200,1,0,1,1
1218.250,1,0,1,0
1218.300,1,0,1,0
1218.350,1,0,1,0
1218.400,1,0,1,0
1218.450,1,0,1,0
1218.500,1,0,1,0
1218.550,1,0,0,0
1218.600,0,0,0,0
1218.650,0,1,0,0
1218.700,0,1,0,1
1218.750,0,1,0,1
1218.800,0,1,0,1
1218.850,0,1,0,1
1218.900,0,1,0,1
1218.950,0,1,0,1
1219.000,0,1,0,1
1219.050,1,0,1,1
1219.100,1,0,1,1
1219.150,1,0,1,0
1219.200,1,0,1,0
1219.250,1,0,1,0
1219.300,1,0,1,0
1219.350,1,0,1,0
1219.400,1,0,1,0
1219.450,1,0,1,0
1219.500,1,0,0,0
1219.550,0,1,0,0
1219.600,0,1,0,1
1219.650,0,1,0,1
1219.700,0,1,0,1
1219.750,0,1,0,1
1219.800,0,1,0,1
1219.850,0,1,0,1
1219.900,0,1,0,1
1219.950,0,0,0,1
1220.000,1,0,1,1
1220.050,1,0,1,0
1220.100,1,0,1,0
1220.150,1,0,1,0
1220.200,1,0,1,0
1220.250,1,0,1,0
1220.300,1,0,1,0
1220.350,1,0,1,0
1220.400,1,0,1,0
1220.450,0,1,0,0
1220.500,0,1,0,0
1220.550,0,1,0,1
1220.600,0,1,0,1
1220.650,0,1,0,1
1220.700,0,1,0,1
1220.750,0,1,0,1
1220.800,0,1,0,1
1220.850,0,1,0,1
1220.900,0,0,0,1
1220.950,1,0,1,1
1221.000,1,0,1,0
1221.050,1,0,1,0
1221.100,1,0,1,0
1221.150,1,0,1,0
1221.200,1,0,1,0
1221.250,1,0,1,0
1221.300,1,0,1,0
1221.350,1,1,1,0
1221.400,0,1,0,0
1221.450,0,1,0,1
1221.500,0,1,0,1
1221.550,0,1,0,1
1221.600,0,1,0,1
1221.650,0,1,0,1
1221.700,0,1,0,1
1221.750,0,1,0,1
1221.800,0,0,0,1
1221.850,0,0,0,1
1221.900,1,0,1,0
1221.950,1,0,1,0
1222.000,1,0,1,0
1222.050,1,0,1,0
1222.100,1,0,1,0
1222.150,1,0,1,0
1222.200,1,0,1,0
1222.250,1,1,1,0
1222.300,1,1,1,0
1222.350,0,1,0,1
1222.400,0,1,0,1
1222.450,0,1,0,1
1222.500,0,1,0,1
1222.550,0,1,0,1
1222.600,0,1,0,1
1222.650,0,1,0,1
1222.700,0,0,0,1
1222.750,0,0,0,1
1222.800,0,0,0,0
1222.850,1,0,1,0
1222.900,1,0,1,0
1222.950,1,0,1,0
1223.000,1,0,1,0
1223.050,1,0,1,0
1223.100,1,0,1,0
1223.150,1,0,1,0
1223.200,1,1,1,0
1223.250,1,1,1,1
1223.300,0,1,0,1
1223.350,0,1,0,1
1223.400,0,1,0,1
1223.450,0,1,0,1
1223.500,0,1,0,1
1223.550,0,1,0,1
1223.600,0,0,0,1
1223.650,0,0,0,1
1223.700,0,0,0,0
1223.750,0,0,0,0
1223.800,1,0,1,0
1223.850,1,0,1,0
1223.900,1,0,1,0
1223.950,1,0,1,0
1224.000,1,0,1,0
1224.050,1,0,1,0
1224.100,1,1,1,0
1224.150,1,1,1,1
1224.200,1,1,1,1
1224.250,0,1,0,1
1224.300,0,1,0,1
1224.350,0,1,0,1
1224.400,0,1,0,1
1224.450,0,1,0,1
1224.500,0,1,0,1
1224.550,0,0,0,1
1224.600,0,0,0,0
1224.650,0,0,0,0
1224.700,1,0,1,0
1224.750,1,0,1,0
1224.800,1,0,1,0
1224.850,1,0,1,0
1224.900,1,0,1,0
1224.950,1,0,1,0
1225.000,1,1,1,0
1225.050,1,1,1,0
1225.100,1,1,1,1
1225.150,1,1,1,1
1225.200,0,1,0,1
1225.250,0,1,0,1
1225.300,0,1,0,1
1225.350,0,1,0,1
1225.400,0,1,0,1
1225.450,0,0,0,1
1225.500,0,0,0,1
1225.550,0,0,0,0
1225.600,0,0,0,0
1225.650,1,0,1,0
1225.700,1,0,1,0
1225.750,1,0,1,0
1225.800,1,0,1,0
1225.850,1,0,1,0
1225.900,1,0,1,0
1225.950,1,1,1,0
1226.000,1,1,1,1
1226.050,1,1,1,1
1226.100,0,1,1,1
1226.150,0,1,0,1
1226.200,0,1,0,1
1226.250,0,1,0,1
1226.300,0,1,0,1
1226.350,0,1,0,1
1226.400,0,0,0,1
1226.450,0,0,0,0
1226.500,0,0,0,0
1226.550,0,0,0,0
1226.600,1,0,1,0
1226.650,1,0,1,0
1226.700,1,0,1,0
1226.750,1,0,1,0
1226.800,1,0,1,0
1226.850,1,1,1,0
1226.900,1,1,1,1
1226.950,1,1,1,1
1227.000,1,1,1,1
1227.050,0,1,0,1
1227.100,0,1,0,1
1227.150,0,1,0,1
1227.200,0,1,0,1
1227.250,0,1,0,1
1227.300,0,0,0,1
1227.350,0,0,0,0
1227.400,0,0,0,0
1227.450,0,0,0,0
1227.500,0,0,0,0
1227.550,1,0,1,0
1227.600,1,0,1,0
1227.650,1,0,1,0
1227.700,1,0,1,0
1227.750,1,0,1,0
1227.800,1,1,1,1
1227.850,1,1,1,1
1227.900,1,1,1,1
1227.950,1,1,1,1
1228.000,0,1,0,1
1228.050,0,1,0,1
1228.100,0,1,0,1
1228.150,0,1,0,1
1228.200,0,0,0,1
1228.250,0,0,0,1
1228.300,0,0,0,0
1228.350,0,0,0,0
1228.400,0,0,0,0
1228.450,0,0,0,0
1228.500,1,0,1,0
1228.550,1,0,1,0
1228.600,1,0,1,0
1228.650,1,1,1,0
1228.700,1,1,1,0
1228.750,1,1,1,1
1228.800,1,1,1,1
1228.850,1,1,1,1
1228.900,1,1,1,1
1228.950,0,1,0,1
1229.000,0,1,0,1
1229.050,0,1,0,1
1229.100,0,0,0,1
1229.150,0,0,0,1
1229.200,0,0,0,0
1229.250,0,0,0,0
1229.300,0,0,0,0
1229.350,0,0,0,0
1229.400,0,0,1,0
1229.450,1,0,1,0
1229.500,1,0,1,0
1229.550,1,0,1,0
1229.600,1,1,1,0
1229.650,1,1,1,1
1229.700,1,1,1,1
1229.750,1,1,1,1
1229.800,1,1,1,1
1229.850,1,1,1,1
1229.900,0,1,0,1
1229.950,0,1,0,1
1230.000,0,0,0,1
1230.050,0,0,0,1
1230.100,0,0,0,0
1230.150,0,0,0,0
1230.200,0,0,0,0
1230.250,0,0,0,0
1230.300,0,0,0,0
1230.350,1,0,1,0
1230.400,1,0,1,0
1230.450,1,0,1,0
1230.500,1,1,1,0
1230.550,1,1,1,0
1230.600,1,1,1,1
1230.650,1,1,1,1
1230.700,1,1,1,1
1230.750,1,1,1,1
1230.800,1,1,1,1
1230.850,0,1,0,1
1230.900,0,0,0,1
1230.950,0,0,0,1
1231.000,0,0,0,1
1231.050,0,0,0,0
1231.100,0,0,0,0
1231.150,0,0,0,0
1231.200,0,0,0,0
1231.250,0,0,0,0
1231.300,1,0,1,0
1231.350,1,0,1,0
1231.400,1,1,1,0
1231.450,1,1,1,0
1231.500,1,1,1,1
1231.550,1,1,1,1
1231.600,1,1,1,1
1231.650,1,1,1,1
1231.700,1,1,1,1
1231.750,1,1,0,1
1231.800,0,1,0,1
1231.850,0,0,0,1
1231.900,0,0,0,1
1231.950,0,0,0,0
1232.000,0,0,0,0
1232.050,0,0,0,0
1232.100,0,0,0,0
1232.150,0,0,0,0
1232.200,0,0,0,0
1232.250,1,0,1,0
1232.300,1,1,1,0
1232.350,1,1,1,0
1232.400,1,1,1,1
1232.450,1,1,1,1
1232.500,1,1,1,1
1232.550,1,1,1,1
1232.600,1,1,1,1
1232.650,1,1,1,1
1232.700,0,1,0,1
1232.750,0,0,0,1
1232.800,0,0,0,1
1232.850,0,0,0,0
1232.900,0,0,0,0
1232.950,0,0,0,0
1233.000,0,0,0,0
1233.050,0,0,0,0
1233.100,0,0,0,0
1233.150,0,0,0,0
1233.200,1,1,1,0
1233.250,1,1,1,0
1233.300,1,1,1,1
1233.350,1,1,1,1
1233.400,1,1,1,1
1233.450,1,1,1,1
1233.500,1,1,1,1
1233.550,1,1,1,1
1233.600,1,1,1,1
1233.650,0,0,0,1
1233.700,0,0,0,1
1233.750,0,0,0,0
1233.800,0,0,0,0
1233.850,0,0,0,0
1233.900,0,0,0,0
1233.950,0,0,0,0
1234.000,0,0,0,0
1234.050,0,0,0,0
1234.100,0,1,0,0
1234.150,1,1,1,0
1234.200,1,1,1,1
1234.250,1,1,1,1
1234.300,1,1,1,1
1234.350,1,1,1,1
1234.400,1,1,1,1
1234.450,1,1,1,1
1234.500,1,1,1,1
1234.550,1,0,1,1
1234.600,0,0,0,1
1234.650,0,0,0,0
1234.700,0,0,0,0
1234.750,0,0,0,0
1234.800,0,0,0,0
1234.850,0,0,0,0
1234.900,0,0,0,0
1234.950,0,0,0,0
1235.000,0,0,0,0
1235.050,1,1,1,0
1235.100,1,1,1,1
1235.150,1,1,1,1
1235.200,1,1,1,1
1235.250,1,1,1,1
1235.300,1,1,1,1
1235.350,1,1,1,1
1235.400,1,1,1,1
1235.450,1,1,1,1
1235.500,1,0,1,1
1235.550,0,0,0,0
1235.600,0,0,0,0
1235.650,0,0,0,0
1235.700,0,0,0,0
1235.750,0,0,0,0
1235.800,0,0,0,0
1235.850,0,0,0,0
1235.900,0,0,0,0
1235.950,0,1,0,0
1236.000,1,1,1,1
1236.050,1,1,1,1
1236.100,1,1,1,1
1236.150,1,1,1,1
1236.200,1,1,1,1
1236.250,1,1,1,1
1236.300,1,1,1,1
1236.350,1,1,1,1
1236.400,1,0,1,1
1236.450,0,0,0,0
1236.500,0,0,0,0
1236.550,0,0,0,0
1236.600,0,0,0,0
1236.650,0,0,0,0
1236.700,0,0,0,0
1236.750,0,0,0,0
1236.800,0,0,0,0
1236.850,0,1,0,0
1236.900,0,1,0,1
1236.950,1,1,1,1
1237.000,1,1,1,1
1237.050,1,1,1,1
1237.100,1,1,1,1
1237.150,1,1,1,1
1237.200,1,1,1,1
1237.250,1,1,1,1
1237.300,1,0,1,1
1237.350,1,0,1,0
1237.400,0,0,0,0
1237.450,0,0,0,0
1237.500,0,0,0,0
1237.550,0,0,0,0
1237.600,0,0,0,0
1237.650,0,0,0,0
1237.700,0,0,0,0
1237.750,0,1,0,0
1237.800,0,1,0,1
1237.850,0,1,0,1
1237.900,1,1,1,1
1237.950,1,1,1,1
1238.000,1,1,1,1
1238.050,1,1,1,1
1238.100,1,1,1,1
1238.150,1,1,1,1
1238.200,1,0,1,1
1238.250,1,0,1,1
1238.300,1,0,1,0
1238.350,0,0,0,0
1238.400,0,0,0,0
1238.450,0,0,0,0
1238.500,0,0,0,0
1238.550,0,0,0,0
1238.600,0,0,0,0
1238.650,0,1,0,0
1238.700,0,1,0,0
1238.750,0,1,0,1
1238.800,1,1,1,1
1238.850,1,1,1,1
1238.900,1,1,1,1
1238.950,1,1,1,1
1239.000,1,1,1,1
1239.050,1,1,1,1
1239.100,1,0,1,1
1239.150,1,0,1,1
1239.200,1,0,1,0
1239.250,0,0,0,0
1239.300,0,0,0,0
1239.350,0,0,0,0
1239.400,0,0,0,0
1239.450,0,0,0,0
1239.500,0,0,0,0
1239.550,0,1,0,0
1239.600,0,1,0,0
1239.650,0,1,0,1
1239.700,0,1,0,1
1239.750,1,1,1,1
1239.800,1,1,1,1
1239.850,1,1,1,1
1239.900,1,1,1,1
1239.950,1,1,1,1
1240.000,1,0,1,1
1240.050,1,0,1,1
1240.100,1,0,1,0
1240.150,1,0,1,0
1240.200,0,0,0,0
1240.250,0,0,0,0
1240.300,0,0,0,0
1240.350,0,0,0,0
1240.400,0,0,0,0
1240.450,0,1,0,0
1240.500,0,1,0,0
1240.550,0,1,0,1
1240.600,0,1,0,1
1240.650,0,1,0,1
1240.700,1,1,1,1
1240.750,1,1,1,1
1240.800,1,1,1,1
1240.850,1,1,1,1
1240.900,1,0,1,1
1240.950,1,0,1,1
1241.000,1,0,1,0
1241.050,1,0,1,0
1241.100,1,0,1,0
1241.150,0,0,0,0
1241.200,0,0,0,0
1241.250,0,0,0,0
1241.300,0,0,0,0
1241.350,0,1,0,0
1241.400,0,1,0,0
1241.450,0,1,0,1
1241.500,0,1,0,1
1241.550,0,1,0,1
1241.600,1,1,1,1
1241.650,1,1,1,1
1241.700,1,1,1,1
1241.750,1,1,1,1
1241.800,1,0,1,1
1241.850,1,0,1,1
1241.900,1,0,1,0
1241.950,1,0,1,0
1242.000,1,0,1,0
1242.050,1,0,1,0
1242.100,0,0,0,0
1242.150,0,0,0,0
1242.200,0,0,0,0
1242.250,0,1,0,0
1242.300,0,1,0,0
1242.350,0,1,0,1
1242.400,0,1,0,1
1242.450,0,1,0,1
1242.500,0,1,0,1
1242.550,1,1,1,1
1242.600,1,1,1,1
1242.650,1,1,1,1
1242.700,1,0,1,1
1242.750,1,0,1,1
1242.800,1,0,1,0
1242.850,1,0,1,0
1242.900,1,0,1,0
1242.950,1,0,1,0
1243.000,0,0,0,0
1243.050,0,0,0,0
1243.100,0,0,0,0
1243.150,0,1,0,0
1243.200,0,1,0,0
1243.250,0,1,0,1
1243.300,0,1,0,1
1243.350,0,1,0,1
1243.400,0,1,0,1
1243.450,0,1,0,1
1243.500,1,1,1,1
1243.550,1,1,1,1
1243.600,1,0,1,1
1243.650,1,0,1,1
1243.700,1,0,1,0
1243.750,1,0,1,0
1243.800,1,0,1,0
1243.850,1,0,1,0
1243.900,1,0,1,0
1243.950,0,0,0,0
1244.000,0,0,0,0
1244.050,0,1,0,0
1244.100,0,1,0,0
1244.150,0,1,0,1
1244.200,0,1,0,1
1244.250,0,1,0,1
1244.300,0,1,0,1
1244.350,0,1,0,1
1244.400,0,1,0,1
1244.450,1,1,1,1
1244.500,1,0,1,1
1244.550,1,0,1,1
1244.600,1,0,1,0
1244.650,1,0,1,0
1244.700,1,0,1,0
1244.750,1,0,1,0
1244.800,1,0,1,0
1244.850,0,0,1,0
1244.900,0,0,0,0
1244.950,0,1,0,0
1245.000,0,1,0,0
1245.050,0,1,0,1
1245.100,0,1,0,1
1245.150,0,1,0,1
1245.200,0,1,0,1
1245.250,0,1,0,1
1245.300,0,1,0,1
1245.350,1,1,1,1
1245.400,1,0,1,1
1245.450,1,0,1,1
1245.500,1,0,1,0
1245.550,1,0,1,0
1245.600,1,0,1,0
1245.650,1,0,1,0
1245.700,1,0,1,0
1245.750,1,0,1,0
1245.800,0,0,0,0
1245.850,0,1,0,0
1245.900,0,1,0,0
1245.950,0,1,0,1
1246.000,0,1,0,1
1246.050,0,1,0,1
1246.100,0,1,0,1
1246.150,0,1,0,1
1246.200,0,1,0,1
1246.250,0,1,0,1
1246.300,1,0,1,1
1246.350,1,0,1,1
1246.400,1,0,1,0
1246.450,1,0,1,0
1246.500,1,0,1,0
1246.550,1,0,1,0
1246.600,1,0,1,0
1246.650,1,0,1,0
1246.700,1,0,1,0
1246.750,0,1,0,0
1246.800,0,1,0,0
1246.850,0,1,0,1
1246.900,0,1,0,1
1246.950,0,1,0,1
1247.000,0,1,0,1
1247.050,0,1,0,1
1247.100,0,1,0,1
1247.150,0,1,0,1
1247.200,0,0,1,1
1247.250,1,0,1,0
1247.300,1,0,1,0
1247.350,1,0,1,0
1247.400,1,0,1,0
1247.450,1,0,1,0
1247.500,1,0,1,0
1247.550,1,0,1,0
1247.600,1,0,1,0
1247.650,1,1,1,0
1247.700,0,1,0,0
1247.750,0,1,0,1
1247.800,0,1,0,1
1247.850,0,1,0,1
1247.900,0,1,0,1
1247.950,0,1,0,1
1248.000,0,1,0,1
1248.050,0,1,0,1
1248.100,0,0,0,1
1248.150,1,0,1,1
1248.200,1,0,1,0
1248.250,1,0,1,0
1248.300,1,0,1,0
1248.350,1,0,1,0
1248.400,1,0,1,0
1248.450,1,0,1,0
1248.500,1,0,1,0
1248.550,1,1,1,0
1248.600,0,1,0,0
1248.650,0,1,0,1
1248.700,0,1,0,1
1248.750,0,1,0,1
1248.800,0,1,0,1
1248.850,0,1,0,1
1248.900,0,1,0,1
1248.950,0,1,0,1
1249.000,0,0,0,1
1249.050,0,0,0,1
1249.100,1,0,1,0
1249.150,1,0,1,0
1249.200,1,0,1,0
1249.250,1,0,1,0
1249.300,1,0,1,0
1249.350,1,0,1,0
1249.400,1,0,1,0
1249.450,1,1,1,0
1249.500,1,1,1,0
1249.550,0,1,0,1
1249.600,0,1,0,1
1249.650,0,1,0,1
1249.700,0,1,0,1
1249.750,0,1,0,1
1249.800,0,1,0,1
1249.850,0,1,0,1
1249.900,0,0,0,1
1249.950,0,0,0,1
1250.000,0,0,0,0
1250.050,1,0,1,0
1250.100,1,0,1,0
1250.150,1,0,1,0
1250.200,1,0,1,0
1250.250,1,0,1,0
1250.300,1,0,1,0
1250.350,1,1,1,0
1250.400,1,1,1,0
1250.450,1,1,1,1
1250.500,0,1,0,1
1250.550,0,1,0,1
1250.600,0,1,0,1
1250.650,0,1,0,1
1250.700,0,1,0,1
1250.750,0,0,0,1
1250.800,0,0,0,1
1250.850,0,0,0,1
1250.900,0,0,0,0
1250.950,1,0,1,0
1251.000,1,0,1,0
1251.050,1,0,1,0
1251.100,1,0,1,0
1251.150,1,0,1,0
1251.200,1,0,1,0
1251.250,1,1,1,0
1251.300,1,1,1,0
1251.350,1,1,1,1
1251.400,1,1,1,1
1251.450,0,1,0,1
1251.500,0,1,0,1
1251.550,0,1,0,1
1251.600,0,1,0,1
1251.650,0,0,0,1
1251.700,0,0,0,1
1251.750,0,0,0,1
1251.800,0,0,0,0
1251.850,0,0,0,0
1251.900,1,0,1,0
1251.950,1,0,1,0
1252.000,1,0,1,0
1252.050,1,0,1,0
1252.100,1,1,1,0
1252.150,1,1,1,0
1252.200,1,1,1,0
1252.250,1,1,1,1
1252.300,1,1,1,1
1252.350,0,1,0,1
1252.400,0,1,0,1
1252.450,0,1,0,1
1252.500,0,1,0,1
1252.550,0,0,0,1
1252.600,0,0,0,1
1252.650,0,0,0,0
1252.700,0,0,0,0
1252.750,0,0,0,0
1252.800,0,0,0,0
1252.850,1,0,1,0
1252.900,1,0,1,0
1252.950,1,0,1,0
1253.000,1,1,1,0
1253.050,1,1,1,0
1253.100,1,1,1,0
1253.150,1,1,1,1
1253.200,1,1,1,1
1253.250,1,1,1,1
1253.300,0,1,0,1
1253.350,0,1,0,1
1253.400,0,1,0,1
1253.450,0,0,0,1
1253.500,0,0,0,1
1253.550,0,0,0,0
1253.600,0,0,0,0
1253.650,0,0,0,0
1253.700,0,0,0,0
1253.750,1,0,0,0
1253.800,1,0,1,0
1253.850,1,0,1,0
1253.900,1,1,1,0
1253.950,1,1,1,0
1254.000,1,1,1,1
1254.050,1,1,1,1
1254.100,1,1,1,1
1254.150,1,1,1,1
1254.200,1,1,1,1
1254.250,0,1,0,1
1254.300,0,1,0,1
1254.350,0,0,0,1
1254.400,0,0,0,1
1254.450,0,0,0,0
1254.500,0,0,0,0
1254.550,0,0,0,0
1254.600,0,0,0,0
1254.650,0,0,0,0
1254.700,1,0,1,0
1254.750,1,0,1,0
1254.800,1,1,1,0
1254.850,1,1,1,0
1254.900,1,1,1,1
1254.950,1,1,1,1
1255.000,1,1,1,1
1255.050,1,1,1,1
1255.100,1,1,1,1
1255.150,0,1,0,1
1255.200,0,1,0,1
1255.250,0,0,0,1
1255.300,0,0,0,1
1255.350,0,0,0,0
1255.400,0,0,0,0
1255.450,0,0,0,0
1255.500,0,0,0,0
1255.550,0,0,0,0
1255.600,0,0,0,0
1255.650,1,0,1,0
1255.700,1,0,1,0
1255.750,1,1,1,0
1255.800,1,1,1,1
1255.850,1,1,1,1
1255.900,1,1,1,1
1255.950,1,1,1,1
1256.000,1,1,1,1
1256.050,1,1,1,1
1256.100,0,1,0,1
1256.150,0,0,0,1
1256.200,0,0,0,1
1256.250,0,0,0,0
1256.300,0,0,0,0
1256.350,0,0,0,0
1256.400,0,0,0,0
1256.450,0,0,0,0
1256.500,0,0,0,0
1256.550,0,0,0,0
1256.600,1,0,1,0
1256.650,1,1,1,0
1256.700,1,1,1,1
1256.750,1,1,1,1
1256.800,1,1,1,1
1256.850,1,1,1,1
1256.900,1,1,1,1
1256.950,1,1,1,1
1257.000,1,1,1,1
1257.050,0,0,0,1
1257.100,0,0,0,1
1257.150,0,0,0,0
1257.200,0,0,0,0
1257.250,0,0,0,0
1257.300,0,0,0,0
1257.350,0,0,0,0
1257.400,0,0,0,0
1257.450,0,0,0,0
1257.500,0,0,0,0
1257.550,1,1,1,0
1257.600,1,1,1,1
1257.650,1,1,1,1
1257.700,1,1,1,1
1257.750,1,1,1,1
1257.800,1,1,1,1
1257.850,1,1,1,1
1257.900,1,1,1,1
1257.950,1,0,1,1
1258.000,0,0,0,1
1258.050,0,0,0,0
1258.100,0,0,0,0
1258.150,0,0,0,0
1258.200,0,0,0,0
1258.250,0,0,0,0
1258.300,0,0,0,0
1258.350,0,0,0,0
1258.400,0,1,0,0
1258.450,1,1,0,0
1258.500,1,1,1,1
1258.550,1,1,1,1
1258.600,1,1,1,1
1258.650,1,1,1,1
1258.700,1,1,1,1
1258.750,1,1,1,1
1258.800,1,1,1,1
1258.850,1,0,1,1
1258.900,1,0,0,1
1258.950,0,0,0,0
1259.000,0,0,0,0
1259.050,0,0,0,0
1259.100,0,0,0,0
1259.150,0,0,0,0
1259.200,0,0,0,0
1259.250,0,0,0,0
1259.300,0,1,0,0
1259.350,0,1,0,0
1259.400,1,1,1,1
1259.450,1,1,1,1
1259.500,1,1,1,1
1259.550,1,1,1,1
1259.600,1,1,1,1
1259.650,1,1,1,1
1259.700,1,1,1,1
1259.750,1,0,1,1
1259.800,1,0,1,1
1259.850,1,0,0,0
1259.900,0,0,0,0
1259.950,0,0,0,0
1260.000,0,0,0,0
1260.050,0,0,0,0
1260.100,0,0,0,0
1260.150,0,0,0,0
1260.200,0,1,0,0
1260.250,0,1,0,0
1260.300,0,1,0,1
1260.350,1,1,1,1
1260.400,1,1,1,1
1260.450,1,1,1,1
1260.500,1,1,1,1
1260.550,1,1,1,1
1260.600,1,0,1,1
1260.650,1,0,1,1
1260.700,1,0,1,1
1260.750,1,0,1,0
1260.800,0,0,0,0
1260.850,0,0,0,0
1260.900,0,0,0,0
1260.950,0,0,0,0
1261.000,0,0,0,0
1261.050,0,0,0,0
1261.100,0,1,0,0
1261.150,0,1,0,0
1261.200,0,1,0,1
1261.250,0,1,0,1
1261.300,1,1,1,1
1261.350,1,1,1,1
1261.400,1,1,1,1
1261.450,1,1,1,1
1261.500,1,0,1,1
1261.550,1,0,1,1
1261.600,1,0,1,1
1261.650,1,0,1,0
1261.700,1,0,1,0
1261.750,0,0,0,0
1261.800,0,0,0,0
1261.850,0,0,0,0
1261.900,0,0,0,0
1261.950,0,0,0,0
1262.000,0,1,0,0
1262.050,0,1,0,0
1262.100,0,1,0,1
1262.150,0,1,0,1
1262.200,0,1,0,1
1262.250,1,1,1,1
1262.300,1,1,1,1
1262.350,1,1,1,1
1262.400,1,0,1,1
1262.450,1,0,1,1
1262.500,1,0,1,1
1262.550,1,0,1,0
1262.600,1,0,1,0
1262.650,1,0,1,0
1262.700,0,0,0,0
1262.750,0,0,0,0
1262.800,0,0,0,0
1262.850,0,0,0,0
1262.900,0,1,0,0
1262.950,0,1,0,0
1263.000,0,1,0,1
1263.050,0,1,0,1
1263.100,0,1,0,1
1263.150,0,1,0,1
1263.200,1,1,1,1
1263.250,1,1,1,1
1263.300,1,0,1,1
1263.350,1,0,1,1
1263.400,1,0,1,0
1263.450,1,0,1,0
1263.500,1,0,1,0
1263.550,1,0,1,0
1263.600,1,0,1,0
1263.650,0,0,0,0
1263.700,0,0,0,0
1263.750,0,1,0,0
1263.800,0,1,0,0
1263.850,0,1,0,1
1263.900,0,1,0,1
1263.950,0,1,0,1
1264.000,0,1,0,1
1264.050,0,1,0,1
1264.100,1,1,1,1
1264.150,1,1,1,1
1264.200,1,0,1,1
1264.250,1,0,1,1
1264.300,1,0,1,0
1264.350,1,0,1,0
1264.400,1,0,1,0
1264.450,1,0,1,0
1264.500,1,0,1,0
1264.550,1,0,1,0
1264.600,0,0,0,0
1264.650,0,0,0,0
1264.700,0,1,0,0
1264.750,0,1,0,1
1264.800,0,1,0,1
1264.850,0,1,0,1
1264.900,0,1,0,1
1264.950,0,1,0,1
1265.000,0,1,0,1
1265.050,0,1,1,1
1265.100,1,1,1,1
1265.150,1,0,1,1
1265.200,1,0,1,0
1265.250,1,0,1,0
1265.300,1,0,1,0
1265.350,1,0,1,0
1265.400,1,0,1,0
1265.450,1,0,1,0
1265.500,0,0,0,0
1265.550,0,0,0,0
1265.600,0,1,0,0
1265.650,0,1,0,1
1265.700,0,1,0,1
1265.750,0,1,0,1
1265.800,0,1,0,1
1265.850,0,1,0,1
1265.900,0,1,0,1
1265.950,0,1,0,1
1266.000,1,1,1,1
1266.050,1,0,1,1
1266.100,1,0,1,0
1266.150,1,0,1,0
1266.200,1,0,1,0
1266.250,1,0,1,0
1266.300,1,0,1,0
1266.350,1,0,1,0
1266.400,1,0,1,0
1266.450,1,0,0,0
1266.500,0,1,0,0
1266.550,0,1,0,1
1266.600,0,1,0,1
1266.650,0,1,0,1
1266.700,0,1,0,1
1266.750,0,1,0,1
1266.800,0,1,0,1
1266.850,0,1,0,1
1266.900,0,1,0,1
1266.950,1,0,1,1
1267.000,1,0,1,0
1267.050,1,0,1,0
1267.100,1,0,1,0
1267.150,1,0,1,0
1267.200,1,0,1,0
1267.250,1,0,1,0
1267.300,1,0,1,0
1267.350,1,0,1,0
1267.400,0,1,0,0
1267.450,0,1,0,1
1267.500,0,1,0,1
1267.550,0,1,0,1
1267.600,0,1,0,1
1267.650,0,1,0,1
1267.700,0,1,0,1
1267.750,0,1,0,1
1267.800,0,1,0,1
1267.850,0,0,0,1
1267.900,1,0,1,0
1267.950,1,0,1,0
1268.000,1,0,1,0
1268.050,1,0,1,0
1268.100,1,0,1,0
1268.150,1,0,1,0
1268.200,1,0,1,0
1268.250,1,0,1,0
1268.300,1,1,1,0
1268.350,0,1,0,0
1268.400,0,1,0,1
1268.450,0,1,0,1
1268.500,0,1,0,1
1268.550,0,1,0,1
1268.600,0,1,0,1
1268.650,0,1,0,1
1268.700,0,1,0,1
1268.750,0,0,0,1
1268.800,0,0,0,1
1268.850,1,0,1,0
1268.900,1,0,1,0
1268.950,1,0,1,0
1269.000,1,0,1,0
1269.050,1,0,1,0
1269.100,1,0,1,0
1269.150,1,0,1,0
1269.200,1,1,1,0
1269.250,1,1,1,0
1269.300,0,1,0,1
1269.350,0,1,0,1
1269.400,0,1,0,1
1269.450,0,1,0,1
1269.500,0,1,0,1
1269.550,0,1,0,1
1269.600,0,1,0,1
1269.650,0,0,0,1
1269.700,0,0,0,1
1269.750,0,0,0,0
1269.800,1,0,1,0
1269.850,1,0,1,0
1269.900,1,0,1,0
1269.950,1,0,1,0
1270.000,1,0,1,0
1270.050,1,0,1,0
1270.100,1,1,1,0
1270.150,1,1,1,0
1270.200,1,1,1,1
1270.250,0,1,0,1
1270.300,0,1,0,1
1270.350,0,1,0,1
1270.400,0,1,0,1
1270.450,0,1,0,1
1270.500,0,1,0,1
1270.550,0,0,0,1
1270.600,0,0,0,1
1270.650,0,0,0,0
1270.700,0,0,0,0
1270.750,1,0,1,0
1270.800,1,0,1,0
1270.850,1,0,1,0
1270.900,1,0,1,0
1270.950,1,0,1,0
1271.000,1,1,1,0
1271.050,1,1,1,0
1271.100,1,1,1,1
1271.150,1,1,1,1
1271.200,0,1,0,1
1271.250,0,1,0,1
1271.300,0,1,0,1
1271.350,0,1,0,1
1271.400,0,1,0,1
1271.450,0,0,0,1
1271.500,0,0,0,1
1271.550,0,0,0,0
1271.600,0,0,0,0
1271.650,0,0,0,0
1271.700,1,0,1,0
1271.750,1,0,1,0
1271.800,1,0,1,0
1271.850,1,0,1,0
1271.900,1,1,1,0
1271.950,1,1,1,0
1272.000,1,1,1,1
1272.050,1,1,1,1
1272.100,1,1,1,1
1272.150,0,1,0,1
1272.200,0,1,0,1
1272.250,0,1,0,1
1272.300,0,1,0,1
1272.350,0,0,0,1
1272.400,0,0,0,1
1272.450,0,0,0,0
1272.500,0,0,0,0
1272.550,0,0,0,0
1272.600,0,0,0,0
1272.650,1,0,1,0
1272.700,1,0,1,0
1272.750,1,0,1,0
1272.800,1,0,1,0
1272.850,1,1,1,0
1272.900,1,1,1,1
1272.950,1,1,1,1
1273.000,1,1,1,1
1273.050,1,1,1,1
1273.100,0,1,0,1
1273.150,0,1,0,1
1273.200,0,1,0,1
1273.250,0,0,0,1
1273.300,0,0,0,1
1273.350,0,0,0,0
1273.400,0,0,0,0
1273.450,0,0,0,0
1273.500,0,0,0,0
1273.550,0,0,0,0
1273.600,1,0,1,0
1273.650,1,0,1,0
1273.700,1,0,1,0
1273.750,1,1,1,0
1273.800,1,1,1,1
1273.850,1,1,1,1
1273.900,1,1,1,1
1273.950,1,1,1,1
1274.000,1,1,1,1
1274.050,0,1,0,1
1274.100,0,1,0,1
1274.150,0,1,0,1
1274.200,0,0,0,1
1274.250,0,0,0,0
1274.300,0,0,0,0
1274.350,0,0,0,0
1274.400,0,0,0,0
1274.450,0,0,0,0
1274.500,0,0,0,0
1274.550,1,0,1,0
1274.600,1,0,1,0
1274.650,1,0,1,0
1274.700,1,1,1,0
1274.750,1,1,1,1
1274.800,1,1,1,1
1274.850,1,1,1,1
1274.900,1,1,1,1
1274.950,1,1,1,1
1275.000,0,1,0,1
1275.050,0,1,0,1
1275.100,0,0,0,1
1275.150,0,0,0,1
1275.200,0,0,0,0
1275.250,0,0,0,0
1275.300,0,0,0,0
1275.350,0,0,0,0
1275.400,0,0,0,0
1275.450,0,0,0,0
1275.500,1,0,1,0
1275.550,1,0,1,0
1275.600,1,1,1,0
1275.650,1,1,1,1
1275.700,1,1,1,1
1275.750,1,1,1,1
1275.800,1,1,1,1
1275.850,1,1,1,1
1275.900,1,1,1,1
1275.950,0,1,0,1
1276.000,0,1,0,1
1276.050,0,0,0,1
1276.100,0,0,0,0
1276.150,0,0,0,0
1276.200,0,0,0,0
1276.250,0,0,0,0
1276.300,0,0,0,0
1276.350,0,0,0,0
1276.400,0,0,0,0
1276.450,1,0,1,0
1276.500,1,1,1,0
1276.550,1,1,1,1
1276.600,1,1,1,1
1276.650,1,1,1,1
1276.700,1,1,1,1
1276.750,1,1,1,1
1276.800,1,1,1,1
1276.850,1,1,1,1
1276.900,0,1,0,1
1276.950,0,0,0,1
1277.000,0,0,0,0
1277.050,0,0,0,0
1277.100,0,0,0,0
1277.150,0,0,0,0
1277.200,0,0,0,0
1277.250,0,0,0,0
1277.300,0,0,0,0
1277.350,0,0,0,0
1277.400,1,0,1,0
1277.450,1,1,1,0
1277.500,1,1,1,1
1277.550,1,1,1,1
1277.600,1,1,1,1
1277.650,1,1,1,1
1277.700,1,1,1,1
1277.750,1,1,1,1
1277.800,1,1,1,1
1277.850,0,0,0,1
1277.900,0,0,0,1
1277.950,0,0,0,0
1278.000,0,0,0,0
1278.050,0,0,0,0
1278.100,0,0,0,0
1278.150,0,0,0,0
1278.200,0,0,0,0
1278.250,0,0,0,0
1278.300,0,0,1,0
1278.350,1,1,1,0
1278.400,1,1,1,1
1278.450,1,1,1,1
1278.500,1,1,1,1
1278.550,1,1,1,1
1278.600,1,1,1,1
1278.650,1,1,1,1
1278.700,1,1,1,1
1278.750,1,1,1,1
1278.800,0,0,0,1
1278.850,0,0,0,0
1278.900,0,0,0,0
1278.950,0,0,0,0
1279.000,0,0,0,0
1279.050,0,0,0,0
1279.100,0,0,0,0
1279.150,0,0,0,0
1279.200,0,0,0,0
1279.250,0,1,0,0
1279.300,1,1,1,0
1279.350,1,1,1,1
1279.400,1,1,1,1
1279.450,1,1,1,1
1279.500,1,1,1,1
1279.550,1,1,1,1
1279.600,1,1,1,1
1279.650,1,1,1,1
1279.700,1,0,1,1
1279.750,0,0,0,0
1279.800,0,0,0,0
1279.850,0,0,0,0
1279.900,0,0,0,0
1279.950,0,0,0,0
1280.000,0,0,0,0
1280.050,0,0,0,0
1280.100,0,0,0,0
1280.150,0,1,0,0
1280.200,0,1,0,0
1280.250,1,1,1,1
1280.300,1,1,1,1
1280.350,1,1,1,1
1280.400,1,1,1,1
1280.450,1,1,1,1
1280.500,1,1,1,1
1280.550,1,1,1,1
1280.600,1,0,1,1
1280.650,1,0,1,1
1280.700,0,0,0,0
1280.750,0,0,0,0
1280.800,0,0,0,0
1280.850,0,0,0,0
1280.900,0,0,0,0
1280.950,0,0,0,0
1281.000,0,0,0,0
1281.050,0,1,0,0
1281.100,0,1,0,0
1281.150,0,1,1,1
1281.200,1,1,1,1
1281.250,1,1,1,1
1281.300,1,1,1,1
1281.350,1,1,1,1
1281.400,1,1,1,1
1281.450,1,1,1,1
1281.500,1,0,1,1
1281.550,1,0,1,1
1281.600,1,0,1,0
1281.650,0,0,0,0
1281.700,0,0,0,0
1281.750,0,0,0,0
1281.800,0,0,0,0
1281.850,0,0,0,0
1281.900,0,0,0,0
1281.950,0,1,0,0
1282.000,0,1,0,0
1282.050,0,1,0,1
1282.100,0,1,0,1
1282.150,1,1,1,1
1282.200,1,1,1,1
1282.250,1,1,1,1
1282.300,1,1,1,1
1282.350,1,1,1,1
1282.400,1,0,1,1
1282.450,1,0,1,1
1282.500,1,0,1,0
1282.550,1,0,1,0
1282.600,0,0,0,0
1282.650,0,0,0,0
1282.700,0,0,0,0
1282.750,0,0,0,0
1282.800,0,0,0,0
1282.850,0,0,0,0
1282.900,0,1,0,0
1282.950,0,1,0,1
1283.000,0,1,0,1
1283.050,0,1,0,1
1283.100,1,1,1,1
1283.150,1,1,1,1
1283.200,1,1,1,1
1283.250,1,1,1,1
1283.300,1,0,1,1
1283.350,1,0,1,1
1283.400,1,0,1,0
1283.450,1,0,1,0
1283.500,1,0,1,0
1283.550,0,0,0,0
1283.600,0,0,0,0
1283.650,0,0,0,0
1283.700,0,0,0,0
1283.750,0,0,0,0
1283.800,0,1,0,0
1283.850,0,1,0,1
1283.900,0,1,0,1
1283.950,0,1,0,1
1284.000,0,1,0,1
1284.050,1,1,1,1
1284.100,1,1,1,1
1284.150,1,1,1,1
1284.200,1,1,1,1
1284.250,1,0,1,1
1284.300,1,0,1,0
1284.350,1,0,1,0
1284.400,1,0,1,0
1284.450,1,0,1,0
1284.500,0,0,0,0
1284.550,0,0,0,0
1284.600,0,0,0,0
1284.650,0,0,0,0
1284.700,0,1,0,0
1284.750,0,1,0,0
1284.800,0,1,0,1
1284.850,0,1,0,1
1284.900,0,1,0,1
1284.950,1,1,1,1
1285.000,1,1,1,1
1285.050,1,1,1,1
1285.100,1,1,1,1
1285.150,1,0,1,1
1285.200,1,0,1,1
1285.250,1,0,1,0
1285.300,1,0,1,0
1285.350,1,0,1,0
1285.400,1,0,1,0
1285.450,0,0,0,0
1285.500,0,0,0,0
1285.550,0,0,0,0
1285.600,0,0,0,0
1285.650,0,1,0,0
1285.700,0,1,0,1
1285.750,0,1,0,1
1285.800,0,1,0,1
1285.850,0,1,0,1
1285.900,0,1,1,1
1285.950,1,1,1,1
1286.000,1,1,1,1
1286.050,1,1,1,1
1286.100,1,0,1,1
1286.150,1,0,1,0
1286.200,1,0,1,0
1286.250,1,0,1,0
1286.300,1,0,1,0
1286.350,1,0,1,0
1286.400,0,0,0,0
1286.450,0,0,0,0
1286.500,0,0,0,0
1286.550,0,1,0,0
1286.600,0,1,0,1
1286.650,0,1,0,1
1286.700,0,1,0,1
1286.750,0,1,0,1
1286.800,0,1,0,1
1286.850,0,1,1,1
1286.900,1,1,1,1
1286.950,1,1,1,1
1287.000,1,0,1,1
1287.050,1,0,1,0
1287.100,1,0,1,0
1287.150,1,0,1,0
1287.200,1,0,1,0
1287.250,1,0,1,0
1287.300,1,0,1,0
1287.350,0,0,0,0
1287.400,0,0,0,0
1287.450,0,0,0,0
1287.500,0,1,0,1
1287.550,0,1,0,1
1287.600,0,1,0,1
1287.650,0,1,0,1
1287.700,0,1,0,1
1287.750,0,1,0,1
1287.800,1,1,1,1
1287.850,1,1,1,1
1287.900,1,0,1,1
1287.950,1,0,1,1
1288.000,1,0,1,0
1288.050,1,0,1,0
1288.100,1,0,1,0
1288.150,1,0,1,0
1288.200,1,0,1,0
1288.250,1,0,1,0
1288.300,0,0,0,0
1288.350,0,0,0,0
1288.400,0,1,0,0
1288.450,0,1,0,1
1288.500,0,1,0,1
1288.550,0,1,0,1
1288.600,0,1,0,1
1288.650,0,1,0,1
1288.700,0,1,0,1
1288.750,0,1,1,1
1288.800,1,1,1,1
1288.850,1,0,1,1
1288.900,1,0,1,0
1288.950,1,0,1,0
1289.000,1,0,1,0
1289.050,1,0,1,0
1289.100,1,0,1,0
1289.150,1,0,1,0
1289.200,1,0,1,0
1289.250,0,0,0,0
1289.300,0,1,0,0
1289.350,0,1,0,0
1289.400,0,1,0,1
1289.450,0,1,0,1
1289.500,0,1,0,1
1289.550,0,1,0,1
1289.600,0,1,0,1
1289.650,0,1,0,1
1289.700,0,1,1,1
1289.750,1,0,1,1
1289.800,1,0,1,0
1289.850,1,0,1,0
1289.900,1,0,1,0
1289.950,1,0,1,0
1290.000,1,0,1,0
1290.050,1,0,1,0
1290.100,1,0,1,0
1290.150,1,0,0,0
1290.200,0,1,0,0
1290.250,0,1,0,0
1290.300,0,1,0,1
1290.350,0,1,0,1
1290.400,0,1,0,1
1290.450,0,1,0,1
1290.500,0,1,0,1
1290.550,0,1,0,1
1290.600,0,1,0,1
1290.650,0,0,1,1
1290.700,1,0,1,1
1290.750,1,0,1,0
1290.800,1,0,1,0
1290.850,1,0,1,0
1290.900,1,0,1,0
1290.950,1,0,1,0
1291.000,1,0,1,0
1291.050,1,0,1,0
1291.100,1,1,1,0
1291.150,0,1,0,0
1291.200,0,1,0,1
1291.250,0,1,0,1
1291.300,0,1,0,1
1291.350,0,1,0,1
1291.400,0,1,0,1
1291.450,0,1,0,1
1291.500,0,1,0,1
1291.550,0,0,0,1
1291.600,1,0,1,1
1291.650,1,0,1,0
1291.700,1,0,1,0
1291.750,1,0,1,0
1291.800,1,0,1,0
1291.850,1,0,1,0
1291.900,1,0,1,0
1291.950,1,0,1,0
1292.000,1,1,1,0
1292.050,1,1,0,0
1292.100,0,1,0,1
1292.150,0,1,0,1
1292.200,0,1,0,1
1292.250,0,1,0,1
1292.300,0,1,0,1
1292.350,0,1,0,1
1292.400,0,1,0,1
1292.450,0,0,0,1
1292.500,0,0,0,1
1292.550,0,0,1,0
1292.600,1,0,1,0
1292.650,1,0,1,0
1292.700,1,0,1,0
1292.750,1,0,1,0
1292.800,1,0,1,0
1292.850,1,0,1,0
1292.900,1,0,1,0
1292.950,1,1,1,0
1293.000,1,1,0,1
1293.050,0,1,0,1
1293.100,0,1,0,1
1293.150,0,1,0,1
1293.200,0,1,0,1
1293.250,0,1,0,1
1293.300,0,1,0,1
1293.350,0,0,0,1
1293.400,0,0,0,1
1293.450,0,0,0,0
1293.500,1,0,1,0
1293.550,1,0,1,0
1293.600,1,0,1,0
1293.650,1,0,1,0
1293.700,1,0,1,0
1293.750,1,0,1,0
1293.800,1,0,1,0
1293.850,1,1,1,0
1293.900,1,1,1,1
1293.950,1,1,0,1
1294.000,0,1,0,1
1294.050,0,1,0,1
1294.100,0,1,0,1
1294.150,0,1,0,1
1294.200,0,1,0,1
1294.250,0,1,0,1
1294.300,0,0,0,1
1294.350,0,0,0,0
1294.400,0,0,0,0
1294.450,0,0,1,0
1294.500,1,0,1,0
1294.550,1,0,1,0
1294.600,1,0,1,0
1294.650,1,0,1,0
1294.700,1,0,1,0
1294.750,1,1,1,0
1294.800,1,1,1,0
1294.850,1,1,1,1
1294.900,1,1,1,1
1294.950,0,1,0,1
1295.000,0,1,0,1
1295.050,0,1,0,1
1295.100,0,1,0,1
1295.150,0,1,0,1
1295.200,0,0,0,1
1295.250,0,0,0,1
1295.300,0,0,0,0
1295.350,0,0,0,0
1295.400,1,0,1,0
1295.450,1,0,1,0
1295.500,1,0,1,0
1295.550,1,0,1,0
1295.600,1,0,1,0
1295.650,1,0,1,0
1295.700,1,1,1,0
1295.750,1,1,1,1
1295.800,1,1,1,1
1295.850,1,1,1,1
1295.900,0,1,0,1
1295.950,0,1,0,1
1296.000,0,1,0,1
1296.050,0,1,0,1
1296.100,0,0,0,1
1296.150,0,0,0,1
1296.200,0,0,0,0
1296.250,0,0,0,0
1296.300,0,0,0,0
1296.350,0,0,1,0
1296.400,1,0,1,0
1296.450,1,0,1,0
1296.500,1,0,1,0
1296.550,1,0,1,0
1296.600,1,1,1,0
1296.650,1,1,1,1
1296.700,1,1,1,1
1296.750,1,1,1,1
1296.800,0,1,0,1
1296.850,0,1,0,1
1296.900,0,1,0,1
1296.950,0,1,0,1
1297.000,0,1,0,1
1297.050,0,0,0,1
1297.100,0,0,0,0
1297.150,0,0,0,0
1297.200,0,0,0,0
1297.250,0,0,0,0
1297.300,1,0,1,0
1297.350,1,0,1,0
1297.400,1,0,1,0
1297.450,1,0,1,0
1297.500,1,1,1,0
1297.550,1,1,1,1
1297.600,1,1,1,1
1297.650,1,1,1,1
1297.700,1,1,1,1
1297.750,1,1,0,1
1297.800,0,1,0,1
1297.850,0,1,0,1
1297.900,0,1,0,1
1297.950,0,0,0,1
1298.000,0,0,0,0
1298.050,0,0,0,0
1298.100,0,0,0,0
1298.150,0,0,0,0
1298.200,0,0,0,0
1298.250,1,0,1,0
1298.300,1,0,1,0
1298.350,1,0,1,0
1298.400,1,1,1,0
1298.450,1,1,1,0
1298.500,1,1,1,1
1298.550,1,1,1,1
1298.600,1,1,1,1
1298.650,1,1,1,1
1298.700,0,1,0,1
1298.750,0,1,0,1
1298.800,0,1,0,1
1298.850,0,0,0,1
1298.900,0,0,0,1
1298.950,0,0,0,0
1299.000,0,0,0,0
1299.050,0,0,0,0
1299.100,0,0,0,0
1299.150,0,0,0,0
1299.200,1,0,1,0
1299.250,1,0,1,0
1299.300,1,0,1,0
1299.350,1,1,1,0
1299.400,1,1,1,1
1299.450,1,1,1,1
1299.500,1,1,1,1
1299.550,1,1,1,1
1299.600,1,1,1,1
1299.650,0,1,0,1
1299.700,0,1,0,1
1299.750,0,1,0,1
1299.800,0,0,0,1
1299.850,0,0,0,0
1299.900,0,0,0,0
1299.950,0,0,0,0
1300.000,0,0,1,0
1300.050,1,0,1,0
1300.100,1,0,1,0
1300.150,1,0,1,0
1300.200,1,0,1,0
1300.250,1,0,0,1
1300.300,1,0,0,1
1300.350,1,0,0,1
1300.400,1,0,0,1
1300.450,1,0,0,1
1300.500,0,1,0,1
1300.550,0,1,0,1
1300.600,0,1,0,1
1300.650,0,1,0,1
1300.700,0,1,1,0
1300.750,0,1,1,0
1300.800,0,1,1,0
1300.850,0,1,1,0
1300.900,0,0,1,0
1300.950,1,0,1,0
1301.000,1,0,1,0
1301.050,1,0,1,0
1301.100,1,0,1,0
1301.150,1,0,0,1
1301.200,1,0,0,1
1301.250,1,0,0,1
1301.300,1,0,0,1
1301.350,1,0,0,1
1301.400,0,1,0,1
1301.450,0,1,0,1
1301.500,0,1,0,1
1301.550,0,1,0,1
1301.600,0,1,0,1
1301.650,0,1,1,0
1301.700,0,1,1,0
1301.750,0,1,1,0
1301.800,0,1,1,0
1301.850,0,0,1,0
1301.900,1,0,1,0
1301.950,1,0,1,0
1302.000,1,0,1,0
1302.050,1,0,1,0
1302.100,1,0,0,1
1302.150,1,0,0,1
1302.200,1,0,0,1
1302.250,1,0,0,1
1302.300,1,0,0,1
1302.350,0,1,0,1
1302.400,0,1,0,1
1302.450,0,1,0,1
1302.500,0,1,0,1
1302.550,0,1,1,0
1302.600,0,1,1,0
1302.650,0,1,1,0
1302.700,0,1,1,0
1302.750,0,1,1,0
1302.800,1,0,1,0
1302.850,1,0,1,0
1302.900,1,0,1,0
1302.950,1,0,1,0
1303.000,1,0,1,0
1303.050,1,0,0,1
1303.100,1,0,0,1
1303.150,1,0,0,1
1303.200,1,0,0,1
1303.250,0,0,0,1
1303.300,0,1,0,1
1303.350,0,1,0,1
1303.400,0,1,0,1
1303.450,0,1,0,1
1303.500,0,1,1,0
1303.550,0,1,1,0
1303.600,0,1,1,0
1303.650,0,1,1,0
1303.700,0,1,1,0
1303.750,1,0,1,0
1303.800,1,0,1,0
1303.850,1,0,1,0
1303.900,1,0,1,0
1303.950,1,0,0,1
1304.000,1,0,0,1
1304.050,1,0,0,1
1304.100,1,0,0,1
1304.150,1,0,0,1
1304.200,0,1,0,1
1304.250,0,1,0,1
1304.300,0,1,0,1
1304.350,0,1,0,1
1304.400,0,1,0,0
1304.450,0,1,1,0
1304.500,0,1,1,0
1304.550,0,1,1,0
1304.600,0,1,1,0
1304.650,1,0,1,0
1304.700,1,0,1,0
1304.750,1,0,1,0
1304.800,1,0,1,0
1304.850,1,0,1,0
1304.900,1,0,0,1
1304.950,1,0,0,1
1305.000,1,0,0,1
1305.050,1,0,0,1
1305.100,0,0,0,1
1305.150,0,1,0,1
1305.200,0,1,0,1
1305.250,0,1,0,1
1305.300,0,1,0,1
1305.350,0,1,0,0
1305.400,0,1,1,0
1305.450,0,1,1,0
1305.500,0,1,1,0
1305.550,1,1,1,0
1305.600,1,0,1,0
1305.650,1,0,1,0
1305.700,1,0,1,0
1305.750,1,0,1,0
1305.800,1,0,0,1
1305.850,1,0,0,1
1305.900,1,0,0,1
1305.950,1,0,0,1
1306.000,0,0,0,1
1306.050,0,1,0,1
1306.100,0,1,0,1
1306.150,0,1,0,1
1306.200,0,1,0,1
1306.250,0,1,0,0
1306.300,0,1,1,0
1306.350,0,1,1,0
1306.400,0,1,1,0
1306.450,0,1,1,0
1306.500,1,0,1,0
1306.550,1,0,1,0
1306.600,1,0,1,0
1306.650,1,0,1,0
1306.700,1,0,1,1
1306.750,1,0,0,1
1306.800,1,0,0,1
1306.850,1,0,0,1
1306.900,1,0,0,1
1306.950,0,1,0,1
1307.000,0,1,0,1
1307.050,0,1,0,1
1307.100,0,1,0,1
1307.150,0,1,0,0
1307.200,0,1,0,0
1307.250,0,1,1,0
1307.300,0,1,1,0
1307.350,0,1,1,0
1307.400,1,0,1,0
1307.450,1,0,1,0
1307.500,1,0,1,0
1307.550,1,0,1,0
1307.600,1,0,1,1
1307.650,1,0,1,1
1307.700,1,0,0,1
1307.750,1,0,0,1
1307.800,1,0,0,1
1307.850,0,0,0,1
1307.900,0,1,0,1
1307.950,0,1,0,1
1308.000,0,1,0,1
1308.050,0,1,0,0
1308.100,0,1,0,0
1308.150,0,1,0,0
1308.200,0,1,1,0
1308.250,0,1,1,0
1308.300,0,0,1,0
1308.350,1,0,1,0
1308.400,1,0,1,0
1308.450,1,0,1,0
1308.500,1,0,1,0
1308.550,1,0,1,1
1308.600,1,0,1,1
1308.650,1,0,0,1
1308.700,1,0,0,1
1308.750,1,0,0,1
1308.800,0,1,0,1
1308.850,0,1,0,1
1308.900,0,1,0,1
1308.950,0,1,0,1
1309.000,0,1,0,0
1309.050,0,1,0,0
1309.100,0,1,0,0
1309.150,0,1,1,0
1309.200,0,1,1,0
1309.250,1,0,1,0
1309.300,1,0,1,0
1309.350,1,0,1,0
1309.400,1,0,1,0
1309.450,1,0,1,1
1309.500,1,0,1,1
1309.550,1,0,1,1
1309.600,1,0,0,1
1309.650,1,0,0,1
1309.700,0,1,0,1
1309.750,0,1,0,1
1309.800,0,1,0,1
1309.850,0,1,0,1
1309.900,0,1,0,0
1309.950,0,1,0,0
1310.000,0,1,0,0
1310.050,0,1,1,0
1310.100,0,1,1,0
1310.150,0,0,1,0
1310.200,1,0,1,0
1310.250,1,0,1,0
1310.300,1,0,1,0
1310.350,1,0,1,1
1310.400,1,0,1,1
1310.450,1,0,1,1
1310.500,1,0,1,1
1310.550,1,0,0,1
1310.600,1,0,0,1
1310.650,0,1,0,1
1310.700,0,1,0,1
1310.750,0,1,0,1
1310.800,0,1,0,0
1310.850,0,1,0,0
1310.900,0,1,0,0
1310.950,0,1,0,0
1311.000,0,1,1,0
1311.050,0,0,1,0
1311.100,1,0,1,0
1311.150,1,0,1,0
1311.200,1,0,1,0
1311.250,1,0,1,0
1311.300,1,0,1,1
1311.350,1,0,1,1
1311.400,1,0,1,1
1311.450,1,0,0,1
1311.500,1,0,0,1
1311.550,0,1,0,1
1311.600,0,1,0,1
1311.650,0,1,0,1
1311.700,0,1,0,1
1311.750,0,1,0,0
1311.800,0,1,0,0
1311.850,0,1,0,0
1311.900,0,1,0,0
1311.950,0,1,1,0
1312.000,0,0,1,0
1312.050,1,0,1,0
1312.100,1,0,1,0
1312.150,1,0,1,0
1312.200,1,0,1,1
1312.250,1,0,1,1
1312.300,1,0,1,1
1312.350,1,0,1,1
1312.400,1,0,0,1
1312.450,1,0,0,1
1312.500,0,1,0,1
1312.550,0,1,0,1
1312.600,0,1,0,1
1312.650,0,1,0,1
1312.700,0,1,0,0
1312.750,0,1,0,0
1312.800,0,1,0,0
1312.850,0,1,0,0
1312.900,0,1,1,0
1312.950,1,0,1,0
1313.000,1,0,1,0
1313.050,1,0,1,0
1313.100,1,0,1,0
1313.150,1,0,1,1
1313.200,1,0,1,1
1313.250,1,0,1,1
1313.300,1,0,1,1
1313.350,1,0,0,1
1313.400,1,1,0,1
1313.450,0,1,0,1
1313.500,0,1,0,1
1313.550,0,1,0,1
1313.600,0,1,0,0
1313.650,0,1,0,0
1313.700,0,1,0,0
1313.750,0,1,0,0
1313.800,0,1,0,0
1313.850,0,0,1,0
1313.900,1,0,1,0
1313.950,1,0,1,0
1314.000,1,0,1,0
1314.050,1,0,1,1
1314.100,1,0,1,1
1314.150,1,0,1,1
1314.200,1,0,1,1
1314.250,1,0,1,1
1314.300,1,0,0,1
1314.350,0,1,0,1
1314.400,0,1,0,1
1314.450,0,1,0,1
1314.500,0,1,0,1
1314.550,0,1,0,0
1314.600,0,1,0,0
1314.650,0,1,0,0
1314.700,0,1,0,0
1314.750,0,1,0,0
1314.800,0,0,1,0
1314.850,1,0,1,0
1314.900,1,0,1,0
1314.950,1,0,1,0
1315.000,1,0,1,1
1315.050,1,0,1,1
1315.100,1,0,1,1
1315.150,1,0,1,1
1315.200,1,0,1,1
1315.250,1,1,0,1
1315.300,0,1,0,1
1315.350,0,1,0,1
1315.400,0,1,0,1
1315.450,0,1,0,0
1315.500,0,1,0,0
1315.550,0,1,0,0
1315.600,0,1,0,0
1315.650,0,1,0,0
1315.700,0,0,0,0
1315.750,1,0,1,0
1315.800,1,0,1,0
1315.850,1,0,1,0
1315.900,1,0,1,1
1315.950,1,0,1,1
1316.000,1,0,1,1
1316.050,1,0,1,1
1316.100,1,0,1,1
1316.150,1,0,1,1
1316.200,0,1,0,1
1316.250,0,1,0,1
1316.300,0,1,0,1
1316.350,0,1,0,0
1316.400,0,1,0,0
1316.450,0,1,0,0
1316.500,0,1,0,0
1316.550,0,1,0,0
1316.600,0,1,0,0
1316.650,0,0,0,0
1316.700,1,0,1,0
1316.750,1,0,1,0
1316.800,1,0,1,1
1316.850,1,0,1,1
1316.900,1,0,1,1
1316.950,1,0,1,1
1317.000,1,0,1,1
1317.050,1,0,1,1
1317.100,1,1,1,1
1317.150,0,1,0,1
1317.200,0,1,0,1
1317.250,0,1,0,0
1317.300,0,1,0,0
1317.350,0,1,0,0
1317.400,0,1,0,0
1317.450,0,1,0,0
1317.500,0,1,0,0
1317.550,0,0,0,0
1317.600,1,0,0,0
1317.650,1,0,1,0
1317.700,1,0,1,0
1317.750,1,0,1,1
1317.800,1,0,1,1
1317.850,1,0,1,1
1317.900,1,0,1,1
1317.950,1,0,1,1
1318.000,1,1,1,1
1318.050,1,1,1,1
1318.100,0,1,0,1
1318.150,0,1,0,1
1318.200,0,1,0,0
1318.250,0,1,0,0
1318.300,0,1,0,0
1318.350,0,1,0,0
1318.400,0,1,0,0
1318.450,0,0,0,0
1318.500,0,0,0,0
1318.550,1,0,0,0
1318.600,1,0,1,0
1318.650,1,0,1,1
1318.700,1,0,1,1
1318.750,1,0,1,1
1318.800,1,0,1,1
1318.850,1,0,1,1
1318.900,1,0,1,1
1318.950,1,1,1,1
1319.000,0,1,1,1
1319.050,0,1,0,1
1319.100,0,1,0,0
1319.150,0,1,0,0
1319.200,0,1,0,0
1319.250,0,1,0,0
1319.300,0,1,0,0
1319.350,0,1,0,0
1319.400,0,0,0,0
1319.450,0,0,0,0
1319.500,1,0,0,0
1319.550,1,0,1,1
1319.600,1,0,1,1
1319.650,1,0,1,1
1319.700,1,0,1,1
1319.750,1,0,1,1
1319.800,1,0,1,1
1319.850,1,1,1,1
1319.900,1,1,1,1
1319.950,0,1,1,1
1320.000,0,1,1,1
1320.050,0,1,0,0
1320.100,0,1,0,0
1320.150,0,1,0,0
1320.200,0,1,0,0
1320.250,0,1,0,0
1320.300,0,0,0,0
1320.350,0,0,0,0
1320.400,0,0,0,0
1320.450,1,0,0,0
1320.500,1,0,0,1
1320.550,1,0,1,1
1320.600,1,0,1,1
1320.650,1,0,1,1
1320.700,1,0,1,1
1320.750,1,1,1,1
1320.800,1,1,1,1
1320.850,1,1,1,1
1320.900,0,1,1,1
1320.950,0,1,1,0
1321.000,0,1,0,0
1321.050,0,1,0,0
1321.100,0,1,0,0
1321.150,0,1,0,0
1321.200,0,0,0,0
1321.250,0,0,0,0
1321.300,0,0,0,0
1321.350,0,0,0,0
1321.400,1,0,0,1
1321.450,1,0,0,1
1321.500,1,0,1,1
1321.550,1,0,1,1
1321.600,1,0,1,1
1321.650,1,0,1,1
1321.700,1,1,1,1
1321.750,1,1,1,1
1321.800,1,1,1,1
1321.850,0,1,1,1
1321.900,0,1,1,0
1321.950,0,1,0,0
1322.000,0,1,0,0
1322.050,0,1,0,0
1322.100,0,1,0,0
1322.150,0,0,0,0
1322.200,0,0,0,0
1322.250,0,0,0,0
1322.300,1,0,0,0
1322.350,1,0,0,1
1322.400,1,0,0,1
1322.450,1,0,1,1
1322.500,1,0,1,1
1322.550,1,0,1,1
1322.600,1,1,1,1
1322.650,1,1,1,1
1322.700,1,1,1,1
1322.750,1,1,1,1
1322.800,0,1,1,0
1322.850,0,1,1,0
1322.900,0,1,0,0
1322.950,0,1,0,0
1323.000,0,1,0,0
1323.050,0,0,0,0
1323.100,0,0,0,0
1323.150,0,0,0,0
1323.200,0,0,0,0
1323.250,1,0,0,1
1323.300,1,0,0,1
1323.350,1,0,0,1
1323.400,1,0,1,1
1323.450,1,0,1,1
1323.500,1,0,1,1
1323.550,1,1,1,1
1323.600,1,1,1,1
1323.650,1,1,1,1
1323.700,1,1,1,0
1323.750,0,1,1,0
1323.800,0,1,1,0
1323.850,0,1,0,0
1323.900,0,1,0,0
1323.950,0,1,0,0
1324.000,0,0,0,0
1324.050,0,0,0,0
1324.100,0,0,0,0
1324.150,0,0,0,0
1324.200,1,0,0,1
1324.250,1,0,0,1
1324.300,1,0,0,1
1324.350,1,0,1,1
1324.400,1,0,1,1
1324.450,1,1,1,1
1324.500,1,1,1,1
1324.550,1,1,1,1
1324.600,1,1,1,1
1324.650,1,1,1,0
1324.700,0,1,1,0
1324.750,0,1,1,0
1324.800,0,1,1,0
1324.850,0,1,0,0
1324.900,0,0,0,0
1324.950,0,0,0,0
1325.000,0,0,0,0
1325.050,0,0,0,0
1325.100,0,0,0,1
1325.150,1,0,0,1
1325.200,1,0,0,1
1325.250,1,0,0,1
1325.300,1,0,1,1
1325.350,1,0,1,1
1325.400,1,1,1,1
1325.450,1,1,1,1
1325.500,1,1,1,1
1325.550,1,1,1,0
1325.600,0,1,1,0
1325.650,0,1,1,0
1325.700,0,1,1,0
1325.750,0,1,1,0
1325.800,0,1,0,0
1325.850,0,0,0,0
1325.900,0,0,0,0
1325.950,0,0,0,0
1326.000,0,0,0,1
1326.050,0,0,0,1
1326.100,1,0,0,1
1326.150,1,0,0,1
1326.200,1,0,0,1
1326.250,1,0,0,1
1326.300,1,1,1,1
1326.350,1,1,1,1
1326.400,1,1,1,1
1326.450,1,1,1,0
1326.500,1,1,1,0
1326.550,0,1,1,0
1326.600,0,1,1,0
1326.650,0,1,1,0
1326.700,0,1,1,0
1326.750,0,0,0,0
1326.800,0,0,0,0
1326.850,0,0,0,0
1326.900,0,0,0,1
1326.950,0,0,0,1
1327.000,0,0,0,1
1327.050,1,0,0,1
1327.100,1,0,0,1
1327.150,1,0,0,1
1327.200,1,1,0,1
1327.250,1,1,1,1
1327.300,1,1,1,1
1327.350,1,1,1,0
1327.400,1,1,1,0
1327.450,1,1,1,0
1327.500,0,1,1,0
1327.550,0,1,1,0
1327.600,0,1,1,0
1327.650,0,0,1,0
1327.700,0,0,0,0
1327.750,0,0,0,0
1327.800,0,0,0,0
1327.850,0,0,0,1
1327.900,0,0,0,1
1327.950,0,0,0,1
1328.000,1,0,0,1
1328.050,1,0,0,1
1328.100,1,0,0,1
1328.150,1,1,0,1
1328.200,1,1,1,1
1328.250,1,1,1,1
1328.300,1,1,1,0
1328.350,1,1,1,0
1328.400,1,1,1,0
1328.450,0,1,1,0
1328.500,0,1,1,0
1328.550,0,0,1,0
1328.600,0,0,1,0
1328.650,0,0,0,0
1328.700,0,0,0,0
1328.750,0,0,0,1
1328.800,0,0,0,1
1328.850,0,0,0,1
1328.900,0,0,0,1
1328.950,1,0,0,1
1329.000,1,0,0,1
1329.050,1,1,0,1
1329.100,1,1,0,1
1329.150,1,1,1,1
1329.200,1,1,1,0
1329.250,1,1,1,0
1329.300,1,1,1,0
1329.350,1,1,1,0
1329.400,0,1,1,0
1329.450,0,1,1,0
1329.500,0,0,1,0
1329.550,0,0,1,0
1329.600,0,0,0,0
1329.650,0,0,0,1
1329.700,0,0,0,1
1329.750,0,0,0,1
1329.800,0,0,0,1
1329.850,0,0,0,1
1329.900,1,0,0,1
1329.950,1,1,0,1
1330.000,1,1,0,1
1330.050,1,1,0,1
1330.100,1,1,1,0
1330.150,1,1,1,0
1330.200,1,1,1,0
1330.250,1,1,1,0
1330.300,1,1,1,0
1330.350,0,1,1,0
1330.400,0,0,1,0
1330.450,0,0,1,0
1330.500,0,0,1,0
1330.550,0,0,1,1
1330.600,0,0,0,1
1330.650,0,0,0,1
1330.700,0,0,0,1
1330.750,0,0,0,1
1330.800,0,0,0,1
1330.850,1,0,0,1
1330.900,1,1,0,1
1330.950,1,1,0,1
1331.000,1,1,0,0
1331.050,1,1,0,0
1331.100,1,1,1,0
1331.150,1,1,1,0
1331.200,1,1,1,0
1331.250,1,1,1,0
1331.300,0,0,1,0
1331.350,0,0,1,0
1331.400,0,0,1,0
1331.450,0,0,1,0
1331.500,0,0,1,1
1331.550,0,0,0,1
1331.600,0,0,0,1
1331.650,0,0,0,1
1331.700,0,0,0,1
1331.750,0,0,0,1
1331.800,1,1,0,1
1331.850,1,1,0,1
1331.900,1,1,0,1
1331.950,1,1,0,0
1332.000,1,1,0,0
1332.050,1,1,1,0
1332.100,1,1,1,0
1332.150,1,1,1,0
1332.200,1,1,1,0
1332.250,1,0,1,0
1332.300,0,0,1,0
1332.350,0,0,1,0
1332.400,0,0,1,1
1332.450,0,0,1,1
1332.500,0,0,0,1
1332.550,0,0,0,1
1332.600,0,0,0,1
1332.650,0,0,0,1
1332.700,0,0,0,1
1332.750,1,1,0,1
1332.800,1,1,0,1
1332.850,1,1,0,0
1332.900,1,1,0,0
1332.950,1,1,0,0
1333.000,1,1,1,0
1333.050,1,1,1,0
1333.100,1,1,1,0
1333.150,1,1,1,0
1333.200,1,0,1,0
1333.250,0,0,1,0
1333.300,0,0,1,0
1333.350,0,0,1,1
1333.400,0,0,1,1
1333.450,0,0,0,1
1333.500,0,0,0,1
1333.550,0,0,0,1
1333.600,0,0,0,1
1333.650,0,1,0,1
1333.700,1,1,0,1
1333.750,1,1,0,1
1333.800,1,1,0,0
1333.850,1,1,0,0
1333.900,1,1,0,0
1333.950,1,1,1,0
1334.000,1,1,1,0
1334.050,1,1,1,0
1334.100,1,0,1,0
1334.150,1,0,1,0
1334.200,0,0,1,0
1334.250,0,0,1,1
1334.300,0,0,1,1
1334.350,0,0,1,1
1334.400,0,0,0,1
1334.450,0,0,0,1
1334.500,0,0,0,1
1334.550,0,0,0,1
1334.600,0,1,0,1
1334.650,0,1,0,1
1334.700,1,1,0,0
1334.750,1,1,0,0
1334.800,1,1,0,0
1334.850,1,1,0,0
1334.900,1,1,1,0
1334.950,1,1,1,0
1335.000,1,1,1,0
1335.050,1,0,1,0
1335.100,1,0,1,0
1335.150,0,0,1,1
1335.200,0,0,1,1
1335.250,0,0,1,1
1335.300,0,0,1,1
1335.350,0,0,1,1
1335.400,0,0,0,1
1335.450,0,0,0,1
1335.500,0,1,0,1
1335.550,0,1,0,1
1335.600,0,1,0,0
1335.650,1,1,0,0
1335.700,1,1,0,0
1335.750,1,1,0,0
1335.800,1,1,0,0
1335.850,1,1,1,0
1335.900,1,1,1,0
1335.950,1,0,1,0
1336.000,1,0,1,0
1336.050,1,0,1,1
1336.100,0,0,1,1
1336.150,0,0,1,1
1336.200,0,0,1,1
1336.250,0,0,1,1
1336.300,0,0,1,1
1336.350,0,0,0,1
1336.400,0,1,0,1
1336.450,0,1,0,1
1336.500,0,1,0,0
1336.550,0,1,0,0
1336.600,1,1,0,0
1336.650,1,1,0,0
1336.700,1,1,0,0
1336.750,1,1,0,0
1336.800,1,1,0,0
1336.850,1,0,1,0
1336.900,1,0,1,0
1336.950,1,0,1,1
1337.000,1,0,1,1
1337.050,0,0,1,1
1337.100,0,0,1,1
1337.150,0,0,1,1
1337.200,0,0,1,1
1337.250,0,0,1,1
1337.300,0,0,0,1
1337.350,0,1,0,1
1337.400,0,1,0,0
1337.450,0,1,0,0
1337.500,0,1,0,0
1337.550,1,1,0,0
1337.600,1,1,0,0
1337.650,1,1,0,0
1337.700,1,1,0,0
1337.750,1,0,0,0
1337.800,1,0,1,0
1337.850,1,0,1,1
1337.900,1,0,1,1
1337.950,1,0,1,1
1338.000,1,0,1,1
1338.050,0,0,1,1
1338.100,0,0,1,1
1338.150,0,0,1,1
1338.200,0,0,1,1
1338.250,0,1,0,1
1338.300,0,1,0,0
1338.350,0,1,0,0
1338.400,0,1,0,0
1338.450,0,1,0,0
1338.500,1,1,0,0
1338.550,1,1,0,0
1338.600,1,1,0,0
1338.650,1,0,0,0
1338.700,1,0,0,0
1338.750,1,0,1,0
1338.800,1,0,1,1
1338.850,1,0,1,1
1338.900,1,0,1,1
1338.950,1,0,1,1
1339.000,0,0,1,1
1339.050,0,0,1,1
1339.100,0,0,1,1
1339.150,0,1,1,1
1339.200,0,1,0,0
1339.250,0,1,0,0
1339.300,0,1,0,0
1339.350,0,1,0,0
1339.400,0,1,0,0
1339.450,0,1,0,0
1339.500,1,1,0,0
1339.550,1,1,0,0
1339.600,1,0,0,0
1339.650,1,0,0,0
1339.700,1,0,1,1
1339.750,1,0,1,1
1339.800,1,0,1,1
1339.850,1,0,1,1
1339.900,1,0,1,1
1339.950,0,0,1,1
1340.000,0,0,1,1
1340.050,0,1,1,1
1340.100,0,1,1,1
1340.150,0,1,0,0
1340.200,0,1,0,0
1340.250,0,1,0,0
1340.300,0,1,0,0
1340.350,0,1,0,0
1340.400,0,1,0,0
1340.450,1,1,0,0
1340.500,1,0,0,0
1340.550,1,0,0,0
1340.600,1,0,0,1
1340.650,1,0,1,1
1340.700,1,0,1,1
1340.750,1,0,1,1
1340.800,1,0,1,1
1340.850,1,0,1,1
1340.900,0,0,1,1
1340.950,0,0,1,1
1341.000,0,1,1,1
1341.050,0,1,1,0
1341.100,0,1,0,0
1341.150,0,1,0,0
1341.200,0,1,0,0
1341.250,0,1,0,0
1341.300,0,1,0,0
1341.350,0,1,0,0
1341.400,1,0,0,0
1341.450,1,0,0,0
1341.500,1,0,0,1
1341.550,1,0,0,1
1341.600,1,0,1,1
1341.650,1,0,1,1
1341.700,1,0,1,1
1341.750,1,0,1,1
1341.800,1,0,1,1
1341.850,0,0,1,1
1341.900,0,1,1,1
1341.950,0,1,1,0
1342.000,0,1,1,0
1342.050,0,1,0,0
1342.100,0,1,0,0
1342.150,0,1,0,0
1342.200,0,1,0,0
1342.250,0,1,0,0
1342.300,0,1,0,0
1342.350,1,0,0,0
1342.400,1,0,0,1
1342.450,1,0,0,1
1342.500,1,0,1,1
1342.550,1,0,1,1
1342.600,1,0,1,1
1342.650,1,0,1,1
1342.700,1,0,1,1
1342.750,1,0,1,1
1342.800,1,1,1,1
1342.850,0,1,1,0
1342.900,0,1,1,0
1342.950,0,1,1,0
1343.000,0,1,0,0
1343.050,0,1,0,0
1343.100,0,1,0,0
1343.150,0,1,0,0
1343.200,0,1,0,0
1343.250,0,0,0,0
1343.300,1,0,0,0
1343.350,1,0,0,1
1343.400,1,0,0,1
1343.450,1,0,1,1
1343.500,1,0,1,1
1343.550,1,0,1,1
1343.600,1,0,1,1
1343.650,1,0,1,1
1343.700,1,0,1,1
1343.750,1,1,1,0
1343.800,0,1,1,0
1343.850,0,1,1,0
1343.900,0,1,0,0
1343.950,0,1,0,0
1344.000,0,1,0,0
1344.050,0,1,0,0
1344.100,0,1,0,0
1344.150,0,1,0,0
1344.200,0,0,0,0
1344.250,0,0,0,1
1344.300,1,0,0,1
1344.350,1,0,0,1
1344.400,1,0,1,1
1344.450,1,0,1,1
1344.500,1,0,1,1
1344.550,1,0,1,1
1344.600,1,0,1,1
1344.650,1,1,1,1
1344.700,1,1,1,0
1344.750,0,1,1,0
1344.800,0,1,1,0
1344.850,0,1,0,0
1344.900,0,1,0,0
1344.950,0,1,0,0
1345.000,0,1,0,0
1345.050,0,1,0,0
1345.100,0,0,0,0
1345.150,0,0,0,1
1345.200,0,0,0,1
1345.250,1,0,0,1
1345.300,1,0,0,1
1345.350,1,0,1,1
1345.400,1,0,1,1
1345.450,1,0,1,1
1345.500,1,0,1,1
1345.550,1,0,1,1
1345.600,1,1,1,0
1345.650,1,1,1,0
1345.700,0,1,1,0
1345.750,0,1,1,0
1345.800,0,1,0,0
1345.850,0,1,0,0
1345.900,0,1,0,0
1345.950,0,1,0,0
1346.000,0,0,0,0
1346.050,0,0,0,1
1346.100,0,0,0,1
1346.150,0,0,0,1
1346.200,1,0,0,1
1346.250,1,0,0,1
1346.300,1,0,1,1
1346.350,1,0,1,1
1346.400,1,0,1,1
1346.450,1,0,1,1
1346.500,1,1,1,0
1346.550,1,1,1,0
1346.600,1,1,1,0
1346.650,0,1,1,0
1346.700,0,1,1,0
1346.750,0,1,0,0
1346.800,0,1,0,0
1346.850,0,1,0,0
1346.900,0,0,0,0
1346.950,0,0,0,1
1347.000,0,0,0,1
1347.050,0,0,0,1
1347.100,0,0,0,1
1347.150,1,0,0,1
1347.200,1,0,0,1
1347.250,1,0,1,1
1347.300,1,0,1,1
1347.350,1,0,1,1
1347.400,1,1,1,0
1347.450,1,1,1,0
1347.500,1,1,1,0
1347.550,1,1,1,0
1347.600,0,1,1,0
1347.650,0,1,0,0
1347.700,0,1,0,0
1347.750,0,1,0,0
1347.800,0,0,0,0
1347.850,0,0,0,1
1347.900,0,0,0,1
1347.950,0,0,0,1
1348.000,0,0,0,1
1348.050,0,0,0,1
1348.100,1,0,0,1
1348.150,1,0,1,1
1348.200,1,0,1,1
1348.250,1,0,1,1
1348.300,1,1,1,0
1348.350,1,1,1,0
1348.400,1,1,1,0
1348.450,1,1,1,0
1348.500,1,1,1,0
1348.550,1,1,1,0
1348.600,0,1,0,0
1348.650,0,1,0,0
1348.700,0,1,0,0
1348.750,0,0,0,0
1348.800,0,0,0,1
1348.850,0,0,0,1
1348.900,0,0,0,1
1348.950,0,0,0,1
1349.000,0,0,0,1
1349.050,1,0,0,1
1349.100,1,0,1,1
1349.150,1,0,1,1
1349.200,1,1,1,1
1349.250,1,1,1,0
1349.300,1,1,1,0
1349.350,1,1,1,0
1349.400,1,1,1,0
1349.450,1,1,1,0
1349.500,1,1,1,0
1349.550,0,1,0,0
1349.600,0,1,0,0
1349.650,0,0,0,0
1349.700,0,0,0,1
1349.750,0,0,0,1
1349.800,0,0,0,1
1349.850,0,0,0,1
1349.900,0,0,0,1
1349.950,0,0,0,1
1350.000,0,0,0,1
1350.050,1,0,1,1
1350.100,1,1,1,1
1350.150,1,1,1,0
1350.200,1,1,1,0
1350.250,1,1,1,0
1350.300,1,1,1,0
1350.350,1,1,1,0
1350.400,1,1,1,0
1350.450,1,1,1,0
1350.500,0,1,0,0
1350.550,0,0,0,0
1350.600,0,0,0,1
1350.650,0,0,0,1
1350.700,0,0,0,1
1350.750,0,0,0,1
1350.800,0,0,0,1
1350.850,0,0,0,1
1350.900,0,0,0,1
1350.950,0,0,1,1
1351.000,1,1,1,1
1351.050,1,1,1,0
1351.100,1,1,1,0
1351.150,1,1,1,0
1351.200,1,1,1,0
1351.250,1,1,1,0
1351.300,1,1,1,0
1351.350,1,1,1,0
1351.400,1,1,0,0
1351.450,0,0,0,0
1351.500,0,0,0,0
1351.550,0,0,0,1
1351.600,0,0,0,1
1351.650,0,0,0,1
1351.700,0,0,0,1
1351.750,0,0,0,1
1351.800,0,0,0,1
1351.850,0,0,0,1
1351.900,0,1,1,1
1351.950,1,1,1,1
1352.000,1,1,1,0
1352.050,1,1,1,0
1352.100,1,1,1,0
1352.150,1,1,1,0
1352.200,1,1,1,0
1352.250,1,1,1,0
1352.300,1,1,1,0
1352.350,1,0,0,0
1352.400,0,0,0,0
1352.450,0,0,0,1
1352.500,0,0,0,1
1352.550,0,0,0,1
1352.600,0,0,0,1
1352.650,0,0,0,1
1352.700,0,0,0,1
1352.750,0,0,0,1
1352.800,0,0,1,1
1352.850,0,1,1,1
1352.900,1,1,1,0
1352.950,1,1,1,0
1353.000,1,1,1,0
1353.050,1,1,1,0
1353.100,1,1,1,0
1353.150,1,1,1,0
1353.200,1,1,1,0
1353.250,1,1,0,0
1353.300,1,0,0,0
1353.350,0,0,0,0
1353.400,0,0,0,1
1353.450,0,0,0,1
1353.500,0,0,0,1
1353.550,0,0,0,1
1353.600,0,0,0,1
1353.650,0,0,0,1
1353.700,0,0,0,1
1353.750,0,1,1,1
1353.800,0,1,1,1
1353.850,1,1,1,0
1353.900,1,1,1,0
1353.950,1,1,1,0
1354.000,1,1,1,0
1354.050,1,1,1,0
1354.100,1,1,1,0
1354.150,1,1,1,0
1354.200,1,0,0,0
1354.250,1,0,0,0
1354.300,0,0,0,1
1354.350,0,0,0,1
1354.400,0,0,0,1
1354.450,0,0,0,1
1354.500,0,0,0,1
1354.550,0,0,0,1
1354.600,0,0,0,1
1354.650,0,1,1,1
1354.700,0,1,1,1
1354.750,0,1,1,1
1354.800,1,1,1,0
1354.850,1,1,1,0
1354.900,1,1,1,0
1354.950,1,1,1,0
1355.000,1,1,1,0
1355.050,1,1,1,0
1355.100,1,0,0,0
1355.150,1,0,0,0
1355.200,1,0,0,0
1355.250,0,0,0,1
1355.300,0,0,0,1
1355.350,0,0,0,1
1355.400,0,0,0,1
1355.450,0,0,0,1
1355.500,0,0,0,1
1355.550,0,0,0,1
1355.600,0,1,1,1
1355.650,0,1,1,1
1355.700,0,1,1,0
1355.750,1,1,1,0
1355.800,1,1,1,0
1355.850,1,1,1,0
1355.900,1,1,1,0
1355.950,1,1,1,0
1356.000,1,0,1,0
1356.050,1,0,0,0
1356.100,1,0,0,0
1356.150,1,0,0,1
1356.200,0,0,0,1
1356.250,0,0,0,1
1356.300,0,0,0,1
1356.350,0,0,0,1
1356.400,0,0,0,1
1356.450,0,1,0,1
1356.500,0,1,1,1
1356.550,0,1,1,1
1356.600,0,1,1,1
1356.650,1,1,1,0
1356.700,1,1,1,0
1356.750,1,1,1,0
1356.800,1,1,1,0
1356.850,1,1,1,0
1356.900,1,0,1,0
1356.950,1,0,1,0
1357.000,1,0,0,0
1357.050,1,0,0,0
1357.100,1,0,0,1
1357.150,0,0,0,1
1357.200,0,0,0,1
1357.250,0,0,0,1
1357.300,0,0,0,1
1357.350,0,0,0,1
1357.400,0,1,0,1
1357.450,0,1,1,1
1357.500,0,1,1,1
1357.550,0,1,1,0
1357.600,1,1,1,0
1357.650,1,1,1,0
1357.700,1,1,1,0
1357.750,1,1,1,0
1357.800,1,0,1,0
1357.850,1,0,1,0
1357.900,1,0,0,0
1357.950,1,0,0,0
1358.000,1,0,0,1
1358.050,0,0,0,1
1358.100,0,0,0,1
1358.150,0,0,0,1
1358.200,0,0,0,1
1358.250,0,0,0,1
1358.300,0,1,0,1
1358.350,0,1,1,1
1358.400,0,1,1,1
1358.450,0,1,1,1
1358.500,0,1,1,0
1358.550,1,1,1,0
1358.600,1,1,1,0
1358.650,1,1,1,0
1358.700,1,0,1,0
1358.750,1,0,1,0
1358.800,1,0,0,0
1358.850,1,0,0,0
1358.900,1,0,0,0
1358.950,1,0,0,1
1359.000,0,0,0,1
1359.050,0,0,0,1
1359.100,0,0,0,1
1359.150,0,0,0,1
1359.200,0,1,0,1
1359.250,0,1,0,1
1359.300,0,1,1,1
1359.350,0,1,1,1
1359.400,0,1,1,0
1359.450,1,1,1,0
1359.500,1,1,1,0
1359.550,1,1,1,0
1359.600,1,1,1,0
1359.650,1,0,1,0
1359.700,1,0,1,0
1359.750,1,0,0,0
1359.800,1,0,0,0
1359.850,1,0,0,0
1359.900,1,0,0,1
1359.950,0,0,0,1
1360.000,0,0,0,1
1360.050,0,0,0,1
1360.100,0,1,0,1
1360.150,0,1,0,1
1360.200,0,1,1,1
1360.250,0,1,1,1
1360.300,0,1,1,1
1360.350,0,1,1,0
1360.400,1,1,1,0
1360.450,1,1,1,0
1360.500,1,1,1,0
1360.550,1,0,1,0
1360.600,1,0,1,0
1360.650,1,0,0,0
1360.700,1,0,0,0
1360.750,1,0,0,0
1360.800,1,0,0,0
1360.850,0,0,0,1
1360.900,0,0,0,1
1360.950,0,0,0,1
1361.000,0,1,0,1
1361.050,0,1,0,1
1361.100,0,1,0,1
1361.150,0,1,1,1
1361.200,0,1,1,1
1361.250,0,1,1,1
1361.300,0,1,1,0
1361.350,1,1,1,0
1361.400,1,1,1,0
1361.450,1,0,1,0
1361.500,1,0,1,0
1361.550,1,0,1,0
1361.600,1,0,0,0
1361.650,1,0,0,0
1361.700,1,0,0,0
1361.750,1,0,0,1
1361.800,0,0,0,1
1361.850,0,0,0,1
1361.900,0,0,0,1
1361.950,0,1,0,1
1362.000,0,1,0,1
1362.050,0,1,0,1
1362.100,0,1,1,1
1362.150,0,1,1,1
1362.200,0,1,1,1
1362.250,0,1,1,0
1362.300,1,1,1,0
1362.350,1,1,1,0
1362.400,1,0,1,0
1362.450,1,0,1,0
1362.500,1,0,1,0
1362.550,1,0,0,0
1362.600,1,0,0,0
1362.650,1,0,0,0
1362.700,1,0,0,0
1362.750,0,0,0,1
1362.800,0,0,0,1
1362.850,0,1,0,1
1362.900,0,1,0,1
1362.950,0,1,0,1
1363.000,0,1,1,1
1363.050,0,1,1,1
1363.100,0,1,1,1
1363.150,0,1,1,1
1363.200,1,1,1,0
1363.250,1,1,1,0
1363.300,1,0,1,0
1363.350,1,0,1,0
1363.400,1,0,1,0
1363.450,1,0,0,0
1363.500,1,0,0,0
1363.550,1,0,0,0
1363.600,1,0,0,0
1363.650,1,0,0,0
1363.700,0,0,0,1
1363.750,0,0,0,1
1363.800,0,1,0,1
1363.850,0,1,0,1
1363.900,0,1,0,1
1363.950,0,1,1,1
1364.000,0,1,1,1
1364.050,0,1,1,1
1364.100,0,1,1,1
1364.150,1,1,1,0
1364.200,1,0,1,0
1364.250,1,0,1,0
1364.300,1,0,1,0
1364.350,1,0,0,0
1364.400,1,0,0,0
1364.450,1,0,0,0
1364.500,1,0,0,0
1364.550,1,0,0,0
1364.600,0,0,0,1
1364.650,0,0,0,1
1364.700,0,1,0,1
1364.750,0,1,0,1
1364.800,0,1,0,1
1364.850,0,1,1,1
1364.900,0,1,1,1
1364.950,0,1,1,1
1365.000,0,1,1,1
1365.050,0,1,1,0
1365.100,1,1,1,0
1365.150,1,0,1,0
1365.200,1,0,1,0
1365.250,1,0,1,0
1365.300,1,0,0,0
1365.350,1,0,0,0
1365.400,1,0,0,0
1365.450,1,0,0,0
1365.500,1,0,0,0
1365.550,0,0,0,1
1365.600,0,0,0,1
1365.650,0,1,0,1
1365.700,0,1,0,1
1365.750,0,1,0,1
1365.800,0,1,1,1
1365.850,0,1,1,1
1365.900,0,1,1,1
1365.950,0,1,1,1
1366.000,1,1,1,0
1366.050,1,0,1,0
1366.100,1,0,1,0
1366.150,1,0,1,0
1366.200,1,0,1,0
1366.250,1,0,0,0
1366.300,1,0,0,0
1366.350,1,0,0,0
1366.400,1,0,0,0
1366.450,0,0,0,1
1366.500,0,0,0,1
1366.550,0,1,0,1
1366.600,0,1,0,1
1366.650,0,1,0,1
1366.700,0,1,1,1
1366.750,0,1,1,1
1366.800,0,1,1,1
1366.850,0,1,1,1
1366.900,0,1,1,1
1366.950,1,1,1,0
1367.000,1,0,1,0
1367.050,1,0,1,0
1367.100,1,0,1,0
1367.150,1,0,0,0
1367.200,1,0,0,0
1367.250,1,0,0,0
1367.300,1,0,0,0
1367.350,1,0,0,0
1367.400,0,0,0,1
1367.450,0,1,0,1
1367.500,0,1,0,1
1367.550,0,1,0,1
1367.600,0,1,0,1
1367.650,0,1,1,1
1367.700,0,1,1,1
1367.750,0,1,1,1
1367.800,0,1,1,1
1367.850,1,1,1,0
1367.900,1,0,1,0
1367.950,1,0,1,0
1368.000,1,0,1,0
1368.050,1,0,1,0
1368.100,1,0,0,0
1368.150,1,0,0,0
1368.200,1,0,0,0
1368.250,1,0,0,0
1368.300,0,0,0,1
1368.350,0,0,0,1
1368.400,0,1,0,1
1368.450,0,1,0,1
1368.500,0,1,0,1
1368.550,0,1,1,1
1368.600,0,1,1,1
1368.650,0,1,1,1
1368.700,0,1,1,1
1368.750,0,1,1,1
1368.800,1,1,1,0
1368.850,1,0,1,0
1368.900,1,0,1,0
1368.950,1,0,1,0
1369.000,1,0,0,0
1369.050,1,0,0,0
1369.100,1,0,0,0
1369.150,1,0,0,0
1369.200,1,0,0,0
1369.250,0,0,0,1
1369.300,0,1,0,1
1369.350,0,1,0,1
1369.400,0,1,0,1
1369.450,0,1,0,1
1369.500,0,1,1,1
1369.550,0,1,1,1
1369.600,0,1,1,1
1369.650,0,1,1,1
1369.700,1,1,1,0
1369.750,1,0,1,0
1369.800,1,0,1,0
1369.850,1,0,1,0
1369.900,1,0,1,0
1369.950,1,0,0,0
1370.000,1,0,0,0
1370.050,1,0,0,0
1370.100,1,0,0,0
1370.150,0,0,0,0
1370.200,0,0,0,1
1370.250,0,1,0,1
1370.300,0,1,0,1
1370.350,0,1,0,1
1370.400,0,1,0,1
1370.450,0,1,1,1
1370.500,0,1,1,1
1370.550,0,1,1,1
1370.600,0,1,1,1
1370.650,1,1,1,0
1370.700,1,0,1,0
1370.750,1,0,1,0
1370.800,1,0,1,0
1370.850,1,0,1,0
1370.900,1,0,0,0
1370.950,1,0,0,0
1371.000,1,0,0,0
1371.050,1,0,0,0
1371.100,0,0,0,1
1371.150,0,0,0,1
1371.200,0,1,0,1
1371.250,0,1,0,1
1371.300,0,1,0,1
1371.350,0,1,1,1
1371.400,0,1,1,1
1371.450,0,1,1,1
1371.500,0,1,1,1
1371.550,1,1,1,0
1371.600,1,0,1,0
1371.650,1,0,1,0
1371.700,1,0,1,0
1371.750,1,0,1,0
1371.800,1,0,0,0
1371.850,1,0,0,0
1371.900,1,0,0,0
1371.950,1,0,0,0
1372.000,0,0,0,0
1372.050,0,0,0,1
1372.100,0,1,0,1
1372.150,0,1,0,1
1372.200,0,1,0,1
1372.250,0,1,0,1
1372.300,0,1,1,1
1372.350,0,1,1,1
1372.400,0,1,1,1
1372.450,0,1,1,1
1372.500,1,1,1,0
1372.550,1,1,1,0
1372.600,1,0,1,0
1372.650,1,0,1,0
1372.700,1,0,1,0
1372.750,1,0,0,0
1372.800,1,0,0,0
1372.850,1,0,0,0
1372.900,1,0,0,0
1372.950,0,0,0,0
1373.000,0,0,0,1
1373.050,0,1,0,1
1373.100,0,1,0,1
1373.150,0,1,0,1
1373.200,0,1,0,1
1373.250,0,1,1,1
1373.300,0,1,1,1
1373.350,0,1,1,1
1373.400,1,1,1,1
1373.450,1,1,1,0
1373.500,1,0,1,0
1373.550,1,0,1,0
1373.600,1,0,1,0
1373.650,1,0,1,0
1373.700,1,0,0,0
1373.750,1,0,0,0
1373.800,1,0,0,0
1373.850,0,0,0,0
1373.900,0,0,0,1
1373.950,0,0,0,1
1374.000,0,1,0,1
1374.050,0,1,0,1
1374.100,0,1,0,1
1374.150,0,1,0,1
1374.200,0,1,1,1
1374.250,0,1,1,1
1374.300,0,1,1,1
1374.350,1,1,1,0
1374.400,1,1,1,0
1374.450,1,0,1,0
1374.500,1,0,1,0
1374.550,1,0,1,0
1374.600,1,0,1,0
1374.650,1,0,0,0
1374.700,1,0,0,0
1374.750,1,0,0,0
1374.800,0,0,0,0
1374.850,0,0,0,1
1374.900,0,0,0,1
1374.950,0,1,0,1
1375.000,0,1,0,1
1375.050,0,1,0,1
1375.100,0,1,1,1
1375.150,0,1,1,1
1375.200,0,1,1,1
1375.250,1,1,1,1
1375.300,1,1,1,0
1375.350,1,1,1,0
1375.400,1,0,1,0
1375.450,1,0,1,0
1375.500,1,0,1,0
1375.550,1,0,1,0
1375.600,1,0,0,0
1375.650,1,0,0,0
1375.700,0,0,0,0
1375.750,0,0,0,1
1375.800,0,0,0,1
1375.850,0,0,0,1
1375.900,0,1,0,1
1375.950,0,1,0,1
1376.000,0,1,0,1
1376.050,0,1,1,1
1376.100,0,1,1,1
1376.150,0,1,1,1
1376.200,1,1,1,0
1376.250,1,1,1,0
1376.300,1,1,1,0
1376.350,1,0,1,0
1376.400,1,0,1,0
1376.450,1,0,1,0
1376.500,1,0,1,0
1376.550,1,0,0,0
1376.600,1,0,0,0
1376.650,0,0,0,1
1376.700,0,0,0,1
1376.750,0,0,0,1
1376.800,0,1,0,1
1376.850,0,1,0,1
1376.900,0,1,0,1
1376.950,0,1,0,1
1377.000,0,1,1,1
1377.050,0,1,1,1
1377.100,1,1,1,0
1377.150,1,1,1,0
1377.200,1,1,1,0
1377.250,1,1,1,0
1377.300,1,0,1,0
1377.350,1,0,1,0
1377.400,1,0,1,0
1377.450,1,0,1,0
1377.500,1,0,0,0
1377.550,1,0,0,0
1377.600,0,0,0,1
1377.650,0,0,0,1
1377.700,0,0,0,1
1377.750,0,1,0,1
1377.800,0,1,0,1
1377.850,0,1,0,1
1377.900,0,1,0,1
1377.950,0,1,1,1
1378.000,0,1,1,1
1378.050,1,1,1,0
1378.100,1,1,1,0
1378.150,1,1,1,0
1378.200,1,0,1,0
1378.250,1,0,1,0
1378.300,1,0,1,0
1378.350,1,0,1,0
1378.400,1,0,0,0
1378.450,1,0,0,0
1378.500,0,0,0,1
1378.550,0,0,0,1
1378.600,0,0,0,1
1378.650,0,0,0,1
1378.700,0,1,0,1
1378.750,0,1,0,1
1378.800,0,1,0,1
1378.850,0,1,0,1
1378.900,0,1,1,1
1378.950,1,1,1,0
1379.000,1,1,1,0
1379.050,1,1,1,0
1379.100,1,1,1,0
1379.150,1,0,1,0
1379.200,1,0,1,0
1379.250,1,0,1,0
1379.300,1,0,1,0
1379.350,1,0,0,0
1379.400,1,0,0,1
1379.450,0,0,0,1
1379.500,0,0,0,1
1379.550,0,0,0,1
1379.600,0,1,0,1
1379.650,0,1,0,1
1379.700,0,1,0,1
1379.750,0,1,0,1
1379.800,0,1,0,1
1379.850,0,1,1,0
1379.900,1,1,1,0
1379.950,1,1,1,0
1380.000,1,1,1,0
1380.050,1,0,1,0
1380.100,1,0,1,0
1380.150,1,0,1,0
1380.200,1,0,1,0
1380.250,1,0,1,0
1380.300,1,0,0,0
1380.350,0,0,0,1
1380.400,0,0,0,1
1380.450,0,0,0,1
1380.500,0,0,0,1
1380.550,0,1,0,1
1380.600,0,1,0,1
1380.650,0,1,0,1
1380.700,0,1,0,1
1380.750,0,1,0,1
1380.800,0,1,1,0
1380.850,1,1,1,0
1380.900,1,1,1,0
1380.950,1,1,1,0
1381.000,1,0,1,0
1381.050,1,0,1,0
1381.100,1,0,1,0
1381.150,1,0,1,0
1381.200,1,0,1,0
1381.250,1,0,0,1
1381.300,0,0,0,1
1381.350,0,0,0,1
1381.400,0,0,0,1
1381.450,0,0,0,1
1381.500,0,1,0,1
1381.550,0,1,0,1
1381.600,0,1,0,1
1381.650,0,1,0,1
1381.700,0,1,0,0
1381.750,1,1,1,0
1381.800,1,1,1,0
1381.850,1,1,1,0
1381.900,1,0,1,0
1381.950,1,0,1,0
1382.000,1,0,1,0
1382.050,1,0,1,0
1382.100,1,0,1,0
1382.150,1,0,1,1
1382.200,0,0,0,1
1382.250,0,0,0,1
1382.300,0,0,0,1
1382.350,0,0,0,1
1382.400,0,1,0,1
1382.450,0,1,0,1
1382.500,0,1,0,1
1382.550,0,1,0,1
1382.600,0,1,0,1
1382.650,0,1,0,0
1382.700,1,1,1,0
1382.750,1,1,1,0
1382.800,1,1,1,0
1382.850,1,0,1,0
1382.900,1,0,1,0
1382.950,1,0,1,0
1383.000,1,0,1,0
1383.050,1,0,1,0
1383.100,1,0,1,1
1383.150,0,0,1,1
1383.200,0,0,0,1
1383.250,0,0,0,1
1383.300,0,0,0,1
1383.350,0,1,0,1
1383.400,0,1,0,1
1383.450,0,1,0,1
1383.500,0,1,0,1
1383.550,0,1,0,0
1383.600,1,1,0,0
1383.650,1,1,1,0
1383.700,1,1,1,0
1383.750,1,1,1,0
1383.800,1,0,1,0
1383.850,1,0,1,0
1383.900,1,0,1,0
1383.950,1,0,1,0
1384.000,1,0,1,1
1384.050,1,0,1,1
1384.100,0,0,1,1
1384.150,0,0,0,1
1384.200,0,0,0,1
1384.250,0,0,0,1
1384.300,0,1,0,1
1384.350,0,1,0,1
1384.400,0,1,0,1
1384.450,0,1,0,0
1384.500,0,1,0,0
1384.550,1,1,0,0
1384.600,1,1,0,0
1384.650,1,1,1,0
1384.700,1,1,1,0
1384.750,1,0,1,0
1384.800,1,0,1,0
1384.850,1,0,1,0
1384.900,1,0,1,0
1384.950,1,0,1,1
1385.000,0,0,1,1
1385.050,0,0,1,1
1385.100,0,0,0,1
1385.150,0,0,0,1
1385.200,0,1,0,1
1385.250,0,1,0,1
1385.300,0,1,0,1
1385.350,0,1,0,1
1385.400,0,1,0,0
1385.450,0,1,0,0
1385.500,1,1,0,0
1385.550,1,1,0,0
1385.600,1,1,1,0
1385.650,1,0,1,0
1385.700,1,0,1,0
1385.750,1,0,1,0
1385.800,1,0,1,0
1385.850,1,0,1,1
1385.900,1,0,1,1
1385.950,0,0,1,1
1386.000,0,0,1,1
1386.050,0,0,0,1
1386.100,0,0,0,1
1386.150,0,1,0,1
1386.200,0,1,0,1
1386.250,0,1,0,1
1386.300,0,1,0,0
1386.350,0,1,0,0
1386.400,0,1,0,0
1386.450,1,1,0,0
1386.500,1,1,0,0
1386.550,1,1,1,0
1386.600,1,0,1,0
1386.650,1,0,1,0
1386.700,1,0,1,0
1386.750,1,0,1,1
1386.800,1,0,1,1
1386.850,1,0,1,1
1386.900,0,0,1,1
1386.950,0,0,1,1
1387.000,0,0,0,1
1387.050,0,1,0,1
1387.100,0,1,0,1
1387.150,0,1,0,1
1387.200,0,1,0,0
1387.250,0,1,0,0
1387.300,0,1,0,0
1387.350,1,1,0,0
1387.400,1,1,0,0
1387.450,1,1,0,0
1387.500,1,0,1,0
1387.550,1,0,1,0
1387.600,1,0,1,0
1387.650,1,0,1,1
1387.700,1,0,1,1
1387.750,1,0,1,1
1387.800,1,0,1,1
1387.850,0,0,1,1
1387.900,0,0,1,1
1387.950,0,0,0,1
1388.000,0,1,0,1
1388.050,0,1,0,1
1388.100,0,1,0,0
1388.150,0,1,0,0
1388.200,0,1,0,0
1388.250,0,1,0,0
1388.300,0,1,0,0
1388.350,1,1,0,0
1388.400,1,0,0,0
1388.450,1,0,1,0
1388.500,1,0,1,0
1388.550,1,0,1,1
1388.600,1,0,1,1
1388.650,1,0,1,1
1388.700,1,0,1,1
1388.750,0,0,1,1
1388.800,0,0,1,1
1388.850,0,0,1,1
1388.900,0,1,0,1
1388.950,0,1,0,1
1389.000,0,1,0,0
1389.050,0,1,0,0
1389.100,0,1,0,0
1389.150,0,1,0,0
1389.200,0,1,0,0
1389.250,1,1,0,0
1389.300,1,1,0,0
1389.350,1,0,0,0
1389.400,1,0,1,0
1389.450,1,0,1,1
1389.500,1,0,1,1
1389.550,1,0,1,1
1389.600,1,0,1,1
1389.650,1,0,1,1
1389.700,1,0,1,1
1389.750,0,0,1,1
1389.800,0,1,1,1
1389.850,0,1,1,1
1389.900,0,1,0,0
1389.950,0,1,0,0
1390.000,0,1,0,0
1390.050,0,1,0,0
1390.100,0,1,0,0
1390.150,0,1,0,0
1390.200,1,1,0,0
1390.250,1,0,0,0
1390.300,1,0,0,0
1390.350,1,0,1,1
1390.400,1,0,1,1
1390.450,1,0,1,1
1390.500,1,0,1,1
1390.550,1,0,1,1
1390.600,1,0,1,1
1390.650,0,0,1,1
1390.700,0,1,1,1
1390.750,0,1,1,1
1390.800,0,1,1,0
1390.850,0,1,0,0
1390.900,0,1,0,0
1390.950,0,1,0,0
1391.000,0,1,0,0
1391.050,0,1,0,0
1391.100,0,1,0,0
1391.150,1,0,0,0
1391.200,1,0,0,0
1391.250,1,0,0,0
1391.300,1,0,0,1
1391.350,1,0,1,1
1391.400,1,0,1,1
1391.450,1,0,1,1
1391.500,1,0,1,1
1391.550,1,0,1,1
1391.600,0,0,1,1
1391.650,0,1,1,1
1391.700,0,1,1,0
1391.750,0,1,1,0
1391.800,0,1,0,0
1391.850,0,1,0,0
1391.900,0,1,0,0
1391.950,0,1,0,0
1392.000,0,1,0,0
1392.050,0,1,0,0
1392.100,1,0,0,0
1392.150,1,0,0,0
1392.200,1,0,0,1
1392.250,1,0,0,1
1392.300,1,0,1,1
1392.350,1,0,1,1
1392.400,1,0,1,1
1392.450,1,0,1,1
1392.500,1,0,1,1
1392.550,0,1,1,1
1392.600,0,1,1,1
1392.650,0,1,1,0
1392.700,0,1,1,0
1392.750,0,1,0,0
1392.800,0,1,0,0
1392.850,0,1,0,0
1392.900,0,1,0,0
1392.950,0,1,0,0
1393.000,0,0,0,0
1393.050,1,0,0,0
1393.100,1,0,0,1
1393.150,1,0,0,1
1393.200,1,0,0,1
1393.250,1,0,1,1
1393.300,1,0,1,1
1393.350,1,0,1,1
1393.400,1,0,1,1
1393.450,1,0,1,1
1393.500,1,1,1,1
1393.550,0,1,1,0
1393.600,0,1,1,0
1393.650,0,1,1,0
1393.700,0,1,0,0
1393.750,0,1,0,0
1393.800,0,1,0,0
1393.850,0,1,0,0
1393.900,0,1,0,0
1393.950,0,0,0,0
1394.000,1,0,0,0
1394.050,1,0,0,1
1394.100,1,0,0,1
1394.150,1,0,0,1
1394.200,1,0,1,1
1394.250,1,0,1,1
1394.300,1,0,1,1
1394.350,1,0,1,1
1394.400,1,0,1,1
1394.450,1,1,1,0
1394.500,0,1,1,0
1394.550,0,1,1,0
1394.600,0,1,1,0
1394.650,0,1,1,0
1394.700,0,1,0,0
1394.750,0,1,0,0
1394.800,0,1,0,0
1394.850,0,0,0,0
1394.900,0,0,0,0
1394.950,1,0,0,1
1395.000,1,0,0,1
1395.050,1,0,0,1
1395.100,1,0,0,1
1395.150,1,0,1,1
1395.200,1,0,1,1
1395.250,1,0,1,1
1395.300,1,0,1,1
1395.350,1,1,1,1
1395.400,1,1,1,0
1395.450,0,1,1,0
1395.500,0,1,1,0
1395.550,0,1,1,0
1395.600,0,1,1,0
1395.650,0,1,0,0
1395.700,0,1,0,0
1395.750,0,1,0,0
1395.800,0,0,0,0
1395.850,0,0,0,1
1395.900,1,0,0,1
1395.950,1,0,0,1
1396.000,1,0,0,1
1396.050,1,0,0,1
1396.100,1,0,1,1
1396.150,1,0,1,1
1396.200,1,0,1,1
1396.250,1,1,1,1
1396.300,1,1,1,0
1396.350,1,1,1,0
1396.400,0,1,1,0
1396.450,0,1,1,0
1396.500,0,1,1,0
1396.550,0,1,1,0
1396.600,0,1,0,0
1396.650,0,1,0,0
1396.700,0,0,0,0
1396.750,0,0,0,1
1396.800,0,0,0,1
1396.850,0,0,0,1
1396.900,1,0,0,1
1396.950,1,0,0,1
1397.000,1,0,0,1
1397.050,1,0,0,1
1397.100,1,0,1,1
1397.150,1,1,1,1
1397.200,1,1,1,0
1397.250,1,1,1,0
1397.300,1,1,1,0
1397.350,0,1,1,0
1397.400,0,1,1,0
1397.450,0,1,1,0
1397.500,0,1,1,0
1397.550,0,1,0,0
1397.600,0,0,0,0
1397.650,0,0,0,1
1397.700,0,0,0,1
1397.750,0,0,0,1
1397.800,1,0,0,1
1397.850,1,0,0,1
1397.900,1,0,0,1
1397.950,1,0,0,1
1398.000,1,0,0,1
1398.050,1,1,1,1
1398.100,1,1,1,0
1398.150,1,1,1,0
1398.200,1,1,1,0
1398.250,1,1,1,0
1398.300,0,1,1,0
1398.350,0,1,1,0
1398.400,0,1,1,0
1398.450,0,1,1,0
1398.500,0,0,0,0
1398.550,0,0,0,1
1398.600,0,0,0,1
1398.650,0,0,0,1
1398.700,0,0,0,1
1398.750,0,0,0,1
1398.800,1,0,0,1
1398.850,1,0,0,1
1398.900,1,0,0,1
1398.950,1,0,0,1
1399.000,1,1,1,0
1399.050,1,1,1,0
1399.100,1,1,1,0
1399.150,1,1,1,0
1399.200,1,1,1,0
1399.250,0,1,1,0
1399.300,0,1,1,0
1399.350,0,1,1,0
1399.400,0,0,1,0
1399.450,0,0,0,1
1399.500,0,0,0,1
1399.550,0,0,0,1
1399.600,0,0,0,1
1399.650,0,0,0,1
1399.700,0,0,0,1
1399.750,1,0,0,1
1399.800,1,0,0,1
1399.850,1,0,0,1
1399.900,1,1,0,0
1399.950,1,1,1,0
1400.000,0,1,0,1
1400.050,0,1,0,1
1400.100,0,1,0,1
1400.150,0,1,0,1
1400.200,0,1,0,1
1400.250,0,0,0,1
1400.300,0,0,0,1
1400.350,1,0,1,0
1400.400,1,0,1,0
1400.450,1,0,1,0
1400.500,1,0,1,0
1400.550,1,0,1,0
1400.600,1,0,1,0
1400.650,1,0,1,0
1400.700,1,1,1,0
1400.750,1,1,1,0
1400.800,0,1,0,1
1400.850,0,1,0,1
1400.900,0,1,0,1
1400.950,0,1,0,1
1401.000,0,1,0,1
1401.050,0,1,0,1
1401.100,0,1,0,1
1401.150,0,0,0,1
1401.200,0,0,0,1
1401.250,0,0,0,0
1401.300,1,0,1,0
1401.350,1,0,1,0
1401.400,1,0,1,0
1401.450,1,0,1,0
1401.500,1,0,1,0
1401.550,1,0,1,0
1401.600,1,1,1,0
1401.650,1,1,1,0
1401.700,1,1,1,1
1401.750,0,1,0,1
1401.800,0,1,0,1
1401.850,0,1,0,1
1401.900,0,1,0,1
1401.950,0,1,0,1
1402.000,0,1,0,1
1402.050,0,0,0,1
1402.100,0,0,0,1
1402.150,0,0,0,0
1402.200,0,0,0,0
1402.250,1,0,1,0
1402.300,1,0,1,0
1402.350,1,0,1,0
1402.400,1,0,1,0
1402.450,1,0,1,0
1402.500,1,1,1,0
1402.550,1,1,1,0
1402.600,1,1,1,1
1402.650,1,1,1,1
1402.700,0,1,0,1
1402.750,0,1,0,1
1402.800,0,1,0,1
1402.850,0,1,0,1
1402.900,0,1,0,1
1402.950,0,0,0,1
1403.000,0,0,0,1
1403.050,0,0,0,0
1403.100,0,0,0,0
1403.150,0,0,0,0
1403.200,1,0,1,0
1403.250,1,0,1,0
1403.300,1,0,1,0
1403.350,1,0,1,0
1403.400,1,1,1,0
1403.450,1,1,1,0
1403.500,1,1,1,1
1403.550,1,1,1,1
1403.600,1,1,1,1
1403.650,0,1,0,1
1403.700,0,1,0,1
1403.750,0,1,0,1
1403.800,0,0,0,1
1403.850,0,0,0,1
1403.900,0,0,0,1
1403.950,0,0,0,0
1404.000,0,0,0,0
1404.050,0,0,0,0
1404.100,0,0,0,0
1404.150,1,0,1,0
1404.200,1,0,1,0
1404.250,1,0,1,0
1404.300,1,1,1,0
1404.350,1,1,1,0
1404.400,1,1,1,1
1404.450,1,1,1,1
1404.500,1,1,1,1
1404.550,1,1,1,1
1404.600,0,1,0,1
1404.650,0,1,0,1
1404.700,0,0,0,1
1404.750,0,0,0,1
1404.800,0,0,0,1
1404.850,0,0,0,0
1404.900,0,0,0,0
1404.950,0,0,0,0
1405.000,0,0,0,0
1405.050,0,0,0,0
1405.100,1,0,1,0
1405.150,1,0,1,0
1405.200,1,1,1,0
1405.250,1,1,1,0
1405.300,1,1,1,1
1405.350,1,1,1,1
1405.400,1,1,1,1
1405.450,1,1,1,1
1405.500,1,1,1,1
1405.550,0,1,0,1
1405.600,0,0,0,1
1405.650,0,0,0,1
1405.700,0,0,0,1
1405.750,0,0,0,0
1405.800,0,0,0,0
1405.850,0,0,0,0
1405.900,0,0,0,0
1405.950,0,0,0,0
1406.000,0,0,0,0
1406.050,1,1,1,0
1406.100,1,1,1,0
1406.150,1,1,1,0
1406.200,1,1,1,1
1406.250,1,1,1,1
1406.300,1,1,1,1
1406.350,1,1,1,1
1406.400,1,1,1,1
1406.450,1,1,1,1
1406.500,0,0,1,1
1406.550,0,0,0,1
1406.600,0,0,0,1
1406.650,0,0,0,0
1406.700,0,0,0,0
1406.750,0,0,0,0
1406.800,0,0,0,0
1406.850,0,0,0,0
1406.900,0,0,0,0
1406.950,0,1,0,0
1407.000,1,1,1,0
1407.050,1,1,1,0
1407.100,1,1,1,1
1407.150,1,1,1,1
1407.200,1,1,1,1
1407.250,1,1,1,1
1407.300,1,1,1,1
1407.350,1,1,1,1
1407.400,1,0,1,1
1407.450,0,0,1,1
1407.500,0,0,0,0
1407.550,0,0,0,0
1407.600,0,0,0,0
1407.650,0,0,0,0
1407.700,0,0,0,0
1407.750,0,0,0,0
1407.800,0,0,0,0
1407.850,0,1,0,0
1407.900,0,1,0,0
1407.950,1,1,1,0
1408.000,1,1,1,1
1408.050,1,1,1,1
1408.100,1,1,1,1
1408.150,1,1,1,1
1408.200,1,1,1,1
1408.250,1,1,1,1
1408.300,1,0,1,1
1408.350,1,0,1,1
1408.400,0,0,0,0
1408.450,0,0,0,0
1408.500,0,0,0,0
1408.550,0,0,0,0
1408.600,0,0,0,0
1408.650,0,0,0,0
1408.700,0,0,0,0
1408.750,0,1,0,0
1408.800,0,1,0,0
1408.850,0,1,0,1
1408.900,1,1,1,1
1408.950,1,1,1,1
1409.000,1,1,1,1
1409.050,1,1,1,1
1409.100,1,1,1,1
1409.150,1,1,1,1
1409.200,1,0,1,1
1409.250,1,0,1,1
1409.300,1,0,1,0
1409.350,0,0,0,0
1409.400,0,0,0,0
1409.450,0,0,0,0
1409.500,0,0,0,0
1409.550,0,0,0,0
1409.600,0,0,0,0
1409.650,0,1,0,0
1409.700,0,1,0,0
1409.750,0,1,0,1
1409.800,0,1,0,1
1409.850,1,1,1,1
1409.900,1,1,1,1
1409.950,1,1,1,1
1410.000,1,1,1,1
1410.050,1,1,1,1
1410.100,1,0,1,1
1410.150,1,0,1,1
1410.200,1,0,1,0
1410.250,1,0,1,0
1410.300,0,0,0,0
1410.350,0,0,0,0
1410.400,0,0,0,0
1410.450,0,0,0,0
1410.500,0,0,0,0
1410.550,0,1,0,0
1410.600,0,1,0,0
1410.650,0,1,0,1
1410.700,0,1,0,1
1410.750,0,1,0,1
1410.800,1,1,1,1
1410.850,1,1,1,1
1410.900,1,1,1,1
1410.950,1,1,1,1
1411.000,1,0,1,1
1411.050,1,0,1,1
1411.100,1,0,1,0
1411.150,1,0,1,0
1411.200,1,0,1,0
1411.250,0,0,0,0
1411.300,0,0,0,0
1411.350,0,0,0,0
1411.400,0,0,0,0
1411.450,0,1,0,0
1411.500,0,1,0,0
1411.550,0,1,0,1
1411.600,0,1,0,1
1411.650,0,1,0,1
1411.700,1,1,0,1
1411.750,1,1,1,1
1411.800,1,1,1,1
1411.850,1,1,1,1
1411.900,1,0,1,1
1411.950,1,0,1,1
1412.000,1,0,1,0
1412.050,1,0,1,0
1412.100,1,0,1,0
1412.150,0,0,1,0
1412.200,0,0,0,0
1412.250,0,0,0,0
1412.300,0,0,0,0
1412.350,0,1,0,0
1412.400,0,1,0,0
1412.450,0,1,0,1
1412.500,0,1,0,1
1412.550,0,1,0,1
1412.600,0,1,0,1
1412.650,1,1,0,1
1412.700,1,1,1,1
1412.750,1,1,1,1
1412.800,1,0,1,1
1412.850,1,0,1,1
1412.900,1,0,1,0
1412.950,1,0,1,0
1413.000,1,0,1,0
1413.050,1,0,1,0
1413.100,0,0,1,0
1413.150,0,0,0,0
1413.200,0,0,0,0
1413.250,0,1,0,0
1413.300,0,1,0,0
1413.350,0,1,0,1
1413.400,0,1,0,1
1413.450,0,1,0,1
1413.500,0,1,0,1
1413.550,0,1,0,1
1413.600,1,1,1,1
1413.650,1,0,1,1
1413.700,1,0,1,1
1413.750,1,0,1,1
1413.800,1,0,1,0
1413.850,1,0,1,0
1413.900,1,0,1,0
1413.950,1,0,1,0
1414.000,1,0,1,0
1414.050,0,0,0,0
1414.100,0,0,0,0
1414.150,0,1,0,0
1414.200,0,1,0,0
1414.250,0,1,0,1
1414.300,0,1,0,1
1414.350,0,1,0,1
1414.400,0,1,0,1
1414.450,0,1,0,1
1414.500,0,1,0,1
1414.550,1,0,1,1
1414.600,1,0,1,1
1414.650,1,0,1,1
1414.700,1,0,1,0
1414.750,1,0,1,0
1414.800,1,0,1,0
1414.850,1,0,1,0
1414.900,1,0,1,0
1414.950,1,0,1,0
1415.000,0,1,0,0
1415.050,0,1,0,0
1415.100,0,1,0,0
1415.150,0,1,0,1
1415.200,0,1,0,1
1415.250,0,1,0,1
1415.300,0,1,0,1
1415.350,0,1,0,1
1415.400,0,1,0,1
1415.450,1,0,0,1
1415.500,1,0,1,1
1415.550,1,0,1,1
1415.600,1,0,1,0
1415.650,1,0,1,0
1415.700,1,0,1,0
1415.750,1,0,1,0
1415.800,1,0,1,0
1415.850,1,0,1,0
1415.900,0,1,1,0
1415.950,0,1,0,0
1416.000,0,1,0,0
1416.050,0,1,0,1
1416.100,0,1,0,1
1416.150,0,1,0,1
1416.200,0,1,0,1
1416.250,0,1,0,1
1416.300,0,1,0,1
1416.350,0,0,0,1
1416.400,1,0,0,1
1416.450,1,0,1,1
1416.500,1,0,1,0
1416.550,1,0,1,0
1416.600,1,0,1,0
1416.650,1,0,1,0
1416.700,1,0,1,0
1416.750,1,0,1,0
1416.800,1,1,1,0
1416.850,0,1,1,0
1416.900,0,1,0,0
1416.950,0,1,0,1
1417.000,0,1,0,1
1417.050,0,1,0,1
1417.100,0,1,0,1
1417.150,0,1,0,1
1417.200,0,1,0,1
1417.250,0,0,0,1
1417.300,1,0,0,1
1417.350,1,0,1,0
1417.400,1,0,1,0
1417.450,1,0,1,0
1417.500,1,0,1,0
1417.550,1,0,1,0
1417.600,1,0,1,0
1417.650,1,0,1,0
1417.700,1,1,1,0
1417.750,1,1,1,0
1417.800,0,1,0,1
1417.850,0,1,0,1
1417.900,0,1,0,1
1417.950,0,1,0,1
1418.000,0,1,0,1
1418.050,0,1,0,1
1418.100,0,1,0,1
1418.150,0,0,0,1
1418.200,0,0,0,1
1418.250,1,0,0,0
1418.300,1,0,1,0
1418.350,1,0,1,0
1418.400,1,0,1,0
1418.450,1,0,1,0
1418.500,1,0,1,0
1418.550,1,0,1,0
1418.600,1,1,1,0
1418.650,1,1,1,0
1418.700,0,1,1,1
1418.750,0,1,0,1
1418.800,0,1,0,1
1418.850,0,1,0,1
1418.900,0,1,0,1
1418.950,0,1,0,1
1419.000,0,1,0,1
1419.050,0,0,0,1
1419.100,0,0,0,1
1419.150,0,0,0,0
1419.200,1,0,1,0
1419.250,1,0,1,0
1419.300,1,0,1,0
1419.350,1,0,1,0
1419.400,1,0,1,0
1419.450,1,0,1,0
1419.500,1,1,1,0
1419.550,1,1,1,0
1419.600,1,1,1,1
1419.650,0,1,1,1
1419.700,0,1,0,1
1419.750,0,1,0,1
1419.800,0,1,0,1
1419.850,0,1,0,1
1419.900,0,1,0,1
1419.950,0,0,0,1
1420.000,0,0,0,1
1420.050,0,0,0,0
1420.100,1,0,0,0
1420.150,1,0,1,0
1420.200,1,0,1,0
1420.250,1,0,1,0
1420.300,1,0,1,0
1420.350,1,0,1,0
1420.400,1,1,1,0
1420.450,1,1,1,0
1420.500,1,1,1,1
1420.550,0,1,1,1
1420.600,0,1,0,1
1420.650,0,1,0,1
1420.700,0,1,0,1
1420.750,0,1,0,1
1420.800,0,0,0,1
1420.850,0,0,0,1
1420.900,0,0,0,0
1420.950,0,0,0,0
1421.000,0,0,0,0
1421.050,1,0,1,0
1421.100,1,0,1,0
1421.150,1,0,1,0
1421.200,1,0,1,0
1421.250,1,0,1,0
1421.300,1,1,1,0
1421.350,1,1,1,0
1421.400,1,1,1,1
1421.450,1,1,1,1
1421.500,0,1,1,1
1421.550,0,1,0,1
1421.600,0,1,0,1
1421.650,0,1,0,1
1421.700,0,0,0,1
1421.750,0,0,0,1
1421.800,0,0,0,1
1421.850,0,0,0,0
1421.900,0,0,0,0
1421.950,1,0,0,0
1422.000,1,0,1,0
1422.050,1,0,1,0
1422.100,1,0,1,0
1422.150,1,1,1,0
1422.200,1,1,1,0
1422.250,1,1,1,0
1422.300,1,1,1,1
1422.350,1,1,1,1
1422.400,0,1,1,1
1422.450,0,1,0,1
1422.500,0,1,0,1
1422.550,0,1,0,1
1422.600,0,0,0,1
1422.650,0,0,0,1
1422.700,0,0,0,1
1422.750,0,0,0,0
1422.800,0,0,0,0
1422.850,0,0,0,0
1422.900,1,0,0,0
1422.950,1,0,1,0
1423.000,1,0,1,0
1423.050,1,1,1,0
1423.100,1,1,1,0
1423.150,1,1,1,0
1423.200,1,1,1,1
1423.250,1,1,1,1
1423.300,1,1,1,1
1423.350,0,1,1,1
1423.400,0,1,0,1
1423.450,0,1,0,1
1423.500,0,0,0,1
1423.550,0,0,0,1
1423.600,0,0,0,0
1423.650,0,0,0,0
1423.700,0,0,0,0
1423.750,0,0,0,0
1423.800,1,0,0,0
1423.850,1,0,1,0
1423.900,1,0,1,0
1423.950,1,1,1,0
1424.000,1,1,1,0
1424.050,1,1,1,0
1424.100,1,1,1,1
1424.150,1,1,1,1
1424.200,1,1,1,1
1424.250,0,1,1,1
1424.300,0,1,0,1
1424.350,0,0,0,1
1424.400,0,0,0,1
1424.450,0,0,0,1
1424.500,0,0,0,0
1424.550,0,0,0,0
1424.600,0,0,0,0
1424.650,0,0,0,0
1424.700,0,0,0,0
1424.750,1,0,0,0
1424.800,1,1,1,0
1424.850,1,1,1,0
1424.900,1,1,1,0
1424.950,1,1,1,1
1425.000,1,1,1,1
1425.050,1,1,1,1
1425.100,1,1,1,1
1425.150,1,1,1,1
1425.200,0,1,1,1
1425.250,0,0,0,1
1425.300,0,0,0,1
1425.350,0,0,0,1
1425.400,0,0,0,0
1425.450,0,0,0,0
1425.500,0,0,0,0
1425.550,0,0,0,0
1425.600,0,0,0,0
1425.650,1,0,0,0
1425.700,1,1,1,0
1425.750,1,1,1,0
1425.800,1,1,1,0
1425.850,1,1,1,1
1425.900,1,1,1,1
1425.950,1,1,1,1
1426.000,1,1,1,1
1426.050,1,1,1,1
1426.100,0,1,1,1
1426.150,0,0,0,1
1426.200,0,0,0,1
1426.250,0,0,0,1
1426.300,0,0,0,0
1426.350,0,0,0,0
1426.400,0,0,0,0
1426.450,0,0,0,0
1426.500,0,0,0,0
1426.550,0,0,0,0
1426.600,1,1,0,0
1426.650,1,1,1,0
1426.700,1,1,1,0
1426.750,1,1,1,1
1426.800,1,1,1,1
1426.850,1,1,1,1
1426.900,1,1,1,1
1426.950,1,1,1,1
1427.000,1,0,1,1
1427.050,0,0,1,1
1427.100,0,0,0,1
1427.150,0,0,0,0
1427.200,0,0,0,0
1427.250,0,0,0,0
1427.300,0,0,0,0
1427.350,0,0,0,0
1427.400,0,0,0,0
1427.450,0,0,0,0
1427.500,1,1,0,0
1427.550,1,1,1,0
1427.600,1,1,1,1
1427.650,1,1,1,1
1427.700,1,1,1,1
1427.750,1,1,1,1
1427.800,1,1,1,1
1427.850,1,1,1,1
1427.900,1,1,1,1
1427.950,1,0,1,1
1428.000,0,0,0,1
1428.050,0,0,0,0
1428.100,0,0,0,0
1428.150,0,0,0,0
1428.200,0,0,0,0
1428.250,0,0,0,0
1428.300,0,0,0,0
1428.350,0,0,0,0
1428.400,0,1,0,0
1428.450,1,1,0,0
1428.500,1,1,1,1
1428.550,1,1,1,1
1428.600,1,1,1,1
1428.650,1,1,1,1
1428.700,1,1,1,1
1428.750,1,1,1,1
1428.800,1,0,1,1
1428.850,1,0,1,1
1428.900,0,0,1,1
1428.950,0,0,0,0
1429.000,0,0,0,0
1429.050,0,0,0,0
1429.100,0,0,0,0
1429.150,0,0,0,0
1429.200,0,0,0,0
1429.250,0,0,0,0
1429.300,0,1,0,0
1429.350,1,1,0,0
1429.400,1,1,1,1
1429.450,1,1,1,1
1429.500,1,1,1,1
1429.550,1,1,1,1
1429.600,1,1,1,1
1429.650,1,1,1,1
1429.700,1,0,1,1
1429.750,1,0,1,1
1429.800,0,0,1,1
1429.850,0,0,0,0
1429.900,0,0,0,0
1429.950,0,0,0,0
1430.000,0,0,0,0
1430.050,0,0,0,0
1430.100,0,0,0,0
1430.150,0,0,0,0
1430.200,0,1,0,0
1430.250,0,1,0,0
1430.300,1,1,0,1
1430.350,1,1,1,1
1430.400,1,1,1,1
1430.450,1,1,1,1
1430.500,1,1,1,1
1430.550,1,1,1,1
1430.600,1,0,1,1
1430.650,1,0,1,1
1430.700,1,0,1,0
1430.750,0,0,1,0
1430.800,0,0,0,0
1430.850,0,0,0,0
1430.900,0,0,0,0
1430.950,0,0,0,0
1431.000,0,0,0,0
1431.050,0,1,0,0
1431.100,0,1,0,0
1431.150,0,1,0,1
1431.200,1,1,0,1
1431.250,1,1,1,1
1431.300,1,1,1,1
1431.350,1,1,1,1
1431.400,1,1,1,1
1431.450,1,1,1,1
1431.500,1,0,1,1
1431.550,1,0,1,1
1431.600,1,0,1,0
1431.650,0,0,1,0
1431.700,0,0,0,0
1431.750,0,0,0,0
1431.800,0,0,0,0
1431.850,0,0,0,0
1431.900,0,0,0,0
1431.950,0,1,0,0
1432.000,0,1,0,0
1432.050,0,1,0,1
1432.100,0,1,0,1
1432.150,1,1,0,1
1432.200,1,1,1,1
1432.250,1,1,1,1
1432.300,1,1,1,1
1432.350,1,0,1,1
1432.400,1,0,1,1
1432.450,1,0,1,1
1432.500,1,0,1,0
1432.550,1,0,1,0
1432.600,0,0,1,0
1432.650,0,0,0,0
1432.700,0,0,0,0
1432.750,0,0,0,0
1432.800,0,0,0,0
1432.850,0,1,0,0
1432.900,0,1,0,0
1432.950,0,1,0,1
1433.000,0,1,0,1
1433.050,0,1,0,1
1433.100,1,1,1,1
1433.150,1,1,1,1
1433.200,1,1,1,1
1433.250,1,0,1,1
1433.300,1,0,1,1
1433.350,1,0,1,1
1433.400,1,0,1,0
1433.450,1,0,1,0
1433.500,1,0,1,0
1433.550,0,0,0,0
1433.600,0,0,0,0
1433.650,0,0,0,0
1433.700,0,1,0,0
1433.750,0,1,0,0
1433.800,0,1,0,0
1433.850,0,1,0,1
1433.900,0,1,0,1
1433.950,0,1,0,1
1434.000,1,1,0,1
1434.050,1,1,1,1
1434.100,1,1,1,1
1434.150,1,0,1,1
1434.200,1,0,1,1
1434.250,1,0,1,1
1434.300,1,0,1,0
1434.350,1,0,1,0
1434.400,1,0,1,0
1434.450,0,0,1,0
1434.500,0,0,0,0
1434.550,0,0,0,0
1434.600,0,1,0,0
1434.650,0,1,0,0
1434.700,0,1,0,0
1434.750,0,1,0,1
1434.800,0,1,0,1
1434.850,0,1,0,1
1434.900,0,1,0,1
1434.950,1,1,1,1
1435.000,1,0,1,1
1435.050,1,0,1,1
1435.100,1,0,1,1
1435.150,1,0,1,0
1435.200,1,0,1,0
1435.250,1,0,1,0
1435.300,1,0,1,0
1435.350,1,0,1,0
1435.400,0,0,0,0
1435.450,0,1,0,0
1435.500,0,1,0,0
1435.550,0,1,0,0
1435.600,0,1,0,1
1435.650,0,1,0,1
1435.700,0,1,0,1
1435.750,0,1,0,1
1435.800,0,1,0,1
1435.850,1,1,0,1
1435.900,1,0,1,1
1435.950,1,0,1,1
1436.000,1,0,1,1
1436.050,1,0,1,0
1436.100,1,0,1,0
1436.150,1,0,1,0
1436.200,1,0,1,0
1436.250,1,0,1,0
1436.300,1,0,1,0
1436.350,0,1,0,0
1436.400,0,1,0,0
1436.450,0,1,0,0
1436.500,0,1,0,1
1436.550,0,1,0,1
1436.600,0,1,0,1
1436.650,0,1,0,1
1436.700,0,1,0,1
1436.750,0,1,0,1
1436.800,1,0,0,1
1436.850,1,0,1,1
1436.900,1,0,1,1
1436.950,1,0,1,0
1437.000,1,0,1,0
1437.050,1,0,1,0
1437.100,1,0,1,0
1437.150,1,0,1,0
1437.200,1,0,1,0
1437.250,0,1,1,0
1437.300,0,1,0,0
1437.350,0,1,0,0
1437.400,0,1,0,1
1437.450,0,1,0,1
1437.500,0,1,0,1
1437.550,0,1,0,1
1437.600,0,1,0,1
1437.650,0,1,0,1
1437.700,0,0,0,1
1437.750,1,0,1,1
1437.800,1,0,1,0
1437.850,1,0,1,0
1437.900,1,0,1,0
1437.950,1,0,1,0
1438.000,1,0,1,0
1438.050,1,0,1,0
1438.100,1,0,1,0
1438.150,1,1,1,0
1438.200,0,1,0,0
1438.250,0,1,0,1
1438.300,0,1,0,1
1438.350,0,1,0,1
1438.400,0,1,0,1
1438.450,0,1,0,1
1438.500,0,1,0,1
1438.550,0,1,0,1
1438.600,0,0,0,1
1438.650,0,0,0,1
1438.700,1,0,1,0
1438.750,1,0,1,0
1438.800,1,0,1,0
1438.850,1,0,1,0
1438.900,1,0,1,0
1438.950,1,0,1,0
1439.000,1,0,1,0
1439.050,1,1,1,0
1439.100,0,1,1,0
1439.150,0,1,0,1
1439.200,0,1,0,1
1439.250,0,1,0,1
1439.300,0,1,0,1
1439.350,0,1,0,1
1439.400,0,1,0,1
1439.450,0,0,0,1
1439.500,0,0,0,1
1439.550,0,0,0,1
1439.600,1,0,0,0
1439.650,1,0,1,0
1439.700,1,0,1,0
1439.750,1,0,1,0
1439.800,1,0,1,0
1439.850,1,0,1,0
1439.900,1,0,1,0
1439.950,1,1,1,0
1440.000,1,1,1,0
1440.050,0,1,1,1
1440.100,0,1,0,1
1440.150,0,1,0,1
1440.200,0,1,0,1
1440.250,0,1,0,1
1440.300,0,1,0,1
1440.350,0,0,0,1
1440.400,0,0,0,1
1440.450,0,0,0,0
1440.500,0,0,0,0
1440.550,1,0,1,0
1440.600,1,0,1,0
1440.650,1,0,1,0
1440.700,1,0,1,0
1440.750,1,0,1,0
1440.800,1,1,1,0
1440.850,1,1,1,0
1440.900,1,1,1,1
1440.950,1,1,1,1
1441.000,0,1,1,1
1441.050,0,1,0,1
1441.100,0,1,0,1
1441.150,0,1,0,1
1441.200,0,1,0,1
1441.250,0,0,0,1
1441.300,0,0,0,1
1441.350,0,0,0,0
1441.400,0,0,0,0
1441.450,0,0,0,0
1441.500,1,0,1,0
1441.550,1,0,1,0
1441.600,1,0,1,0
1441.650,1,0,1,0
1441.700,1,1,1,0
1441.750,1,1,1,0
1441.800,1,1,1,1
1441.850,1,1,1,1
1441.900,1,1,1,1
1441.950,0,1,0,1
1442.000,0,1,0,1
1442.050,0,1,0,1
1442.100,0,0,0,1
1442.150,0,0,0,1
1442.200,0,0,0,1
1442.250,0,0,0,0
1442.300,0,0,0,0
1442.350,0,0,0,0
1442.400,0,0,0,0
1442.450,1,0,1,0
1442.500,1,0,1,0
1442.550,1,1,1,0
1442.600,1,1,1,0
1442.650,1,1,1,0
1442.700,1,1,1,1
1442.750,1,1,1,1
1442.800,1,1,1,1
1442.850,1,1,1,1
1442.900,0,1,0,1
1442.950,0,1,0,1
1443.000,0,0,0,1
1443.050,0,0,0,1
1443.100,0,0,0,1
1443.150,0,0,0,0
1443.200,0,0,0,0
1443.250,0,0,0,0
1443.300,0,0,0,0
1443.350,0,0,0,0
1443.400,1,0,1,0
1443.450,1,1,1,0
1443.500,1,1,1,0
1443.550,1,1,1,0
1443.600,1,1,1,1
1443.650,1,1,1,1
1443.700,1,1,1,1
1443.750,1,1,1,1
1443.800,1,1,1,1
1443.850,0,0,0,1
1443.900,0,0,0,1
1443.950,0,0,0,1
1444.000,0,0,0,1
1444.050,0,0,0,0
1444.100,0,0,0,0
1444.150,0,0,0,0
1444.200,0,0,0,0
1444.250,0,0,0,0
1444.300,1,0,1,0
1444.350,1,1,1,0
1444.400,1,1,1,0
1444.450,1,1,1,0
1444.500,1,1,1,1
1444.550,1,1,1,1
1444.600,1,1,1,1
1444.650,1,1,1,1
1444.700,1,1,1,1
1444.750,1,0,1,1
1444.800,0,0,0,1
1444.850,0,0,0,1
1444.900,0,0,0,0
1444.950,0,0,0,0
1445.000,0,0,0,0
1445.050,0,0,0,0
1445.100,0,0,0,0
1445.150,0,0,0,0
1445.200,0,1,0,0
1445.250,1,1,0,0
1445.300,1,1,1,0
1445.350,1,1,1,1
1445.400,1,1,1,1
1445.450,1,1,1,1
1445.500,1,1,1,1
1445.550,1,1,1,1
1445.600,1,1,1,1
1445.650,1,0,1,1
1445.700,1,0,1,1
1445.750,0,0,0,1
1445.800,0,0,0,0
1445.850,0,0,0,0
1445.900,0,0,0,0
1445.950,0,0,0,0
1446.000,0,0,0,0
1446.050,0,0,0,0
1446.100,0,1,0,0
1446.150,0,1,0,0
1446.200,1,1,0,0
1446.250,1,1,1,1
1446.300,1,1,1,1
1446.350,1,1,1,1
1446.400,1,1,1,1
1446.450,1,1,1,1
1446.500,1,0,1,1
1446.550,1,0,1,1
1446.600,1,0,1,1
1446.650,1,0,1,0
1446.700,0,0,0,0
1446.750,0,0,0,0
1446.800,0,0,0,0
1446.850,0,0,0,0
1446.900,0,0,0,0
1446.950,0,1,0,0
1447.000,0,1,0,0
1447.050,0,1,0,0
1447.100,0,1,0,1
1447.150,1,1,0,1
1447.200,1,1,1,1
1447.250,1,1,1,1
1447.300,1,1,1,1
1447.350,1,1,1,1
1447.400,1,0,1,1
1447.450,1,0,1,1
1447.500,1,0,1,1
1447.550,1,0,1,0
1447.600,1,0,1,0
1447.650,0,0,0,0
1447.700,0,0,0,0
1447.750,0,0,0,0
1447.800,0,0,0,0
1447.850,0,1,0,0
1447.900,0,1,0,0
1447.950,0,1,0,0
1448.000,0,1,0,1
1448.050,0,1,0,1
1448.100,1,1,1,1
1448.150,1,1,1,1
1448.200,1,1,1,1
1448.250,1,1,1,1
1448.300,1,0,1,1
1448.350,1,0,1,1
1448.400,1,0,1,1
1448.450,1,0,1,0
1448.500,1,0,1,0
1448.550,1,0,1,0
1448.600,0,0,0,0
1448.650,0,0,0,0
1448.700,0,0,0,0
1448.750,0,1,0,0
1448.800,0,1,0,0
1448.850,0,1,0,1
1448.900,0,1,0,1
1448.950,0,1,0,1
1449.000,0,1,0,1
1449.050,0,1,0,1
1449.100,1,1,1,1
1449.150,1,1,1,1
1449.200,1,0,1,1
1449.250,1,0,1,1
1449.300,1,0,1,0
1449.350,1,0,1,0
1449.400,1,0,1,0
1449.450,1,0,1,0
1449.500,1,0,1,0
1449.550,0,0,0,0
1449.600,0,0,0,0
1449.650,0,1,0,0
1449.700,0,1,0,0
1449.750,0,1,0,1
1449.800,0,1,0,1
1449.850,0,1,0,1
1449.900,0,1,0,1
1449.950,0,1,0,1
1450.000,0,1,0,1
1450.050,1,1,1,1
1450.100,1,0,1,1
1450.150,1,0,1,1
1450.200,1,0,1,0
1450.250,1,0,1,0
1450.300,1,0,1,0
1450.350,1,0,1,0
1450.400,1,0,1,0
1450.450,1,0,1,0
1450.500,0,0,0,0
1450.550,0,1,0,0
1450.600,0,1,0,0
1450.650,0,1,0,1
1450.700,0,1,0,1
1450.750,0,1,0,1
1450.800,0,1,0,1
1450.850,0,1,0,1
1450.900,0,1,0,1
1450.950,1,0,0,1
1451.000,1,0,1,1
1451.050,1,0,1,1
1451.100,1,0,1,0
1451.150,1,0,1,0
1451.200,1,0,1,0
1451.250,1,0,1,0
1451.300,1,0,1,0
1451.350,1,0,1,0
1451.400,1,1,1,0
1451.450,0,1,0,0
1451.500,0,1,0,0
1451.550,0,1,0,1
1451.600,0,1,0,1
1451.650,0,1,0,1
1451.700,0,1,0,1
1451.750,0,1,0,1
1451.800,0,1,0,1
1451.850,0,0,0,1
1451.900,0,0,0,1
1451.950,1,0,1,1
1452.000,1,0,1,0
1452.050,1,0,1,0
1452.100,1,0,1,0
1452.150,1,0,1,0
1452.200,1,0,1,0
1452.250,1,0,1,0
1452.300,1,1,1,0
1452.350,1,1,1,0
1452.400,0,1,0,0
1452.450,0,1,0,1
1452.500,0,1,0,1
1452.550,0,1,0,1
1452.600,0,1,0,1
1452.650,0,1,0,1
1452.700,0,0,0,1
1452.750,0,0,0,1
1452.800,0,0,0,1
1452.850,0,0,0,0
1452.900,1,0,1,0
1452.950,1,0,1,0
1453.000,1,0,1,0
1453.050,1,0,1,0
1453.100,1,0,1,0
1453.150,1,1,1,0
1453.200,1,1,1,0
1453.250,1,1,1,0
1453.300,1,1,1,1
1453.350,0,1,0,1
1453.400,0,1,0,1
1453.450,0,1,0,1
1453.500,0,1,0,1
1453.550,0,1,0,1
1453.600,0,0,0,1
1453.650,0,0,0,1
1453.700,0,0,0,1
1453.750,0,0,0,0
1453.800,0,0,0,0
1453.850,1,0,1,0
1453.900,1,0,1,0
1453.950,1,0,1,0
1454.000,1,0,1,0
1454.050,1,1,1,0
1454.100,1,1,1,0
1454.150,1,1,1,0
1454.200,1,1,1,1
1454.250,1,1,1,1
1454.300,1,1,0,1
1454.350,0,1,0,1
1454.400,0,1,0,1
1454.450,0,0,0,1
1454.500,0,0,0,1
1454.550,0,0,0,1
1454.600,0,0,0,1
1454.650,0,0,0,0
1454.700,0,0,0,0
1454.750,0,0,0,0
1454.800,1,0,1,0
1454.850,1,0,1,0
1454.900,1,1,1,0
1454.950,1,1,1,0
1455.000,1,1,1,0
1455.050,1,1,1,1
1455.100,1,1,1,1
1455.150,1,1,1,1
1455.200,1,1,1,1
1455.250,1,1,1,1
1455.300,0,1,0,1
1455.350,0,0,0,1
1455.400,0,0,0,1
1455.450,0,0,0,1
1455.500,0,0,0,0
1455.550,0,0,0,0
1455.600,0,0,0,0
1455.650,0,0,0,0
1455.700,0,0,0,0
1455.750,0,0,1,0
1455.800,1,1,1,0
1455.850,1,1,1,0
1455.900,1,1,1,0
1455.950,1,1,1,1
1456.000,1,1,1,1
1456.050,1,1,1,1
1456.100,1,1,1,1
1456.150,1,1,1,1
1456.200,1,0,1,1
1456.250,0,0,0,1
1456.300,0,0,0,1
1456.350,0,0,0,1
1456.400,0,0,0,0
1456.450,0,0,0,0
1456.500,0,0,0,0
1456.550,0,0,0,0
1456.600,0,0,0,0
1456.650,0,0,0,0
1456.700,0,1,0,0
1456.750,1,1,1,0
1456.800,1,1,1,1
1456.850,1,1,1,1
1456.900,1,1,1,1
1456.950,1,1,1,1
1457.000,1,1,1,1
1457.050,1,1,1,1
1457.100,1,1,1,1
1457.150,1,0,1,1
1457.200,0,0,0,1
1457.250,0,0,0,0
1457.300,0,0,0,0
1457.350,0,0,0,0
1457.400,0,0,0,0
1457.450,0,0,0,0
1457.500,0,0,0,0
1457.550,0,0,0,0
1457.600,0,1,0,0
1457.650,0,1,0,0
1457.700,1,1,1,1
1457.750,1,1,1,1
1457.800,1,1,1,1
1457.850,1,1,1,1
1457.900,1,1,1,1
1457.950,1,1,1,1
1458.000,1,0,1,1
1458.050,1,0,1,1
1458.100,1,0,1,1
1458.150,1,0,0,0
1458.200,0,0,0,0
1458.250,0,0,0,0
1458.300,0,0,0,0
1458.350,0,0,0,0
1458.400,0,0,0,0
1458.450,0,0,0,0
1458.500,0,1,0,0
1458.550,0,1,0,0
1458.600,0,1,0,1
1458.650,1,1,1,1
1458.700,1,1,1,1
1458.750,1,1,1,1
1458.800,1,1,1,1
1458.850,1,1,1,1
1458.900,1,0,1,1
1458.950,1,0,1,1
1459.000,1,0,1,0
1459.050,1,0,1,0
1459.100,1,0,1,0
1459.150,0,0,0,0
1459.200,0,0,0,0
1459.250,0,0,0,0
1459.300,0,0,0,0
1459.350,0,1,0,0
1459.400,0,1,0,0
1459.450,0,1,0,1
1459.500,0,1,0,1
1459.550,0,1,0,1
1459.600,0,1,1,1
1459.650,1,1,1,1
1459.700,1,1,1,1
1459.750,1,1,1,1
1459.800,1,0,1,1
1459.850,1,0,1,1
1459.900,1,0,1,0
1459.950,1,0,1,0
1460.000,1,0,1,0
1460.050,1,0,1,0
1460.100,0,0,0,0
1460.150,0,0,0,0
1460.200,0,0,0,0
1460.250,0,1,0,0
1460.300,0,1,0,0
1460.350,0,1,0,1
1460.400,0,1,0,1
1460.450,0,1,0,1
1460.500,0,1,0,1
1460.550,0,1,0,1
1460.600,1,1,1,1
1460.650,1,0,1,1
1460.700,1,0,1,1
1460.750,1,0,1,1
1460.800,1,0,1,0
1460.850,1,0,1,0
1460.900,1,0,1,0
1460.950,1,0,1,0
1461.000,1,0,1,0
1461.050,0,0,0,0
1461.100,0,1,0,0
1461.150,0,1,0,0
1461.200,0,1,0,0
1461.250,0,1,0,1
1461.300,0,1,0,1
1461.350,0,1,0,1
1461.400,0,1,0,1
1461.450,0,1,0,1
1461.500,0,1,0,1
1461.550,1,0,1,1
1461.600,1,0,1,1
1461.650,1,0,1,1
1461.700,1,0,1,0
1461.750,1,0,1,0
1461.800,1,0,1,0
1461.850,1,0,1,0
1461.900,1,0,1,0
1461.950,1,0,1,0
1462.000,1,1,1,0
1462.050,0,1,0,0
1462.100,0,1,0,0
1462.150,0,1,0,1
1462.200,0,1,0,1
1462.250,0,1,0,1
1462.300,0,1,0,1
1462.350,0,1,0,1
1462.400,0,0,0,1
1462.450,0,0,0,1
1462.500,0,0,1,1
1462.550,1,0,1,0
1462.600,1,0,1,0
1462.650,1,0,1,0
1462.700,1,0,1,0
1462.750,1,0,1,0
1462.800,1,0,1,0
1462.850,1,1,1,0
1462.900,1,1,1,0
1462.950,1,1,1,0
1463.000,0,1,0,1
1463.050,0,1,0,1
1463.100,0,1,0,1
1463.150,0,1,0,1
1463.200,0,1,0,1
1463.250,0,1,0,1
1463.300,0,0,0,1
1463.350,0,0,0,1
1463.400,0,0,0,1
1463.450,0,0,0,0
1463.500,1,0,1,0
1463.550,1,0,1,0
1463.600,1,0,1,0
1463.650,1,0,1,0
1463.700,1,0,1,0
1463.750,1,1,1,0
1463.800,1,1,1,0
1463.850,1,1,1,0
1463.900,1,1,1,1
1463.950,0,1,0,1
1464.000,0,1,0,1
1464.050,0,1,0,1
1464.100,0,1,0,1
1464.150,0,1,0,1
1464.200,0,0,0,1
1464.250,0,0,0,1
1464.300,0,0,0,1
1464.350,0,0,0,0
1464.400,0,0,0,0
1464.450,1,0,1,0
1464.500,1,0,1,0
1464.550,1,0,1,0
1464.600,1,1,1,0
1464.650,1,1,1,0
1464.700,1,1,1,0
1464.750,1,1,1,0
1464.800,1,1,1,1
1464.850,1,1,1,1
1464.900,1,1,0,1
1464.950,0,1,0,1
1465.000,0,1,0,1
1465.050,0,0,0,1
1465.100,0,0,0,1
1465.150,0,0,0,1
1465.200,0,0,0,0
1465.250,0,0,0,0
1465.300,0,0,0,0
1465.350,0,0,0,0
1465.400,1,0,1,0
1465.450,1,0,1,0
1465.500,1,1,1,0
1465.550,1,1,1,0
1465.600,1,1,1,0
1465.650,1,1,1,1
1465.700,1,1,1,1
1465.750,1,1,1,1
1465.800,1,1,1,1
1465.850,1,1,0,1
1465.900,0,1,0,1
1465.950,0,0,0,1
1466.000,0,0,0,1
1466.050,0,0,0,1
1466.100,0,0,0,0
1466.150,0,0,0,0
1466.200,0,0,0,0
1466.250,0,0,0,0
1466.300,0,0,0,0
1466.350,0,0,1,0
1466.400,1,1,1,0
1466.450,1,1,1,0
1466.500,1,1,1,0
1466.550,1,1,1,1
1466.600,1,1,1,1
1466.650,1,1,1,1
1466.700,1,1,1,1
1466.750,1,1,1,1
1466.800,1,1,1,1
1466.850,0,0,0,1
1466.900,0,0,0,1
1466.950,0,0,0,0
1467.000,0,0,0,0
1467.050,0,0,0,0
1467.100,0,0,0,0
1467.150,0,0,0,0
1467.200,0,0,0,0
1467.250,0,0,0,0
1467.300,0,1,0,0
1467.350,1,1,1,0
1467.400,1,1,1,1
1467.450,1,1,1,1
1467.500,1,1,1,1
1467.550,1,1,1,1
1467.600,1,1,1,1
1467.650,1,1,1,1
1467.700,1,0,1,1
1467.750,1,0,1,1
1467.800,0,0,0,1
1467.850,0,0,0,0
1467.900,0,0,0,0
1467.950,0,0,0,0
1468.000,0,0,0,0
1468.050,0,0,0,0
1468.100,0,0,0,0
1468.150,0,0,0,0
1468.200,0,1,0,0
1468.250,0,1,0,0
1468.300,1,1,1,1
1468.350,1,1,1,1
1468.400,1,1,1,1
1468.450,1,1,1,1
1468.500,1,1,1,1
1468.550,1,1,1,1
1468.600,1,0,1,1
1468.650,1,0,1,1
1468.700,1,0,1,0
1468.750,1,0,0,0
1468.800,0,0,0,0
1468.850,0,0,0,0
1468.900,0,0,0,0
1468.950,0,0,0,0
1469.000,0,0,0,0
1469.050,0,1,0,0
1469.100,0,1,0,0
1469.150,0,1,0,1
1469.200,0,1,0,1
1469.250,1,1,1,1
1469.300,1,1,1,1
1469.350,1,1,1,1
1469.400,1,1,1,1
1469.450,1,1,1,1
1469.500,1,0,1,1
1469.550,1,0,1,1
1469.600,1,0,1,0
1469.650,1,0,1,0
1469.700,1,0,1,0
1469.750,0,0,0,0
1469.800,0,0,0,0
1469.850,0,0,0,0
1469.900,0,0,0,0
1469.950,0,1,0,0
1470.000,0,1,0,0
1470.050,0,1,0,1
1470.100,0,1,0,1
1470.150,0,1,0,1
1470.200,0,1,1,1
1470.250,1,1,1,1
1470.300,1,1,1,1
1470.350,1,0,1,1
1470.400,1,0,1,1
1470.450,1,0,1,1
1470.500,1,0,1,0
1470.550,1,0,1,0
1470.600,1,0,1,0
1470.650,0,0,1,0
1470.700,0,0,0,0
1470.750,0,0,0,0
1470.800,0,1,0,0
1470.850,0,1,0,0
1470.900,0,1,0,0
1470.950,0,1,0,1
1471.000,0,1,0,1
1471.050,0,1,0,1
1471.100,0,1,0,1
1471.150,1,1,1,1
1471.200,1,1,1,1
1471.250,1,0,1,1
1471.300,1,0,1,1
1471.350,1,0,1,1
1471.400,1,0,1,0
1471.450,1,0,1,0
1471.500,1,0,1,0
1471.550,1,0,1,0
1471.600,1,0,1,0
1471.650,0,0,0,0
1471.700,0,1,0,0
1471.750,0,1,0,0
1471.800,0,1,0,0
1471.850,0,1,0,1
1471.900,0,1,0,1
1471.950,0,1,0,1
1472.000,0,1,0,1
1472.050,0,1,0,1
1472.100,1,0,0,1
1472.150,1,0,1,1
1472.200,1,0,1,1
1472.250,1,0,1,0
1472.300,1,0,1,0
1472.350,1,0,1,0
1472.400,1,0,1,0
1472.450,1,0,1,0
1472.500,1,0,1,0
1472.550,1,1,1,0
1472.600,0,1,0,0
1472.650,0,1,0,0
1472.700,0,1,0,1
1472.750,0,1,0,1
1472.800,0,1,0,1
1472.850,0,1,0,1
1472.900,0,1,0,1
1472.950,0,1,0,1
1473.000,0,0,0,1
1473.050,1,0,1,1
1473.100,1,0,1,1
1473.150,1,0,1,0
1473.200,1,0,1,0
1473.250,1,0,1,0
1473.300,1,0,1,0
1473.350,1,0,1,0
1473.400,1,0,1,0
1473.450,1,1,1,0
1473.500,1,1,1,0
1473.550,0,1,0,0
1473.600,0,1,0,1
1473.650,0,1,0,1
1473.700,0,1,0,1
1473.750,0,1,0,1
1473.800,0,1,0,1
1473.850,0,0,0,1
1473.900,0,0,0,1
1473.950,0,0,0,1
1474.000,1,0,0,1
1474.050,1,0,1,0
1474.100,1,0,1,0
1474.150,1,0,1,0
1474.200,1,0,1,0
1474.250,1,0,1,0
1474.300,1,1,1,0
1474.350,1,1,1,0
1474.400,1,1,1,0
1474.450,0,1,1,1
1474.500,0,1,0,1
1474.550,0,1,0,1
1474.600,0,1,0,1
1474.650,0,1,0,1
1474.700,0,1,0,1
1474.750,0,0,0,1
1474.800,0,0,0,1
1474.850,0,0,0,1
1474.900,0,0,0,0
1474.950,1,0,1,0
1475.000,1,0,1,0
1475.050,1,0,1,0
1475.100,1,0,1,0
1475.150,1,0,1,0
1475.200,1,1,1,0
1475.250,1,1,1,0
1475.300,1,1,1,0
1475.350,1,1,1,1
1475.400,0,1,1,1
1475.450,0,1,0,1
1475.500,0,1,0,1
1475.550,0,1,0,1
1475.600,0,0,0,1
1475.650,0,0,0,1
1475.700,0,0,0,1
1475.750,0,0,0,1
1475.800,0,0,0,0
1475.850,0,0,0,0
1475.900,1,0,1,0
1475.950,1,0,1,0
1476.000,1,0,1,0
1476.050,1,0,1,0
1476.100,1,1,1,0
1476.150,1,1,1,0
1476.200,1,1,1,1
1476.250,1,1,1,1
1476.300,1,1,1,1
1476.350,0,1,0,1
1476.400,0,1,0,1
1476.450,0,1,0,1
1476.500,0,1,0,1
1476.550,0,0,0,1
1476.600,0,0,0,1
1476.650,0,0,0,0
1476.700,0,0,0,0
1476.750,0,0,0,0
1476.800,0,0,0,0
1476.850,1,0,1,0
1476.900,1,0,1,0
1476.950,1,0,1,0
1477.000,1,1,1,0
1477.050,1,1,1,0
1477.100,1,1,1,1
1477.150,1,1,1,1
1477.200,1,1,1,1
1477.250,1,1,1,1
1477.300,0,1,0,1
1477.350,0,1,0,1
1477.400,0,0,0,1
1477.450,0,0,0,1
1477.500,0,0,0,1
1477.550,0,0,0,0
1477.600,0,0,0,0
1477.650,0,0,0,0
1477.700,0,0,0,0
1477.750,1,0,0,0
1477.800,1,0,1,0
1477.850,1,1,1,0
1477.900,1,1,1,0
1477.950,1,1,1,0
1478.000,1,1,1,1
1478.050,1,1,1,1
1478.100,1,1,1,1
1478.150,1,1,1,1
1478.200,1,1,1,1
1478.250,0,1,0,1
1478.300,0,0,0,1
1478.350,0,0,0,1
1478.400,0,0,0,0
1478.450,0,0,0,0
1478.500,0,0,0,0
1478.550,0,0,0,0
1478.600,0,0,0,0
1478.650,0,0,0,0
1478.700,1,0,0,0
1478.750,1,1,1,0
1478.800,1,1,1,0
1478.850,1,1,1,1
1478.900,1,1,1,1
1478.950,1,1,1,1
1479.000,1,1,1,1
1479.050,1,1,1,1
1479.100,1,1,1,1
1479.150,0,1,1,1
1479.200,0,0,0,1
1479.250,0,0,0,1
1479.300,0,0,0,0
1479.350,0,0,0,0
1479.400,0,0,0,0
1479.450,0,0,0,0
1479.500,0,0,0,0
1479.550,0,0,0,0
1479.600,0,0,0,0
1479.650,1,1,1,0
1479.700,1,1,1,0
1479.750,1,1,1,1
1479.800,1,1,1,1
1479.850,1,1,1,1
1479.900,1,1,1,1
1479.950,1,1,1,1
1480.000,1,1,1,1
1480.050,1,0,1,1
1480.100,0,0,1,1
1480.150,0,0,0,1
1480.200,0,0,0,0
1480.250,0,0,0,0
1480.300,0,0,0,0
1480.350,0,0,0,0
1480.400,0,0,0,0
1480.450,0,0,0,0
1480.500,0,1,0,0
1480.550,0,1,0,0
1480.600,1,1,1,0
1480.650,1,1,1,1
1480.700,1,1,1,1
1480.750,1,1,1,1
1480.800,1,1,1,1
1480.850,1,1,1,1
1480.900,1,1,1,1
1480.950,1,0,1,1
1481.000,0,0,1,1
1481.050,0,0,0,1
1481.100,0,0,0,0
1481.150,0,0,0,0
1481.200,0,0,0,0
1481.250,0,0,0,0
1481.300,0,0,0,0
1481.350,0,0,0,0
1481.400,0,1,0,0
1481.450,0,1,0,0
1481.500,1,1,0,0
1481.550,1,1,1,1
1481.600,1,1,1,1
1481.650,1,1,1,1
1481.700,1,1,1,1
1481.750,1,1,1,1
1481.800,1,0,1,1
1481.850,1,0,1,1
1481.900,1,0,1,1
1481.950,0,0,1,0
1482.000,0,0,0,0
1482.050,0,0,0,0
1482.100,0,0,0,0
1482.150,0,0,0,0
1482.200,0,0,0,0
1482.250,0,1,0,0
1482.300,0,1,0,0
1482.350,0,1,0,0
1482.400,1,1,0,1
1482.450,1,1,1,1
1482.500,1,1,1,1
1482.550,1,1,1,1
1482.600,1,1,1,1
1482.650,1,1,1,1
1482.700,1,0,1,1
1482.750,1,0,1,1
1482.800,1,0,1,1
1482.850,0,0,1,0
1482.900,0,0,0,0
1482.950,0,0,0,0
1483.000,0,0,0,0
1483.050,0,0,0,0
1483.100,0,0,0,0
1483.150,0,1,0,0
1483.200,0,1,0,0
1483.250,0,1,0,0
1483.300,0,1,0,1
1483.350,1,1,0,1
1483.400,1,1,1,1
1483.450,1,1,1,1
1483.500,1,1,1,1
1483.550,1,0,1,1
1483.600,1,0,1,1
1483.650,1,0,1,1
1483.700,1,0,1,1
1483.750,1,0,1,0
1483.800,0,0,1,0
1483.850,0,0,0,0
1483.900,0,0,0,0
1483.950,0,0,0,0
1484.000,0,1,0,0
1484.050,0,1,0,0
1484.100,0,1,0,0
1484.150,0,1,0,1
1484.200,0,1,0,1
1484.250,0,1,0,1
1484.300,1,1,1,1
1484.350,1,1,1,1
1484.400,1,1,1,1
1484.450,1,0,1,1
1484.500,1,0,1,1
1484.550,1,0,1,1
1484.600,1,0,1,0
1484.650,1,0,1,0
1484.700,0,0,1,0
1484.750,0,0,0,0
1484.800,0,0,0,0
1484.850,0,0,0,0
1484.900,0,1,0,0
1484.950,0,1,0,0
1485.000,0,1,0,0
1485.050,0,1,0,1
1485.100,0,1,0,1
1485.150,0,1,0,1
1485.200,1,1,0,1
1485.250,1,1,1,1
1485.300,1,0,1,1
1485.350,1,0,1,1
1485.400,1,0,1,1
1485.450,1,0,1,0
1485.500,1,0,1,0
1485.550,1,0,1,0
1485.600,1,0,1,0
1485.650,0,0,1,0
1485.700,0,0,0,0
1485.750,0,0,0,0
1485.800,0,1,0,0
1485.850,0,1,0,0
1485.900,0,1,0,1
1485.950,0,1,0,1
1486.000,0,1,0,1
1486.050,0,1,0,1
1486.100,1,1,0,1
1486.150,1,1,1,1
1486.200,1,1,1,1
1486.250,1,0,1,1
1486.300,1,0,1,1
1486.350,1,0,1,0
1486.400,1,0,1,0
1486.450,1,0,1,0
1486.500,1,0,1,0
1486.550,0,0,1,0
1486.600,0,0,0,0
1486.650,0,0,0,0
1486.700,0,1,0,0
1486.750,0,1,0,0
1486.800,0,1,0,1
1486.850,0,1,0,1
1486.900,0,1,0,1
1486.950,0,1,0,1
1487.000,0,1,0,1
1487.050,1,1,0,1
1487.100,1,0,1,1
1487.150,1,0,1,1
1487.200,1,0,1,1
1487.250,1,0,1,0
1487.300,1,0,1,0
1487.350,1,0,1,0
1487.400,1,0,1,0
1487.450,1,0,1,0
1487.500,0,0,1,0
1487.550,0,0,0,0
1487.600,0,1,0,0
1487.650,0,1,0,0
1487.700,0,1,0,1
1487.750,0,1,0,1
1487.800,0,1,0,1
1487.850,0,1,0,1
1487.900,0,1,0,1
1487.950,1,1,0,1
1488.000,1,0,1,1
1488.050,1,0,1,1
1488.100,1,0,1,0
1488.150,1,0,1,0
1488.200,1,0,1,0
1488.250,1,0,1,0
1488.300,1,0,1,0
1488.350,1,0,1,0
1488.400,0,0,1,0
1488.450,0,1,0,0
1488.500,0,1,0,0
1488.550,0,1,0,1
1488.600,0,1,0,1
1488.650,0,1,0,1
1488.700,0,1,0,1
1488.750,0,1,0,1
1488.800,0,1,0,1
1488.850,0,1,0,1
1488.900,1,0,0,1
1488.950,1,0,1,1
1489.000,1,0,1,0
1489.050,1,0,1,0
1489.100,1,0,1,0
1489.150,1,0,1,0
1489.200,1,0,1,0
1489.250,1,0,1,0
1489.300,1,0,1,0
1489.350,0,1,0,0
1489.400,0,1,0,0
1489.450,0,1,0,1
1489.500,0,1,0,1
1489.550,0,1,0,1
1489.600,0,1,0,1
1489.650,0,1,0,1
1489.700,0,1,0,1
1489.750,0,1,0,1
1489.800,1,0,0,1
1489.850,1,0,1,1
1489.900,1,0,1,0
1489.950,1,0,1,0
1490.000,1,0,1,0
1490.050,1,0,1,0
1490.100,1,0,1,0
1490.150,1,0,1,0
1490.200,1,0,1,0
1490.250,0,1,1,0
1490.300,0,1,0,0
1490.350,0,1,0,1
1490.400,0,1,0,1
1490.450,0,1,0,1
1490.500,0,1,0,1
1490.550,0,1,0,1
1490.600,0,1,0,1
1490.650,0,0,0,1
1490.700,1,0,0,1
1490.750,1,0,1,1
1490.800,1,0,1,0
1490.850,1,0,1,0
1490.900,1,0,1,0
1490.950,1,0,1,0
1491.000,1,0,1,0
1491.050,1,0,1,0
1491.100,1,1,1,0
1491.150,0,1,1,0
1491.200,0,1,0,0
1491.250,0,1,0,1
1491.300,0,1,0,1
1491.350,0,1,0,1
1491.400,0,1,0,1
1491.450,0,1,0,1
1491.500,0,1,0,1
1491.550,0,0,0,1
1491.600,1,0,0,1
1491.650,1,0,1,1
1491.700,1,0,1,0
1491.750,1,0,1,0
1491.800,1,0,1,0
1491.850,1,0,1,0
1491.900,1,0,1,0
1491.950,1,0,1,0
1492.000,1,1,1,0
1492.050,0,1,1,0
1492.100,0,1,0,0
1492.150,0,1,0,1
1492.200,0,1,0,1
1492.250,0,1,0,1
1492.300,0,1,0,1
1492.350,0,1,0,1
1492.400,0,0,0,1
1492.450,0,0,0,1
1492.500,1,0,0,1
1492.550,1,0,0,1
1492.600,1,0,1,0
1492.650,1,0,1,0
1492.700,1,0,1,0
1492.750,1,0,1,0
1492.800,1,0,1,0
1492.850,1,0,1,0
1492.900,1,1,1,0
1492.950,0,1,1,0
1493.000,0,1,1,0
1493.050,0,1,0,1
1493.100,0,1,0,1
1493.150,0,1,0,1
1493.200,0,1,0,1
1493.250,0,1,0,1
1493.300,0,0,0,1
1493.350,0,0,0,1
1493.400,0,0,0,1
1493.450,1,0,0,0
1493.500,1,0,1,0
1493.550,1,0,1,0
1493.600,1,0,1,0
1493.650,1,0,1,0
1493.700,1,0,1,0
1493.750,1,1,1,0
1493.800,1,1,1,0
1493.850,1,1,1,0
1493.900,0,1,1,1
1493.950,0,1,0,1
1494.000,0,1,0,1
1494.050,0,1,0,1
1494.100,0,1,0,1
1494.150,0,1,0,1
1494.200,0,0,0,1
1494.250,0,0,0,1
1494.300,0,0,0,1
1494.350,1,0,0,0
1494.400,1,0,1,0
1494.450,1,0,1,0
1494.500,1,0,1,0
1494.550,1,0,1,0
1494.600,1,0,1,0
1494.650,1,1,1,0
1494.700,1,1,1,0
1494.750,1,1,1,0
1494.800,0,1,1,1
1494.850,0,1,0,1
1494.900,0,1,0,1
1494.950,0,1,0,1
1495.000,0,1,0,1
1495.050,0,1,0,1
1495.100,0,0,0,1
1495.150,0,0,0,1
1495.200,0,0,0,0
1495.250,0,0,0,0
1495.300,1,0,0,0
1495.350,1,0,1,0
1495.400,1,0,1,0
1495.450,1,0,1,0
1495.500,1,0,1,0
1495.550,1,1,1,0
1495.600,1,1,1,0
1495.650,1,1,1,0
1495.700,1,1,1,1
1495.750,0,1,1,1
1495.800,0,1,0,1
1495.850,0,1,0,1
1495.900,0,1,0,1
1495.950,0,1,0,1
1496.000,0,0,0,1
1496.050,0,0,0,1
1496.100,0,0,0,0
1496.150,0,0,0,0
1496.200,1,0,0,0
1496.250,1,0,1,0
1496.300,1,0,1,0
1496.350,1,0,1,0
1496.400,1,0,1,0
1496.450,1,1,1,0
1496.500,1,1,1,0
1496.550,1,1,1,1
1496.600,1,1,1,1
1496.650,0,1,1,1
1496.700,0,1,0,1
1496.750,0,1,0,1
1496.800,0,1,0,1
1496.850,0,1,0,1
1496.900,0,0,0,1
1496.950,0,0,0,1
1497.000,0,0,0,0
1497.050,0,0,0,0
1497.100,1,0,0,0
1497.150,1,0,1,0
1497.200,1,0,1,0
1497.250,1,0,1,0
1497.300,1,0,1,0
1497.350,1,1,1,0
1497.400,1,1,1,0
1497.450,1,1,1,1
1497.500,1,1,1,1
1497.550,0,1,1,1
1497.600,0,1,0,1
1497.650,0,1,0,1
1497.700,0,1,0,1
1497.750,0,1,0,1
1497.800,0,0,0,1
1497.850,0,0,0,1
1497.900,0,0,0,0
1497.950,0,0,0,0
1498.000,0,0,0,0
1498.050,1,0,0,0
1498.100,1,0,1,0
1498.150,1,0,1,0
1498.200,1,0,1,0
1498.250,1,0,1,0
1498.300,1,1,1,0
1498.350,1,1,1,1
1498.400,1,1,1,1
1498.450,1,1,1,1
1498.500,0,1,1,1
1498.550,0,1,0,1
1498.600,0,1,0,1
1498.650,0,1,0,1
1498.700,0,0,0,1
1498.750,0,0,0,1
1498.800,0,0,0,0
1498.850,0,0,0,0
1498.900,0,0,0,0
1498.950,1,0,0,0
1499.000,1,0,1,0
1499.050,1,0,1,0
1499.100,1,0,1,0
1499.150,1,0,1,0
1499.200,1,1,1,0
1499.250,1,1,1,1
1499.300,1,1,1,1
1499.350,1,1,1,1
1499.400,0,1,1,1
1499.450,0,1,0,1
1499.500,0,1,0,1
1499.550,0,1,0,1
1499.600,0,0,0,1
1499.650,0,0,0,1
1499.700,0,0,0,0
1499.750,0,0,0,0
1499.800,0,0,0,0
1499.850,0,0,0,0
1499.900,1,0,1,0
1499.950,1,0,1,0
