ISO-10303-21;
HEADER;
FILE_DESCRIPTION (( 'STEP AP214' ),
    '1' );
FILE_NAME ('SSW-106-02-T-S-RA.STEP',
    '2025-03-26T13:32:54',
    ( '' ),
    ( '' ),
    'SwSTEP 2.0',
    'SolidWorks 2023',
    '' );
FILE_SCHEMA (( 'AUTOMOTIVE_DESIGN' ));
ENDSEC;

DATA;
#1 =( NAMED_UNIT ( * ) SI_UNIT ( $, .STERADIAN. ) SOLID_ANGLE_UNIT ( ) );
#2 = CARTESIAN_POINT ( 'NONE',  ( 3.662967651581286788, 0.4064000000000000390, 3.733800000000000008 ) ) ;
#3 = ADVANCED_FACE ( 'NONE', ( #2078 ), #2986, .F. ) ;
#4 = CARTESIAN_POINT ( 'NONE',  ( 0.2540000000000000036, 0.5080000000000000071, 5.080000000000000071 ) ) ;
#5 = VERTEX_POINT ( 'NONE', #2177 ) ;
#6 = AXIS2_PLACEMENT_3D ( 'NONE', #4378, #623, #3873 ) ;
#7 = DIRECTION ( 'NONE',  ( -0.4999999999999997780, -0.000000000000000000, 0.8660254037844387076 ) ) ;
#8 = FILL_AREA_STYLE ('',( #2648 ) ) ;
#9 = DIRECTION ( 'NONE',  ( 0.000000000000000000, -1.000000000000000000, -0.000000000000000000 ) ) ;
#10 = DIRECTION ( 'NONE',  ( 0.000000000000000000, 0.000000000000000000, 1.000000000000000000 ) ) ;
#11 = DIRECTION ( 'NONE',  ( 0.000000000000000000, 0.000000000000000000, 1.000000000000000000 ) ) ;
#12 = EDGE_LOOP ( 'NONE', ( #1617, #544, #3576, #5886 ) ) ;
#13 = ORIENTED_EDGE ( 'NONE', *, *, #870, .T. ) ;
#14 = EDGE_CURVE ( 'NONE', #4370, #4633, #1232, .T. ) ;
#15 = APPLICATION_CONTEXT ( 'automotive_design' ) ;
#16 = CARTESIAN_POINT ( 'NONE',  ( 2.286000000000002252, -1.270000000000000018, 5.080000000000000071 ) ) ;
#17 =( LENGTH_UNIT ( ) NAMED_UNIT ( * ) SI_UNIT ( .MILLI., .METRE. ) );
#18 = ORIENTED_EDGE ( 'NONE', *, *, #4504, .T. ) ;
#19 =( LENGTH_UNIT ( ) NAMED_UNIT ( * ) SI_UNIT ( .MILLI., .METRE. ) );
#20 = PLANE ( 'NONE',  #1117 ) ;
#21 =( GEOMETRIC_REPRESENTATION_CONTEXT ( 3 ) GLOBAL_UNCERTAINTY_ASSIGNED_CONTEXT ( ( #4291 ) ) GLOBAL_UNIT_ASSIGNED_CONTEXT ( ( #186, #2097, #2555 ) ) REPRESENTATION_CONTEXT ( 'NONE', 'WORKASPACE' ) );
#22 =( GEOMETRIC_REPRESENTATION_CONTEXT ( 3 ) GLOBAL_UNCERTAINTY_ASSIGNED_CONTEXT ( ( #3684 ) ) GLOBAL_UNIT_ASSIGNED_CONTEXT ( ( #5121, #3286, #3778 ) ) REPRESENTATION_CONTEXT ( 'NONE', 'WORKASPACE' ) );
#23 = VERTEX_POINT ( 'NONE', #4483 ) ;
#24 = PLANE ( 'NONE',  #1767 ) ;
#25 = VERTEX_POINT ( 'NONE', #4909 ) ;
#26 = DIRECTION ( 'NONE',  ( -0.000000000000000000, 1.000000000000000000, 0.000000000000000000 ) ) ;
#27 = PRESENTATION_LAYER_ASSIGNMENT (  '', '', ( #4290 ) ) ;
#28 = EDGE_CURVE ( 'NONE', #1285, #4384, #793, .T. ) ;
#29 = SURFACE_STYLE_USAGE ( .BOTH. , #4184 ) ;
#30 = CARTESIAN_POINT ( 'NONE',  ( 4.203700000000000436, 8.509000000000000341, -0.3936999999999999944 ) ) ;
#31 = ORIENTED_EDGE ( 'NONE', *, *, #5048, .T. ) ;
#32 = AXIS2_PLACEMENT_3D ( 'NONE', #75, #4713, #5271 ) ;
#33 = PRESENTATION_STYLE_ASSIGNMENT (( #482 ) ) ;
#34 =( NAMED_UNIT ( * ) SI_UNIT ( $, .STERADIAN. ) SOLID_ANGLE_UNIT ( ) );
#35 = VECTOR ( 'NONE', #441, 1000.000000000000000 ) ;
#36 = ORIENTED_EDGE ( 'NONE', *, *, #5333, .T. ) ;
#37 = EDGE_CURVE ( 'NONE', #5171, #3085, #1718, .T. ) ;
#38 =( LENGTH_UNIT ( ) NAMED_UNIT ( * ) SI_UNIT ( .MILLI., .METRE. ) );
#39 = PRESENTATION_LAYER_ASSIGNMENT (  '', '', ( #2658 ) ) ;
#40 =( LENGTH_UNIT ( ) NAMED_UNIT ( * ) SI_UNIT ( .MILLI., .METRE. ) );
#41 = CARTESIAN_POINT ( 'NONE',  ( -3.416300000000000114, 0.4063999999999999280, 25.39999999999999858 ) ) ;
#42 = CARTESIAN_POINT ( 'NONE',  ( -6.743700000000000472, 0.5079999999999997851, 0.3937000000000001054 ) ) ;
#43 = CARTESIAN_POINT ( 'NONE',  ( 2.286000000000002252, 0.5080000000000000071, 1.206500000000000128 ) ) ;
#44 = ADVANCED_FACE ( 'NONE', ( #266 ), #2636, .T. ) ;
#45 = ORIENTED_EDGE ( 'NONE', *, *, #2433, .T. ) ;
#46 = CIRCLE ( 'NONE', #4778, 0.8127999999999999670 ) ;
#47 = CARTESIAN_POINT ( 'NONE',  ( -6.743700000000000472, 8.509000000000000341, -0.3936999999999999944 ) ) ;
#48 = PRESENTATION_LAYER_ASSIGNMENT (  '', '', ( #5833 ) ) ;
#49 = CARTESIAN_POINT ( 'NONE',  ( -5.956299999999999706, 0.5079999999999997851, 0.3936999999999999944 ) ) ;
#50 = DIRECTION ( 'NONE',  ( 1.000000000000000000, 0.000000000000000000, 0.000000000000000000 ) ) ;
#51 = STYLED_ITEM ( 'NONE', ( #2463 ), #2538 ) ;
#52 = ORIENTED_EDGE ( 'NONE', *, *, #3370, .T. ) ;
#53 = PRESENTATION_LAYER_ASSIGNMENT (  '', '', ( #1682 ) ) ;
#54 = ORIENTED_EDGE ( 'NONE', *, *, #2558, .T. ) ;
#55 =( GEOMETRIC_REPRESENTATION_CONTEXT ( 3 ) GLOBAL_UNCERTAINTY_ASSIGNED_CONTEXT ( ( #2805 ) ) GLOBAL_UNIT_ASSIGNED_CONTEXT ( ( #5572, #1864, #4185 ) ) REPRESENTATION_CONTEXT ( 'NONE', 'WORKASPACE' ) );
#56 = MECHANICAL_DESIGN_GEOMETRIC_PRESENTATION_REPRESENTATION (  '', ( #1593 ), #2759 ) ;
#57 = CARTESIAN_POINT ( 'NONE',  ( -6.743700000000000472, -8.889999999999998792, 25.39999999999999858 ) ) ;
#58 = VECTOR ( 'NONE', #1549, 1000.000000000000000 ) ;
#59 = VECTOR ( 'NONE', #4183, 1000.000000000000000 ) ;
#60 = UNCERTAINTY_MEASURE_WITH_UNIT (LENGTH_MEASURE( 1.000000000000000082E-05 ), #1729, 'distance_accuracy_value', 'NONE');
#61 = FILL_AREA_STYLE ('',( #4215 ) ) ;
#62 = MECHANICAL_DESIGN_GEOMETRIC_PRESENTATION_REPRESENTATION (  '', ( #2573 ), #3245 ) ;
#63 = ORIENTED_EDGE ( 'NONE', *, *, #3645, .F. ) ;
#64 = STYLED_ITEM ( 'NONE', ( #2210 ), #1916 ) ;
#65 = PRESENTATION_LAYER_ASSIGNMENT (  '', '', ( #4326 ) ) ;
#66 = VECTOR ( 'NONE', #3859, 1000.000000000000000 ) ;
#67 = FILL_AREA_STYLE_COLOUR ( '', #1357 ) ;
#68 = SURFACE_STYLE_USAGE ( .BOTH. , #1080 ) ;
#69 = DIRECTION ( 'NONE',  ( 1.000000000000000000, -0.000000000000000000, -0.000000000000000000 ) ) ;
#70 = CARTESIAN_POINT ( 'NONE',  ( -7.365999999999999659, 0.000000000000000000, -1.206500000000000128 ) ) ;
#71 = SURFACE_STYLE_USAGE ( .BOTH. , #4224 ) ;
#72 = FACE_OUTER_BOUND ( 'NONE', #324, .T. ) ;
#73 = VERTEX_POINT ( 'NONE', #3195 ) ;
#74 = DIRECTION ( 'NONE',  ( 5.335640612625509322E-17, -1.000000000000000000, 0.000000000000000000 ) ) ;
#75 = CARTESIAN_POINT ( 'NONE',  ( 6.870700000000000252, 0.000000000000000000, 3.733800000000000008 ) ) ;
#76 =( LENGTH_UNIT ( ) NAMED_UNIT ( * ) SI_UNIT ( .MILLI., .METRE. ) );
#77 = EDGE_CURVE ( 'NONE', #4954, #1726, #5089, .T. ) ;
#78 = VERTEX_POINT ( 'NONE', #907 ) ;
#79 = VECTOR ( 'NONE', #4957, 1000.000000000000114 ) ;
#80 = CARTESIAN_POINT ( 'NONE',  ( -7.873999999999998778, 8.509000000000000341, -1.206499999999999906 ) ) ;
#81 = EDGE_CURVE ( 'NONE', #1284, #5238, #1324, .T. ) ;
#82 = ADVANCED_FACE ( 'NONE', ( #1259 ), #1378, .F. ) ;
#83 = SURFACE_STYLE_USAGE ( .BOTH. , #4244 ) ;
#84 = ORIENTED_EDGE ( 'NONE', *, *, #2967, .F. ) ;
#85 = VECTOR ( 'NONE', #2802, 1000.000000000000000 ) ;
#86 = COLOUR_RGB ( '',0.6901960784313725394, 0.6901960784313725394, 0.6901960784313725394 ) ;
#87 = VERTEX_POINT ( 'NONE', #945 ) ;
#88 = DIRECTION ( 'NONE',  ( -1.000000000000000000, 0.000000000000000000, 0.000000000000000000 ) ) ;
#89 = ADVANCED_FACE ( 'NONE', ( #2705 ), #5951, .F. ) ;
#90 = ORIENTED_EDGE ( 'NONE', *, *, #176, .F. ) ;
#91 = APPLICATION_CONTEXT ( 'automotive_design' ) ;
#92 = ORIENTED_EDGE ( 'NONE', *, *, #5955, .T. ) ;
#93 = SURFACE_SIDE_STYLE ('',( #458 ) ) ;
#94 = DIRECTION ( 'NONE',  ( -0.000000000000000000, 0.000000000000000000, 1.000000000000000000 ) ) ;
#95 = FILL_AREA_STYLE ('',( #631 ) ) ;
#96 = SURFACE_STYLE_FILL_AREA ( #5156 ) ;
#97 = ORIENTED_EDGE ( 'NONE', *, *, #2373, .F. ) ;
#98 = ORIENTED_EDGE ( 'NONE', *, *, #4050, .T. ) ;
#99 = UNCERTAINTY_MEASURE_WITH_UNIT (LENGTH_MEASURE( 1.000000000000000082E-05 ), #3892, 'distance_accuracy_value', 'NONE');
#100 = ADVANCED_FACE ( 'NONE', ( #5658 ), #5145, .T. ) ;
#101 = CARTESIAN_POINT ( 'NONE',  ( 0.000000000000000000, 2.743199999999999861, -0.6095999999999999197 ) ) ;
#102 = CARTESIAN_POINT ( 'NONE',  ( 3.416300000000000114, 8.509000000000000341, 0.3936999999999999944 ) ) ;
#103 = DIRECTION ( 'NONE',  ( 0.000000000000000000, 0.000000000000000000, -1.000000000000000000 ) ) ;
#104 = ORIENTED_EDGE ( 'NONE', *, *, #1922, .F. ) ;
#105 = DIRECTION ( 'NONE',  ( -0.4999999999999865108, 0.000000000000000000, -0.8660254037844463681 ) ) ;
#106 = DIRECTION ( 'NONE',  ( 0.000000000000000000, 0.000000000000000000, -1.000000000000000000 ) ) ;
#107 = CARTESIAN_POINT ( 'NONE',  ( 7.873999999999998778, 8.509000000000000341, -1.206499999999999906 ) ) ;
#108 = SURFACE_SIDE_STYLE ('',( #1616 ) ) ;
#109 = EDGE_LOOP ( 'NONE', ( #1322, #3234, #5158, #512 ) ) ;
#110 = FACE_OUTER_BOUND ( 'NONE', #3762, .T. ) ;
#111 = PLANE ( 'NONE',  #3299 ) ;
#112 = LINE ( 'NONE', #3403, #5669 ) ;
#113 = UNCERTAINTY_MEASURE_WITH_UNIT (LENGTH_MEASURE( 1.000000000000000082E-05 ), #3653, 'distance_accuracy_value', 'NONE');
#114 = ADVANCED_FACE ( 'NONE', ( #3287 ), #995, .F. ) ;
#115 = EDGE_CURVE ( 'NONE', #2804, #4175, #3159, .T. ) ;
#116 = VECTOR ( 'NONE', #2275, 1000.000000000000000 ) ;
#117 = CARTESIAN_POINT ( 'NONE',  ( 5.333999999999999631, 0.000000000000000000, -1.206500000000000128 ) ) ;
#118 = DIRECTION ( 'NONE',  ( 0.000000000000000000, 0.000000000000000000, 1.000000000000000000 ) ) ;
#119 = CARTESIAN_POINT ( 'NONE',  ( 5.956299999999999706, -8.889999999999998792, 25.39999999999999858 ) ) ;
#120 = VECTOR ( 'NONE', #1772, 1000.000000000000000 ) ;
#121 = ORIENTED_EDGE ( 'NONE', *, *, #1479, .F. ) ;
#122 = VECTOR ( 'NONE', #587, 1000.000000000000000 ) ;
#123 = CARTESIAN_POINT ( 'NONE',  ( -5.333999999999999631, 0.5080000000000000071, 5.080000000000000071 ) ) ;
#124 = CARTESIAN_POINT ( 'NONE',  ( -1.663699999999999735, 0.5079999999999997851, 0.3937000000000001054 ) ) ;
#125 = DIRECTION ( 'NONE',  ( 0.000000000000000000, 0.000000000000000000, 1.000000000000000000 ) ) ;
#126 = EDGE_LOOP ( 'NONE', ( #245, #5476, #4934, #4864 ) ) ;
#127 = EDGE_CURVE ( 'NONE', #166, #1815, #5814, .T. ) ;
#128 = MECHANICAL_DESIGN_GEOMETRIC_PRESENTATION_REPRESENTATION (  '', ( #1868 ), #3625 ) ;
#129 =( NAMED_UNIT ( * ) SI_UNIT ( $, .STERADIAN. ) SOLID_ANGLE_UNIT ( ) );
#130 = CARTESIAN_POINT ( 'NONE',  ( 6.870700000000000252, 0.4064000000000000390, 3.733800000000000008 ) ) ;
#131 = FILL_AREA_STYLE_COLOUR ( '', #236 ) ;
#132 = CARTESIAN_POINT ( 'NONE',  ( -3.416300000000000114, 2.616200000000000081, 0.2032000000000006024 ) ) ;
#133 = ORIENTED_EDGE ( 'NONE', *, *, #213, .T. ) ;
#134 = DIRECTION ( 'NONE',  ( 0.4999999999999970579, 0.000000000000000000, 0.8660254037844402619 ) ) ;
#135 = MECHANICAL_DESIGN_GEOMETRIC_PRESENTATION_REPRESENTATION (  '', ( #5363 ), #4119 ) ;
#136 = ORIENTED_EDGE ( 'NONE', *, *, #127, .T. ) ;
#137 = DIRECTION ( 'NONE',  ( 0.000000000000000000, -1.000000000000000000, -0.000000000000000000 ) ) ;
#138 = CARTESIAN_POINT ( 'NONE',  ( -3.662967651581289008, 0.000000000000000000, 3.733799999999998676 ) ) ;
#139 =( LENGTH_UNIT ( ) NAMED_UNIT ( * ) SI_UNIT ( .MILLI., .METRE. ) );
#140 = COLOUR_RGB ( '',1.000000000000000000, 1.000000000000000000, 0.000000000000000000 ) ;
#141 = VECTOR ( 'NONE', #2306, 1000.000000000000000 ) ;
#142 = COLOUR_RGB ( '',0.6901960784313725394, 0.6901960784313725394, 0.6901960784313725394 ) ;
#143 = EDGE_CURVE ( 'NONE', #4527, #1284, #5599, .T. ) ;
#144 = COLOUR_RGB ( '',0.6901960784313725394, 0.6901960784313725394, 0.6901960784313725394 ) ;
#145 = DIRECTION ( 'NONE',  ( 0.000000000000000000, -1.000000000000000000, -0.000000000000000000 ) ) ;
#146 =( LENGTH_UNIT ( ) NAMED_UNIT ( * ) SI_UNIT ( .MILLI., .METRE. ) );
#147 = ADVANCED_FACE ( 'NONE', ( #2229 ), #841, .F. ) ;
#148 = ADVANCED_FACE ( 'NONE', ( #281 ), #4922, .T. ) ;
#149 = SURFACE_SIDE_STYLE ('',( #5215 ) ) ;
#150 =( NAMED_UNIT ( * ) PLANE_ANGLE_UNIT ( ) SI_UNIT ( $, .RADIAN. ) );
#151 =( GEOMETRIC_REPRESENTATION_CONTEXT ( 3 ) GLOBAL_UNCERTAINTY_ASSIGNED_CONTEXT ( ( #1006 ) ) GLOBAL_UNIT_ASSIGNED_CONTEXT ( ( #1218, #2087, #1085 ) ) REPRESENTATION_CONTEXT ( 'NONE', 'WORKASPACE' ) );
#152 =( GEOMETRIC_REPRESENTATION_CONTEXT ( 3 ) GLOBAL_UNCERTAINTY_ASSIGNED_CONTEXT ( ( #4461 ) ) GLOBAL_UNIT_ASSIGNED_CONTEXT ( ( #2439, #990, #4746 ) ) REPRESENTATION_CONTEXT ( 'NONE', 'WORKASPACE' ) );
#153 = PRESENTATION_LAYER_ASSIGNMENT (  '', '', ( #4508 ) ) ;
#154 = ORIENTED_EDGE ( 'NONE', *, *, #1653, .T. ) ;
#155 = CIRCLE ( 'NONE', #848, 0.8127999999999999670 ) ;
#156 = COLOUR_RGB ( '',0.6901960784313725394, 0.6901960784313725394, 0.6901960784313725394 ) ;
#157 = MECHANICAL_DESIGN_GEOMETRIC_PRESENTATION_REPRESENTATION (  '', ( #4419 ), #2390 ) ;
#158 = DIRECTION ( 'NONE',  ( 0.5000000000000009992, 0.000000000000000000, -0.8660254037844380415 ) ) ;
#159 = CARTESIAN_POINT ( 'NONE',  ( -6.743700000000000472, 0.5079999999999997851, -0.3936999999999999944 ) ) ;
#160 = CARTESIAN_POINT ( 'NONE',  ( 6.870700000000000252, 2.616200000000000081, 0.2032000000000000195 ) ) ;
#161 = VECTOR ( 'NONE', #1701, 1000.000000000000000 ) ;
#162 = EDGE_LOOP ( 'NONE', ( #5863, #856, #1036, #2888 ) ) ;
#163 =( NAMED_UNIT ( * ) PLANE_ANGLE_UNIT ( ) SI_UNIT ( $, .RADIAN. ) );
#164 = SURFACE_STYLE_FILL_AREA ( #674 ) ;
#165 = LINE ( 'NONE', #2058, #3696 ) ;
#166 = VERTEX_POINT ( 'NONE', #1848 ) ;
#167 = DIRECTION ( 'NONE',  ( 1.000000000000000000, -0.000000000000000000, 0.000000000000000000 ) ) ;
#168 = STYLED_ITEM ( 'NONE', ( #4853 ), #100 ) ;
#169 = SURFACE_STYLE_FILL_AREA ( #3401 ) ;
#170 = PRESENTATION_STYLE_ASSIGNMENT (( #193 ) ) ;
#171 = EDGE_CURVE ( 'NONE', #4815, #1960, #5108, .T. ) ;
#172 = UNCERTAINTY_MEASURE_WITH_UNIT (LENGTH_MEASURE( 1.000000000000000082E-05 ), #4575, 'distance_accuracy_value', 'NONE');
#173 = MECHANICAL_DESIGN_GEOMETRIC_PRESENTATION_REPRESENTATION (  '', ( #1236 ), #1917 ) ;
#174 = DIRECTION ( 'NONE',  ( 0.000000000000000000, 1.000000000000000000, 0.000000000000000000 ) ) ;
#175 = LINE ( 'NONE', #228, #4761 ) ;
#176 = EDGE_CURVE ( 'NONE', #2254, #1815, #3657, .T. ) ;
#177 = CARTESIAN_POINT ( 'NONE',  ( -5.956299999999999706, 2.616200000000000081, -0.2032000000000006024 ) ) ;
#178 = EDGE_LOOP ( 'NONE', ( #3958, #1119, #3191, #1717 ) ) ;
#179 = FILL_AREA_STYLE_COLOUR ( '', #3545 ) ;
#180 = LINE ( 'NONE', #1122, #3354 ) ;
#181 = CARTESIAN_POINT ( 'NONE',  ( -5.333999999999999631, 0.5080000000000000071, -0.3937000000000002720 ) ) ;
#182 = ORIENTED_EDGE ( 'NONE', *, *, #3441, .F. ) ;
#183 = EDGE_CURVE ( 'NONE', #2074, #5171, #5491, .T. ) ;
#184 = FILL_AREA_STYLE ('',( #1091 ) ) ;
#185 = CARTESIAN_POINT ( 'NONE',  ( 6.870700000000000252, 0.000000000000000000, 3.733800000000000008 ) ) ;
#186 =( LENGTH_UNIT ( ) NAMED_UNIT ( * ) SI_UNIT ( .MILLI., .METRE. ) );
#187 =( NAMED_UNIT ( * ) SI_UNIT ( $, .STERADIAN. ) SOLID_ANGLE_UNIT ( ) );
#188 = ORIENTED_EDGE ( 'NONE', *, *, #1429, .T. ) ;
#189 = MECHANICAL_DESIGN_GEOMETRIC_PRESENTATION_REPRESENTATION (  '', ( #492 ), #679 ) ;
#190 = CARTESIAN_POINT ( 'NONE',  ( -4.203700000000001324, 0.8128000000000000780, -0.2032000000000000195 ) ) ;
#191 = LINE ( 'NONE', #1989, #3051 ) ;
#192 = CARTESIAN_POINT ( 'NONE',  ( -2.286000000000000032, 0.5079999999999998961, -1.206500000000000128 ) ) ;
#193 = SURFACE_STYLE_USAGE ( .BOTH. , #5294 ) ;
#194 = VECTOR ( 'NONE', #5110, 1000.000000000000000 ) ;
#195 = EDGE_LOOP ( 'NONE', ( #2703, #45, #5302, #1248 ) ) ;
#196 = ORIENTED_EDGE ( 'NONE', *, *, #127, .F. ) ;
#197 = EDGE_CURVE ( 'NONE', #2804, #78, #4582, .T. ) ;
#198 = SURFACE_SIDE_STYLE ('',( #4358 ) ) ;
#199 = CARTESIAN_POINT ( 'NONE',  ( -2.794000000000000039, 0.5080000000000000071, 1.206500000000000128 ) ) ;
#200 = ORIENTED_EDGE ( 'NONE', *, *, #408, .T. ) ;
#201 = COLOUR_RGB ( '',0.6901960784313725394, 0.6901960784313725394, 0.6901960784313725394 ) ;
#202 = VERTEX_POINT ( 'NONE', #3211 ) ;
#203 = VECTOR ( 'NONE', #3196, 1000.000000000000000 ) ;
#204 = CARTESIAN_POINT ( 'NONE',  ( 6.870700000000000252, 0.8128000000000000780, 0.6095999999999999197 ) ) ;
#205 = UNCERTAINTY_MEASURE_WITH_UNIT (LENGTH_MEASURE( 1.000000000000000082E-05 ), #3004, 'distance_accuracy_value', 'NONE');
#206 = STYLED_ITEM ( 'NONE', ( #4236 ), #1087 ) ;
#207 = ORIENTED_EDGE ( 'NONE', *, *, #757, .T. ) ;
#208 = ADVANCED_FACE ( 'NONE', ( #4675 ), #921, .F. ) ;
#209 = DIRECTION ( 'NONE',  ( 1.000000000000000000, 0.000000000000000000, 0.000000000000000000 ) ) ;
#210 = CARTESIAN_POINT ( 'NONE',  ( 5.956299999999999706, 8.509000000000000341, 0.3936999999999999944 ) ) ;
#211 = CARTESIAN_POINT ( 'NONE',  ( 4.203700000000000436, 0.8128000000000000780, -0.2032000000000003248 ) ) ;
#212 = CARTESIAN_POINT ( 'NONE',  ( 6.870700000000000252, 2.616200000000000081, 0.6095999999999999197 ) ) ;
#213 = EDGE_CURVE ( 'NONE', #1726, #4029, #4711, .T. ) ;
#214 = EDGE_CURVE ( 'NONE', #4960, #166, #368, .T. ) ;
#215 = DIRECTION ( 'NONE',  ( -1.000000000000000000, 0.000000000000000000, -0.000000000000000000 ) ) ;
#216 = VERTEX_POINT ( 'NONE', #1423 ) ;
#217 = FILL_AREA_STYLE ('',( #3872 ) ) ;
#218 = DIRECTION ( 'NONE',  ( -1.000000000000000000, -0.000000000000000000, 0.000000000000000000 ) ) ;
#219 = PLANE ( 'NONE',  #3143 ) ;
#220 = UNCERTAINTY_MEASURE_WITH_UNIT (LENGTH_MEASURE( 1.000000000000000082E-05 ), #139, 'distance_accuracy_value', 'NONE');
#221 = SURFACE_SIDE_STYLE ('',( #2534 ) ) ;
#222 = EDGE_LOOP ( 'NONE', ( #5413, #4543, #2338, #2652 ) ) ;
#223 = EDGE_LOOP ( 'NONE', ( #1134, #1062, #5362, #2716, #2506, #4835, #5948, #3134, #3629, #3442, #1548, #1836, #4211, #420, #3036, #2221, #1971, #4321, #5823, #5296, #5103, #3114, #1571, #182, #5167, #5712, #474, #3049 ) ) ;
#224 = AXIS2_PLACEMENT_3D ( 'NONE', #1088, #3487, #4882 ) ;
#225 = LINE ( 'NONE', #3945, #4470 ) ;
#226 = DIRECTION ( 'NONE',  ( 0.000000000000000000, -1.000000000000000000, -0.000000000000000000 ) ) ;
#227 = CARTESIAN_POINT ( 'NONE',  ( 3.416300000000000114, 0.8128000000000000780, -0.2032000000000000195 ) ) ;
#228 = CARTESIAN_POINT ( 'NONE',  ( 6.870700000000000252, 0.8128000000000000780, -0.2032000000000000195 ) ) ;
#229 = PRESENTATION_LAYER_ASSIGNMENT (  '', '', ( #2473 ) ) ;
#230 = DIRECTION ( 'NONE',  ( -0.000000000000000000, -1.000000000000000000, 0.000000000000000000 ) ) ;
#231 = CARTESIAN_POINT ( 'NONE',  ( 3.416300000000000114, 2.743199999999999861, 0.2032000000000000195 ) ) ;
#232 = CARTESIAN_POINT ( 'NONE',  ( -6.202967651581290376, 0.4063999999999845514, 3.733799999999997787 ) ) ;
#233 = MANIFOLD_SOLID_BREP ( 'Imported1', #5182 ) ;
#234 = VERTEX_POINT ( 'NONE', #2713 ) ;
#235 = ORIENTED_EDGE ( 'NONE', *, *, #2951, .F. ) ;
#236 = COLOUR_RGB ( '',0.6901960784313725394, 0.6901960784313725394, 0.6901960784313725394 ) ;
#237 = COLOUR_RGB ( '',1.000000000000000000, 1.000000000000000000, 0.000000000000000000 ) ;
#238 = FACE_BOUND ( 'NONE', #4213, .T. ) ;
#239 = CARTESIAN_POINT ( 'NONE',  ( 0.000000000000000000, 8.509000000000000341, -0.3936999999999999944 ) ) ;
#240 = PRESENTATION_LAYER_ASSIGNMENT (  '', '', ( #3156 ) ) ;
#241 = SURFACE_STYLE_USAGE ( .BOTH. , #3089 ) ;
#242 = AXIS2_PLACEMENT_3D ( 'NONE', #2599, #4349, #2130 ) ;
#243 = VECTOR ( 'NONE', #4671, 1000.000000000000000 ) ;
#244 = VECTOR ( 'NONE', #2083, 1000.000000000000000 ) ;
#245 = ORIENTED_EDGE ( 'NONE', *, *, #3441, .T. ) ;
#246 = VECTOR ( 'NONE', #1317, 1000.000000000000000 ) ;
#247 = FILL_AREA_STYLE ('',( #1158 ) ) ;
#248 = AXIS2_PLACEMENT_3D ( 'NONE', #1063, #5239, #638 ) ;
#249 = FILL_AREA_STYLE_COLOUR ( '', #1517 ) ;
#250 = FILL_AREA_STYLE_COLOUR ( '', #1211 ) ;
#251 = LINE ( 'NONE', #3891, #3126 ) ;
#252 = DIRECTION ( 'NONE',  ( 1.000000000000000000, 0.000000000000000000, -0.000000000000000000 ) ) ;
#253 = EDGE_CURVE ( 'NONE', #5157, #73, #4161, .T. ) ;
#254 = VECTOR ( 'NONE', #427, 1000.000000000000000 ) ;
#255 =( NAMED_UNIT ( * ) PLANE_ANGLE_UNIT ( ) SI_UNIT ( $, .RADIAN. ) );
#256 = ORIENTED_EDGE ( 'NONE', *, *, #2902, .T. ) ;
#257 = CARTESIAN_POINT ( 'NONE',  ( 6.743700000000000472, 8.509000000000000341, -0.3936999999999999944 ) ) ;
#258 = EDGE_CURVE ( 'NONE', #1511, #1157, #5958, .T. ) ;
#259 = CARTESIAN_POINT ( 'NONE',  ( 4.825999999999999623, 0.5080000000000000071, 5.080000000000000071 ) ) ;
#260 = DIRECTION ( 'NONE',  ( 0.000000000000000000, 1.000000000000000000, 0.000000000000000000 ) ) ;
#261 = FILL_AREA_STYLE ('',( #4958 ) ) ;
#262 = ORIENTED_EDGE ( 'NONE', *, *, #1403, .T. ) ;
#263 = ORIENTED_EDGE ( 'NONE', *, *, #5672, .T. ) ;
#264 = EDGE_CURVE ( 'NONE', #3192, #2526, #3151, .T. ) ;
#265 = DIRECTION ( 'NONE',  ( -0.000000000000000000, 1.000000000000000000, 0.000000000000000000 ) ) ;
#266 = FACE_OUTER_BOUND ( 'NONE', #3991, .T. ) ;
#267 = DIRECTION ( 'NONE',  ( 0.5000000000000003331, 0.000000000000000000, -0.8660254037844383745 ) ) ;
#268 =( NAMED_UNIT ( * ) PLANE_ANGLE_UNIT ( ) SI_UNIT ( $, .RADIAN. ) );
#269 = EDGE_LOOP ( 'NONE', ( #2238, #802, #4061, #5937 ) ) ;
#270 = ORIENTED_EDGE ( 'NONE', *, *, #651, .T. ) ;
#271 = UNCERTAINTY_MEASURE_WITH_UNIT (LENGTH_MEASURE( 1.000000000000000082E-05 ), #2064, 'distance_accuracy_value', 'NONE');
#272 = CARTESIAN_POINT ( 'NONE',  ( 3.416300000000000114, 0.8128000000000000780, 0.6095999999999999197 ) ) ;
#273 = LINE ( 'NONE', #1661, #116 ) ;
#274 = SURFACE_SIDE_STYLE ('',( #2091 ) ) ;
#275 = CARTESIAN_POINT ( 'NONE',  ( 6.870700000000000252, 0.4064000000000000390, 0.6095999999999999197 ) ) ;
#276 = ORIENTED_EDGE ( 'NONE', *, *, #4206, .T. ) ;
#277 =( NAMED_UNIT ( * ) SI_UNIT ( $, .STERADIAN. ) SOLID_ANGLE_UNIT ( ) );
#278 = EDGE_CURVE ( 'NONE', #2449, #3338, #5510, .T. ) ;
#279 = CARTESIAN_POINT ( 'NONE',  ( -6.743700000000000472, 8.509000000000000341, -0.3936999999999999944 ) ) ;
#280 = DIRECTION ( 'NONE',  ( 0.000000000000000000, 0.000000000000000000, 1.000000000000000000 ) ) ;
#281 = FACE_OUTER_BOUND ( 'NONE', #1948, .T. ) ;
#282 = CARTESIAN_POINT ( 'NONE',  ( 2.286000000000002252, 0.5080000000000000071, -1.206500000000000128 ) ) ;
#283 = SURFACE_SIDE_STYLE ('',( #713 ) ) ;
#284 = EDGE_LOOP ( 'NONE', ( #1897, #4098, #3201, #4976 ) ) ;
#285 = PRESENTATION_LAYER_ASSIGNMENT (  '', '', ( #2117 ) ) ;
#286 = PRESENTATION_STYLE_ASSIGNMENT (( #4333 ) ) ;
#287 = CARTESIAN_POINT ( 'NONE',  ( 5.333999999999998742, 0.5079999999999998961, 1.206500000000000128 ) ) ;
#288 =( NAMED_UNIT ( * ) PLANE_ANGLE_UNIT ( ) SI_UNIT ( $, .RADIAN. ) );
#289 = ORIENTED_EDGE ( 'NONE', *, *, #3820, .F. ) ;
#290 = EDGE_LOOP ( 'NONE', ( #5290, #2331, #2429, #5049 ) ) ;
#291 = DIRECTION ( 'NONE',  ( 1.000000000000000000, -0.000000000000000000, 0.000000000000000000 ) ) ;
#292 = PRESENTATION_STYLE_ASSIGNMENT (( #5393 ) ) ;
#293 = FILL_AREA_STYLE_COLOUR ( '', #1413 ) ;
#294 = STYLED_ITEM ( 'NONE', ( #1019 ), #4688 ) ;
#295 = CARTESIAN_POINT ( 'NONE',  ( 6.870700000000000252, 2.743199999999999861, 0.6095999999999999197 ) ) ;
#296 = ADVANCED_FACE ( 'NONE', ( #2247 ), #5919, .F. ) ;
#297 = DIRECTION ( 'NONE',  ( 0.000000000000000000, 0.000000000000000000, 1.000000000000000000 ) ) ;
#298 = ADVANCED_FACE ( 'NONE', ( #3879 ), #3407, .F. ) ;
#299 = VERTEX_POINT ( 'NONE', #117 ) ;
#300 = ORIENTED_EDGE ( 'NONE', *, *, #3759, .T. ) ;
#301 = FACE_BOUND ( 'NONE', #290, .T. ) ;
#302 = LINE ( 'NONE', #5489, #624 ) ;
#303 = VECTOR ( 'NONE', #2985, 1000.000000000000000 ) ;
#304 = VERTEX_POINT ( 'NONE', #2922 ) ;
#305 = STYLED_ITEM ( 'NONE', ( #5737 ), #593 ) ;
#306 = CARTESIAN_POINT ( 'NONE',  ( -6.743700000000000472, -8.889999999999998792, 3.306559094877498772 ) ) ;
#307 = FILL_AREA_STYLE ('',( #5846 ) ) ;
#308 = DIRECTION ( 'NONE',  ( 0.5000000000000009992, 0.000000000000000000, -0.8660254037844380415 ) ) ;
#309 = PRESENTATION_STYLE_ASSIGNMENT (( #5344 ) ) ;
#310 = VECTOR ( 'NONE', #3376, 1000.000000000000000 ) ;
#311 = CARTESIAN_POINT ( 'NONE',  ( 5.956299999999999706, -8.889999999999998792, 3.306559094877498772 ) ) ;
#312 = VERTEX_POINT ( 'NONE', #5634 ) ;
#313 =( NAMED_UNIT ( * ) PLANE_ANGLE_UNIT ( ) SI_UNIT ( $, .RADIAN. ) );
#314 = SURFACE_STYLE_FILL_AREA ( #436 ) ;
#315 = FILL_AREA_STYLE ('',( #3009 ) ) ;
#316 = CARTESIAN_POINT ( 'NONE',  ( 6.870700000000000252, 0.000000000000000000, 3.733800000000000008 ) ) ;
#317 = DIRECTION ( 'NONE',  ( -0.8660254037844388186, 0.000000000000000000, 0.4999999999999998335 ) ) ;
#318 = ORIENTED_EDGE ( 'NONE', *, *, #2252, .F. ) ;
#319 = ORIENTED_EDGE ( 'NONE', *, *, #1812, .F. ) ;
#320 = ORIENTED_EDGE ( 'NONE', *, *, #5408, .T. ) ;
#321 = FILL_AREA_STYLE_COLOUR ( '', #5149 ) ;
#322 = LINE ( 'NONE', #3013, #1406 ) ;
#323 = AXIS2_PLACEMENT_3D ( 'NONE', #4365, #2049, #2615 ) ;
#324 = EDGE_LOOP ( 'NONE', ( #4032, #4844, #4692, #1375 ) ) ;
#325 = DIRECTION ( 'NONE',  ( -0.000000000000000000, -0.000000000000000000, -1.000000000000000000 ) ) ;
#326 = LINE ( 'NONE', #2708, #335 ) ;
#327 = EDGE_CURVE ( 'NONE', #4384, #2792, #4779, .T. ) ;
#328 = ORIENTED_EDGE ( 'NONE', *, *, #5210, .F. ) ;
#329 = STYLED_ITEM ( 'NONE', ( #1245 ), #2366 ) ;
#330 = EDGE_LOOP ( 'NONE', ( #2401, #3731, #1321, #4054, #5120, #1690, #154, #262 ) ) ;
#331 = DIRECTION ( 'NONE',  ( 0.000000000000000000, 0.000000000000000000, 1.000000000000000000 ) ) ;
#332 = AXIS2_PLACEMENT_3D ( 'NONE', #5496, #3186, #5047 ) ;
#333 = EDGE_CURVE ( 'NONE', #4187, #2864, #3320, .T. ) ;
#334 = COLOUR_RGB ( '',0.6901960784313725394, 0.6901960784313725394, 0.6901960784313725394 ) ;
#335 = VECTOR ( 'NONE', #5866, 1000.000000000000000 ) ;
#336 =( NAMED_UNIT ( * ) SI_UNIT ( $, .STERADIAN. ) SOLID_ANGLE_UNIT ( ) );
#337 = VECTOR ( 'NONE', #5351, 1000.000000000000000 ) ;
#338 = PRESENTATION_LAYER_ASSIGNMENT (  '', '', ( #2938 ) ) ;
#339 = ORIENTED_EDGE ( 'NONE', *, *, #1763, .T. ) ;
#340 = EDGE_CURVE ( 'NONE', #1255, #3740, #1029, .T. ) ;
#341 =( LENGTH_UNIT ( ) NAMED_UNIT ( * ) SI_UNIT ( .MILLI., .METRE. ) );
#342 = CARTESIAN_POINT ( 'NONE',  ( 0.000000000000000000, 0.000000000000000000, 0.000000000000000000 ) ) ;
#343 = MECHANICAL_DESIGN_GEOMETRIC_PRESENTATION_REPRESENTATION (  '', ( #3833 ), #4984 ) ;
#344 = SURFACE_STYLE_USAGE ( .BOTH. , #1615 ) ;
#345 = VECTOR ( 'NONE', #2926, 1000.000000000000000 ) ;
#346 = DIRECTION ( 'NONE',  ( 1.000000000000000000, 0.000000000000000000, -0.000000000000000000 ) ) ;
#347 = PRESENTATION_LAYER_ASSIGNMENT (  '', '', ( #1990 ) ) ;
#348 = ORIENTED_EDGE ( 'NONE', *, *, #4658, .F. ) ;
#349 = MECHANICAL_DESIGN_GEOMETRIC_PRESENTATION_REPRESENTATION (  '', ( #1118 ), #1602 ) ;
#350 = VECTOR ( 'NONE', #1296, 1000.000000000000000 ) ;
#351 = FACE_OUTER_BOUND ( 'NONE', #3087, .T. ) ;
#352 = VECTOR ( 'NONE', #4967, 1000.000000000000000 ) ;
#353 = DIRECTION ( 'NONE',  ( 0.000000000000000000, 0.000000000000000000, -1.000000000000000000 ) ) ;
#354 = PRESENTATION_LAYER_ASSIGNMENT (  '', '', ( #1795 ) ) ;
#355 =( NAMED_UNIT ( * ) PLANE_ANGLE_UNIT ( ) SI_UNIT ( $, .RADIAN. ) );
#356 = ORIENTED_EDGE ( 'NONE', *, *, #5410, .T. ) ;
#357 = ORIENTED_EDGE ( 'NONE', *, *, #1659, .T. ) ;
#358 = DIRECTION ( 'NONE',  ( 0.000000000000000000, -0.000000000000000000, 1.000000000000000000 ) ) ;
#359 = ADVANCED_FACE ( 'NONE', ( #4731 ), #2339, .T. ) ;
#360 = CARTESIAN_POINT ( 'NONE',  ( 0.8762999999999999678, 2.743199999999999861, 0.2032000000000000195 ) ) ;
#361 = FILL_AREA_STYLE_COLOUR ( '', #3610 ) ;
#362 = CARTESIAN_POINT ( 'NONE',  ( 5.956299999999999706, 0.5079999999999997851, -0.3937000000000001054 ) ) ;
#363 = CARTESIAN_POINT ( 'NONE',  ( 5.956299999999999706, 0.4064000000000000390, 0.6095999999999998087 ) ) ;
#364 = ORIENTED_EDGE ( 'NONE', *, *, #5177, .F. ) ;
#365 = DIRECTION ( 'NONE',  ( 0.000000000000000000, -1.000000000000000000, -0.000000000000000000 ) ) ;
#366 = CARTESIAN_POINT ( 'NONE',  ( -3.416300000000000558, 0.8128000000000000780, -0.2032000000000003248 ) ) ;
#367 = EDGE_CURVE ( 'NONE', #1394, #634, #3793, .T. ) ;
#368 = LINE ( 'NONE', #5064, #3865 ) ;
#369 = FILL_AREA_STYLE_COLOUR ( '', #5472 ) ;
#370 = SURFACE_STYLE_USAGE ( .BOTH. , #3118 ) ;
#371 = CARTESIAN_POINT ( 'NONE',  ( 6.870700000000000252, 0.4064000000000000390, 0.6095999999999999197 ) ) ;
#372 =( LENGTH_UNIT ( ) NAMED_UNIT ( * ) SI_UNIT ( .MILLI., .METRE. ) );
#373 = CARTESIAN_POINT ( 'NONE',  ( -3.416300000000000114, 25.39999999999999858, 3.306559094877499216 ) ) ;
#374 = AXIS2_PLACEMENT_3D ( 'NONE', #5875, #5341, #5019 ) ;
#375 = ORIENTED_EDGE ( 'NONE', *, *, #621, .F. ) ;
#376 = DIRECTION ( 'NONE',  ( -1.000000000000000000, 0.000000000000000000, 0.000000000000000000 ) ) ;
#377 = VECTOR ( 'NONE', #5045, 1000.000000000000000 ) ;
#378 = FILL_AREA_STYLE ('',( #5460 ) ) ;
#379 = UNCERTAINTY_MEASURE_WITH_UNIT (LENGTH_MEASURE( 1.000000000000000082E-05 ), #3964, 'distance_accuracy_value', 'NONE');
#380 = CARTESIAN_POINT ( 'NONE',  ( -5.956299999999999706, 0.4063999999999999280, 0.6095999999999994756 ) ) ;
#381 = EDGE_CURVE ( 'NONE', #1902, #4651, #1143, .T. ) ;
#382 = ORIENTED_EDGE ( 'NONE', *, *, #701, .F. ) ;
#383 = PLANE ( 'NONE',  #4708 ) ;
#384 = LINE ( 'NONE', #316, #2898 ) ;
#385 = FILL_AREA_STYLE_COLOUR ( '', #2837 ) ;
#386 = LINE ( 'NONE', #3221, #1716 ) ;
#387 = SURFACE_STYLE_USAGE ( .BOTH. , #5885 ) ;
#388 = ORIENTED_EDGE ( 'NONE', *, *, #1286, .F. ) ;
#389 = ORIENTED_EDGE ( 'NONE', *, *, #5333, .F. ) ;
#390 =( NAMED_UNIT ( * ) PLANE_ANGLE_UNIT ( ) SI_UNIT ( $, .RADIAN. ) );
#391 = DIRECTION ( 'NONE',  ( 1.000000000000000000, 0.000000000000000000, 0.000000000000000000 ) ) ;
#392 = CARTESIAN_POINT ( 'NONE',  ( -1.663699999999999957, 0.5079999999999997851, -0.3936999999999999944 ) ) ;
#393 = LINE ( 'NONE', #1261, #3735 ) ;
#394 = CARTESIAN_POINT ( 'NONE',  ( -0.8762999999999999678, 8.509000000000000341, 0.3936999999999999944 ) ) ;
#395 = DIRECTION ( 'NONE',  ( 1.000000000000000000, -0.000000000000000000, -0.000000000000000000 ) ) ;
#396 = EDGE_CURVE ( 'NONE', #4360, #4722, #1625, .T. ) ;
#397 = EDGE_LOOP ( 'NONE', ( #4767, #2244, #2127, #2417 ) ) ;
#398 =( GEOMETRIC_REPRESENTATION_CONTEXT ( 3 ) GLOBAL_UNCERTAINTY_ASSIGNED_CONTEXT ( ( #581 ) ) GLOBAL_UNIT_ASSIGNED_CONTEXT ( ( #2732, #4726, #992 ) ) REPRESENTATION_CONTEXT ( 'NONE', 'WORKASPACE' ) );
#399 = CARTESIAN_POINT ( 'NONE',  ( 7.873999999999998778, 0.5079999999999997851, -1.206499999999999906 ) ) ;
#400 = CARTESIAN_POINT ( 'NONE',  ( -2.793999999999999595, 0.000000000000000000, 1.206500000000000128 ) ) ;
#401 = ORIENTED_EDGE ( 'NONE', *, *, #5673, .T. ) ;
#402 = UNCERTAINTY_MEASURE_WITH_UNIT (LENGTH_MEASURE( 1.000000000000000082E-05 ), #5612, 'distance_accuracy_value', 'NONE');
#403 =( NAMED_UNIT ( * ) SI_UNIT ( $, .STERADIAN. ) SOLID_ANGLE_UNIT ( ) );
#404 = EDGE_CURVE ( 'NONE', #4228, #4499, #3081, .T. ) ;
#405 = PRESENTATION_LAYER_ASSIGNMENT (  '', '', ( #5905 ) ) ;
#406 = ORIENTED_EDGE ( 'NONE', *, *, #333, .T. ) ;
#407 = LINE ( 'NONE', #5498, #246 ) ;
#408 = EDGE_CURVE ( 'NONE', #3542, #1422, #225, .T. ) ;
#409 = CARTESIAN_POINT ( 'NONE',  ( 0.2540000000000003366, 0.5079999999999998961, 1.206500000000000128 ) ) ;
#410 = EDGE_CURVE ( 'NONE', #4260, #3456, #1770, .T. ) ;
#411 = COLOUR_RGB ( '',0.6901960784313725394, 0.6901960784313725394, 0.6901960784313725394 ) ;
#412 = ORIENTED_EDGE ( 'NONE', *, *, #3523, .F. ) ;
#413 = CARTESIAN_POINT ( 'NONE',  ( -1.663700000000000401, 0.000000000000000000, 3.306559094877498772 ) ) ;
#414 = EDGE_LOOP ( 'NONE', ( #2318, #3323, #5068, #1278 ) ) ;
#415 =( GEOMETRIC_REPRESENTATION_CONTEXT ( 3 ) GLOBAL_UNCERTAINTY_ASSIGNED_CONTEXT ( ( #205 ) ) GLOBAL_UNIT_ASSIGNED_CONTEXT ( ( #3004, #4855, #4406 ) ) REPRESENTATION_CONTEXT ( 'NONE', 'WORKASPACE' ) );
#416 = CARTESIAN_POINT ( 'NONE',  ( 4.825999999999999623, -1.270000000000000018, 5.080000000000000071 ) ) ;
#417 = VECTOR ( 'NONE', #1730, 1000.000000000000000 ) ;
#418 = SURFACE_STYLE_FILL_AREA ( #4571 ) ;
#419 = CARTESIAN_POINT ( 'NONE',  ( 0.2539999999999998925, 0.5079999999999998961, 5.080000000000000071 ) ) ;
#420 = ORIENTED_EDGE ( 'NONE', *, *, #5695, .F. ) ;
#421 = COLOUR_RGB ( '',1.000000000000000000, 1.000000000000000000, 0.000000000000000000 ) ;
#422 =( LENGTH_UNIT ( ) NAMED_UNIT ( * ) SI_UNIT ( .MILLI., .METRE. ) );
#423 = CARTESIAN_POINT ( 'NONE',  ( -0.8762999999999999678, 0.4064000000000003165, 3.306559094877498772 ) ) ;
#424 = AXIS2_PLACEMENT_3D ( 'NONE', #1039, #1849, #3770 ) ;
#425 = AXIS2_PLACEMENT_3D ( 'NONE', #2699, #2126, #1669 ) ;
#426 = VERTEX_POINT ( 'NONE', #4155 ) ;
#427 = DIRECTION ( 'NONE',  ( 0.000000000000000000, 0.000000000000000000, -1.000000000000000000 ) ) ;
#428 = SURFACE_STYLE_USAGE ( .BOTH. , #1008 ) ;
#429 =( LENGTH_UNIT ( ) NAMED_UNIT ( * ) SI_UNIT ( .MILLI., .METRE. ) );
#430 = SURFACE_STYLE_USAGE ( .BOTH. , #5932 ) ;
#431 =( GEOMETRIC_REPRESENTATION_CONTEXT ( 3 ) GLOBAL_UNCERTAINTY_ASSIGNED_CONTEXT ( ( #4106 ) ) GLOBAL_UNIT_ASSIGNED_CONTEXT ( ( #1482, #150, #1452 ) ) REPRESENTATION_CONTEXT ( 'NONE', 'WORKASPACE' ) );
#432 = FILL_AREA_STYLE ('',( #2374 ) ) ;
#433 = MECHANICAL_DESIGN_GEOMETRIC_PRESENTATION_REPRESENTATION (  '', ( #2276 ), #4222 ) ;
#434 = AXIS2_PLACEMENT_3D ( 'NONE', #30, #1865, #3727 ) ;
#435 = EDGE_LOOP ( 'NONE', ( #3624, #1161, #5217, #4072 ) ) ;
#436 = FILL_AREA_STYLE ('',( #1641 ) ) ;
#437 =( GEOMETRIC_REPRESENTATION_CONTEXT ( 3 ) GLOBAL_UNCERTAINTY_ASSIGNED_CONTEXT ( ( #5731 ) ) GLOBAL_UNIT_ASSIGNED_CONTEXT ( ( #2068, #2104, #1643 ) ) REPRESENTATION_CONTEXT ( 'NONE', 'WORKASPACE' ) );
#438 = PRESENTATION_LAYER_ASSIGNMENT (  '', '', ( #5375 ) ) ;
#439 = AXIS2_PLACEMENT_3D ( 'NONE', #2889, #3805, #106 ) ;
#440 = CARTESIAN_POINT ( 'NONE',  ( -3.416300000000000558, 0.4063999999999999280, 0.6095999999999994756 ) ) ;
#441 = DIRECTION ( 'NONE',  ( 0.000000000000000000, 1.000000000000000000, 0.000000000000000000 ) ) ;
#442 = EDGE_CURVE ( 'NONE', #3592, #5094, #943, .T. ) ;
#443 = SURFACE_STYLE_USAGE ( .BOTH. , #815 ) ;
#444 = CIRCLE ( 'NONE', #3836, 0.4064000000000000390 ) ;
#445 = ORIENTED_EDGE ( 'NONE', *, *, #4083, .F. ) ;
#446 = MECHANICAL_DESIGN_GEOMETRIC_PRESENTATION_REPRESENTATION (  '', ( #1692 ), #5092 ) ;
#447 = ORIENTED_EDGE ( 'NONE', *, *, #2874, .T. ) ;
#448 = VECTOR ( 'NONE', #3218, 1000.000000000000000 ) ;
#449 = STYLED_ITEM ( 'NONE', ( #2304 ), #44 ) ;
#450 = SURFACE_STYLE_FILL_AREA ( #5058 ) ;
#451 = LINE ( 'NONE', #1349, #120 ) ;
#452 =( NAMED_UNIT ( * ) PLANE_ANGLE_UNIT ( ) SI_UNIT ( $, .RADIAN. ) );
#453 =( LENGTH_UNIT ( ) NAMED_UNIT ( * ) SI_UNIT ( .MILLI., .METRE. ) );
#454 =( GEOMETRIC_REPRESENTATION_CONTEXT ( 3 ) GLOBAL_UNCERTAINTY_ASSIGNED_CONTEXT ( ( #3484 ) ) GLOBAL_UNIT_ASSIGNED_CONTEXT ( ( #38, #5132, #1361 ) ) REPRESENTATION_CONTEXT ( 'NONE', 'WORKASPACE' ) );
#455 = ADVANCED_FACE ( 'NONE', ( #2216 ), #1830, .T. ) ;
#456 =( GEOMETRIC_REPRESENTATION_CONTEXT ( 3 ) GLOBAL_UNCERTAINTY_ASSIGNED_CONTEXT ( ( #172 ) ) GLOBAL_UNIT_ASSIGNED_CONTEXT ( ( #4575, #4944, #2223 ) ) REPRESENTATION_CONTEXT ( 'NONE', 'WORKASPACE' ) );
#457 = ORIENTED_EDGE ( 'NONE', *, *, #4752, .F. ) ;
#458 = SURFACE_STYLE_FILL_AREA ( #2395 ) ;
#459 =( NAMED_UNIT ( * ) PLANE_ANGLE_UNIT ( ) SI_UNIT ( $, .RADIAN. ) );
#460 = CARTESIAN_POINT ( 'NONE',  ( 0.8762999999999999678, 0.8128000000000000780, -0.2032000000000000195 ) ) ;
#461 =( NAMED_UNIT ( * ) PLANE_ANGLE_UNIT ( ) SI_UNIT ( $, .RADIAN. ) );
#462 = VERTEX_POINT ( 'NONE', #4278 ) ;
#463 = LINE ( 'NONE', #41, #5657 ) ;
#464 = LINE ( 'NONE', #5550, #1743 ) ;
#465 = LINE ( 'NONE', #1882, #4198 ) ;
#466 = ORIENTED_EDGE ( 'NONE', *, *, #1217, .F. ) ;
#467 = ADVANCED_FACE ( 'NONE', ( #5656, #1988, #5605, #5205, #476, #5627, #1054 ), #111, .T. ) ;
#468 = COLOUR_RGB ( '',0.6901960784313725394, 0.6901960784313725394, 0.6901960784313725394 ) ;
#469 = CARTESIAN_POINT ( 'NONE',  ( -6.870700000000000252, 2.616200000000000081, 0.6095999999999999197 ) ) ;
#470 = DIRECTION ( 'NONE',  ( 0.000000000000000000, 0.000000000000000000, -1.000000000000000000 ) ) ;
#471 =( NAMED_UNIT ( * ) PLANE_ANGLE_UNIT ( ) SI_UNIT ( $, .RADIAN. ) );
#472 = VERTEX_POINT ( 'NONE', #5382 ) ;
#473 = CARTESIAN_POINT ( 'NONE',  ( -0.2539999999999987823, 0.5080000000000000071, -1.206500000000000128 ) ) ;
#474 = ORIENTED_EDGE ( 'NONE', *, *, #2376, .F. ) ;
#475 = CARTESIAN_POINT ( 'NONE',  ( -2.286000000000000032, 0.5080000000000000071, -1.206500000000000128 ) ) ;
#476 = FACE_BOUND ( 'NONE', #1225, .T. ) ;
#477 =( LENGTH_UNIT ( ) NAMED_UNIT ( * ) SI_UNIT ( .MILLI., .METRE. ) );
#478 =( NAMED_UNIT ( * ) PLANE_ANGLE_UNIT ( ) SI_UNIT ( $, .RADIAN. ) );
#479 = SURFACE_STYLE_FILL_AREA ( #3698 ) ;
#480 = ORIENTED_EDGE ( 'NONE', *, *, #3867, .F. ) ;
#481 =( NAMED_UNIT ( * ) SI_UNIT ( $, .STERADIAN. ) SOLID_ANGLE_UNIT ( ) );
#482 = SURFACE_STYLE_USAGE ( .BOTH. , #1750 ) ;
#483 = FACE_OUTER_BOUND ( 'NONE', #5509, .T. ) ;
#484 = ADVANCED_FACE ( 'NONE', ( #622 ), #1098, .T. ) ;
#485 = FILL_AREA_STYLE_COLOUR ( '', #803 ) ;
#486 = EDGE_CURVE ( 'NONE', #25, #1166, #3464, .T. ) ;
#487 = CARTESIAN_POINT ( 'NONE',  ( 4.203700000000000436, 0.000000000000000000, 0.6095999999999994756 ) ) ;
#488 = FILL_AREA_STYLE ('',( #2226 ) ) ;
#489 =( NAMED_UNIT ( * ) SI_UNIT ( $, .STERADIAN. ) SOLID_ANGLE_UNIT ( ) );
#490 = PRESENTATION_STYLE_ASSIGNMENT (( #5129 ) ) ;
#491 = ORIENTED_EDGE ( 'NONE', *, *, #3820, .T. ) ;
#492 = STYLED_ITEM ( 'NONE', ( #170 ), #4776 ) ;
#493 = ORIENTED_EDGE ( 'NONE', *, *, #2166, .F. ) ;
#494 = CARTESIAN_POINT ( 'NONE',  ( 0.000000000000000000, 0.000000000000000000, 0.000000000000000000 ) ) ;
#495 =( NAMED_UNIT ( * ) PLANE_ANGLE_UNIT ( ) SI_UNIT ( $, .RADIAN. ) );
#496 = SURFACE_SIDE_STYLE ('',( #4648 ) ) ;
#497 = CARTESIAN_POINT ( 'NONE',  ( -1.663699999999999957, 8.509000000000000341, 0.000000000000000000 ) ) ;
#498 = DIRECTION ( 'NONE',  ( 3.414809992080330502E-16, -1.000000000000000000, 0.000000000000000000 ) ) ;
#499 = FILL_AREA_STYLE_COLOUR ( '', #845 ) ;
#500 = PRESENTATION_STYLE_ASSIGNMENT (( #5462 ) ) ;
#501 = ORIENTED_EDGE ( 'NONE', *, *, #4597, .F. ) ;
#502 = FILL_AREA_STYLE_COLOUR ( '', #5173 ) ;
#503 = SURFACE_STYLE_USAGE ( .BOTH. , #4653 ) ;
#504 =( NAMED_UNIT ( * ) SI_UNIT ( $, .STERADIAN. ) SOLID_ANGLE_UNIT ( ) );
#505 = COLOUR_RGB ( '',1.000000000000000000, 1.000000000000000000, 0.000000000000000000 ) ;
#506 = ORIENTED_EDGE ( 'NONE', *, *, #4966, .T. ) ;
#507 =( LENGTH_UNIT ( ) NAMED_UNIT ( * ) SI_UNIT ( .MILLI., .METRE. ) );
#508 = VERTEX_POINT ( 'NONE', #718 ) ;
#509 = CARTESIAN_POINT ( 'NONE',  ( 6.743700000000000472, 8.509000000000000341, -0.3936999999999999944 ) ) ;
#510 = SURFACE_SIDE_STYLE ('',( #673 ) ) ;
#511 = CARTESIAN_POINT ( 'NONE',  ( 0.000000000000000000, 8.509000000000000341, -0.3936999999999999944 ) ) ;
#512 = ORIENTED_EDGE ( 'NONE', *, *, #759, .F. ) ;
#513 = VECTOR ( 'NONE', #4058, 1000.000000000000114 ) ;
#514 = ORIENTED_EDGE ( 'NONE', *, *, #1409, .F. ) ;
#515 =( GEOMETRIC_REPRESENTATION_CONTEXT ( 3 ) GLOBAL_UNCERTAINTY_ASSIGNED_CONTEXT ( ( #5843 ) ) GLOBAL_UNIT_ASSIGNED_CONTEXT ( ( #1785, #3207, #4525 ) ) REPRESENTATION_CONTEXT ( 'NONE', 'WORKASPACE' ) );
#516 = CARTESIAN_POINT ( 'NONE',  ( 2.794000000000000039, 0.5080000000000000071, 5.080000000000000071 ) ) ;
#517 = ADVANCED_FACE ( 'NONE', ( #5965 ), #1695, .T. ) ;
#518 = FILL_AREA_STYLE ('',( #573 ) ) ;
#519 = LINE ( 'NONE', #1907, #2189 ) ;
#520 = ORIENTED_EDGE ( 'NONE', *, *, #5184, .T. ) ;
#521 = EDGE_CURVE ( 'NONE', #2743, #1623, #273, .T. ) ;
#522 = ORIENTED_EDGE ( 'NONE', *, *, #2419, .F. ) ;
#523 = UNCERTAINTY_MEASURE_WITH_UNIT (LENGTH_MEASURE( 1.000000000000000082E-05 ), #4910, 'distance_accuracy_value', 'NONE');
#524 = MECHANICAL_DESIGN_GEOMETRIC_PRESENTATION_REPRESENTATION (  '', ( #2658 ), #1007 ) ;
#525 = DIRECTION ( 'NONE',  ( 0.000000000000000000, 1.000000000000000000, -0.000000000000000000 ) ) ;
#526 = SURFACE_STYLE_USAGE ( .BOTH. , #5676 ) ;
#527 = ORIENTED_EDGE ( 'NONE', *, *, #264, .F. ) ;
#528 = COLOUR_RGB ( '',1.000000000000000000, 1.000000000000000000, 0.000000000000000000 ) ;
#529 = MECHANICAL_DESIGN_GEOMETRIC_PRESENTATION_REPRESENTATION (  '', ( #5833 ), #3230 ) ;
#530 = CARTESIAN_POINT ( 'NONE',  ( -4.203700000000000436, 8.509000000000000341, 0.000000000000000000 ) ) ;
#531 = VECTOR ( 'NONE', #5327, 1000.000000000000000 ) ;
#532 = CARTESIAN_POINT ( 'NONE',  ( 6.743700000000000472, 0.000000000000000000, 3.306559094877498772 ) ) ;
#533 =( GEOMETRIC_REPRESENTATION_CONTEXT ( 3 ) GLOBAL_UNCERTAINTY_ASSIGNED_CONTEXT ( ( #4728 ) ) GLOBAL_UNIT_ASSIGNED_CONTEXT ( ( #3238, #4667, #3322 ) ) REPRESENTATION_CONTEXT ( 'NONE', 'WORKASPACE' ) );
#534 = EDGE_LOOP ( 'NONE', ( #3505, #1243, #5042, #603 ) ) ;
#535 = AXIS2_PLACEMENT_3D ( 'NONE', #494, #2342, #5490 ) ;
#536 = PRESENTATION_LAYER_ASSIGNMENT (  '', '', ( #2270 ) ) ;
#537 = ORIENTED_EDGE ( 'NONE', *, *, #3888, .F. ) ;
#538 = MECHANICAL_DESIGN_GEOMETRIC_PRESENTATION_REPRESENTATION (  '', ( #2948 ), #3046 ) ;
#539 = LINE ( 'NONE', #3380, #4753 ) ;
#540 = VECTOR ( 'NONE', #1645, 1000.000000000000000 ) ;
#541 = VECTOR ( 'NONE', #1737, 1000.000000000000000 ) ;
#542 = UNCERTAINTY_MEASURE_WITH_UNIT (LENGTH_MEASURE( 1.000000000000000082E-05 ), #5320, 'distance_accuracy_value', 'NONE');
#543 = MECHANICAL_DESIGN_GEOMETRIC_PRESENTATION_REPRESENTATION (  '', ( #3150 ), #4320 ) ;
#544 = ORIENTED_EDGE ( 'NONE', *, *, #3099, .F. ) ;
#545 = VECTOR ( 'NONE', #3219, 1000.000000000000000 ) ;
#546 = ORIENTED_EDGE ( 'NONE', *, *, #2090, .F. ) ;
#547 = EDGE_CURVE ( 'NONE', #1535, #808, #2191, .T. ) ;
#548 = AXIS2_PLACEMENT_3D ( 'NONE', #4, #948, #1866 ) ;
#549 =( GEOMETRIC_REPRESENTATION_CONTEXT ( 3 ) GLOBAL_UNCERTAINTY_ASSIGNED_CONTEXT ( ( #2147 ) ) GLOBAL_UNIT_ASSIGNED_CONTEXT ( ( #1152, #2882, #2523 ) ) REPRESENTATION_CONTEXT ( 'NONE', 'WORKASPACE' ) );
#550 = SURFACE_STYLE_FILL_AREA ( #5036 ) ;
#551 = CARTESIAN_POINT ( 'NONE',  ( 5.956299999999999706, 2.743199999999999861, 0.2032000000000000195 ) ) ;
#552 = VECTOR ( 'NONE', #2325, 1000.000000000000000 ) ;
#553 = CARTESIAN_POINT ( 'NONE',  ( -6.870700000000000252, 2.743199999999999861, 0.6095999999999999197 ) ) ;
#554 = STYLED_ITEM ( 'NONE', ( #1781 ), #2052 ) ;
#555 = ORIENTED_EDGE ( 'NONE', *, *, #4340, .T. ) ;
#556 = ORIENTED_EDGE ( 'NONE', *, *, #1435, .T. ) ;
#557 = DIRECTION ( 'NONE',  ( -1.000000000000000000, 0.000000000000000000, 0.000000000000000000 ) ) ;
#558 = FACE_OUTER_BOUND ( 'NONE', #5831, .T. ) ;
#559 = DIRECTION ( 'NONE',  ( -1.000000000000000000, -0.000000000000000000, 0.000000000000000000 ) ) ;
#560 = DIRECTION ( 'NONE',  ( 1.000000000000000000, 0.000000000000000000, -0.000000000000000000 ) ) ;
#561 = ORIENTED_EDGE ( 'NONE', *, *, #2951, .T. ) ;
#562 = PRESENTATION_STYLE_ASSIGNMENT (( #1012 ) ) ;
#563 = FILL_AREA_STYLE ('',( #131 ) ) ;
#564 = DIRECTION ( 'NONE',  ( -1.000000000000000000, -5.335640612625509322E-17, -0.000000000000000000 ) ) ;
#565 = ADVANCED_FACE ( 'NONE', ( #1301 ), #3616, .T. ) ;
#566 = ORIENTED_EDGE ( 'NONE', *, *, #666, .F. ) ;
#567 = PRESENTATION_STYLE_ASSIGNMENT (( #5682 ) ) ;
#568 = COLOUR_RGB ( '',0.6901960784313725394, 0.6901960784313725394, 0.6901960784313725394 ) ;
#569 = ORIENTED_EDGE ( 'NONE', *, *, #4564, .T. ) ;
#570 = SURFACE_SIDE_STYLE ('',( #4727 ) ) ;
#571 = DIRECTION ( 'NONE',  ( 0.000000000000000000, -1.000000000000000000, -0.000000000000000000 ) ) ;
#572 = DIRECTION ( 'NONE',  ( -1.000000000000000000, -5.335640612625509322E-17, -0.000000000000000000 ) ) ;
#573 = FILL_AREA_STYLE_COLOUR ( '', #1400 ) ;
#574 = ADVANCED_FACE ( 'NONE', ( #3702 ), #3153, .T. ) ;
#575 = CARTESIAN_POINT ( 'NONE',  ( 0.000000000000000000, 0.000000000000000000, 0.000000000000000000 ) ) ;
#576 = CARTESIAN_POINT ( 'NONE',  ( 3.416300000000000114, 0.5079999999999997851, -0.3937000000000001054 ) ) ;
#577 = ORIENTED_EDGE ( 'NONE', *, *, #5807, .F. ) ;
#578 = AXIS2_PLACEMENT_3D ( 'NONE', #3010, #3501, #4829 ) ;
#579 = ORIENTED_EDGE ( 'NONE', *, *, #5250, .T. ) ;
#580 = COLOUR_RGB ( '',0.6901960784313725394, 0.6901960784313725394, 0.6901960784313725394 ) ;
#581 = UNCERTAINTY_MEASURE_WITH_UNIT (LENGTH_MEASURE( 1.000000000000000082E-05 ), #2732, 'distance_accuracy_value', 'NONE');
#582 = DIRECTION ( 'NONE',  ( 0.000000000000000000, 0.000000000000000000, -1.000000000000000000 ) ) ;
#583 = DIRECTION ( 'NONE',  ( 0.000000000000000000, 1.000000000000000000, -0.000000000000000000 ) ) ;
#584 = DIRECTION ( 'NONE',  ( 0.000000000000000000, 0.000000000000000000, 1.000000000000000000 ) ) ;
#585 = ORIENTED_EDGE ( 'NONE', *, *, #214, .T. ) ;
#586 = DIRECTION ( 'NONE',  ( 0.000000000000000000, 0.000000000000000000, -1.000000000000000000 ) ) ;
#587 = DIRECTION ( 'NONE',  ( 0.000000000000000000, -1.000000000000000000, -0.000000000000000000 ) ) ;
#588 = EDGE_CURVE ( 'NONE', #5670, #4536, #2313, .T. ) ;
#589 = EDGE_LOOP ( 'NONE', ( #1374, #5825, #3741, #3847 ) ) ;
#590 = ORIENTED_EDGE ( 'NONE', *, *, #4809, .F. ) ;
#591 = DIRECTION ( 'NONE',  ( -1.000000000000000000, 0.000000000000000000, -0.000000000000000000 ) ) ;
#592 = ADVANCED_FACE ( 'NONE', ( #3236 ), #5099, .T. ) ;
#593 = ADVANCED_FACE ( 'NONE', ( #2516 ), #4457, .T. ) ;
#594 = CARTESIAN_POINT ( 'NONE',  ( -4.203700000000001324, 0.4064000000000000390, 0.6095999999999999197 ) ) ;
#595 = UNCERTAINTY_MEASURE_WITH_UNIT (LENGTH_MEASURE( 1.000000000000000082E-05 ), #3198, 'distance_accuracy_value', 'NONE');
#596 = VECTOR ( 'NONE', #3670, 1000.000000000000000 ) ;
#597 = FILL_AREA_STYLE_COLOUR ( '', #5478 ) ;
#598 = CARTESIAN_POINT ( 'NONE',  ( -0.8762999999999999678, 0.4064000000000012047, 3.306559094877499216 ) ) ;
#599 = PLANE ( 'NONE',  #2183 ) ;
#600 = COLOUR_RGB ( '',0.6901960784313725394, 0.6901960784313725394, 0.6901960784313725394 ) ;
#601 =( NAMED_UNIT ( * ) PLANE_ANGLE_UNIT ( ) SI_UNIT ( $, .RADIAN. ) );
#602 = ORIENTED_EDGE ( 'NONE', *, *, #4039, .T. ) ;
#603 = ORIENTED_EDGE ( 'NONE', *, *, #2742, .F. ) ;
#604 = MECHANICAL_DESIGN_GEOMETRIC_PRESENTATION_REPRESENTATION (  '', ( #3021 ), #2745 ) ;
#605 = SHAPE_DEFINITION_REPRESENTATION ( #4091, #3086 ) ;
#606 = FILL_AREA_STYLE ('',( #3417 ) ) ;
#607 = DIRECTION ( 'NONE',  ( -0.8660254037844388186, 0.000000000000000000, 0.4999999999999998335 ) ) ;
#608 = DIRECTION ( 'NONE',  ( 0.000000000000000000, 0.000000000000000000, -1.000000000000000000 ) ) ;
#609 = VERTEX_POINT ( 'NONE', #731 ) ;
#610 = PRESENTATION_STYLE_ASSIGNMENT (( #705 ) ) ;
#611 =( NAMED_UNIT ( * ) SI_UNIT ( $, .STERADIAN. ) SOLID_ANGLE_UNIT ( ) );
#612 = EDGE_CURVE ( 'NONE', #3260, #3542, #175, .T. ) ;
#613 = DIRECTION ( 'NONE',  ( 0.000000000000000000, -0.000000000000000000, 1.000000000000000000 ) ) ;
#614 = DIRECTION ( 'NONE',  ( 1.000000000000000000, -0.000000000000000000, -0.000000000000000000 ) ) ;
#615 = CARTESIAN_POINT ( 'NONE',  ( 5.956300000000000594, 0.4063999999999998725, 3.306559094877498772 ) ) ;
#616 = FACE_OUTER_BOUND ( 'NONE', #223, .T. ) ;
#617 =( GEOMETRIC_REPRESENTATION_CONTEXT ( 3 ) GLOBAL_UNCERTAINTY_ASSIGNED_CONTEXT ( ( #2955 ) ) GLOBAL_UNIT_ASSIGNED_CONTEXT ( ( #4738, #4622, #1939 ) ) REPRESENTATION_CONTEXT ( 'NONE', 'WORKASPACE' ) );
#618 = ORIENTED_EDGE ( 'NONE', *, *, #5911, .F. ) ;
#619 = DIRECTION ( 'NONE',  ( 0.000000000000000000, -0.000000000000000000, 1.000000000000000000 ) ) ;
#620 = MECHANICAL_DESIGN_GEOMETRIC_PRESENTATION_REPRESENTATION (  '', ( #5736 ), #4978 ) ;
#621 = EDGE_CURVE ( 'NONE', #1537, #5373, #1566, .T. ) ;
#622 = FACE_OUTER_BOUND ( 'NONE', #1216, .T. ) ;
#623 = DIRECTION ( 'NONE',  ( 0.000000000000000000, 0.000000000000000000, 1.000000000000000000 ) ) ;
#624 = VECTOR ( 'NONE', #4524, 1000.000000000000000 ) ;
#625 = VECTOR ( 'NONE', #4512, 1000.000000000000000 ) ;
#626 = VECTOR ( 'NONE', #2982, 1000.000000000000000 ) ;
#627 =( GEOMETRIC_REPRESENTATION_CONTEXT ( 3 ) GLOBAL_UNCERTAINTY_ASSIGNED_CONTEXT ( ( #2897 ) ) GLOBAL_UNIT_ASSIGNED_CONTEXT ( ( #1268, #4074, #5037 ) ) REPRESENTATION_CONTEXT ( 'NONE', 'WORKASPACE' ) );
#628 = CARTESIAN_POINT ( 'NONE',  ( -2.286000000000000032, 0.000000000000000000, 5.080000000000000071 ) ) ;
#629 = FILL_AREA_STYLE ('',( #1651 ) ) ;
#630 = AXIS2_PLACEMENT_3D ( 'NONE', #275, #3520, #5273 ) ;
#631 = FILL_AREA_STYLE_COLOUR ( '', #732 ) ;
#632 = UNCERTAINTY_MEASURE_WITH_UNIT (LENGTH_MEASURE( 1.000000000000000082E-05 ), #4126, 'distance_accuracy_value', 'NONE');
#633 = ADVANCED_FACE ( 'NONE', ( #5775 ), #2577, .T. ) ;
#634 = VERTEX_POINT ( 'NONE', #2265 ) ;
#635 = STYLED_ITEM ( 'NONE', ( #1227 ), #5560 ) ;
#636 =( GEOMETRIC_REPRESENTATION_CONTEXT ( 3 ) GLOBAL_UNCERTAINTY_ASSIGNED_CONTEXT ( ( #1444 ) ) GLOBAL_UNIT_ASSIGNED_CONTEXT ( ( #1936, #1454, #3825 ) ) REPRESENTATION_CONTEXT ( 'NONE', 'WORKASPACE' ) );
#637 = VERTEX_POINT ( 'NONE', #4601 ) ;
#638 = DIRECTION ( 'NONE',  ( 1.000000000000000000, 0.000000000000000000, -0.000000000000000000 ) ) ;
#639 = VECTOR ( 'NONE', #2989, 1000.000000000000000 ) ;
#640 = DIRECTION ( 'NONE',  ( 0.000000000000000000, 0.000000000000000000, 1.000000000000000000 ) ) ;
#641 = CARTESIAN_POINT ( 'NONE',  ( 6.870700000000000252, 2.616200000000000081, -0.2032000000000000195 ) ) ;
#642 =( NAMED_UNIT ( * ) SI_UNIT ( $, .STERADIAN. ) SOLID_ANGLE_UNIT ( ) );
#643 = LINE ( 'NONE', #160, #4696 ) ;
#644 = VERTEX_POINT ( 'NONE', #5952 ) ;
#645 = COLOUR_RGB ( '',1.000000000000000000, 1.000000000000000000, 0.000000000000000000 ) ;
#646 = DIRECTION ( 'NONE',  ( 0.000000000000000000, 0.000000000000000000, -1.000000000000000000 ) ) ;
#647 = DIRECTION ( 'NONE',  ( 0.000000000000000000, 0.000000000000000000, 1.000000000000000000 ) ) ;
#648 = SURFACE_STYLE_FILL_AREA ( #3965 ) ;
#649 = DIRECTION ( 'NONE',  ( -0.4999999999999918399, 0.000000000000000000, -0.8660254037844433705 ) ) ;
#650 =( LENGTH_UNIT ( ) NAMED_UNIT ( * ) SI_UNIT ( .MILLI., .METRE. ) );
#651 = EDGE_CURVE ( 'NONE', #1343, #4034, #451, .T. ) ;
#652 = ORIENTED_EDGE ( 'NONE', *, *, #3559, .F. ) ;
#653 = CARTESIAN_POINT ( 'NONE',  ( 6.870700000000000252, 0.8128000000000000780, -0.2032000000000000195 ) ) ;
#654 = UNCERTAINTY_MEASURE_WITH_UNIT (LENGTH_MEASURE( 1.000000000000000082E-05 ), #507, 'distance_accuracy_value', 'NONE');
#655 = ORIENTED_EDGE ( 'NONE', *, *, #1065, .F. ) ;
#656 = FILL_AREA_STYLE_COLOUR ( '', #5524 ) ;
#657 =( NAMED_UNIT ( * ) SI_UNIT ( $, .STERADIAN. ) SOLID_ANGLE_UNIT ( ) );
#658 = PRESENTATION_LAYER_ASSIGNMENT (  '', '', ( #3274 ) ) ;
#659 = ORIENTED_EDGE ( 'NONE', *, *, #5080, .T. ) ;
#660 = DIRECTION ( 'NONE',  ( 0.000000000000000000, 0.000000000000000000, 1.000000000000000000 ) ) ;
#661 = LINE ( 'NONE', #4359, #1416 ) ;
#662 = EDGE_CURVE ( 'NONE', #4383, #1935, #3580, .T. ) ;
#663 = ORIENTED_EDGE ( 'NONE', *, *, #5597, .F. ) ;
#664 = CARTESIAN_POINT ( 'NONE',  ( -1.417032348418707510, 0.4064000000000000390, 3.733800000000000008 ) ) ;
#665 = EDGE_CURVE ( 'NONE', #1285, #3072, #5506, .T. ) ;
#666 = EDGE_CURVE ( 'NONE', #2526, #1875, #1260, .T. ) ;
#667 = LINE ( 'NONE', #2498, #4687 ) ;
#668 = DIRECTION ( 'NONE',  ( 0.000000000000000000, -0.000000000000000000, 1.000000000000000000 ) ) ;
#669 = LINE ( 'NONE', #5925, #5187 ) ;
#670 = ORIENTED_EDGE ( 'NONE', *, *, #1531, .T. ) ;
#671 = LINE ( 'NONE', #1180, #58 ) ;
#672 =( NAMED_UNIT ( * ) PLANE_ANGLE_UNIT ( ) SI_UNIT ( $, .RADIAN. ) );
#673 = SURFACE_STYLE_FILL_AREA ( #1923 ) ;
#674 = FILL_AREA_STYLE ('',( #2594 ) ) ;
#675 = SURFACE_STYLE_USAGE ( .BOTH. , #3375 ) ;
#676 = CARTESIAN_POINT ( 'NONE',  ( -0.2539999999999987823, 0.5080000000000000071, 1.206500000000000128 ) ) ;
#677 = LINE ( 'NONE', #1069, #2170 ) ;
#678 = ORIENTED_EDGE ( 'NONE', *, *, #143, .F. ) ;
#679 =( GEOMETRIC_REPRESENTATION_CONTEXT ( 3 ) GLOBAL_UNCERTAINTY_ASSIGNED_CONTEXT ( ( #4231 ) ) GLOBAL_UNIT_ASSIGNED_CONTEXT ( ( #5319, #5729, #2532 ) ) REPRESENTATION_CONTEXT ( 'NONE', 'WORKASPACE' ) );
#680 = LINE ( 'NONE', #758, #3883 ) ;
#681 = LINE ( 'NONE', #4449, #3139 ) ;
#682 = PRESENTATION_LAYER_ASSIGNMENT (  '', '', ( #1072 ) ) ;
#683 = DIRECTION ( 'NONE',  ( 0.000000000000000000, 0.000000000000000000, 1.000000000000000000 ) ) ;
#684 = ORIENTED_EDGE ( 'NONE', *, *, #2451, .F. ) ;
#685 = ORIENTED_EDGE ( 'NONE', *, *, #4448, .F. ) ;
#686 = DIRECTION ( 'NONE',  ( -0.000000000000000000, 0.000000000000000000, 1.000000000000000000 ) ) ;
#687 = EDGE_CURVE ( 'NONE', #2074, #928, #908, .T. ) ;
#688 = VERTEX_POINT ( 'NONE', #2 ) ;
#689 = FILL_AREA_STYLE_COLOUR ( '', #411 ) ;
#690 = CARTESIAN_POINT ( 'NONE',  ( 6.870700000000000252, 0.8128000000000000780, 0.2031999999999999640 ) ) ;
#691 = SURFACE_SIDE_STYLE ('',( #2988 ) ) ;
#692 = CARTESIAN_POINT ( 'NONE',  ( -5.956299999999999706, 0.000000000000000000, 0.6095999999999994756 ) ) ;
#693 = PRESENTATION_LAYER_ASSIGNMENT (  '', '', ( #3107 ) ) ;
#694 = VERTEX_POINT ( 'NONE', #4998 ) ;
#695 = PRESENTATION_STYLE_ASSIGNMENT (( #1572 ) ) ;
#696 = ADVANCED_FACE ( 'NONE', ( #5059 ), #2673, .F. ) ;
#697 = VECTOR ( 'NONE', #1578, 1000.000000000000000 ) ;
#698 = PRODUCT_DEFINITION_CONTEXT ( 'detailed design', #5266, 'design' ) ;
#699 = SURFACE_STYLE_USAGE ( .BOTH. , #4846 ) ;
#700 = SURFACE_SIDE_STYLE ('',( #3589 ) ) ;
#701 = EDGE_CURVE ( 'NONE', #1172, #5797, #2218, .T. ) ;
#702 = EDGE_CURVE ( 'NONE', #2576, #234, #3639, .T. ) ;
#703 = VECTOR ( 'NONE', #5429, 1000.000000000000000 ) ;
#704 = VERTEX_POINT ( 'NONE', #3173 ) ;
#705 = SURFACE_STYLE_USAGE ( .BOTH. , #4888 ) ;
#706 = CARTESIAN_POINT ( 'NONE',  ( -3.416300000000000114, 0.5079999999999997851, -0.3937000000000001054 ) ) ;
#707 = DIRECTION ( 'NONE',  ( 1.000000000000000000, -0.000000000000000000, 0.000000000000000000 ) ) ;
#708 = PLANE ( 'NONE',  #5457 ) ;
#709 = AXIS2_PLACEMENT_3D ( 'NONE', #5544, #3618, #1333 ) ;
#710 = FILL_AREA_STYLE_COLOUR ( '', #5529 ) ;
#711 = PLANE ( 'NONE',  #4296 ) ;
#712 = CARTESIAN_POINT ( 'NONE',  ( 6.870700000000000252, 0.8128000000000000780, 0.6095999999999999197 ) ) ;
#713 = SURFACE_STYLE_FILL_AREA ( #2656 ) ;
#714 = EDGE_CURVE ( 'NONE', #5267, #928, #5031, .T. ) ;
#715 = EDGE_LOOP ( 'NONE', ( #1654, #4332, #1127, #4047 ) ) ;
#716 = COLOUR_RGB ( '',0.6901960784313725394, 0.6901960784313725394, 0.6901960784313725394 ) ;
#717 = CARTESIAN_POINT ( 'NONE',  ( -0.2539999999999986713, 0.5080000000000000071, -0.3937000000000002720 ) ) ;
#718 = CARTESIAN_POINT ( 'NONE',  ( -7.365999999999999659, 0.5079999999999998961, 1.206500000000000128 ) ) ;
#719 = DIRECTION ( 'NONE',  ( -1.000000000000000000, 0.000000000000000000, 0.000000000000000000 ) ) ;
#720 = CARTESIAN_POINT ( 'NONE',  ( -4.825999999999999623, 0.000000000000000000, 1.206500000000000128 ) ) ;
#721 = DIRECTION ( 'NONE',  ( -1.000000000000000000, 0.000000000000000000, -0.000000000000000000 ) ) ;
#722 = CARTESIAN_POINT ( 'NONE',  ( 6.743700000000000472, 25.39999999999999858, 3.306559094877499216 ) ) ;
#723 = DIRECTION ( 'NONE',  ( -1.000000000000000000, -3.414809992080330502E-16, 0.000000000000000000 ) ) ;
#724 = UNCERTAINTY_MEASURE_WITH_UNIT (LENGTH_MEASURE( 1.000000000000000082E-05 ), #76, 'distance_accuracy_value', 'NONE');
#725 = VERTEX_POINT ( 'NONE', #5534 ) ;
#726 = ORIENTED_EDGE ( 'NONE', *, *, #4597, .T. ) ;
#727 =( GEOMETRIC_REPRESENTATION_CONTEXT ( 3 ) GLOBAL_UNCERTAINTY_ASSIGNED_CONTEXT ( ( #3011 ) ) GLOBAL_UNIT_ASSIGNED_CONTEXT ( ( #1123, #743, #3367 ) ) REPRESENTATION_CONTEXT ( 'NONE', 'WORKASPACE' ) );
#728 = LINE ( 'NONE', #2109, #1888 ) ;
#729 = DIRECTION ( 'NONE',  ( 0.000000000000000000, 0.000000000000000000, -1.000000000000000000 ) ) ;
#730 = COLOUR_RGB ( '',1.000000000000000000, 1.000000000000000000, 0.000000000000000000 ) ;
#731 = CARTESIAN_POINT ( 'NONE',  ( 2.793999999999999595, 0.5079999999999998961, 1.206500000000000128 ) ) ;
#732 = COLOUR_RGB ( '',0.6901960784313725394, 0.6901960784313725394, 0.6901960784313725394 ) ;
#733 =( GEOMETRIC_REPRESENTATION_CONTEXT ( 3 ) GLOBAL_UNCERTAINTY_ASSIGNED_CONTEXT ( ( #60 ) ) GLOBAL_UNIT_ASSIGNED_CONTEXT ( ( #1729, #2649, #5894 ) ) REPRESENTATION_CONTEXT ( 'NONE', 'WORKASPACE' ) );
#734 = LINE ( 'NONE', #3479, #1112 ) ;
#735 = VECTOR ( 'NONE', #1827, 1000.000000000000000 ) ;
#736 = VERTEX_POINT ( 'NONE', #3228 ) ;
#737 = EDGE_CURVE ( 'NONE', #87, #4029, #3694, .T. ) ;
#738 = MECHANICAL_DESIGN_GEOMETRIC_PRESENTATION_REPRESENTATION (  '', ( #1399 ), #2280 ) ;
#739 = ORIENTED_EDGE ( 'NONE', *, *, #547, .T. ) ;
#740 = DIRECTION ( 'NONE',  ( -1.000000000000000000, -0.000000000000000000, -0.000000000000000000 ) ) ;
#741 = MECHANICAL_DESIGN_GEOMETRIC_PRESENTATION_REPRESENTATION (  '', ( #2852 ), #4697 ) ;
#742 = FACE_BOUND ( 'NONE', #5887, .T. ) ;
#743 =( NAMED_UNIT ( * ) PLANE_ANGLE_UNIT ( ) SI_UNIT ( $, .RADIAN. ) );
#744 = AXIS2_PLACEMENT_3D ( 'NONE', #516, #1997, #1542 ) ;
#745 = VECTOR ( 'NONE', #1097, 1000.000000000000000 ) ;
#746 = COLOUR_RGB ( '',0.6901960784313725394, 0.6901960784313725394, 0.6901960784313725394 ) ;
#747 = FILL_AREA_STYLE ('',( #4884 ) ) ;
#748 = AXIS2_PLACEMENT_3D ( 'NONE', #1520, #5179, #4192 ) ;
#749 = ORIENTED_EDGE ( 'NONE', *, *, #4071, .T. ) ;
#750 = VECTOR ( 'NONE', #365, 1000.000000000000000 ) ;
#751 = PRESENTATION_STYLE_ASSIGNMENT (( #3123 ) ) ;
#752 = CYLINDRICAL_SURFACE ( 'NONE', #5730, 0.8127999999999999670 ) ;
#753 = CARTESIAN_POINT ( 'NONE',  ( 6.870700000000000252, 2.616200000000000081, -0.6095999999999999197 ) ) ;
#754 = VECTOR ( 'NONE', #5589, 1000.000000000000000 ) ;
#755 = ORIENTED_EDGE ( 'NONE', *, *, #3474, .T. ) ;
#756 = CARTESIAN_POINT ( 'NONE',  ( 0.8762999999999999678, 8.509000000000000341, -0.3936999999999999944 ) ) ;
#757 = EDGE_CURVE ( 'NONE', #4651, #4969, #1380, .T. ) ;
#758 = CARTESIAN_POINT ( 'NONE',  ( 0.000000000000000000, 0.000000000000000000, -1.206499999999999906 ) ) ;
#759 = EDGE_CURVE ( 'NONE', #634, #1164, #4825, .T. ) ;
#760 = LINE ( 'NONE', #1675, #1590 ) ;
#761 = FILL_AREA_STYLE ('',( #3077 ) ) ;
#762 = ORIENTED_EDGE ( 'NONE', *, *, #5654, .T. ) ;
#763 = VERTEX_POINT ( 'NONE', #615 ) ;
#764 = CARTESIAN_POINT ( 'NONE',  ( 6.870700000000000252, 2.616200000000000081, 0.2032000000000000195 ) ) ;
#765 = FILL_AREA_STYLE ('',( #5773 ) ) ;
#766 = ORIENTED_EDGE ( 'NONE', *, *, #278, .F. ) ;
#767 = LINE ( 'NONE', #5033, #4237 ) ;
#768 = ORIENTED_EDGE ( 'NONE', *, *, #4962, .T. ) ;
#769 = ORIENTED_EDGE ( 'NONE', *, *, #5750, .F. ) ;
#770 = DIRECTION ( 'NONE',  ( 0.000000000000000000, 0.000000000000000000, 1.000000000000000000 ) ) ;
#771 = UNCERTAINTY_MEASURE_WITH_UNIT (LENGTH_MEASURE( 1.000000000000000082E-05 ), #5705, 'distance_accuracy_value', 'NONE');
#772 = PLANE ( 'NONE',  #323 ) ;
#773 = EDGE_CURVE ( 'NONE', #2895, #3902, #1855, .T. ) ;
#774 = FILL_AREA_STYLE ('',( #4917 ) ) ;
#775 = DIRECTION ( 'NONE',  ( -1.000000000000000000, 0.000000000000000000, 0.000000000000000000 ) ) ;
#776 = VERTEX_POINT ( 'NONE', #5166 ) ;
#777 = PRESENTATION_STYLE_ASSIGNMENT (( #3068 ) ) ;
#778 = CARTESIAN_POINT ( 'NONE',  ( -7.365999999999999659, 0.5079999999999998961, -1.206500000000000128 ) ) ;
#779 =( LENGTH_UNIT ( ) NAMED_UNIT ( * ) SI_UNIT ( .MILLI., .METRE. ) );
#780 = LINE ( 'NONE', #2556, #5643 ) ;
#781 = LINE ( 'NONE', #4443, #1778 ) ;
#782 = ORIENTED_EDGE ( 'NONE', *, *, #2683, .F. ) ;
#783 = CARTESIAN_POINT ( 'NONE',  ( -2.794000000000000039, -1.270000000000000018, 5.080000000000000071 ) ) ;
#784 = PLANE ( 'NONE',  #4133 ) ;
#785 = SURFACE_STYLE_FILL_AREA ( #315 ) ;
#786 = DIRECTION ( 'NONE',  ( 0.000000000000000000, 0.000000000000000000, 1.000000000000000000 ) ) ;
#787 = EDGE_CURVE ( 'NONE', #1994, #949, #2415, .T. ) ;
#788 = LINE ( 'NONE', #2876, #337 ) ;
#789 = LINE ( 'NONE', #2260, #1136 ) ;
#790 = EDGE_LOOP ( 'NONE', ( #2240, #3605, #3223, #4217 ) ) ;
#791 = EDGE_CURVE ( 'NONE', #2843, #2113, #2912, .T. ) ;
#792 = ORIENTED_EDGE ( 'NONE', *, *, #2128, .T. ) ;
#793 = LINE ( 'NONE', #5864, #5853 ) ;
#794 = DIRECTION ( 'NONE',  ( 0.000000000000000000, 0.000000000000000000, 1.000000000000000000 ) ) ;
#795 = LINE ( 'NONE', #2638, #3428 ) ;
#796 = DIRECTION ( 'NONE',  ( -0.000000000000000000, -0.000000000000000000, 1.000000000000000000 ) ) ;
#797 = ORIENTED_EDGE ( 'NONE', *, *, #5695, .T. ) ;
#798 = ORIENTED_EDGE ( 'NONE', *, *, #3768, .T. ) ;
#799 = SURFACE_STYLE_FILL_AREA ( #2711 ) ;
#800 = SURFACE_STYLE_USAGE ( .BOTH. , #1267 ) ;
#801 = VECTOR ( 'NONE', #358, 1000.000000000000000 ) ;
#802 = ORIENTED_EDGE ( 'NONE', *, *, #5626, .T. ) ;
#803 = COLOUR_RGB ( '',1.000000000000000000, 1.000000000000000000, 0.000000000000000000 ) ;
#804 = SURFACE_STYLE_FILL_AREA ( #4977 ) ;
#805 = FILL_AREA_STYLE ('',( #3094 ) ) ;
#806 = MECHANICAL_DESIGN_GEOMETRIC_PRESENTATION_REPRESENTATION (  '', ( #3402 ), #3117 ) ;
#807 = CARTESIAN_POINT ( 'NONE',  ( 0.000000000000000000, 8.509000000000000341, -0.3936999999999999944 ) ) ;
#808 = VERTEX_POINT ( 'NONE', #107 ) ;
#809 = EDGE_CURVE ( 'NONE', #202, #898, #1978, .T. ) ;
#810 = CARTESIAN_POINT ( 'NONE',  ( -4.203700000000000436, 0.5079999999999997851, 0.3937000000000001054 ) ) ;
#811 = VECTOR ( 'NONE', #3771, 1000.000000000000000 ) ;
#812 = FACE_OUTER_BOUND ( 'NONE', #5899, .T. ) ;
#813 = FILL_AREA_STYLE_COLOUR ( '', #3121 ) ;
#814 = PLANE ( 'NONE',  #2551 ) ;
#815 = SURFACE_SIDE_STYLE ('',( #2748 ) ) ;
#816 = PRESENTATION_LAYER_ASSIGNMENT (  '', '', ( #4970 ) ) ;
#817 = FILL_AREA_STYLE_COLOUR ( '', #5666 ) ;
#818 = VERTEX_POINT ( 'NONE', #5652 ) ;
#819 = ORIENTED_EDGE ( 'NONE', *, *, #4230, .F. ) ;
#820 = PRESENTATION_STYLE_ASSIGNMENT (( #881 ) ) ;
#821 =( LENGTH_UNIT ( ) NAMED_UNIT ( * ) SI_UNIT ( .MILLI., .METRE. ) );
#822 = SURFACE_STYLE_USAGE ( .BOTH. , #883 ) ;
#823 = DIRECTION ( 'NONE',  ( 0.000000000000000000, 1.000000000000000000, -0.000000000000000000 ) ) ;
#824 = ORIENTED_EDGE ( 'NONE', *, *, #442, .T. ) ;
#825 = VERTEX_POINT ( 'NONE', #676 ) ;
#826 = CARTESIAN_POINT ( 'NONE',  ( -3.416300000000000114, 2.616200000000000081, 3.306559094877498772 ) ) ;
#827 = SURFACE_STYLE_FILL_AREA ( #3267 ) ;
#828 = FILL_AREA_STYLE_COLOUR ( '', #4476 ) ;
#829 = AXIS2_PLACEMENT_3D ( 'NONE', #5424, #2736, #1269 ) ;
#830 = EDGE_CURVE ( 'NONE', #3574, #2363, #3845, .T. ) ;
#831 = VECTOR ( 'NONE', #5624, 1000.000000000000000 ) ;
#832 = APPLICATION_CONTEXT ( 'automotive_design' ) ;
#833 = DIRECTION ( 'NONE',  ( 0.000000000000000000, -0.000000000000000000, 1.000000000000000000 ) ) ;
#834 = LINE ( 'NONE', #5040, #5444 ) ;
#835 = PLANE ( 'NONE',  #748 ) ;
#836 = CIRCLE ( 'NONE', #4400, 0.8127999999999999670 ) ;
#837 = ORIENTED_EDGE ( 'NONE', *, *, #3471, .T. ) ;
#838 = VECTOR ( 'NONE', #5776, 1000.000000000000000 ) ;
#839 = MECHANICAL_DESIGN_GEOMETRIC_PRESENTATION_REPRESENTATION (  '', ( #2857 ), #4992 ) ;
#840 = DIRECTION ( 'NONE',  ( 0.000000000000000000, 0.000000000000000000, 1.000000000000000000 ) ) ;
#841 = PLANE ( 'NONE',  #3669 ) ;
#842 = PRESENTATION_LAYER_ASSIGNMENT (  '', '', ( #2852 ) ) ;
#843 = CARTESIAN_POINT ( 'NONE',  ( 2.286000000000002252, 0.5080000000000000071, 1.206500000000000128 ) ) ;
#844 = CARTESIAN_POINT ( 'NONE',  ( 6.743700000000000472, 0.4063999999999999280, 0.6095999999999994756 ) ) ;
#845 = COLOUR_RGB ( '',0.6901960784313725394, 0.6901960784313725394, 0.6901960784313725394 ) ;
#846 = LINE ( 'NONE', #311, #2667 ) ;
#847 = VERTEX_POINT ( 'NONE', #2862 ) ;
#848 = AXIS2_PLACEMENT_3D ( 'NONE', #2540, #3017, #2520 ) ;
#849 = CARTESIAN_POINT ( 'NONE',  ( -3.416300000000000114, 0.000000000000000000, 3.306559094877498772 ) ) ;
#850 = SURFACE_STYLE_USAGE ( .BOTH. , #3601 ) ;
#851 = SURFACE_STYLE_USAGE ( .BOTH. , #1823 ) ;
#852 =( NAMED_UNIT ( * ) PLANE_ANGLE_UNIT ( ) SI_UNIT ( $, .RADIAN. ) );
#853 = MECHANICAL_DESIGN_GEOMETRIC_PRESENTATION_REPRESENTATION (  '', ( #3554 ), #4139 ) ;
#854 = EDGE_CURVE ( 'NONE', #3511, #5804, #1946, .T. ) ;
#855 = ORIENTED_EDGE ( 'NONE', *, *, #3821, .F. ) ;
#856 = ORIENTED_EDGE ( 'NONE', *, *, #3035, .T. ) ;
#857 = DIRECTION ( 'NONE',  ( 0.000000000000000000, -0.000000000000000000, -1.000000000000000000 ) ) ;
#858 = DIRECTION ( 'NONE',  ( 0.4999999999999891753, 0.000000000000000000, -0.8660254037844448138 ) ) ;
#859 = LINE ( 'NONE', #394, #2180 ) ;
#860 = FACE_OUTER_BOUND ( 'NONE', #1271, .T. ) ;
#861 = ORIENTED_EDGE ( 'NONE', *, *, #5029, .F. ) ;
#862 = FACE_OUTER_BOUND ( 'NONE', #5696, .T. ) ;
#863 = STYLED_ITEM ( 'NONE', ( #4152 ), #4849 ) ;
#864 = ADVANCED_FACE ( 'NONE', ( #4721 ), #5249, .F. ) ;
#865 = DIRECTION ( 'NONE',  ( 0.000000000000000000, 1.000000000000000000, -0.000000000000000000 ) ) ;
#866 = UNCERTAINTY_MEASURE_WITH_UNIT (LENGTH_MEASURE( 1.000000000000000082E-05 ), #5645, 'distance_accuracy_value', 'NONE');
#867 = SURFACE_SIDE_STYLE ('',( #1755 ) ) ;
#868 = EDGE_CURVE ( 'NONE', #5150, #3756, #2976, .T. ) ;
#869 = EDGE_LOOP ( 'NONE', ( #879, #1486, #3209, #4946 ) ) ;
#870 = EDGE_CURVE ( 'NONE', #2153, #4695, #2125, .T. ) ;
#871 = DIRECTION ( 'NONE',  ( 0.000000000000000000, 0.000000000000000000, 1.000000000000000000 ) ) ;
#872 =( NAMED_UNIT ( * ) PLANE_ANGLE_UNIT ( ) SI_UNIT ( $, .RADIAN. ) );
#873 = ORIENTED_EDGE ( 'NONE', *, *, #737, .T. ) ;
#874 = SURFACE_STYLE_FILL_AREA ( #962 ) ;
#875 = SURFACE_STYLE_USAGE ( .BOTH. , #3996 ) ;
#876 = LINE ( 'NONE', #4562, #5357 ) ;
#877 = CARTESIAN_POINT ( 'NONE',  ( 6.870700000000000252, 0.000000000000000000, 3.733800000000000008 ) ) ;
#878 = VERTEX_POINT ( 'NONE', #844 ) ;
#879 = ORIENTED_EDGE ( 'NONE', *, *, #4039, .F. ) ;
#880 = VECTOR ( 'NONE', #5409, 1000.000000000000000 ) ;
#881 = SURFACE_STYLE_USAGE ( .BOTH. , #4638 ) ;
#882 = CARTESIAN_POINT ( 'NONE',  ( 3.416300000000000114, 0.5079999999999997851, -0.3936999999999999944 ) ) ;
#883 = SURFACE_SIDE_STYLE ('',( #4965 ) ) ;
#884 = CARTESIAN_POINT ( 'NONE',  ( 6.870700000000000252, 2.616200000000000081, -0.2032000000000000195 ) ) ;
#885 = VERTEX_POINT ( 'NONE', #1668 ) ;
#886 = FACE_OUTER_BOUND ( 'NONE', #5746, .T. ) ;
#887 = FILL_AREA_STYLE ('',( #369 ) ) ;
#888 =( NAMED_UNIT ( * ) SI_UNIT ( $, .STERADIAN. ) SOLID_ANGLE_UNIT ( ) );
#889 = DIRECTION ( 'NONE',  ( 0.000000000000000000, 1.000000000000000000, -0.000000000000000000 ) ) ;
#890 = FILL_AREA_STYLE ('',( #5041 ) ) ;
#891 = ORIENTED_EDGE ( 'NONE', *, *, #4116, .T. ) ;
#892 = PRESENTATION_LAYER_ASSIGNMENT (  '', '', ( #5051 ) ) ;
#893 =( NAMED_UNIT ( * ) SI_UNIT ( $, .STERADIAN. ) SOLID_ANGLE_UNIT ( ) );
#894 = VECTOR ( 'NONE', #3204, 1000.000000000000000 ) ;
#895 = SHAPE_REPRESENTATION_RELATIONSHIP ( 'NONE' , 'NONE' ,  #3086, #5486 ) ;
#896 = DIRECTION ( 'NONE',  ( -1.000000000000000000, -0.000000000000000000, 0.000000000000000000 ) ) ;
#897 =( NAMED_UNIT ( * ) SI_UNIT ( $, .STERADIAN. ) SOLID_ANGLE_UNIT ( ) );
#898 = VERTEX_POINT ( 'NONE', #4951 ) ;
#899 = CARTESIAN_POINT ( 'NONE',  ( 6.870700000000000252, 0.8128000000000000780, 0.2031999999999999640 ) ) ;
#900 = SURFACE_STYLE_FILL_AREA ( #3537 ) ;
#901 = VECTOR ( 'NONE', #1325, 1000.000000000000000 ) ;
#902 = CARTESIAN_POINT ( 'NONE',  ( -1.663700000000000623, 0.8128000000000000780, -0.2032000000000000195 ) ) ;
#903 = EDGE_CURVE ( 'NONE', #3512, #4772, #4924, .T. ) ;
#904 = ORIENTED_EDGE ( 'NONE', *, *, #3024, .F. ) ;
#905 = ORIENTED_EDGE ( 'NONE', *, *, #2683, .T. ) ;
#906 = MECHANICAL_DESIGN_GEOMETRIC_PRESENTATION_REPRESENTATION (  '', ( #3709 ), #3308 ) ;
#907 = CARTESIAN_POINT ( 'NONE',  ( -4.203700000000001324, 0.4063999999999998725, 3.306559094877498772 ) ) ;
#908 = LINE ( 'NONE', #4157, #1079 ) ;
#909 = STYLED_ITEM ( 'NONE', ( #2650 ), #1221 ) ;
#910 = SURFACE_STYLE_USAGE ( .BOTH. , #3317 ) ;
#911 = ORIENTED_EDGE ( 'NONE', *, *, #1476, .F. ) ;
#912 = DIRECTION ( 'NONE',  ( -0.5000000000000009992, -0.000000000000000000, 0.8660254037844380415 ) ) ;
#913 = FILL_AREA_STYLE_COLOUR ( '', #1000 ) ;
#915 = EDGE_CURVE ( 'NONE', #3672, #5150, #3596, .T. ) ;
#914 = AXIS2_PLACEMENT_3D ( 'NONE', #123, #74, #1880 ) ;
#916 = PRESENTATION_STYLE_ASSIGNMENT (( #2227 ) ) ;
#917 = EDGE_LOOP ( 'NONE', ( #63, #5565, #678, #685 ) ) ;
#918 = ORIENTED_EDGE ( 'NONE', *, *, #665, .T. ) ;
#919 = PRESENTATION_LAYER_ASSIGNMENT (  '', '', ( #1196 ) ) ;
#920 = DIRECTION ( 'NONE',  ( 1.000000000000000000, 0.000000000000000000, 0.000000000000000000 ) ) ;
#921 = CYLINDRICAL_SURFACE ( 'NONE', #5971, 0.4064000000000000390 ) ;
#922 = LINE ( 'NONE', #2343, #1550 ) ;
#923 = DIRECTION ( 'NONE',  ( -1.000000000000000000, -5.335640612625509322E-17, -0.000000000000000000 ) ) ;
#924 = PRESENTATION_LAYER_ASSIGNMENT (  '', '', ( #2178 ) ) ;
#925 = AXIS2_PLACEMENT_3D ( 'NONE', #2242, #5091, #1262 ) ;
#926 = SURFACE_STYLE_FILL_AREA ( #5074 ) ;
#927 = PRESENTATION_LAYER_ASSIGNMENT (  '', '', ( #5464 ) ) ;
#928 = VERTEX_POINT ( 'NONE', #1246 ) ;
#929 = FACE_OUTER_BOUND ( 'NONE', #3388, .T. ) ;
#930 = AXIS2_PLACEMENT_3D ( 'NONE', #2295, #5467, #1708 ) ;
#931 = AXIS2_PLACEMENT_3D ( 'NONE', #204, #1660, #5806 ) ;
#932 = PRESENTATION_LAYER_ASSIGNMENT (  '', '', ( #3541 ) ) ;
#933 = PLANE ( 'NONE',  #4031 ) ;
#934 = PRESENTATION_LAYER_ASSIGNMENT (  '', '', ( #3150 ) ) ;
#935 = CARTESIAN_POINT ( 'NONE',  ( -2.286000000000000032, 0.5080000000000000071, 5.080000000000000071 ) ) ;
#936 = ORIENTED_EDGE ( 'NONE', *, *, #3503, .F. ) ;
#937 = STYLED_ITEM ( 'NONE', ( #4845 ), #4528 ) ;
#938 = VECTOR ( 'NONE', #4265, 1000.000000000000000 ) ;
#939 =( GEOMETRIC_REPRESENTATION_CONTEXT ( 3 ) GLOBAL_UNCERTAINTY_ASSIGNED_CONTEXT ( ( #4341 ) ) GLOBAL_UNIT_ASSIGNED_CONTEXT ( ( #5891, #2585, #4073 ) ) REPRESENTATION_CONTEXT ( 'NONE', 'WORKASPACE' ) );
#940 = VECTOR ( 'NONE', #4337, 1000.000000000000000 ) ;
#941 = ORIENTED_EDGE ( 'NONE', *, *, #5770, .T. ) ;
#942 = EDGE_CURVE ( 'NONE', #4954, #5588, #2655, .T. ) ;
#943 = LINE ( 'NONE', #4035, #4758 ) ;
#944 = VECTOR ( 'NONE', #3188, 1000.000000000000000 ) ;
#945 = CARTESIAN_POINT ( 'NONE',  ( -6.870700000000000252, 2.616200000000000081, -0.6095999999999999197 ) ) ;
#946 =( LENGTH_UNIT ( ) NAMED_UNIT ( * ) SI_UNIT ( .MILLI., .METRE. ) );
#947 =( NAMED_UNIT ( * ) PLANE_ANGLE_UNIT ( ) SI_UNIT ( $, .RADIAN. ) );
#948 = DIRECTION ( 'NONE',  ( 1.000000000000000000, 0.000000000000000000, 0.000000000000000000 ) ) ;
#949 = VERTEX_POINT ( 'NONE', #5760 ) ;
#950 =( NAMED_UNIT ( * ) PLANE_ANGLE_UNIT ( ) SI_UNIT ( $, .RADIAN. ) );
#951 = FACE_OUTER_BOUND ( 'NONE', #4299, .T. ) ;
#952 = SURFACE_STYLE_USAGE ( .BOTH. , #5541 ) ;
#953 = FILL_AREA_STYLE_COLOUR ( '', #4132 ) ;
#954 =( LENGTH_UNIT ( ) NAMED_UNIT ( * ) SI_UNIT ( .MILLI., .METRE. ) );
#955 = ORIENTED_EDGE ( 'NONE', *, *, #5226, .T. ) ;
#956 =( LENGTH_UNIT ( ) NAMED_UNIT ( * ) SI_UNIT ( .MILLI., .METRE. ) );
#957 = LINE ( 'NONE', #5617, #2752 ) ;
#958 = PRESENTATION_LAYER_ASSIGNMENT (  '', '', ( #863 ) ) ;
#959 = CARTESIAN_POINT ( 'NONE',  ( -5.956299999999999706, 8.509000000000000341, 0.3936999999999999944 ) ) ;
#960 = ORIENTED_EDGE ( 'NONE', *, *, #3590, .F. ) ;
#961 = CARTESIAN_POINT ( 'NONE',  ( 1.663699999999999957, 8.509000000000000341, 0.3936999999999999944 ) ) ;
#962 = FILL_AREA_STYLE ('',( #2379 ) ) ;
#963 = LINE ( 'NONE', #4654, #5963 ) ;
#964 = ORIENTED_EDGE ( 'NONE', *, *, #3944, .T. ) ;
#965 = PRESENTATION_STYLE_ASSIGNMENT (( #5119 ) ) ;
#966 = ORIENTED_EDGE ( 'NONE', *, *, #327, .F. ) ;
#967 = ADVANCED_FACE ( 'NONE', ( #2059 ), #711, .F. ) ;
#968 = DIRECTION ( 'NONE',  ( 0.000000000000000000, 0.000000000000000000, 1.000000000000000000 ) ) ;
#969 = FILL_AREA_STYLE_COLOUR ( '', #4631 ) ;
#970 =( NAMED_UNIT ( * ) SI_UNIT ( $, .STERADIAN. ) SOLID_ANGLE_UNIT ( ) );
#971 = EDGE_CURVE ( 'NONE', #4360, #1535, #780, .T. ) ;
#972 = DIRECTION ( 'NONE',  ( 0.000000000000000000, 1.000000000000000000, 0.000000000000000000 ) ) ;
#973 = EDGE_CURVE ( 'NONE', #2535, #1665, #4893, .T. ) ;
#974 =( NAMED_UNIT ( * ) PLANE_ANGLE_UNIT ( ) SI_UNIT ( $, .RADIAN. ) );
#975 = ORIENTED_EDGE ( 'NONE', *, *, #4840, .F. ) ;
#976 = SURFACE_STYLE_FILL_AREA ( #5706 ) ;
#977 = CARTESIAN_POINT ( 'NONE',  ( 0.000000000000000000, 2.743199999999999861, 0.000000000000000000 ) ) ;
#978 = PRESENTATION_STYLE_ASSIGNMENT (( #1002 ) ) ;
#979 = EDGE_CURVE ( 'NONE', #2781, #462, #3966, .T. ) ;
#980 = ORIENTED_EDGE ( 'NONE', *, *, #2340, .F. ) ;
#981 = PRESENTATION_LAYER_ASSIGNMENT (  '', '', ( #492 ) ) ;
#982 = ORIENTED_EDGE ( 'NONE', *, *, #4147, .F. ) ;
#983 = PRESENTATION_STYLE_ASSIGNMENT (( #1182 ) ) ;
#984 = FACE_BOUND ( 'NONE', #2040, .T. ) ;
#985 = PLANE ( 'NONE',  #32 ) ;
#986 = CARTESIAN_POINT ( 'NONE',  ( 1.663699999999999957, 0.4063999999999999280, 25.39999999999999858 ) ) ;
#987 = VERTEX_POINT ( 'NONE', #4468 ) ;
#988 = DIRECTION ( 'NONE',  ( -0.000000000000000000, -1.000000000000000000, -0.000000000000000000 ) ) ;
#989 = LINE ( 'NONE', #3804, #5277 ) ;
#990 =( NAMED_UNIT ( * ) PLANE_ANGLE_UNIT ( ) SI_UNIT ( $, .RADIAN. ) );
#991 = ORIENTED_EDGE ( 'NONE', *, *, #3099, .T. ) ;
#992 =( NAMED_UNIT ( * ) SI_UNIT ( $, .STERADIAN. ) SOLID_ANGLE_UNIT ( ) );
#993 = CARTESIAN_POINT ( 'NONE',  ( -3.416300000000000114, 0.4064000000000012047, 3.306559094877499216 ) ) ;
#994 = MECHANICAL_DESIGN_GEOMETRIC_PRESENTATION_REPRESENTATION (  '', ( #3398 ), #2537 ) ;
#995 = CYLINDRICAL_SURFACE ( 'NONE', #1913, 0.4064000000000000390 ) ;
#996 = PLANE ( 'NONE',  #1877 ) ;
#997 = ADVANCED_FACE ( 'NONE', ( #2098 ), #1275, .T. ) ;
#998 = MECHANICAL_DESIGN_GEOMETRIC_PRESENTATION_REPRESENTATION (  '', ( #206 ), #1279 ) ;
#999 = EDGE_LOOP ( 'NONE', ( #1053, #522, #4267, #92 ) ) ;
#1000 = COLOUR_RGB ( '',1.000000000000000000, 1.000000000000000000, 0.000000000000000000 ) ;
#1001 = CARTESIAN_POINT ( 'NONE',  ( 0.000000000000000000, 0.000000000000000000, -1.206499999999999906 ) ) ;
#1002 = SURFACE_STYLE_USAGE ( .BOTH. , #4734 ) ;
#1003 =( NAMED_UNIT ( * ) PLANE_ANGLE_UNIT ( ) SI_UNIT ( $, .RADIAN. ) );
#1004 = VERTEX_POINT ( 'NONE', #1758 ) ;
#1005 = EDGE_CURVE ( 'NONE', #4459, #4695, #5073, .T. ) ;
#1006 = UNCERTAINTY_MEASURE_WITH_UNIT (LENGTH_MEASURE( 1.000000000000000082E-05 ), #1218, 'distance_accuracy_value', 'NONE');
#1007 =( GEOMETRIC_REPRESENTATION_CONTEXT ( 3 ) GLOBAL_UNCERTAINTY_ASSIGNED_CONTEXT ( ( #1621 ) ) GLOBAL_UNIT_ASSIGNED_CONTEXT ( ( #3031, #4373, #3493 ) ) REPRESENTATION_CONTEXT ( 'NONE', 'WORKASPACE' ) );
#1008 = SURFACE_SIDE_STYLE ('',( #3769 ) ) ;
#1009 = SURFACE_STYLE_USAGE ( .BOTH. , #496 ) ;
#1010 = DIRECTION ( 'NONE',  ( 1.000000000000000000, 0.000000000000000000, -0.000000000000000000 ) ) ;
#1011 = ORIENTED_EDGE ( 'NONE', *, *, #1154, .F. ) ;
#1012 = SURFACE_STYLE_USAGE ( .BOTH. , #1129 ) ;
#1013 = PRESENTATION_STYLE_ASSIGNMENT (( #2413 ) ) ;
#1014 = CARTESIAN_POINT ( 'NONE',  ( -6.202967651581293040, 25.39999999999999858, 3.733799999999996455 ) ) ;
#1015 = CARTESIAN_POINT ( 'NONE',  ( 2.286000000000002252, 0.5080000000000000071, -0.3937000000000002720 ) ) ;
#1016 = VECTOR ( 'NONE', #1234, 1000.000000000000000 ) ;
#1017 = ORIENTED_EDGE ( 'NONE', *, *, #2283, .F. ) ;
#1018 = ORIENTED_EDGE ( 'NONE', *, *, #4116, .F. ) ;
#1019 = PRESENTATION_STYLE_ASSIGNMENT (( #5485 ) ) ;
#1020 = EDGE_CURVE ( 'NONE', #1359, #4748, #3623, .T. ) ;
#1021 = FILL_AREA_STYLE ('',( #2832 ) ) ;
#1022 = VECTOR ( 'NONE', #4402, 1000.000000000000000 ) ;
#1023 = MECHANICAL_DESIGN_GEOMETRIC_PRESENTATION_REPRESENTATION (  '', ( #1887 ), #3739 ) ;
#1024 = UNCERTAINTY_MEASURE_WITH_UNIT (LENGTH_MEASURE( 1.000000000000000082E-05 ), #4641, 'distance_accuracy_value', 'NONE');
#1025 = VECTOR ( 'NONE', #3411, 1000.000000000000000 ) ;
#1026 = CARTESIAN_POINT ( 'NONE',  ( -3.662967651581290784, 0.4064000000000007606, 3.733799999999997343 ) ) ;
#1027 = CIRCLE ( 'NONE', #1700, 0.4064000000000000390 ) ;
#1028 = ORIENTED_EDGE ( 'NONE', *, *, #5539, .T. ) ;
#1029 = LINE ( 'NONE', #598, #2250 ) ;
#1030 = CARTESIAN_POINT ( 'NONE',  ( -5.333999999999998742, 0.5080000000000000071, -1.206500000000000128 ) ) ;
#1031 = DIRECTION ( 'NONE',  ( 1.000000000000000000, 0.000000000000000000, 0.000000000000000000 ) ) ;
#1032 = VECTOR ( 'NONE', #2593, 1000.000000000000114 ) ;
#1033 = CARTESIAN_POINT ( 'NONE',  ( -4.203700000000000436, 8.509000000000000341, -0.3936999999999999944 ) ) ;
#1034 = FILL_AREA_STYLE_COLOUR ( '', #1792 ) ;
#1035 = EDGE_LOOP ( 'NONE', ( #1604, #3103, #3105, #5054 ) ) ;
#1036 = ORIENTED_EDGE ( 'NONE', *, *, #1556, .F. ) ;
#1037 = ADVANCED_FACE ( 'NONE', ( #1851 ), #4203, .T. ) ;
#1038 = CARTESIAN_POINT ( 'NONE',  ( 0.000000000000000000, 0.000000000000000000, 0.000000000000000000 ) ) ;
#1039 = CARTESIAN_POINT ( 'NONE',  ( -5.333999999999999631, -1.270000000000000018, 5.080000000000000071 ) ) ;
#1040 = CARTESIAN_POINT ( 'NONE',  ( -3.416300000000000558, 0.8128000000000000780, 0.2032000000000002693 ) ) ;
#1041 = CARTESIAN_POINT ( 'NONE',  ( -1.409699999999999953, 25.39999999999999858, 3.746499999999999719 ) ) ;
#1042 = LINE ( 'NONE', #181, #1199 ) ;
#1043 = EDGE_CURVE ( 'NONE', #2384, #5157, #5021, .T. ) ;
#1044 = PRODUCT_DEFINITION_SHAPE ( 'NONE', 'NONE',  #4557 ) ;
#1045 = ORIENTED_EDGE ( 'NONE', *, *, #2373, .T. ) ;
#1046 = SURFACE_STYLE_FILL_AREA ( #3802 ) ;
#1047 = DIRECTION ( 'NONE',  ( 1.000000000000000000, 0.000000000000000000, 0.000000000000000000 ) ) ;
#1048 = CARTESIAN_POINT ( 'NONE',  ( -5.333999999999998742, 0.000000000000000000, -1.206500000000000128 ) ) ;
#1049 = CARTESIAN_POINT ( 'NONE',  ( 6.870700000000000252, 0.000000000000000000, 0.6095999999999998087 ) ) ;
#1050 =( LENGTH_UNIT ( ) NAMED_UNIT ( * ) SI_UNIT ( .MILLI., .METRE. ) );
#1051 = EDGE_LOOP ( 'NONE', ( #4456, #1901, #4257, #1165 ) ) ;
#1052 = MECHANICAL_DESIGN_GEOMETRIC_PRESENTATION_REPRESENTATION (  '', ( #3274 ), #5211 ) ;
#1053 = ORIENTED_EDGE ( 'NONE', *, *, #2845, .F. ) ;
#1054 = FACE_BOUND ( 'NONE', #1678, .T. ) ;
#1055 = DIRECTION ( 'NONE',  ( 1.000000000000000000, -0.000000000000000000, -0.000000000000000000 ) ) ;
#1056 = CARTESIAN_POINT ( 'NONE',  ( 0.8762999999999999678, 0.000000000000000000, 3.733800000000000008 ) ) ;
#1057 = PRESENTATION_STYLE_ASSIGNMENT (( #5213 ) ) ;
#1058 =( NAMED_UNIT ( * ) PLANE_ANGLE_UNIT ( ) SI_UNIT ( $, .RADIAN. ) );
#1059 = LINE ( 'NONE', #2987, #1105 ) ;
#1060 = ORIENTED_EDGE ( 'NONE', *, *, #3075, .T. ) ;
#1061 = EDGE_CURVE ( 'NONE', #2113, #23, #2771, .T. ) ;
#1062 = ORIENTED_EDGE ( 'NONE', *, *, #5929, .T. ) ;
#1063 = CARTESIAN_POINT ( 'NONE',  ( 6.870700000000000252, 2.743199999999999861, -0.6095999999999999197 ) ) ;
#1064 = CARTESIAN_POINT ( 'NONE',  ( 5.956299999999999706, 0.5079999999999997851, -0.3936999999999999944 ) ) ;
#1065 = EDGE_CURVE ( 'NONE', #3611, #4459, #465, .T. ) ;
#1066 = ORIENTED_EDGE ( 'NONE', *, *, #4564, .F. ) ;
#1067 = FILL_AREA_STYLE_COLOUR ( '', #156 ) ;
#1068 = DIRECTION ( 'NONE',  ( 0.000000000000000000, 0.000000000000000000, 1.000000000000000000 ) ) ;
#1069 = CARTESIAN_POINT ( 'NONE',  ( 4.203700000000000436, 8.509000000000000341, -0.3936999999999999944 ) ) ;
#1070 = ORIENTED_EDGE ( 'NONE', *, *, #1659, .F. ) ;
#1071 = CARTESIAN_POINT ( 'NONE',  ( 0.8762999999999999678, 0.5079999999999997851, 0.3936999999999999944 ) ) ;
#1072 = STYLED_ITEM ( 'NONE', ( #4347 ), #5008 ) ;
#1073 =( NAMED_UNIT ( * ) PLANE_ANGLE_UNIT ( ) SI_UNIT ( $, .RADIAN. ) );
#1074 = EDGE_CURVE ( 'NONE', #2168, #1359, #5591, .T. ) ;
#1075 = MECHANICAL_DESIGN_GEOMETRIC_PRESENTATION_REPRESENTATION (  '', ( #3107 ), #4288 ) ;
#1076 = LINE ( 'NONE', #1589, #626 ) ;
#1077 = UNCERTAINTY_MEASURE_WITH_UNIT (LENGTH_MEASURE( 1.000000000000000082E-05 ), #1387, 'distance_accuracy_value', 'NONE');
#1078 = ORIENTED_EDGE ( 'NONE', *, *, #5877, .T. ) ;
#1079 = VECTOR ( 'NONE', #3108, 1000.000000000000000 ) ;
#1080 = SURFACE_SIDE_STYLE ('',( #2359 ) ) ;
#1081 = DIRECTION ( 'NONE',  ( 0.8660254037844384856, 0.000000000000000000, 0.5000000000000004441 ) ) ;
#1082 = CARTESIAN_POINT ( 'NONE',  ( -4.203700000000001324, 0.000000000000000000, 3.306559094877499216 ) ) ;
#1083 = STYLED_ITEM ( 'NONE', ( #309 ), #997 ) ;
#1084 = PLANE ( 'NONE',  #2199 ) ;
#1085 =( NAMED_UNIT ( * ) SI_UNIT ( $, .STERADIAN. ) SOLID_ANGLE_UNIT ( ) );
#1086 = DIRECTION ( 'NONE',  ( -1.000000000000000000, 0.000000000000000000, 0.000000000000000000 ) ) ;
#1087 = ADVANCED_FACE ( 'NONE', ( #4530 ), #985, .F. ) ;
#1088 = CARTESIAN_POINT ( 'NONE',  ( 3.416300000000000114, 8.509000000000000341, 0.3936999999999999944 ) ) ;
#1089 = CARTESIAN_POINT ( 'NONE',  ( 0.8762999999999999678, 0.8128000000000000780, 0.6095999999999999197 ) ) ;
#1090 = ORIENTED_EDGE ( 'NONE', *, *, #3759, .F. ) ;
#1091 = FILL_AREA_STYLE_COLOUR ( '', #5945 ) ;
#1092 = DIRECTION ( 'NONE',  ( 1.000000000000000000, 0.000000000000000000, -0.000000000000000000 ) ) ;
#1093 = PLANE ( 'NONE',  #1846 ) ;
#1094 = SURFACE_STYLE_FILL_AREA ( #5225 ) ;
#1095 = VECTOR ( 'NONE', #3212, 1000.000000000000000 ) ;
#1096 = ORIENTED_EDGE ( 'NONE', *, *, #1952, .F. ) ;
#1097 = DIRECTION ( 'NONE',  ( -0.000000000000000000, 1.000000000000000000, 0.000000000000000000 ) ) ;
#1098 = PLANE ( 'NONE',  #1171 ) ;
#1099 = DIRECTION ( 'NONE',  ( 0.4999999999999944489, 0.000000000000000000, -0.8660254037844418162 ) ) ;
#1100 = SURFACE_SIDE_STYLE ('',( #2980 ) ) ;
#1101 = VECTOR ( 'NONE', #4611, 1000.000000000000000 ) ;
#1102 =( NAMED_UNIT ( * ) PLANE_ANGLE_UNIT ( ) SI_UNIT ( $, .RADIAN. ) );
#1103 = VECTOR ( 'NONE', #1588, 1000.000000000000000 ) ;
#1104 = EDGE_CURVE ( 'NONE', #4960, #4874, #2005, .T. ) ;
#1105 = VECTOR ( 'NONE', #4780, 1000.000000000000000 ) ;
#1106 = EDGE_CURVE ( 'NONE', #299, #2168, #5193, .T. ) ;
#1107 = PRODUCT_DEFINITION_FORMATION_WITH_SPECIFIED_SOURCE ( 'ANY', '', #3940, .NOT_KNOWN. ) ;
#1108 = VECTOR ( 'NONE', #3568, 1000.000000000000000 ) ;
#1109 = COLOUR_RGB ( '',1.000000000000000000, 1.000000000000000000, 0.000000000000000000 ) ;
#1110 = VECTOR ( 'NONE', #5680, 1000.000000000000000 ) ;
#1111 = ORIENTED_EDGE ( 'NONE', *, *, #183, .F. ) ;
#1112 = VECTOR ( 'NONE', #1149, 1000.000000000000000 ) ;
#1113 = FILL_AREA_STYLE_COLOUR ( '', #237 ) ;
#1114 = CARTESIAN_POINT ( 'NONE',  ( 1.663699999999999735, 2.616200000000000525, -0.2032000000000003803 ) ) ;
#1115 = UNCERTAINTY_MEASURE_WITH_UNIT (LENGTH_MEASURE( 1.000000000000000082E-05 ), #4569, 'distance_accuracy_value', 'NONE');
#1116 = DIRECTION ( 'NONE',  ( -1.000000000000000000, 0.000000000000000000, 0.000000000000000000 ) ) ;
#1117 = AXIS2_PLACEMENT_3D ( 'NONE', #3001, #2910, #5787 ) ;
#1118 = STYLED_ITEM ( 'NONE', ( #1814 ), #1869 ) ;
#1119 = ORIENTED_EDGE ( 'NONE', *, *, #5514, .F. ) ;
#1120 =( NAMED_UNIT ( * ) PLANE_ANGLE_UNIT ( ) SI_UNIT ( $, .RADIAN. ) );
#1121 = STYLED_ITEM ( 'NONE', ( #5265 ), #3392 ) ;
#1122 = CARTESIAN_POINT ( 'NONE',  ( 6.870700000000000252, 0.000000000000000000, 0.6095999999999998087 ) ) ;
#1123 =( LENGTH_UNIT ( ) NAMED_UNIT ( * ) SI_UNIT ( .MILLI., .METRE. ) );
#1124 = DIRECTION ( 'NONE',  ( 0.000000000000000000, 1.000000000000000000, 0.000000000000000000 ) ) ;
#1125 = SURFACE_STYLE_FILL_AREA ( #747 ) ;
#1126 = UNCERTAINTY_MEASURE_WITH_UNIT (LENGTH_MEASURE( 1.000000000000000082E-05 ), #4080, 'distance_accuracy_value', 'NONE');
#1127 = ORIENTED_EDGE ( 'NONE', *, *, #5929, .F. ) ;
#1128 = LINE ( 'NONE', #4822, #5752 ) ;
#1129 = SURFACE_SIDE_STYLE ('',( #5199 ) ) ;
#1130 = CARTESIAN_POINT ( 'NONE',  ( -3.416300000000000114, 0.5079999999999997851, 0.3936999999999999944 ) ) ;
#1131 = CARTESIAN_POINT ( 'NONE',  ( -0.2539999999999986713, -1.270000000000000018, -1.206500000000000128 ) ) ;
#1132 = CARTESIAN_POINT ( 'NONE',  ( 4.825999999999999623, 0.000000000000000000, 5.080000000000000071 ) ) ;
#1133 =( NAMED_UNIT ( * ) PLANE_ANGLE_UNIT ( ) SI_UNIT ( $, .RADIAN. ) );
#1134 = ORIENTED_EDGE ( 'NONE', *, *, #3642, .F. ) ;
#1135 = LINE ( 'NONE', #5316, #2945 ) ;
#1136 = VECTOR ( 'NONE', #3131, 1000.000000000000000 ) ;
#1137 = SURFACE_SIDE_STYLE ('',( #1228 ) ) ;
#1138 = CARTESIAN_POINT ( 'NONE',  ( -5.956299999999999706, 8.509000000000000341, -0.3936999999999999944 ) ) ;
#1139 = UNCERTAINTY_MEASURE_WITH_UNIT (LENGTH_MEASURE( 1.000000000000000082E-05 ), #3454, 'distance_accuracy_value', 'NONE');
#1140 = EDGE_LOOP ( 'NONE', ( #5861, #3125, #5621, #2584, #1151, #4567 ) ) ;
#1141 = EDGE_LOOP ( 'NONE', ( #1195, #2569, #3170, #652 ) ) ;
#1142 = EDGE_CURVE ( 'NONE', #299, #1994, #1526, .T. ) ;
#1143 = LINE ( 'NONE', #2108, #5632 ) ;
#1144 = STYLED_ITEM ( 'NONE', ( #3743 ), #208 ) ;
#1145 = EDGE_CURVE ( 'NONE', #472, #2526, #2406, .T. ) ;
#1146 =( NAMED_UNIT ( * ) SI_UNIT ( $, .STERADIAN. ) SOLID_ANGLE_UNIT ( ) );
#1147 = DIRECTION ( 'NONE',  ( 0.000000000000000000, -1.000000000000000000, -0.000000000000000000 ) ) ;
#1148 = LINE ( 'NONE', #3016, #1298 ) ;
#1149 = DIRECTION ( 'NONE',  ( -0.000000000000000000, -0.000000000000000000, -1.000000000000000000 ) ) ;
#1150 = ORIENTED_EDGE ( 'NONE', *, *, #1104, .F. ) ;
#1151 = ORIENTED_EDGE ( 'NONE', *, *, #5408, .F. ) ;
#1152 =( LENGTH_UNIT ( ) NAMED_UNIT ( * ) SI_UNIT ( .MILLI., .METRE. ) );
#1153 =( NAMED_UNIT ( * ) SI_UNIT ( $, .STERADIAN. ) SOLID_ANGLE_UNIT ( ) );
#1154 = EDGE_CURVE ( 'NONE', #1819, #3279, #1968, .T. ) ;
#1155 = PLANE ( 'NONE',  #829 ) ;
#1156 = PRESENTATION_STYLE_ASSIGNMENT (( #5784 ) ) ;
#1157 = VERTEX_POINT ( 'NONE', #3334 ) ;
#1158 = FILL_AREA_STYLE_COLOUR ( '', #3145 ) ;
#1159 = LINE ( 'NONE', #3000, #1032 ) ;
#1160 = CARTESIAN_POINT ( 'NONE',  ( 4.203700000000000436, 0.4064000000000003165, 3.306559094877498772 ) ) ;
#1161 = ORIENTED_EDGE ( 'NONE', *, *, #662, .T. ) ;
#1162 = SURFACE_STYLE_USAGE ( .BOTH. , #4802 ) ;
#1163 =( LENGTH_UNIT ( ) NAMED_UNIT ( * ) SI_UNIT ( .MILLI., .METRE. ) );
#1164 = VERTEX_POINT ( 'NONE', #1040 ) ;
#1165 = ORIENTED_EDGE ( 'NONE', *, *, #4087, .F. ) ;
#1166 = VERTEX_POINT ( 'NONE', #4315 ) ;
#1167 =( LENGTH_UNIT ( ) NAMED_UNIT ( * ) SI_UNIT ( .MILLI., .METRE. ) );
#1168 = CARTESIAN_POINT ( 'NONE',  ( -1.663699999999999957, 2.616199999999999193, 25.39999999999999858 ) ) ;
#1169 = FACE_OUTER_BOUND ( 'NONE', #3707, .T. ) ;
#1170 = VERTEX_POINT ( 'NONE', #2885 ) ;
#1171 = AXIS2_PLACEMENT_3D ( 'NONE', #1619, #3934, #5764 ) ;
#1172 = VERTEX_POINT ( 'NONE', #124 ) ;
#1173 = SURFACE_SIDE_STYLE ('',( #799 ) ) ;
#1174 = PRESENTATION_LAYER_ASSIGNMENT (  '', '', ( #1366 ) ) ;
#1175 = CARTESIAN_POINT ( 'NONE',  ( 4.203700000000000436, 2.616200000000000081, 0.2032000000000006024 ) ) ;
#1176 = VECTOR ( 'NONE', #3529, 1000.000000000000000 ) ;
#1177 = EDGE_CURVE ( 'NONE', #5028, #4913, #4739, .T. ) ;
#1178 = ORIENTED_EDGE ( 'NONE', *, *, #5949, .F. ) ;
#1179 = ADVANCED_FACE ( 'NONE', ( #3829 ), #3368, .T. ) ;
#1180 = CARTESIAN_POINT ( 'NONE',  ( 2.286000000000002252, -1.270000000000000018, -1.206500000000000128 ) ) ;
#1181 = LINE ( 'NONE', #3028, #2869 ) ;
#1182 = SURFACE_STYLE_USAGE ( .BOTH. , #2696 ) ;
#1183 =( NAMED_UNIT ( * ) SI_UNIT ( $, .STERADIAN. ) SOLID_ANGLE_UNIT ( ) );
#1184 = DIRECTION ( 'NONE',  ( -0.000000000000000000, -1.000000000000000000, 0.000000000000000000 ) ) ;
#1185 = EDGE_LOOP ( 'NONE', ( #3242, #2105, #339, #5525 ) ) ;
#1186 = SURFACE_STYLE_FILL_AREA ( #5406 ) ;
#1187 = SURFACE_STYLE_FILL_AREA ( #217 ) ;
#1188 = CARTESIAN_POINT ( 'NONE',  ( -6.870700000000000252, 2.616200000000000081, -0.6095999999999999197 ) ) ;
#1189 = SURFACE_SIDE_STYLE ('',( #4803 ) ) ;
#1190 = CARTESIAN_POINT ( 'NONE',  ( 5.956299999999999706, 0.5079999999999997851, 0.3936999999999999944 ) ) ;
#1191 = SURFACE_SIDE_STYLE ('',( #5257 ) ) ;
#1192 = VECTOR ( 'NONE', #3658, 1000.000000000000000 ) ;
#1193 = PRESENTATION_STYLE_ASSIGNMENT (( #387 ) ) ;
#1194 = ORIENTED_EDGE ( 'NONE', *, *, #2090, .T. ) ;
#1195 = ORIENTED_EDGE ( 'NONE', *, *, #253, .T. ) ;
#1197 = EDGE_CURVE ( 'NONE', #928, #5168, #2545, .T. ) ;
#1196 = STYLED_ITEM ( 'NONE', ( #5128 ), #2768 ) ;
#1198 = DIRECTION ( 'NONE',  ( 1.000000000000000000, 0.000000000000000000, -0.000000000000000000 ) ) ;
#1199 = VECTOR ( 'NONE', #3886, 1000.000000000000000 ) ;
#1200 = VECTOR ( 'NONE', #3447, 1000.000000000000000 ) ;
#1201 = DIRECTION ( 'NONE',  ( 0.000000000000000000, 1.000000000000000000, 0.000000000000000000 ) ) ;
#1202 = AXIS2_PLACEMENT_3D ( 'NONE', #371, #5922, #4549 ) ;
#1203 = DIRECTION ( 'NONE',  ( 1.000000000000000000, -0.000000000000000000, -0.000000000000000000 ) ) ;
#1204 = VECTOR ( 'NONE', #5977, 1000.000000000000000 ) ;
#1205 = AXIS2_PLACEMENT_3D ( 'NONE', #4200, #5458, #3246 ) ;
#1206 = PRESENTATION_LAYER_ASSIGNMENT (  '', '', ( #3052 ) ) ;
#1207 = EDGE_LOOP ( 'NONE', ( #457, #4338, #766, #5063, #4120, #5130 ) ) ;
#1208 = CARTESIAN_POINT ( 'NONE',  ( 0.2539999999999999480, 0.5079999999999998961, -1.206500000000000128 ) ) ;
#1209 = AXIS2_PLACEMENT_3D ( 'NONE', #2139, #4485, #2578 ) ;
#1210 = LINE ( 'NONE', #3912, #3722 ) ;
#1211 = COLOUR_RGB ( '',1.000000000000000000, 1.000000000000000000, 0.000000000000000000 ) ;
#1212 = SURFACE_STYLE_FILL_AREA ( #5370 ) ;
#1213 = VECTOR ( 'NONE', #3862, 1000.000000000000000 ) ;
#1214 = AXIS2_PLACEMENT_3D ( 'NONE', #1522, #1961, #2842 ) ;
#1215 = AXIS2_PLACEMENT_3D ( 'NONE', #4714, #4765, #560 ) ;
#1216 = EDGE_LOOP ( 'NONE', ( #5868, #3887, #3871, #4170 ) ) ;
#1217 = EDGE_CURVE ( 'NONE', #704, #5744, #2116, .T. ) ;
#1218 =( LENGTH_UNIT ( ) NAMED_UNIT ( * ) SI_UNIT ( .MILLI., .METRE. ) );
#1219 = CARTESIAN_POINT ( 'NONE',  ( -3.416300000000000114, 0.000000000000000000, 25.39999999999999858 ) ) ;
#1220 = FILL_AREA_STYLE_COLOUR ( '', #5258 ) ;
#1221 = ADVANCED_FACE ( 'NONE', ( #3022 ), #5872, .F. ) ;
#1222 = EDGE_CURVE ( 'NONE', #5867, #1358, #4397, .T. ) ;
#1223 = AXIS2_PLACEMENT_3D ( 'NONE', #3961, #376, #3921 ) ;
#1224 = CARTESIAN_POINT ( 'NONE',  ( -6.743700000000000472, 8.509000000000000341, 0.000000000000000000 ) ) ;
#1225 = EDGE_LOOP ( 'NONE', ( #1545, #2992, #1455, #4000 ) ) ;
#1226 = PRESENTATION_STYLE_ASSIGNMENT (( #1162 ) ) ;
#1227 = PRESENTATION_STYLE_ASSIGNMENT (( #5906 ) ) ;
#1228 = SURFACE_STYLE_FILL_AREA ( #5384 ) ;
#1229 = FILL_AREA_STYLE_COLOUR ( '', #4895 ) ;
#1230 = ORIENTED_EDGE ( 'NONE', *, *, #2994, .T. ) ;
#1231 = ORIENTED_EDGE ( 'NONE', *, *, #3752, .T. ) ;
#1232 = LINE ( 'NONE', #5263, #2195 ) ;
#1233 = DIRECTION ( 'NONE',  ( 0.000000000000000000, -0.000000000000000000, 1.000000000000000000 ) ) ;
#1234 = DIRECTION ( 'NONE',  ( 0.000000000000000000, -1.000000000000000000, -0.000000000000000000 ) ) ;
#1235 = ORIENTED_EDGE ( 'NONE', *, *, #903, .T. ) ;
#1236 = STYLED_ITEM ( 'NONE', ( #1779 ), #233 ) ;
#1237 = ORIENTED_EDGE ( 'NONE', *, *, #4147, .T. ) ;
#1238 = DIRECTION ( 'NONE',  ( 0.000000000000000000, 0.000000000000000000, -1.000000000000000000 ) ) ;
#1239 = DIRECTION ( 'NONE',  ( 1.000000000000000000, 0.000000000000000000, -0.000000000000000000 ) ) ;
#1240 = PRESENTATION_STYLE_ASSIGNMENT (( #5837 ) ) ;
#1241 =( NAMED_UNIT ( * ) SI_UNIT ( $, .STERADIAN. ) SOLID_ANGLE_UNIT ( ) );
#1242 = ADVANCED_FACE ( 'NONE', ( #2617 ), #4883, .F. ) ;
#1243 = ORIENTED_EDGE ( 'NONE', *, *, #2994, .F. ) ;
#1244 = CARTESIAN_POINT ( 'NONE',  ( -1.663699999999999735, 0.5079999999999997851, -0.3937000000000001054 ) ) ;
#1245 = PRESENTATION_STYLE_ASSIGNMENT (( #1274 ) ) ;
#1246 = CARTESIAN_POINT ( 'NONE',  ( 4.203700000000000436, 2.616200000000000525, 0.2032000000000003803 ) ) ;
#1247 = EDGE_CURVE ( 'NONE', #694, #1908, #4168, .T. ) ;
#1248 = ORIENTED_EDGE ( 'NONE', *, *, #4245, .T. ) ;
#1249 = CARTESIAN_POINT ( 'NONE',  ( -0.8762999999999999678, 0.000000000000000000, 0.6095999999999994756 ) ) ;
#1250 = DIRECTION ( 'NONE',  ( 0.000000000000000000, 0.000000000000000000, 1.000000000000000000 ) ) ;
#1251 = PRESENTATION_STYLE_ASSIGNMENT (( #875 ) ) ;
#1252 =( LENGTH_UNIT ( ) NAMED_UNIT ( * ) SI_UNIT ( .MILLI., .METRE. ) );
#1253 = CARTESIAN_POINT ( 'NONE',  ( -6.743700000000000472, 0.8128000000000000780, -0.2032000000000000195 ) ) ;
#1254 = DIRECTION ( 'NONE',  ( 0.000000000000000000, 0.000000000000000000, -1.000000000000000000 ) ) ;
#1255 = VERTEX_POINT ( 'NONE', #423 ) ;
#1256 = ORIENTED_EDGE ( 'NONE', *, *, #4414, .F. ) ;
#1257 = EDGE_CURVE ( 'NONE', #5094, #5771, #2336, .T. ) ;
#1258 = STYLED_ITEM ( 'NONE', ( #286 ), #5107 ) ;
#1259 = FACE_OUTER_BOUND ( 'NONE', #1775, .T. ) ;
#1260 = LINE ( 'NONE', #882, #3998 ) ;
#1261 = CARTESIAN_POINT ( 'NONE',  ( 3.662967651581286788, 0.4064000000000000390, 3.733800000000000008 ) ) ;
#1262 = DIRECTION ( 'NONE',  ( 0.000000000000000000, 0.000000000000000000, 1.000000000000000000 ) ) ;
#1263 = CARTESIAN_POINT ( 'NONE',  ( 2.793999999999999595, 0.000000000000000000, 1.206500000000000128 ) ) ;
#1264 = ORIENTED_EDGE ( 'NONE', *, *, #4482, .F. ) ;
#1265 = EDGE_LOOP ( 'NONE', ( #2799, #1066, #2657, #3372, #4453, #1919 ) ) ;
#1266 = LINE ( 'NONE', #4877, #1895 ) ;
#1267 = SURFACE_SIDE_STYLE ('',( #5423 ) ) ;
#1268 =( LENGTH_UNIT ( ) NAMED_UNIT ( * ) SI_UNIT ( .MILLI., .METRE. ) );
#1269 = DIRECTION ( 'NONE',  ( 0.4999999999999997780, 0.000000000000000000, -0.8660254037844387076 ) ) ;
#1270 = SURFACE_STYLE_USAGE ( .BOTH. , #3591 ) ;
#1271 = EDGE_LOOP ( 'NONE', ( #2410, #388, #4389, #3835 ) ) ;
#1272 = EDGE_CURVE ( 'NONE', #1665, #4298, #834, .T. ) ;
#1273 = CARTESIAN_POINT ( 'NONE',  ( 5.956299999999999706, 8.509000000000000341, -0.3936999999999999944 ) ) ;
#1274 = SURFACE_STYLE_USAGE ( .BOTH. , #5428 ) ;
#1275 = PLANE ( 'NONE',  #2741 ) ;
#1276 = UNCERTAINTY_MEASURE_WITH_UNIT (LENGTH_MEASURE( 1.000000000000000082E-05 ), #3985, 'distance_accuracy_value', 'NONE');
#1277 = COLOUR_RGB ( '',0.6901960784313725394, 0.6901960784313725394, 0.6901960784313725394 ) ;
#1278 = ORIENTED_EDGE ( 'NONE', *, *, #5007, .F. ) ;
#1279 =( GEOMETRIC_REPRESENTATION_CONTEXT ( 3 ) GLOBAL_UNCERTAINTY_ASSIGNED_CONTEXT ( ( #866 ) ) GLOBAL_UNIT_ASSIGNED_CONTEXT ( ( #5645, #4791, #4344 ) ) REPRESENTATION_CONTEXT ( 'NONE', 'WORKASPACE' ) );
#1280 = CARTESIAN_POINT ( 'NONE',  ( 3.957032348418708878, 0.4064000000000007606, 3.733799999999997787 ) ) ;
#1281 = CARTESIAN_POINT ( 'NONE',  ( -1.663700000000000401, 2.616199999999999637, -0.2032000000000001860 ) ) ;
#1282 = PRESENTATION_STYLE_ASSIGNMENT (( #4028 ) ) ;
#1283 = CIRCLE ( 'NONE', #4548, 0.8127999999999999670 ) ;
#1284 = VERTEX_POINT ( 'NONE', #2789 ) ;
#1285 = VERTEX_POINT ( 'NONE', #400 ) ;
#1286 = EDGE_CURVE ( 'NONE', #5297, #847, #2315, .T. ) ;
#1287 =( LENGTH_UNIT ( ) NAMED_UNIT ( * ) SI_UNIT ( .MILLI., .METRE. ) );
#1288 = MECHANICAL_DESIGN_GEOMETRIC_PRESENTATION_REPRESENTATION (  '', ( #3909 ), #4581 ) ;
#1289 =( NAMED_UNIT ( * ) SI_UNIT ( $, .STERADIAN. ) SOLID_ANGLE_UNIT ( ) );
#1290 = DIRECTION ( 'NONE',  ( 1.000000000000000000, 0.000000000000000000, -0.000000000000000000 ) ) ;
#1291 = CARTESIAN_POINT ( 'NONE',  ( -2.286000000000000032, 0.5079999999999998961, 1.206500000000000128 ) ) ;
#1292 = ADVANCED_FACE ( 'NONE', ( #4644 ), #3704, .T. ) ;
#1293 = PRESENTATION_LAYER_ASSIGNMENT (  '', '', ( #5928 ) ) ;
#1294 = SHAPE_REPRESENTATION ( 'SSW-106-02-T-S-RA', ( #2070, #1205, #4990 ), #3333 ) ;
#1295 = ORIENTED_EDGE ( 'NONE', *, *, #4369, .T. ) ;
#1296 = DIRECTION ( 'NONE',  ( 0.000000000000000000, -0.000000000000000000, 1.000000000000000000 ) ) ;
#1297 = CARTESIAN_POINT ( 'NONE',  ( 3.416300000000000114, -8.889999999999998792, 3.306559094877498772 ) ) ;
#1298 = VECTOR ( 'NONE', #1599, 1000.000000000000000 ) ;
#1299 = PLANE ( 'NONE',  #2688 ) ;
#1300 = SURFACE_STYLE_USAGE ( .BOTH. , #5400 ) ;
#1301 = FACE_OUTER_BOUND ( 'NONE', #5779, .T. ) ;
#1302 = VECTOR ( 'NONE', #1451, 1000.000000000000114 ) ;
#1303 = STYLED_ITEM ( 'NONE', ( #567 ), #3817 ) ;
#1304 = PRESENTATION_LAYER_ASSIGNMENT (  '', '', ( #1399 ) ) ;
#1305 = ORIENTED_EDGE ( 'NONE', *, *, #2935, .T. ) ;
#1306 = MECHANICAL_DESIGN_GEOMETRIC_PRESENTATION_REPRESENTATION (  '', ( #4788 ), #5376 ) ;
#1307 = COLOUR_RGB ( '',1.000000000000000000, 1.000000000000000000, 0.000000000000000000 ) ;
#1308 = MECHANICAL_DESIGN_GEOMETRIC_PRESENTATION_REPRESENTATION (  '', ( #5090 ), #3830 ) ;
#1310 = STYLED_ITEM ( 'NONE', ( #1411 ), #4919 ) ;
#1309 =( LENGTH_UNIT ( ) NAMED_UNIT ( * ) SI_UNIT ( .MILLI., .METRE. ) );
#1311 = STYLED_ITEM ( 'NONE', ( #5826 ), #3 ) ;
#1312 = DIRECTION ( 'NONE',  ( 0.000000000000000000, 0.000000000000000000, -1.000000000000000000 ) ) ;
#1313 = PRESENTATION_LAYER_ASSIGNMENT (  '', '', ( #5671 ) ) ;
#1314 =( GEOMETRIC_REPRESENTATION_CONTEXT ( 3 ) GLOBAL_UNCERTAINTY_ASSIGNED_CONTEXT ( ( #523 ) ) GLOBAL_UNIT_ASSIGNED_CONTEXT ( ( #4910, #5206, #4828 ) ) REPRESENTATION_CONTEXT ( 'NONE', 'WORKASPACE' ) );
#1315 = ORIENTED_EDGE ( 'NONE', *, *, #1197, .F. ) ;
#1316 = AXIS2_PLACEMENT_3D ( 'NONE', #5422, #1238, #4518 ) ;
#1317 = DIRECTION ( 'NONE',  ( 0.000000000000000000, -1.000000000000000000, -0.000000000000000000 ) ) ;
#1318 = CARTESIAN_POINT ( 'NONE',  ( 0.000000000000000000, 0.000000000000000000, -1.206499999999999906 ) ) ;
#1319 = FILL_AREA_STYLE ('',( #4987 ) ) ;
#1320 = SURFACE_STYLE_FILL_AREA ( #2465 ) ;
#1321 = ORIENTED_EDGE ( 'NONE', *, *, #2486, .T. ) ;
#1322 = ORIENTED_EDGE ( 'NONE', *, *, #367, .F. ) ;
#1323 =( NAMED_UNIT ( * ) SI_UNIT ( $, .STERADIAN. ) SOLID_ANGLE_UNIT ( ) );
#1324 = LINE ( 'NONE', #360, #4334 ) ;
#1325 = DIRECTION ( 'NONE',  ( -1.000000000000000000, 0.000000000000000000, 0.000000000000000000 ) ) ;
#1326 = FACE_OUTER_BOUND ( 'NONE', #222, .T. ) ;
#1327 = CARTESIAN_POINT ( 'NONE',  ( 5.956299999999999706, 8.509000000000000341, 0.3936999999999999944 ) ) ;
#1328 = ORIENTED_EDGE ( 'NONE', *, *, #213, .F. ) ;
#1329 = EDGE_CURVE ( 'NONE', #878, #3665, #5961, .T. ) ;
#1330 = SURFACE_STYLE_FILL_AREA ( #5450 ) ;
#1331 = DIRECTION ( 'NONE',  ( 0.000000000000000000, 0.000000000000000000, -1.000000000000000000 ) ) ;
#1332 =( NAMED_UNIT ( * ) SI_UNIT ( $, .STERADIAN. ) SOLID_ANGLE_UNIT ( ) );
#1333 = DIRECTION ( 'NONE',  ( 0.4999999999999997780, 0.000000000000000000, 0.8660254037844387076 ) ) ;
#1334 =( NAMED_UNIT ( * ) PLANE_ANGLE_UNIT ( ) SI_UNIT ( $, .RADIAN. ) );
#1335 = ORIENTED_EDGE ( 'NONE', *, *, #612, .T. ) ;
#1336 = ADVANCED_FACE ( 'NONE', ( #1356 ), #5067, .T. ) ;
#1337 = CARTESIAN_POINT ( 'NONE',  ( 0.000000000000000000, -1.727200000000000069, -2.115209951487308016E-16 ) ) ;
#1338 = DIRECTION ( 'NONE',  ( 1.000000000000000000, 0.000000000000000000, -0.000000000000000000 ) ) ;
#1339 = ORIENTED_EDGE ( 'NONE', *, *, #5291, .T. ) ;
#1340 = CARTESIAN_POINT ( 'NONE',  ( 0.000000000000000000, 8.509000000000000341, -0.3936999999999999944 ) ) ;
#1341 =( LENGTH_UNIT ( ) NAMED_UNIT ( * ) SI_UNIT ( .MILLI., .METRE. ) );
#1342 = CARTESIAN_POINT ( 'NONE',  ( -3.662967651581286788, 0.000000000000000000, 3.733800000000000008 ) ) ;
#1343 = VERTEX_POINT ( 'NONE', #553 ) ;
#1344 = VERTEX_POINT ( 'NONE', #5638 ) ;
#1345 = VECTOR ( 'NONE', #3098, 1000.000000000000000 ) ;
#1346 = DIRECTION ( 'NONE',  ( 1.000000000000000000, 5.335640612625509322E-17, 0.000000000000000000 ) ) ;
#1347 = ADVANCED_FACE ( 'NONE', ( #2397 ), #4255, .T. ) ;
#1348 =( NAMED_UNIT ( * ) PLANE_ANGLE_UNIT ( ) SI_UNIT ( $, .RADIAN. ) );
#1349 = CARTESIAN_POINT ( 'NONE',  ( 0.000000000000000000, 2.743199999999999861, 0.6095999999999999197 ) ) ;
#1350 = FILL_AREA_STYLE ('',( #4690 ) ) ;
#1351 = ORIENTED_EDGE ( 'NONE', *, *, #197, .T. ) ;
#1352 = SURFACE_SIDE_STYLE ('',( #1330 ) ) ;
#1353 = PRESENTATION_STYLE_ASSIGNMENT (( #5151 ) ) ;
#1354 =( LENGTH_UNIT ( ) NAMED_UNIT ( * ) SI_UNIT ( .MILLI., .METRE. ) );
#1355 = DIRECTION ( 'NONE',  ( 0.000000000000000000, 0.000000000000000000, -1.000000000000000000 ) ) ;
#1356 = FACE_OUTER_BOUND ( 'NONE', #4935, .T. ) ;
#1357 = COLOUR_RGB ( '',1.000000000000000000, 1.000000000000000000, 0.000000000000000000 ) ;
#1358 = VERTEX_POINT ( 'NONE', #4286 ) ;
#1359 = VERTEX_POINT ( 'NONE', #2901 ) ;
#1360 = VECTOR ( 'NONE', #2490, 1000.000000000000000 ) ;
#1361 =( NAMED_UNIT ( * ) SI_UNIT ( $, .STERADIAN. ) SOLID_ANGLE_UNIT ( ) );
#1362 = DIRECTION ( 'NONE',  ( -1.000000000000000000, 0.000000000000000000, 0.000000000000000000 ) ) ;
#1363 = ADVANCED_FACE ( 'NONE', ( #4669 ), #2878, .F. ) ;
#1364 = FILL_AREA_STYLE_COLOUR ( '', #1787 ) ;
#1365 = EDGE_CURVE ( 'NONE', #3363, #4298, #5360, .T. ) ;
#1366 = STYLED_ITEM ( 'NONE', ( #5012 ), #574 ) ;
#1367 = ORIENTED_EDGE ( 'NONE', *, *, #1740, .F. ) ;
#1368 = SURFACE_STYLE_USAGE ( .BOTH. , #1820 ) ;
#1369 = DIRECTION ( 'NONE',  ( 0.000000000000000000, 0.000000000000000000, -1.000000000000000000 ) ) ;
#1370 =( LENGTH_UNIT ( ) NAMED_UNIT ( * ) SI_UNIT ( .MILLI., .METRE. ) );
#1371 = LINE ( 'NONE', #49, #545 ) ;
#1372 = SURFACE_STYLE_USAGE ( .BOTH. , #2662 ) ;
#1373 = VECTOR ( 'NONE', #498, 1000.000000000000000 ) ;
#1374 = ORIENTED_EDGE ( 'NONE', *, *, #1145, .F. ) ;
#1375 = ORIENTED_EDGE ( 'NONE', *, *, #3749, .F. ) ;
#1376 = VECTOR ( 'NONE', #3518, 1000.000000000000000 ) ;
#1377 = DIRECTION ( 'NONE',  ( 5.335640612625509322E-17, -1.000000000000000000, 0.000000000000000000 ) ) ;
#1378 = PLANE ( 'NONE',  #4426 ) ;
#1379 = UNCERTAINTY_MEASURE_WITH_UNIT (LENGTH_MEASURE( 1.000000000000000082E-05 ), #19, 'distance_accuracy_value', 'NONE');
#1380 = LINE ( 'NONE', #5681, #697 ) ;
#1381 = FILL_AREA_STYLE_COLOUR ( '', #2847 ) ;
#1382 = SURFACE_STYLE_FILL_AREA ( #5122 ) ;
#1383 =( NAMED_UNIT ( * ) SI_UNIT ( $, .STERADIAN. ) SOLID_ANGLE_UNIT ( ) );
#1384 = ORIENTED_EDGE ( 'NONE', *, *, #1217, .T. ) ;
#1385 = COLOUR_RGB ( '',1.000000000000000000, 1.000000000000000000, 0.000000000000000000 ) ;
#1386 =( LENGTH_UNIT ( ) NAMED_UNIT ( * ) SI_UNIT ( .MILLI., .METRE. ) );
#1387 =( LENGTH_UNIT ( ) NAMED_UNIT ( * ) SI_UNIT ( .MILLI., .METRE. ) );
#1388 = DIRECTION ( 'NONE',  ( -1.000000000000000000, 0.000000000000000000, 0.000000000000000000 ) ) ;
#1389 = SURFACE_STYLE_USAGE ( .BOTH. , #5584 ) ;
#1390 = CARTESIAN_POINT ( 'NONE',  ( -6.743700000000000472, 0.4064000000000000390, 0.6095999999999998087 ) ) ;
#1391 = FILL_AREA_STYLE ('',( #5545 ) ) ;
#1392 = ORIENTED_EDGE ( 'NONE', *, *, #5626, .F. ) ;
#1393 = VECTOR ( 'NONE', #1401, 1000.000000000000000 ) ;
#1394 = VERTEX_POINT ( 'NONE', #4387 ) ;
#1395 = VECTOR ( 'NONE', #833, 1000.000000000000000 ) ;
#1396 = VECTOR ( 'NONE', #5446, 1000.000000000000000 ) ;
#1397 =( NAMED_UNIT ( * ) PLANE_ANGLE_UNIT ( ) SI_UNIT ( $, .RADIAN. ) );
#1398 = DIRECTION ( 'NONE',  ( -1.000000000000000000, 0.000000000000000000, -0.000000000000000000 ) ) ;
#1399 = STYLED_ITEM ( 'NONE', ( #4699 ), #4131 ) ;
#1400 = COLOUR_RGB ( '',1.000000000000000000, 1.000000000000000000, 0.000000000000000000 ) ;
#1401 = DIRECTION ( 'NONE',  ( 0.000000000000000000, -0.000000000000000000, 1.000000000000000000 ) ) ;
#1402 = PRESENTATION_LAYER_ASSIGNMENT (  '', '', ( #4407 ) ) ;
#1403 = EDGE_CURVE ( 'NONE', #3168, #634, #1569, .T. ) ;
#1404 = ORIENTED_EDGE ( 'NONE', *, *, #3154, .T. ) ;
#1405 = PRESENTATION_LAYER_ASSIGNMENT (  '', '', ( #1887 ) ) ;
#1406 = VECTOR ( 'NONE', #5800, 1000.000000000000000 ) ;
#1407 = CARTESIAN_POINT ( 'NONE',  ( -5.956300000000000594, 2.616200000000000525, 0.2032000000000003803 ) ) ;
#1408 = FILL_AREA_STYLE_COLOUR ( '', #2582 ) ;
#1409 = EDGE_CURVE ( 'NONE', #5022, #5267, #2140, .T. ) ;
#1410 = COLOUR_RGB ( '',0.6901960784313725394, 0.6901960784313725394, 0.6901960784313725394 ) ;
#1411 = PRESENTATION_STYLE_ASSIGNMENT (( #83 ) ) ;
#1412 = ORIENTED_EDGE ( 'NONE', *, *, #2354, .T. ) ;
#1413 = COLOUR_RGB ( '',1.000000000000000000, 1.000000000000000000, 0.000000000000000000 ) ;
#1414 = FILL_AREA_STYLE ('',( #1858 ) ) ;
#1415 = MECHANICAL_DESIGN_GEOMETRIC_PRESENTATION_REPRESENTATION (  '', ( #3248 ), #939 ) ;
#1416 = VECTOR ( 'NONE', #2000, 1000.000000000000000 ) ;
#1417 = ORIENTED_EDGE ( 'NONE', *, *, #410, .F. ) ;
#1418 = SURFACE_STYLE_FILL_AREA ( #3725 ) ;
#1419 =( GEOMETRIC_REPRESENTATION_CONTEXT ( 3 ) GLOBAL_UNCERTAINTY_ASSIGNED_CONTEXT ( ( #4709 ) ) GLOBAL_UNIT_ASSIGNED_CONTEXT ( ( #3344, #163, #129 ) ) REPRESENTATION_CONTEXT ( 'NONE', 'WORKASPACE' ) );
#1420 =( LENGTH_UNIT ( ) NAMED_UNIT ( * ) SI_UNIT ( .MILLI., .METRE. ) );
#1421 = FILL_AREA_STYLE_COLOUR ( '', #2960 ) ;
#1422 = VERTEX_POINT ( 'NONE', #1114 ) ;
#1423 = CARTESIAN_POINT ( 'NONE',  ( -4.825999999999999623, 0.5079999999999998961, 1.206500000000000128 ) ) ;
#1424 = FACE_OUTER_BOUND ( 'NONE', #269, .T. ) ;
#1425 = CARTESIAN_POINT ( 'NONE',  ( 2.286000000000002252, 0.5080000000000000071, 5.080000000000000071 ) ) ;
#1426 = CARTESIAN_POINT ( 'NONE',  ( 3.662967651581286788, 0.000000000000000000, 3.733800000000000008 ) ) ;
#1427 = ORIENTED_EDGE ( 'NONE', *, *, #3288, .T. ) ;
#1428 = ORIENTED_EDGE ( 'NONE', *, *, #1043, .T. ) ;
#1429 = EDGE_CURVE ( 'NONE', #1680, #5028, #4811, .T. ) ;
#1430 = CARTESIAN_POINT ( 'NONE',  ( 0.8762999999999999678, 8.509000000000000341, 0.000000000000000000 ) ) ;
#1431 = CARTESIAN_POINT ( 'NONE',  ( 7.873999999999998778, 0.5079999999999997851, -1.206499999999999906 ) ) ;
#1432 =( LENGTH_UNIT ( ) NAMED_UNIT ( * ) SI_UNIT ( .MILLI., .METRE. ) );
#1433 = VERTEX_POINT ( 'NONE', #3056 ) ;
#1434 = PRESENTATION_STYLE_ASSIGNMENT (( #5594 ) ) ;
#1435 = EDGE_CURVE ( 'NONE', #4034, #5588, #2610, .T. ) ;
#1436 = CARTESIAN_POINT ( 'NONE',  ( 0.8762999999999999678, 0.000000000000000000, 0.6095999999999998087 ) ) ;
#1437 = ORIENTED_EDGE ( 'NONE', *, *, #4122, .T. ) ;
#1438 = VECTOR ( 'NONE', #3700, 1000.000000000000000 ) ;
#1439 = LINE ( 'NONE', #3282, #2367 ) ;
#1440 = ORIENTED_EDGE ( 'NONE', *, *, #1465, .F. ) ;
#1441 = CARTESIAN_POINT ( 'NONE',  ( 1.663699999999999957, 8.509000000000000341, -0.3936999999999999944 ) ) ;
#1442 = PRESENTATION_STYLE_ASSIGNMENT (( #5604 ) ) ;
#1443 = SURFACE_STYLE_USAGE ( .BOTH. , #3849 ) ;
#1444 = UNCERTAINTY_MEASURE_WITH_UNIT (LENGTH_MEASURE( 1.000000000000000082E-05 ), #1936, 'distance_accuracy_value', 'NONE');
#1445 =( NAMED_UNIT ( * ) PLANE_ANGLE_UNIT ( ) SI_UNIT ( $, .RADIAN. ) );
#1446 = CARTESIAN_POINT ( 'NONE',  ( -0.8762999999999999678, 2.616200000000000525, 0.2032000000000003803 ) ) ;
#1447 = EDGE_CURVE ( 'NONE', #1157, #2233, #5299, .T. ) ;
#1448 = ORIENTED_EDGE ( 'NONE', *, *, #3365, .F. ) ;
#1449 = DIRECTION ( 'NONE',  ( 0.000000000000000000, 0.000000000000000000, -1.000000000000000000 ) ) ;
#1450 = FILL_AREA_STYLE ('',( #485 ) ) ;
#1451 = DIRECTION ( 'NONE',  ( 0.4999999999999865108, 0.000000000000000000, -0.8660254037844463681 ) ) ;
#1452 =( NAMED_UNIT ( * ) SI_UNIT ( $, .STERADIAN. ) SOLID_ANGLE_UNIT ( ) );
#1453 = LINE ( 'NONE', #5155, #5573 ) ;
#1454 =( NAMED_UNIT ( * ) PLANE_ANGLE_UNIT ( ) SI_UNIT ( $, .RADIAN. ) );
#1455 = ORIENTED_EDGE ( 'NONE', *, *, #3692, .T. ) ;
#1456 = AXIS2_PLACEMENT_3D ( 'NONE', #722, #2565, #4417 ) ;
#1457 = ORIENTED_EDGE ( 'NONE', *, *, #1061, .F. ) ;
#1458 = APPLICATION_PROTOCOL_DEFINITION ( 'draft international standard', 'automotive_design', 1998, #91 ) ;
#1459 = AXIS2_PLACEMENT_3D ( 'NONE', #3678, #2321, #3712 ) ;
#1460 = FACE_OUTER_BOUND ( 'NONE', #589, .T. ) ;
#1461 = FILL_AREA_STYLE_COLOUR ( '', #2290 ) ;
#1462 = DIRECTION ( 'NONE',  ( 0.000000000000000000, 0.000000000000000000, 1.000000000000000000 ) ) ;
#1463 = DIRECTION ( 'NONE',  ( 1.000000000000000000, -0.000000000000000000, 0.000000000000000000 ) ) ;
#1464 = ORIENTED_EDGE ( 'NONE', *, *, #1921, .T. ) ;
#1465 = EDGE_CURVE ( 'NONE', #2773, #5910, #1148, .T. ) ;
#1466 = LINE ( 'NONE', #2972, #3348 ) ;
#1467 = CARTESIAN_POINT ( 'NONE',  ( -3.416300000000000114, 8.509000000000000341, 0.3936999999999999944 ) ) ;
#1468 = DIRECTION ( 'NONE',  ( 0.000000000000000000, 0.000000000000000000, -1.000000000000000000 ) ) ;
#1469 = STYLED_ITEM ( 'NONE', ( #4537 ), #455 ) ;
#1470 = ORIENTED_EDGE ( 'NONE', *, *, #2451, .T. ) ;
#1471 = ORIENTED_EDGE ( 'NONE', *, *, #1653, .F. ) ;
#1472 = FILL_AREA_STYLE_COLOUR ( '', #5758 ) ;
#1473 = VECTOR ( 'NONE', #1388, 1000.000000000000000 ) ;
#1475 = VECTOR ( 'NONE', #564, 1000.000000000000000 ) ;
#1474 = DIRECTION ( 'NONE',  ( 0.000000000000000000, -0.000000000000000000, -1.000000000000000000 ) ) ;
#1476 = EDGE_CURVE ( 'NONE', #736, #2605, #4004, .T. ) ;
#1477 = EDGE_LOOP ( 'NONE', ( #3187, #4153, #188, #5546 ) ) ;
#1478 = DIRECTION ( 'NONE',  ( -1.000000000000000000, -0.000000000000000000, 0.000000000000000000 ) ) ;
#1479 = EDGE_CURVE ( 'NONE', #1344, #3072, #3083, .T. ) ;
#1480 = ADVANCED_FACE ( 'NONE', ( #2964 ), #2579, .T. ) ;
#1481 = CARTESIAN_POINT ( 'NONE',  ( -0.8762999999999999678, 0.8128000000000000780, 0.2032000000000002693 ) ) ;
#1482 =( LENGTH_UNIT ( ) NAMED_UNIT ( * ) SI_UNIT ( .MILLI., .METRE. ) );
#1483 = SURFACE_SIDE_STYLE ('',( #96 ) ) ;
#1484 = VECTOR ( 'NONE', #3666, 1000.000000000000000 ) ;
#1485 = ORIENTED_EDGE ( 'NONE', *, *, #1740, .T. ) ;
#1486 = ORIENTED_EDGE ( 'NONE', *, *, #258, .F. ) ;
#1487 = UNCERTAINTY_MEASURE_WITH_UNIT (LENGTH_MEASURE( 1.000000000000000082E-05 ), #1341, 'distance_accuracy_value', 'NONE');
#1488 = MECHANICAL_DESIGN_GEOMETRIC_PRESENTATION_REPRESENTATION (  '', ( #2459 ), #4493 ) ;
#1489 = LINE ( 'NONE', #1430, #5077 ) ;
#1490 = DIRECTION ( 'NONE',  ( 0.000000000000000000, -0.000000000000000000, -1.000000000000000000 ) ) ;
#1491 = DIRECTION ( 'NONE',  ( 0.000000000000000000, -0.000000000000000000, 1.000000000000000000 ) ) ;
#1492 = ORIENTED_EDGE ( 'NONE', *, *, #5440, .F. ) ;
#1493 = MECHANICAL_DESIGN_GEOMETRIC_PRESENTATION_REPRESENTATION (  '', ( #5555 ), #5078 ) ;
#1494 = LINE ( 'NONE', #2412, #3953 ) ;
#1495 = VECTOR ( 'NONE', #3409, 1000.000000000000000 ) ;
#1496 = CARTESIAN_POINT ( 'NONE',  ( 7.365999999999999659, 0.5080000000000000071, 5.080000000000000071 ) ) ;
#1497 = FACE_OUTER_BOUND ( 'NONE', #1521, .T. ) ;
#1498 = SURFACE_STYLE_USAGE ( .BOTH. , #2941 ) ;
#1499 = MECHANICAL_DESIGN_GEOMETRIC_PRESENTATION_REPRESENTATION (  '', ( #1196 ), #533 ) ;
#1500 = VECTOR ( 'NONE', #134, 1000.000000000000114 ) ;
#1501 = AXIS2_PLACEMENT_3D ( 'NONE', #1089, #3371, #4793 ) ;
#1502 = ORIENTED_EDGE ( 'NONE', *, *, #4896, .F. ) ;
#1503 = VECTOR ( 'NONE', #3816, 1000.000000000000000 ) ;
#1504 = AXIS2_PLACEMENT_3D ( 'NONE', #3504, #723, #3573 ) ;
#1505 = DIRECTION ( 'NONE',  ( 0.000000000000000000, -0.000000000000000000, -1.000000000000000000 ) ) ;
#1506 = STYLED_ITEM ( 'NONE', ( #3029 ), #5436 ) ;
#1507 = COLOUR_RGB ( '',1.000000000000000000, 1.000000000000000000, 0.000000000000000000 ) ;
#1508 =( GEOMETRIC_REPRESENTATION_CONTEXT ( 3 ) GLOBAL_UNCERTAINTY_ASSIGNED_CONTEXT ( ( #5208 ) ) GLOBAL_UNIT_ASSIGNED_CONTEXT ( ( #5381, #5857, #4238 ) ) REPRESENTATION_CONTEXT ( 'NONE', 'WORKASPACE' ) );
#1509 = UNCERTAINTY_MEASURE_WITH_UNIT (LENGTH_MEASURE( 1.000000000000000082E-05 ), #2566, 'distance_accuracy_value', 'NONE');
#1510 = AXIS2_PLACEMENT_3D ( 'NONE', #2371, #3278, #3832 ) ;
#1511 = VERTEX_POINT ( 'NONE', #5060 ) ;
#1512 = CARTESIAN_POINT ( 'NONE',  ( 6.870700000000000252, 2.743199999999999861, -0.6095999999999999197 ) ) ;
#1513 = VECTOR ( 'NONE', #613, 1000.000000000000000 ) ;
#1514 = SURFACE_SIDE_STYLE ('',( #5664 ) ) ;
#1515 = EDGE_CURVE ( 'NONE', #3283, #3866, #5418, .T. ) ;
#1516 = CARTESIAN_POINT ( 'NONE',  ( 6.870700000000000252, 0.4064000000000000390, 0.6095999999999998087 ) ) ;
#1517 = COLOUR_RGB ( '',0.6901960784313725394, 0.6901960784313725394, 0.6901960784313725394 ) ;
#1518 =( NAMED_UNIT ( * ) PLANE_ANGLE_UNIT ( ) SI_UNIT ( $, .RADIAN. ) );
#1519 = AXIS2_PLACEMENT_3D ( 'NONE', #3637, #391, #5479 ) ;
#1520 = CARTESIAN_POINT ( 'NONE',  ( 6.870700000000000252, 2.743199999999999861, 0.2032000000000000195 ) ) ;
#1521 = EDGE_LOOP ( 'NONE', ( #797, #4706, #2756, #2171 ) ) ;
#1522 = CARTESIAN_POINT ( 'NONE',  ( -7.365999999999999659, 0.5080000000000000071, 5.080000000000000071 ) ) ;
#1523 = ORIENTED_EDGE ( 'NONE', *, *, #4452, .T. ) ;
#1524 = LINE ( 'NONE', #664, #1213 ) ;
#1525 = CARTESIAN_POINT ( 'NONE',  ( -7.873999999999998778, 8.509000000000000341, 1.206499999999999906 ) ) ;
#1526 = LINE ( 'NONE', #5161, #4865 ) ;
#1527 =( NAMED_UNIT ( * ) PLANE_ANGLE_UNIT ( ) SI_UNIT ( $, .RADIAN. ) );
#1528 = VECTOR ( 'NONE', #2236, 1000.000000000000000 ) ;
#1529 = DIRECTION ( 'NONE',  ( 1.000000000000000000, 0.000000000000000000, 0.000000000000000000 ) ) ;
#1530 = ORIENTED_EDGE ( 'NONE', *, *, #4369, .F. ) ;
#1531 = EDGE_CURVE ( 'NONE', #5785, #1623, #4044, .T. ) ;
#1532 = COLOUR_RGB ( '',0.6901960784313725394, 0.6901960784313725394, 0.6901960784313725394 ) ;
#1533 = SURFACE_STYLE_FILL_AREA ( #2891 ) ;
#1534 = DIRECTION ( 'NONE',  ( -1.000000000000000000, 0.000000000000000000, 0.000000000000000000 ) ) ;
#1535 = VERTEX_POINT ( 'NONE', #3110 ) ;
#1536 = CARTESIAN_POINT ( 'NONE',  ( -4.203700000000000436, 2.616199999999999193, 25.39999999999999858 ) ) ;
#1537 = VERTEX_POINT ( 'NONE', #2182 ) ;
#1538 = CARTESIAN_POINT ( 'NONE',  ( 0.8762999999999999678, 8.509000000000000341, 0.3936999999999999944 ) ) ;
#1539 = PRESENTATION_STYLE_ASSIGNMENT (( #1443 ) ) ;
#1540 = PLANE ( 'NONE',  #578 ) ;
#1541 = EDGE_CURVE ( 'NONE', #4227, #2168, #3695, .T. ) ;
#1542 = DIRECTION ( 'NONE',  ( 0.000000000000000000, 0.000000000000000000, -1.000000000000000000 ) ) ;
#1543 = CARTESIAN_POINT ( 'NONE',  ( 0.000000000000000000, 0.000000000000000000, 1.206499999999999906 ) ) ;
#1544 =( GEOMETRIC_REPRESENTATION_CONTEXT ( 3 ) GLOBAL_UNCERTAINTY_ASSIGNED_CONTEXT ( ( #271 ) ) GLOBAL_UNIT_ASSIGNED_CONTEXT ( ( #2064, #1073, #4350 ) ) REPRESENTATION_CONTEXT ( 'NONE', 'WORKASPACE' ) );
#1545 = ORIENTED_EDGE ( 'NONE', *, *, #521, .F. ) ;
#1546 = FACE_OUTER_BOUND ( 'NONE', #5577, .T. ) ;
#1547 = CARTESIAN_POINT ( 'NONE',  ( 6.870700000000000252, 0.4064000000000000390, 0.6095999999999998087 ) ) ;
#1548 = ORIENTED_EDGE ( 'NONE', *, *, #3435, .F. ) ;
#1549 = DIRECTION ( 'NONE',  ( -0.000000000000000000, -1.000000000000000000, 0.000000000000000000 ) ) ;
#1550 = VECTOR ( 'NONE', #2795, 1000.000000000000000 ) ;
#1551 =( LENGTH_UNIT ( ) NAMED_UNIT ( * ) SI_UNIT ( .MILLI., .METRE. ) );
#1552 =( NAMED_UNIT ( * ) SI_UNIT ( $, .STERADIAN. ) SOLID_ANGLE_UNIT ( ) );
#1553 = DIRECTION ( 'NONE',  ( -1.000000000000000000, 0.000000000000000000, 0.000000000000000000 ) ) ;
#1554 = CARTESIAN_POINT ( 'NONE',  ( 6.870700000000000252, 0.000000000000000000, 3.733800000000000008 ) ) ;
#1555 = DIRECTION ( 'NONE',  ( -0.000000000000000000, 1.000000000000000000, 0.000000000000000000 ) ) ;
#1556 = EDGE_CURVE ( 'NONE', #4927, #776, #3536, .T. ) ;
#1557 = EDGE_LOOP ( 'NONE', ( #891, #855, #5520, #5641 ) ) ;
#1558 = CARTESIAN_POINT ( 'NONE',  ( 6.870700000000000252, 0.000000000000000000, 3.733800000000000008 ) ) ;
#1559 = DIRECTION ( 'NONE',  ( 1.000000000000000000, 0.000000000000000000, 0.000000000000000000 ) ) ;
#1560 = LINE ( 'NONE', #5727, #2653 ) ;
#1561 = MECHANICAL_DESIGN_GEOMETRIC_PRESENTATION_REPRESENTATION (  '', ( #3502 ), #1649 ) ;
#1562 = FACE_OUTER_BOUND ( 'NONE', #4471, .T. ) ;
#1563 = UNCERTAINTY_MEASURE_WITH_UNIT (LENGTH_MEASURE( 1.000000000000000082E-05 ), #4324, 'distance_accuracy_value', 'NONE');
#1564 = VECTOR ( 'NONE', #4839, 1000.000000000000000 ) ;
#1565 = PRESENTATION_STYLE_ASSIGNMENT (( #3361 ) ) ;
#1566 = LINE ( 'NONE', #4870, #1564 ) ;
#1567 =( NAMED_UNIT ( * ) PLANE_ANGLE_UNIT ( ) SI_UNIT ( $, .RADIAN. ) );
#1568 = PRESENTATION_LAYER_ASSIGNMENT (  '', '', ( #5244 ) ) ;
#1569 = LINE ( 'NONE', #3478, #2365 ) ;
#1570 = CARTESIAN_POINT ( 'NONE',  ( -0.8762999999999999678, 8.509000000000000341, 0.3936999999999999944 ) ) ;
#1571 = ORIENTED_EDGE ( 'NONE', *, *, #4966, .F. ) ;
#1572 = SURFACE_STYLE_USAGE ( .BOTH. , #3885 ) ;
#1573 = APPLICATION_PROTOCOL_DEFINITION ( 'draft international standard', 'automotive_design', 1998, #5392 ) ;
#1574 = EDGE_LOOP ( 'NONE', ( #406, #319, #5615, #2309 ) ) ;
#1575 = LINE ( 'NONE', #2055, #1513 ) ;
#1576 = CARTESIAN_POINT ( 'NONE',  ( -5.333999999999999631, 0.5080000000000000071, 1.206500000000000128 ) ) ;
#1577 = DIRECTION ( 'NONE',  ( 0.000000000000000000, 1.000000000000000000, -0.000000000000000000 ) ) ;
#1578 = DIRECTION ( 'NONE',  ( 1.000000000000000000, 0.000000000000000000, -0.000000000000000000 ) ) ;
#1579 = EDGE_CURVE ( 'NONE', #312, #1343, #1722, .T. ) ;
#1580 = PRESENTATION_LAYER_ASSIGNMENT (  '', '', ( #2165 ) ) ;
#1581 = ORIENTED_EDGE ( 'NONE', *, *, #5949, .T. ) ;
#1582 = LINE ( 'NONE', #3434, #1791 ) ;
#1583 = EDGE_CURVE ( 'NONE', #5771, #3512, #4158, .T. ) ;
#1584 = MECHANICAL_DESIGN_GEOMETRIC_PRESENTATION_REPRESENTATION (  '', ( #4216 ), #431 ) ;
#1585 = FILL_AREA_STYLE_COLOUR ( '', #201 ) ;
#1586 = PLANE ( 'NONE',  #4490 ) ;
#1587 = AXIS2_PLACEMENT_3D ( 'NONE', #5419, #2676, #4513 ) ;
#1588 = DIRECTION ( 'NONE',  ( -1.000000000000000000, 0.000000000000000000, 0.000000000000000000 ) ) ;
#1589 = CARTESIAN_POINT ( 'NONE',  ( 0.8762999999999999678, 0.8128000000000000780, -0.2032000000000000195 ) ) ;
#1590 = VECTOR ( 'NONE', #571, 1000.000000000000000 ) ;
#1591 = COLOUR_RGB ( '',0.6901960784313725394, 0.6901960784313725394, 0.6901960784313725394 ) ;
#1592 = ORIENTED_EDGE ( 'NONE', *, *, #4272, .F. ) ;
#1593 = STYLED_ITEM ( 'NONE', ( #4386 ), #2913 ) ;
#1594 = ORIENTED_EDGE ( 'NONE', *, *, #3462, .T. ) ;
#1595 = ADVANCED_FACE ( 'NONE', ( #4541 ), #2783, .T. ) ;
#1596 = AXIS2_PLACEMENT_3D ( 'NONE', #5978, #1377, #1346 ) ;
#1597 = ORIENTED_EDGE ( 'NONE', *, *, #1145, .T. ) ;
#1598 = COLOUR_RGB ( '',1.000000000000000000, 1.000000000000000000, 0.000000000000000000 ) ;
#1599 = DIRECTION ( 'NONE',  ( -0.000000000000000000, 1.000000000000000000, 0.000000000000000000 ) ) ;
#1600 = LINE ( 'NONE', #1543, #66 ) ;
#1601 = ORIENTED_EDGE ( 'NONE', *, *, #2511, .T. ) ;
#1602 =( GEOMETRIC_REPRESENTATION_CONTEXT ( 3 ) GLOBAL_UNCERTAINTY_ASSIGNED_CONTEXT ( ( #2484 ) ) GLOBAL_UNIT_ASSIGNED_CONTEXT ( ( #4193, #1003, #3738 ) ) REPRESENTATION_CONTEXT ( 'NONE', 'WORKASPACE' ) );
#1603 = AXIS2_PLACEMENT_3D ( 'NONE', #1657, #5448, #5006 ) ;
#1604 = ORIENTED_EDGE ( 'NONE', *, *, #5672, .F. ) ;
#1605 = DIRECTION ( 'NONE',  ( 0.000000000000000000, 0.000000000000000000, 1.000000000000000000 ) ) ;
#1606 = COLOUR_RGB ( '',0.6901960784313725394, 0.6901960784313725394, 0.6901960784313725394 ) ;
#1607 = COLOUR_RGB ( '',0.6901960784313725394, 0.6901960784313725394, 0.6901960784313725394 ) ;
#1608 = FILL_AREA_STYLE_COLOUR ( '', #5454 ) ;
#1609 =( LENGTH_UNIT ( ) NAMED_UNIT ( * ) SI_UNIT ( .MILLI., .METRE. ) );
#1610 = ORIENTED_EDGE ( 'NONE', *, *, #2002, .F. ) ;
#1611 = PLANE ( 'NONE',  #4323 ) ;
#1612 = EDGE_CURVE ( 'NONE', #1623, #3326, #859, .T. ) ;
#1613 = CARTESIAN_POINT ( 'NONE',  ( 7.873999999999998778, 0.5079999999999997851, -1.206499999999999906 ) ) ;
#1614 =( NAMED_UNIT ( * ) PLANE_ANGLE_UNIT ( ) SI_UNIT ( $, .RADIAN. ) );
#1615 = SURFACE_SIDE_STYLE ('',( #4497 ) ) ;
#1616 = SURFACE_STYLE_FILL_AREA ( #5762 ) ;
#1617 = ORIENTED_EDGE ( 'NONE', *, *, #612, .F. ) ;
#1618 = CARTESIAN_POINT ( 'NONE',  ( 6.870700000000000252, 0.4064000000000000390, 3.733800000000000008 ) ) ;
#1619 = CARTESIAN_POINT ( 'NONE',  ( -6.743700000000000472, 8.509000000000000341, 0.3936999999999999944 ) ) ;
#1620 = LINE ( 'NONE', #3538, #4983 ) ;
#1621 = UNCERTAINTY_MEASURE_WITH_UNIT (LENGTH_MEASURE( 1.000000000000000082E-05 ), #3031, 'distance_accuracy_value', 'NONE');
#1622 = AXIS2_PLACEMENT_3D ( 'NONE', #2255, #4108, #5070 ) ;
#1623 = VERTEX_POINT ( 'NONE', #1773 ) ;
#1624 = EDGE_LOOP ( 'NONE', ( #320, #1392, #4160, #3061 ) ) ;
#1625 = LINE ( 'NONE', #1525, #303 ) ;
#1626 = DIRECTION ( 'NONE',  ( 0.000000000000000000, -1.000000000000000000, -0.000000000000000000 ) ) ;
#1627 = SURFACE_SIDE_STYLE ('',( #3947 ) ) ;
#1628 = CARTESIAN_POINT ( 'NONE',  ( -6.743700000000000472, 8.509000000000000341, -0.3936999999999999944 ) ) ;
#1629 = CARTESIAN_POINT ( 'NONE',  ( -0.8762999999999999678, 8.509000000000000341, -0.3936999999999999944 ) ) ;
#1630 = EDGE_CURVE ( 'NONE', #2978, #2710, #3142, .T. ) ;
#1631 = ORIENTED_EDGE ( 'NONE', *, *, #5629, .T. ) ;
#1632 = CARTESIAN_POINT ( 'NONE',  ( -4.203700000000000436, 8.509000000000000341, -0.3936999999999999944 ) ) ;
#1633 = EDGE_LOOP ( 'NONE', ( #2928, #1826, #2618, #618 ) ) ;
#1634 =( NAMED_UNIT ( * ) PLANE_ANGLE_UNIT ( ) SI_UNIT ( $, .RADIAN. ) );
#1635 = PLANE ( 'NONE',  #1223 ) ;
#1636 = CARTESIAN_POINT ( 'NONE',  ( 6.497032348418711578, -4.625929269271485322E-15, 3.733799999999999120 ) ) ;
#1637 = DIRECTION ( 'NONE',  ( -0.000000000000000000, 1.000000000000000000, 0.000000000000000000 ) ) ;
#1638 = SURFACE_SIDE_STYLE ('',( #3124 ) ) ;
#1639 = ADVANCED_FACE ( 'NONE', ( #1326 ), #4067, .F. ) ;
#1640 = ORIENTED_EDGE ( 'NONE', *, *, #3888, .T. ) ;
#1641 = FILL_AREA_STYLE_COLOUR ( '', #5474 ) ;
#1642 = FACE_OUTER_BOUND ( 'NONE', #1051, .T. ) ;
#1643 =( NAMED_UNIT ( * ) SI_UNIT ( $, .STERADIAN. ) SOLID_ANGLE_UNIT ( ) );
#1644 = PLANE ( 'NONE',  #1456 ) ;
#1645 = DIRECTION ( 'NONE',  ( 0.000000000000000000, -1.000000000000000000, -0.000000000000000000 ) ) ;
#1646 = EDGE_LOOP ( 'NONE', ( #3599, #4784, #2022, #4843, #2047, #4247 ) ) ;
#1647 = ORIENTED_EDGE ( 'NONE', *, *, #942, .T. ) ;
#1648 = VECTOR ( 'NONE', #1184, 1000.000000000000000 ) ;
#1649 =( GEOMETRIC_REPRESENTATION_CONTEXT ( 3 ) GLOBAL_UNCERTAINTY_ASSIGNED_CONTEXT ( ( #3959 ) ) GLOBAL_UNIT_ASSIGNED_CONTEXT ( ( #1163, #2035, #3898 ) ) REPRESENTATION_CONTEXT ( 'NONE', 'WORKASPACE' ) );
#1650 = FILL_AREA_STYLE_COLOUR ( '', #1109 ) ;
#1651 = FILL_AREA_STYLE_COLOUR ( '', #2441 ) ;
#1652 = FILL_AREA_STYLE ('',( #4873 ) ) ;
#1653 = EDGE_CURVE ( 'NONE', #1935, #3168, #728, .T. ) ;
#1654 = ORIENTED_EDGE ( 'NONE', *, *, #4887, .T. ) ;
#1655 = MECHANICAL_DESIGN_GEOMETRIC_PRESENTATION_REPRESENTATION (  '', ( #4290 ), #3895 ) ;
#1656 = ORIENTED_EDGE ( 'NONE', *, *, #2264, .F. ) ;
#1657 = CARTESIAN_POINT ( 'NONE',  ( 5.956299999999999706, 8.509000000000000341, -0.3936999999999999944 ) ) ;
#1658 = EDGE_CURVE ( 'NONE', #4866, #4994, #3050, .T. ) ;
#1659 = EDGE_CURVE ( 'NONE', #426, #1875, #322, .T. ) ;
#1660 = DIRECTION ( 'NONE',  ( -1.000000000000000000, 0.000000000000000000, 0.000000000000000000 ) ) ;
#1661 = CARTESIAN_POINT ( 'NONE',  ( -1.663699999999999957, 8.509000000000000341, 0.3936999999999999944 ) ) ;
#1662 = SURFACE_STYLE_FILL_AREA ( #4973 ) ;
#1663 =( NAMED_UNIT ( * ) SI_UNIT ( $, .STERADIAN. ) SOLID_ANGLE_UNIT ( ) );
#1664 = VECTOR ( 'NONE', #649, 1000.000000000000114 ) ;
#1665 = VERTEX_POINT ( 'NONE', #2176 ) ;
#1666 = DIRECTION ( 'NONE',  ( 1.000000000000000000, -0.000000000000000000, -0.000000000000000000 ) ) ;
#1667 = DIRECTION ( 'NONE',  ( 1.000000000000000000, 0.000000000000000000, -0.000000000000000000 ) ) ;
#1668 = CARTESIAN_POINT ( 'NONE',  ( 1.417032348418706844, 0.000000000000000000, 3.733799999999999120 ) ) ;
#1669 = DIRECTION ( 'NONE',  ( -1.000000000000000000, 0.000000000000000000, -0.000000000000000000 ) ) ;
#1670 = ORIENTED_EDGE ( 'NONE', *, *, #4831, .T. ) ;
#1671 = DIRECTION ( 'NONE',  ( -1.000000000000000000, -0.000000000000000000, -0.000000000000000000 ) ) ;
#1672 = DIRECTION ( 'NONE',  ( 0.000000000000000000, -0.000000000000000000, 1.000000000000000000 ) ) ;
#1673 = FACE_OUTER_BOUND ( 'NONE', #3325, .T. ) ;
#1674 = CARTESIAN_POINT ( 'NONE',  ( 6.870700000000000252, 0.000000000000000000, 3.733800000000000008 ) ) ;
#1675 = CARTESIAN_POINT ( 'NONE',  ( 3.416300000000000114, 8.509000000000000341, -0.3936999999999999944 ) ) ;
#1676 =( GEOMETRIC_REPRESENTATION_CONTEXT ( 3 ) GLOBAL_UNCERTAINTY_ASSIGNED_CONTEXT ( ( #4081 ) ) GLOBAL_UNIT_ASSIGNED_CONTEXT ( ( #429, #4555, #403 ) ) REPRESENTATION_CONTEXT ( 'NONE', 'WORKASPACE' ) );
#1677 = FILL_AREA_STYLE ('',( #817 ) ) ;
#1678 = EDGE_LOOP ( 'NONE', ( #3604, #2387, #4579, #84 ) ) ;
#1679 = COLOUR_RGB ( '',0.6901960784313725394, 0.6901960784313725394, 0.6901960784313725394 ) ;
#1680 = VERTEX_POINT ( 'NONE', #4036 ) ;
#1681 = EDGE_CURVE ( 'NONE', #1732, #2731, #2671, .T. ) ;
#1682 = STYLED_ITEM ( 'NONE', ( #1353 ), #4166 ) ;
#1683 = SURFACE_SIDE_STYLE ('',( #5359 ) ) ;
#1684 = DIRECTION ( 'NONE',  ( -0.4999999999999957812, 0.000000000000000000, -0.8660254037844411501 ) ) ;
#1685 = FILL_AREA_STYLE_COLOUR ( '', #1591 ) ;
#1686 = STYLED_ITEM ( 'NONE', ( #5388 ), #3104 ) ;
#1687 = CARTESIAN_POINT ( 'NONE',  ( -4.203700000000000436, 8.509000000000000341, 0.3936999999999999944 ) ) ;
#1688 = EDGE_LOOP ( 'NONE', ( #3915, #2337, #5678, #3253 ) ) ;
#1689 = COLOUR_RGB ( '',0.6901960784313725394, 0.6901960784313725394, 0.6901960784313725394 ) ;
#1690 = ORIENTED_EDGE ( 'NONE', *, *, #5197, .T. ) ;
#1691 = LINE ( 'NONE', #3020, #2866 ) ;
#1692 = STYLED_ITEM ( 'NONE', ( #5013 ), #3239 ) ;
#1693 = EDGE_CURVE ( 'NONE', #4722, #2605, #3472, .T. ) ;
#1694 = FILL_AREA_STYLE ('',( #1608 ) ) ;
#1695 = PLANE ( 'NONE',  #5338 ) ;
#1696 = SURFACE_STYLE_USAGE ( .BOTH. , #4465 ) ;
#1697 = PRESENTATION_LAYER_ASSIGNMENT (  '', '', ( #4604 ) ) ;
#1698 = AXIS2_PLACEMENT_3D ( 'NONE', #3557, #2681, #331 ) ;
#1699 = ORIENTED_EDGE ( 'NONE', *, *, #4011, .F. ) ;
#1700 = AXIS2_PLACEMENT_3D ( 'NONE', #3626, #4985, #4024 ) ;
#1701 = DIRECTION ( 'NONE',  ( 0.000000000000000000, 1.000000000000000000, -0.000000000000000000 ) ) ;
#1702 = DIRECTION ( 'NONE',  ( 0.000000000000000000, -1.000000000000000000, -0.000000000000000000 ) ) ;
#1703 = AXIS2_PLACEMENT_3D ( 'NONE', #4401, #1666, #840 ) ;
#1704 = LINE ( 'NONE', #3565, #1393 ) ;
#1705 = ADVANCED_FACE ( 'NONE', ( #5356 ), #2423, .F. ) ;
#1706 = VERTEX_POINT ( 'NONE', #1026 ) ;
#1707 = DIRECTION ( 'NONE',  ( 0.000000000000000000, 0.000000000000000000, 1.000000000000000000 ) ) ;
#1708 = DIRECTION ( 'NONE',  ( 0.000000000000000000, 0.000000000000000000, 1.000000000000000000 ) ) ;
#1709 =( LENGTH_UNIT ( ) NAMED_UNIT ( * ) SI_UNIT ( .MILLI., .METRE. ) );
#1710 = CARTESIAN_POINT ( 'NONE',  ( 5.956299999999999706, 8.509000000000000341, 0.3936999999999999944 ) ) ;
#1711 =( LENGTH_UNIT ( ) NAMED_UNIT ( * ) SI_UNIT ( .MILLI., .METRE. ) );
#1712 =( NAMED_UNIT ( * ) PLANE_ANGLE_UNIT ( ) SI_UNIT ( $, .RADIAN. ) );
#1713 = FACE_OUTER_BOUND ( 'NONE', #3667, .T. ) ;
#1714 = VERTEX_POINT ( 'NONE', #5147 ) ;
#1715 = EDGE_LOOP ( 'NONE', ( #3135, #1335, #936, #792 ) ) ;
#1716 = VECTOR ( 'NONE', #5411, 1000.000000000000000 ) ;
#1717 = ORIENTED_EDGE ( 'NONE', *, *, #4867, .T. ) ;
#1718 = LINE ( 'NONE', #227, #5576 ) ;
#1719 =( GEOMETRIC_REPRESENTATION_CONTEXT ( 3 ) GLOBAL_UNCERTAINTY_ASSIGNED_CONTEXT ( ( #5366 ) ) GLOBAL_UNIT_ASSIGNED_CONTEXT ( ( #2663, #1712, #2212 ) ) REPRESENTATION_CONTEXT ( 'NONE', 'WORKASPACE' ) );
#1720 = SURFACE_STYLE_FILL_AREA ( #2637 ) ;
#1721 = CARTESIAN_POINT ( 'NONE',  ( 1.663699999999999735, 2.616200000000000525, 0.2032000000000003803 ) ) ;
#1722 = LINE ( 'NONE', #4602, #2563 ) ;
#1723 = CARTESIAN_POINT ( 'NONE',  ( 6.743700000000000472, 0.4063999999999999280, 25.39999999999999858 ) ) ;
#1724 = ORIENTED_EDGE ( 'NONE', *, *, #5514, .T. ) ;
#1725 = EDGE_CURVE ( 'NONE', #3688, #5028, #2873, .T. ) ;
#1726 = VERTEX_POINT ( 'NONE', #1512 ) ;
#1727 = SURFACE_STYLE_USAGE ( .BOTH. , #4048 ) ;
#1728 = DIRECTION ( 'NONE',  ( 0.000000000000000000, -0.000000000000000000, -1.000000000000000000 ) ) ;
#1729 =( LENGTH_UNIT ( ) NAMED_UNIT ( * ) SI_UNIT ( .MILLI., .METRE. ) );
#1730 = DIRECTION ( 'NONE',  ( 0.000000000000000000, -1.000000000000000000, -0.000000000000000000 ) ) ;
#1731 = FILL_AREA_STYLE_COLOUR ( '', #4901 ) ;
#1732 = VERTEX_POINT ( 'NONE', #1446 ) ;
#1733 = SURFACE_STYLE_FILL_AREA ( #5046 ) ;
#1734 = CARTESIAN_POINT ( 'NONE',  ( 3.416300000000000114, 0.000000000000000000, 3.733800000000000008 ) ) ;
#1735 = EDGE_CURVE ( 'NONE', #2792, #5150, #1861, .T. ) ;
#1736 = ORIENTED_EDGE ( 'NONE', *, *, #4189, .T. ) ;
#1737 = DIRECTION ( 'NONE',  ( -1.000000000000000000, 0.000000000000000000, 0.000000000000000000 ) ) ;
#1738 = DIRECTION ( 'NONE',  ( 5.335640612625509322E-17, -1.000000000000000000, 0.000000000000000000 ) ) ;
#1739 = SURFACE_STYLE_FILL_AREA ( #5882 ) ;
#1740 = EDGE_CURVE ( 'NONE', #3215, #4428, #2831, .T. ) ;
#1741 = VERTEX_POINT ( 'NONE', #4214 ) ;
#1742 = VERTEX_POINT ( 'NONE', #1898 ) ;
#1743 = VECTOR ( 'NONE', #3745, 1000.000000000000000 ) ;
#1744 = DIRECTION ( 'NONE',  ( 0.000000000000000000, 1.000000000000000000, 0.000000000000000000 ) ) ;
#1745 = DIRECTION ( 'NONE',  ( 0.000000000000000000, 0.000000000000000000, 1.000000000000000000 ) ) ;
#1746 = CARTESIAN_POINT ( 'NONE',  ( -6.743700000000000472, 0.8128000000000000780, -0.2032000000000000195 ) ) ;
#1747 = ORIENTED_EDGE ( 'NONE', *, *, #3183, .F. ) ;
#1748 = FACE_OUTER_BOUND ( 'NONE', #2679, .T. ) ;
#1749 = FILL_AREA_STYLE ('',( #4188 ) ) ;
#1750 = SURFACE_SIDE_STYLE ('',( #5035 ) ) ;
#1751 =( LENGTH_UNIT ( ) NAMED_UNIT ( * ) SI_UNIT ( .MILLI., .METRE. ) );
#1752 = SURFACE_STYLE_USAGE ( .BOTH. , #4053 ) ;
#1753 = PRESENTATION_LAYER_ASSIGNMENT (  '', '', ( #4371 ) ) ;
#1754 =( NAMED_UNIT ( * ) SI_UNIT ( $, .STERADIAN. ) SOLID_ANGLE_UNIT ( ) );
#1755 = SURFACE_STYLE_FILL_AREA ( #4645 ) ;
#1756 = EDGE_LOOP ( 'NONE', ( #4592, #2106, #2046, #1747 ) ) ;
#1757 = PLANE ( 'NONE',  #424 ) ;
#1758 = CARTESIAN_POINT ( 'NONE',  ( 3.416300000000000114, 8.509000000000000341, -0.3936999999999999944 ) ) ;
#1759 = UNCERTAINTY_MEASURE_WITH_UNIT (LENGTH_MEASURE( 1.000000000000000082E-05 ), #2398, 'distance_accuracy_value', 'NONE');
#1760 =( NAMED_UNIT ( * ) SI_UNIT ( $, .STERADIAN. ) SOLID_ANGLE_UNIT ( ) );
#1761 = ORIENTED_EDGE ( 'NONE', *, *, #1177, .F. ) ;
#1762 =( GEOMETRIC_REPRESENTATION_CONTEXT ( 3 ) GLOBAL_UNCERTAINTY_ASSIGNED_CONTEXT ( ( #3955 ) ) GLOBAL_UNIT_ASSIGNED_CONTEXT ( ( #954, #459, #1754 ) ) REPRESENTATION_CONTEXT ( 'NONE', 'WORKASPACE' ) );
#1763 = EDGE_CURVE ( 'NONE', #3620, #1706, #4660, .T. ) ;
#1764 = LINE ( 'NONE', #1342, #79 ) ;
#1765 = LINE ( 'NONE', #986, #3346 ) ;
#1766 = ORIENTED_EDGE ( 'NONE', *, *, #5279, .F. ) ;
#1767 = AXIS2_PLACEMENT_3D ( 'NONE', #3429, #5202, #215 ) ;
#1768 = ADVANCED_FACE ( 'NONE', ( #3262 ), #2159, .T. ) ;
#1769 = EDGE_LOOP ( 'NONE', ( #1464, #5840, #5909, #4672 ) ) ;
#1770 = LINE ( 'NONE', #3193, #801 ) ;
#1771 = STYLED_ITEM ( 'NONE', ( #2497 ), #2192 ) ;
#1772 = DIRECTION ( 'NONE',  ( 1.000000000000000000, 0.000000000000000000, -0.000000000000000000 ) ) ;
#1773 = CARTESIAN_POINT ( 'NONE',  ( -0.8762999999999999678, 8.509000000000000341, 0.3936999999999999944 ) ) ;
#1774 = DIRECTION ( 'NONE',  ( -1.000000000000000000, -5.335640612625509322E-17, -0.000000000000000000 ) ) ;
#1775 = EDGE_LOOP ( 'NONE', ( #4444, #2692, #1096, #3977, #196, #4794 ) ) ;
#1776 = ADVANCED_FACE ( 'NONE', ( #2625 ), #933, .F. ) ;
#1777 = EDGE_LOOP ( 'NONE', ( #2608, #1594, #3547, #546 ) ) ;
#1778 = VECTOR ( 'NONE', #2099, 1000.000000000000000 ) ;
#1779 = PRESENTATION_STYLE_ASSIGNMENT (( #3734 ) ) ;
#1780 = SURFACE_SIDE_STYLE ('',( #5920 ) ) ;
#1781 = PRESENTATION_STYLE_ASSIGNMENT (( #370 ) ) ;
#1782 = DIRECTION ( 'NONE',  ( 0.000000000000000000, 0.000000000000000000, -1.000000000000000000 ) ) ;
#1783 = COLOUR_RGB ( '',1.000000000000000000, 1.000000000000000000, 0.000000000000000000 ) ;
#1784 = LINE ( 'NONE', #5452, #3232 ) ;
#1785 =( LENGTH_UNIT ( ) NAMED_UNIT ( * ) SI_UNIT ( .MILLI., .METRE. ) );
#1786 = PRESENTATION_STYLE_ASSIGNMENT (( #2197 ) ) ;
#1787 = COLOUR_RGB ( '',0.6901960784313725394, 0.6901960784313725394, 0.6901960784313725394 ) ;
#1788 =( GEOMETRIC_REPRESENTATION_CONTEXT ( 3 ) GLOBAL_UNCERTAINTY_ASSIGNED_CONTEXT ( ( #5146 ) ) GLOBAL_UNIT_ASSIGNED_CONTEXT ( ( #477, #3668, #5088 ) ) REPRESENTATION_CONTEXT ( 'NONE', 'WORKASPACE' ) );
#1789 = VERTEX_POINT ( 'NONE', #1407 ) ;
#1790 = VECTOR ( 'NONE', #4841, 1000.000000000000000 ) ;
#1791 = VECTOR ( 'NONE', #3930, 1000.000000000000000 ) ;
#1792 = COLOUR_RGB ( '',1.000000000000000000, 1.000000000000000000, 0.000000000000000000 ) ;
#1793 = CARTESIAN_POINT ( 'NONE',  ( 4.203700000000000436, 25.39999999999999858, 3.306559094877499216 ) ) ;
#1794 = CARTESIAN_POINT ( 'NONE',  ( 1.663699999999999957, 8.509000000000000341, -0.3936999999999999944 ) ) ;
#1795 = STYLED_ITEM ( 'NONE', ( #1889 ), #5728 ) ;
#1796 = VERTEX_POINT ( 'NONE', #47 ) ;
#1797 = EDGE_CURVE ( 'NONE', #5588, #312, #2774, .T. ) ;
#1798 = MECHANICAL_DESIGN_GEOMETRIC_PRESENTATION_REPRESENTATION (  '', ( #554 ), #456 ) ;
#1799 = UNCERTAINTY_MEASURE_WITH_UNIT (LENGTH_MEASURE( 1.000000000000000082E-05 ), #2453, 'distance_accuracy_value', 'NONE');
#1800 = VECTOR ( 'NONE', #3062, 1000.000000000000114 ) ;
#1801 = CARTESIAN_POINT ( 'NONE',  ( 3.416300000000000114, 2.616199999999999637, -0.2032000000000001860 ) ) ;
#1802 = CARTESIAN_POINT ( 'NONE',  ( -1.663700000000000623, 0.000000000000000000, 3.733800000000000008 ) ) ;
#1803 = ORIENTED_EDGE ( 'NONE', *, *, #1142, .T. ) ;
#1804 = DIRECTION ( 'NONE',  ( -1.000000000000000000, 0.000000000000000000, -0.000000000000000000 ) ) ;
#1805 = VERTEX_POINT ( 'NONE', #961 ) ;
#1806 = COLOUR_RGB ( '',1.000000000000000000, 1.000000000000000000, 0.000000000000000000 ) ;
#1807 = EDGE_LOOP ( 'NONE', ( #276, #1647, #2132, #5880 ) ) ;
#1808 = CARTESIAN_POINT ( 'NONE',  ( 3.416300000000000114, 0.5079999999999997851, 0.3936999999999999944 ) ) ;
#1809 =( NAMED_UNIT ( * ) PLANE_ANGLE_UNIT ( ) SI_UNIT ( $, .RADIAN. ) );
#1810 = ADVANCED_FACE ( 'NONE', ( #2324 ), #5198, .T. ) ;
#1811 =( LENGTH_UNIT ( ) NAMED_UNIT ( * ) SI_UNIT ( .MILLI., .METRE. ) );
#1812 = EDGE_CURVE ( 'NONE', #1359, #2864, #5224, .T. ) ;
#1813 = CARTESIAN_POINT ( 'NONE',  ( 4.203700000000000436, 0.4064000000000012047, 3.306559094877499216 ) ) ;
#1814 = PRESENTATION_STYLE_ASSIGNMENT (( #2279 ) ) ;
#1815 = VERTEX_POINT ( 'NONE', #5200 ) ;
#1816 = DIRECTION ( 'NONE',  ( 1.000000000000000000, 0.000000000000000000, 0.000000000000000000 ) ) ;
#1817 = FACE_OUTER_BOUND ( 'NONE', #284, .T. ) ;
#1818 = CARTESIAN_POINT ( 'NONE',  ( 0.8762999999999999678, 8.509000000000000341, 0.3936999999999999944 ) ) ;
#1819 = VERTEX_POINT ( 'NONE', #4745 ) ;
#1820 = SURFACE_SIDE_STYLE ('',( #314 ) ) ;
#1821 = CARTESIAN_POINT ( 'NONE',  ( -2.794000000000000039, 0.000000000000000000, 5.080000000000000071 ) ) ;
#1822 = LINE ( 'NONE', #4268, #3281 ) ;
#1823 = SURFACE_SIDE_STYLE ('',( #2235 ) ) ;
#1824 = SURFACE_SIDE_STYLE ('',( #4118 ) ) ;
#1825 = ADVANCED_FACE ( 'NONE', ( #1944, #2438 ), #5504, .T. ) ;
#1826 = ORIENTED_EDGE ( 'NONE', *, *, #1272, .T. ) ;
#1827 = DIRECTION ( 'NONE',  ( 0.000000000000000000, -1.000000000000000000, -0.000000000000000000 ) ) ;
#1828 = MECHANICAL_DESIGN_GEOMETRIC_PRESENTATION_REPRESENTATION (  '', ( #1258 ), #4742 ) ;
#1829 = VERTEX_POINT ( 'NONE', #3194 ) ;
#1830 = PLANE ( 'NONE',  #3697 ) ;
#1831 =( NAMED_UNIT ( * ) PLANE_ANGLE_UNIT ( ) SI_UNIT ( $, .RADIAN. ) );
#1832 = DIRECTION ( 'NONE',  ( -0.000000000000000000, -0.000000000000000000, 1.000000000000000000 ) ) ;
#1833 = CARTESIAN_POINT ( 'NONE',  ( -5.956299999999999706, 8.509000000000000341, -0.3936999999999999944 ) ) ;
#1834 =( NAMED_UNIT ( * ) SI_UNIT ( $, .STERADIAN. ) SOLID_ANGLE_UNIT ( ) );
#1835 = FACE_OUTER_BOUND ( 'NONE', #1941, .T. ) ;
#1836 = ORIENTED_EDGE ( 'NONE', *, *, #665, .F. ) ;
#1837 = DIRECTION ( 'NONE',  ( 0.000000000000000000, 1.000000000000000000, 0.000000000000000000 ) ) ;
#1838 = PRESENTATION_STYLE_ASSIGNMENT (( #5511 ) ) ;
#1839 = ADVANCED_FACE ( 'NONE', ( #5057 ), #5456, .F. ) ;
#1840 = LINE ( 'NONE', #5153, #4124 ) ;
#1841 = FILL_AREA_STYLE_COLOUR ( '', #1410 ) ;
#1842 = ORIENTED_EDGE ( 'NONE', *, *, #1531, .F. ) ;
#1843 = ADVANCED_FACE ( 'NONE', ( #4615 ), #5518, .T. ) ;
#1844 = VERTEX_POINT ( 'NONE', #2316 ) ;
#1845 = PRODUCT_DEFINITION ( 'UNKNOWN', '', #1107, #3911 ) ;
#1846 = AXIS2_PLACEMENT_3D ( 'NONE', #1554, #5343, #4441 ) ;
#1847 = MECHANICAL_DESIGN_GEOMETRIC_PRESENTATION_REPRESENTATION (  '', ( #5905 ), #22 ) ;
#1848 = CARTESIAN_POINT ( 'NONE',  ( 6.497032348418709802, 0.4063999999999845514, 3.733799999999997787 ) ) ;
#1849 = DIRECTION ( 'NONE',  ( -1.000000000000000000, 0.000000000000000000, 0.000000000000000000 ) ) ;
#1850 = LINE ( 'NONE', #2770, #4180 ) ;
#1851 = FACE_OUTER_BOUND ( 'NONE', #4787, .T. ) ;
#1852 = ORIENTED_EDGE ( 'NONE', *, *, #868, .F. ) ;
#1853 = CARTESIAN_POINT ( 'NONE',  ( 6.870700000000000252, 2.743199999999999861, 0.2032000000000000195 ) ) ;
#1854 = CARTESIAN_POINT ( 'NONE',  ( 6.743700000000000472, 0.8128000000000000780, 0.2032000000000002693 ) ) ;
#1855 = CIRCLE ( 'NONE', #3899, 0.4064000000000000390 ) ;
#1856 = FILL_AREA_STYLE_COLOUR ( '', #746 ) ;
#1857 = EDGE_LOOP ( 'NONE', ( #2513, #904, #3440, #2541, #2158, #4834, #2642, #5364 ) ) ;
#1858 = FILL_AREA_STYLE_COLOUR ( '', #4313 ) ;
#1859 = ORIENTED_EDGE ( 'NONE', *, *, #588, .T. ) ;
#1860 = VECTOR ( 'NONE', #5895, 1000.000000000000000 ) ;
#1861 = LINE ( 'NONE', #475, #59 ) ;
#1862 = DIRECTION ( 'NONE',  ( -1.000000000000000000, 0.000000000000000000, 0.000000000000000000 ) ) ;
#1863 =( NAMED_UNIT ( * ) PLANE_ANGLE_UNIT ( ) SI_UNIT ( $, .RADIAN. ) );
#1864 =( NAMED_UNIT ( * ) PLANE_ANGLE_UNIT ( ) SI_UNIT ( $, .RADIAN. ) );
#1865 = DIRECTION ( 'NONE',  ( 0.000000000000000000, 0.000000000000000000, 1.000000000000000000 ) ) ;
#1866 = DIRECTION ( 'NONE',  ( 0.000000000000000000, 0.000000000000000000, -1.000000000000000000 ) ) ;
#1867 = ORIENTED_EDGE ( 'NONE', *, *, #5062, .T. ) ;
#1869 = ADVANCED_FACE ( 'NONE', ( #3619 ), #3157, .T. ) ;
#1868 = STYLED_ITEM ( 'NONE', ( #3687 ), #2263 ) ;
#1870 = SURFACE_SIDE_STYLE ('',( #2311 ) ) ;
#1871 = CARTESIAN_POINT ( 'NONE',  ( 6.870700000000000252, 0.4064000000000000390, 3.733800000000000008 ) ) ;
#1872 = CARTESIAN_POINT ( 'NONE',  ( -0.8762999999999999678, 0.000000000000000000, 25.39999999999999858 ) ) ;
#1873 = PRESENTATION_LAYER_ASSIGNMENT (  '', '', ( #5363 ) ) ;
#1874 = VERTEX_POINT ( 'NONE', #1426 ) ;
#1875 = VERTEX_POINT ( 'NONE', #576 ) ;
#1876 = EDGE_CURVE ( 'NONE', #3866, #4527, #4225, .T. ) ;
#1877 = AXIS2_PLACEMENT_3D ( 'NONE', #5630, #972, #4159 ) ;
#1878 = CARTESIAN_POINT ( 'NONE',  ( 0.000000000000000000, 0.000000000000000000, 0.000000000000000000 ) ) ;
#1879 = CARTESIAN_POINT ( 'NONE',  ( 6.870700000000000252, 2.616200000000000081, -0.2032000000000000195 ) ) ;
#1880 = DIRECTION ( 'NONE',  ( 1.000000000000000000, 5.335640612625509322E-17, 0.000000000000000000 ) ) ;
#1881 = DIRECTION ( 'NONE',  ( -0.000000000000000000, 0.000000000000000000, -1.000000000000000000 ) ) ;
#1882 = CARTESIAN_POINT ( 'NONE',  ( -4.203700000000000436, 8.509000000000000341, 0.3936999999999999944 ) ) ;
#1883 = VECTOR ( 'NONE', #3391, 1000.000000000000000 ) ;
#1884 = DIRECTION ( 'NONE',  ( 0.000000000000000000, -1.000000000000000000, -0.000000000000000000 ) ) ;
#1885 = MECHANICAL_DESIGN_GEOMETRIC_PRESENTATION_REPRESENTATION (  '', ( #1686 ), #4312 ) ;
#1886 = EDGE_LOOP ( 'NONE', ( #4179, #4801, #2356, #18 ) ) ;
#1887 = STYLED_ITEM ( 'NONE', ( #4795 ), #4472 ) ;
#1888 = VECTOR ( 'NONE', #265, 1000.000000000000000 ) ;
#1889 = PRESENTATION_STYLE_ASSIGNMENT (( #503 ) ) ;
#1890 = VECTOR ( 'NONE', #5709, 1000.000000000000000 ) ;
#1891 = ADVANCED_FACE ( 'NONE', ( #72 ), #3273, .T. ) ;
#1892 = VECTOR ( 'NONE', #1505, 1000.000000000000000 ) ;
#1893 = ORIENTED_EDGE ( 'NONE', *, *, #2252, .T. ) ;
#1894 =( GEOMETRIC_REPRESENTATION_CONTEXT ( 3 ) GLOBAL_UNCERTAINTY_ASSIGNED_CONTEXT ( ( #113 ) ) GLOBAL_UNIT_ASSIGNED_CONTEXT ( ( #3653, #461, #4551 ) ) REPRESENTATION_CONTEXT ( 'NONE', 'WORKASPACE' ) );
#1895 = VECTOR ( 'NONE', #5805, 1000.000000000000000 ) ;
#1896 = CIRCLE ( 'NONE', #4042, 0.8127999999999999670 ) ;
#1897 = ORIENTED_EDGE ( 'NONE', *, *, #1435, .F. ) ;
#1898 = CARTESIAN_POINT ( 'NONE',  ( -5.956300000000000594, 2.616200000000000525, -0.2032000000000003803 ) ) ;
#1899 = VECTOR ( 'NONE', #4086, 1000.000000000000000 ) ;
#1900 = VECTOR ( 'NONE', #145, 1000.000000000000000 ) ;
#1901 = ORIENTED_EDGE ( 'NONE', *, *, #3754, .T. ) ;
#1902 = VERTEX_POINT ( 'NONE', #2400 ) ;
#1903 = PRESENTATION_STYLE_ASSIGNMENT (( #68 ) ) ;
#1904 = LINE ( 'NONE', #4167, #4498 ) ;
#1905 = SURFACE_SIDE_STYLE ('',( #2812 ) ) ;
#1906 = ADVANCED_FACE ( 'NONE', ( #4258 ), #2921, .T. ) ;
#1907 = CARTESIAN_POINT ( 'NONE',  ( -0.2539999999999986713, 0.000000000000000000, 5.080000000000000071 ) ) ;
#1908 = VERTEX_POINT ( 'NONE', #1249 ) ;
#1909 = EDGE_LOOP ( 'NONE', ( #445, #4606, #4002, #3972 ) ) ;
#1910 = UNCERTAINTY_MEASURE_WITH_UNIT (LENGTH_MEASURE( 1.000000000000000082E-05 ), #2592, 'distance_accuracy_value', 'NONE');
#1911 = FILL_AREA_STYLE ('',( #5191 ) ) ;
#1912 = CARTESIAN_POINT ( 'NONE',  ( 5.333999999999999631, 0.5080000000000000071, -1.206500000000000128 ) ) ;
#1913 = AXIS2_PLACEMENT_3D ( 'NONE', #3492, #5427, #3987 ) ;
#1914 = ORIENTED_EDGE ( 'NONE', *, *, #5539, .F. ) ;
#1915 = CARTESIAN_POINT ( 'NONE',  ( 6.870700000000000252, 0.4064000000000000390, 3.733800000000000008 ) ) ;
#1916 = ADVANCED_FACE ( 'NONE', ( #351 ), #3772, .F. ) ;
#1917 =( GEOMETRIC_REPRESENTATION_CONTEXT ( 3 ) GLOBAL_UNCERTAINTY_ASSIGNED_CONTEXT ( ( #5970 ) ) GLOBAL_UNIT_ASSIGNED_CONTEXT ( ( #5125, #2272, #2222 ) ) REPRESENTATION_CONTEXT ( 'NONE', 'WORKASPACE' ) );
#1918 = CARTESIAN_POINT ( 'NONE',  ( 6.870700000000000252, 0.8128000000000000780, 0.6095999999999999197 ) ) ;
#1919 = ORIENTED_EDGE ( 'NONE', *, *, #2935, .F. ) ;
#1920 = PLANE ( 'NONE',  #3779 ) ;
#1921 = EDGE_CURVE ( 'NONE', #1829, #3326, #3304, .T. ) ;
#1922 = EDGE_CURVE ( 'NONE', #462, #704, #4010, .T. ) ;
#1923 = FILL_AREA_STYLE ('',( #969 ) ) ;
#1924 = UNCERTAINTY_MEASURE_WITH_UNIT (LENGTH_MEASURE( 1.000000000000000082E-05 ), #1167, 'distance_accuracy_value', 'NONE');
#1925 = PRESENTATION_STYLE_ASSIGNMENT (( #2391 ) ) ;
#1926 = VECTOR ( 'NONE', #4986, 1000.000000000000000 ) ;
#1927 = ORIENTED_EDGE ( 'NONE', *, *, #4674, .T. ) ;
#1928 = DIRECTION ( 'NONE',  ( 0.000000000000000000, 0.000000000000000000, 1.000000000000000000 ) ) ;
#1929 =( GEOMETRIC_REPRESENTATION_CONTEXT ( 3 ) GLOBAL_UNCERTAINTY_ASSIGNED_CONTEXT ( ( #4113 ) ) GLOBAL_UNIT_ASSIGNED_CONTEXT ( ( #1386, #950, #481 ) ) REPRESENTATION_CONTEXT ( 'NONE', 'WORKASPACE' ) );
#1930 = PLANE ( 'NONE',  #4310 ) ;
#1931 = PRESENTATION_STYLE_ASSIGNMENT (( #5512 ) ) ;
#1932 = CARTESIAN_POINT ( 'NONE',  ( 1.663699999999999735, 0.8128000000000000780, 0.2032000000000002693 ) ) ;
#1933 = SURFACE_STYLE_FILL_AREA ( #5691 ) ;
#1934 = DIRECTION ( 'NONE',  ( 0.000000000000000000, -0.000000000000000000, 1.000000000000000000 ) ) ;
#1935 = VERTEX_POINT ( 'NONE', #366 ) ;
#1936 =( LENGTH_UNIT ( ) NAMED_UNIT ( * ) SI_UNIT ( .MILLI., .METRE. ) );
#1937 = EDGE_LOOP ( 'NONE', ( #328, #1656, #1417, #1502, #5426, #2893 ) ) ;
#1938 = ORIENTED_EDGE ( 'NONE', *, *, #2784, .F. ) ;
#1939 =( NAMED_UNIT ( * ) SI_UNIT ( $, .STERADIAN. ) SOLID_ANGLE_UNIT ( ) );
#1940 = CARTESIAN_POINT ( 'NONE',  ( 4.203700000000000436, 0.5079999999999998961, 0.3937000000000001609 ) ) ;
#1941 = EDGE_LOOP ( 'NONE', ( #3067, #5439, #2815, #561 ) ) ;
#1942 = CARTESIAN_POINT ( 'NONE',  ( 6.743700000000000472, 0.5079999999999998961, 0.3937000000000001609 ) ) ;
#1943 = CARTESIAN_POINT ( 'NONE',  ( -4.203700000000001324, 0.8128000000000000780, 0.2031999999999999917 ) ) ;
#1944 = FACE_OUTER_BOUND ( 'NONE', #790, .T. ) ;
#1945 = LINE ( 'NONE', #2777, #3540 ) ;
#1946 = LINE ( 'NONE', #4297, #310 ) ;
#1947 = PRESENTATION_STYLE_ASSIGNMENT (( #3461 ) ) ;
#1948 = EDGE_LOOP ( 'NONE', ( #768, #2262, #480, #3158 ) ) ;
#1949 = FILL_AREA_STYLE ('',( #1472 ) ) ;
#1950 = EDGE_CURVE ( 'NONE', #4260, #4514, #4325, .T. ) ;
#1951 = DIRECTION ( 'NONE',  ( 0.000000000000000000, -0.000000000000000000, 1.000000000000000000 ) ) ;
#1952 = EDGE_CURVE ( 'NONE', #763, #3665, #3613, .T. ) ;
#1953 = VECTOR ( 'NONE', #2697, 1000.000000000000000 ) ;
#1954 = FILL_AREA_STYLE_COLOUR ( '', #505 ) ;
#1955 = CARTESIAN_POINT ( 'NONE',  ( 7.365999999999999659, 0.000000000000000000, 1.206500000000000128 ) ) ;
#1956 = FILL_AREA_STYLE ('',( #5326 ) ) ;
#1957 =( LENGTH_UNIT ( ) NAMED_UNIT ( * ) SI_UNIT ( .MILLI., .METRE. ) );
#1958 = SURFACE_SIDE_STYLE ('',( #5639 ) ) ;
#1959 = EDGE_CURVE ( 'NONE', #1985, #885, #2246, .T. ) ;
#1960 = VERTEX_POINT ( 'NONE', #5449 ) ;
#1961 = DIRECTION ( 'NONE',  ( 1.000000000000000000, 0.000000000000000000, 0.000000000000000000 ) ) ;
#1962 = PRESENTATION_LAYER_ASSIGNMENT (  '', '', ( #1868 ) ) ;
#1963 = EDGE_LOOP ( 'NONE', ( #918, #121, #256, #762 ) ) ;
#1964 = DIRECTION ( 'NONE',  ( 0.5000000000000009992, 0.000000000000000000, 0.8660254037844380415 ) ) ;
#1965 = UNCERTAINTY_MEASURE_WITH_UNIT (LENGTH_MEASURE( 1.000000000000000082E-05 ), #3374, 'distance_accuracy_value', 'NONE');
#1966 = AXIS2_PLACEMENT_3D ( 'NONE', #4583, #1312, #5901 ) ;
#1967 = DIRECTION ( 'NONE',  ( 1.000000000000000000, -0.000000000000000000, 0.000000000000000000 ) ) ;
#1968 = LINE ( 'NONE', #2464, #3214 ) ;
#1969 = SURFACE_STYLE_FILL_AREA ( #3335 ) ;
#1970 = DIRECTION ( 'NONE',  ( -0.000000000000000000, -1.000000000000000000, -0.000000000000000000 ) ) ;
#1971 = ORIENTED_EDGE ( 'NONE', *, *, #2855, .T. ) ;
#1972 = MECHANICAL_DESIGN_GEOMETRIC_PRESENTATION_REPRESENTATION (  '', ( #2848 ), #733 ) ;
#1973 = PRESENTATION_STYLE_ASSIGNMENT (( #5679 ) ) ;
#1974 = CIRCLE ( 'NONE', #4786, 0.4064000000000000390 ) ;
#1975 = SURFACE_STYLE_USAGE ( .BOTH. , #3890 ) ;
#1976 = SURFACE_STYLE_FILL_AREA ( #563 ) ;
#1977 = DIRECTION ( 'NONE',  ( 0.000000000000000000, 0.000000000000000000, 1.000000000000000000 ) ) ;
#1978 = LINE ( 'NONE', #1015, #1475 ) ;
#1979 = VECTOR ( 'NONE', #3874, 1000.000000000000000 ) ;
#1980 = VECTOR ( 'NONE', #796, 1000.000000000000000 ) ;
#1981 = ORIENTED_EDGE ( 'NONE', *, *, #1074, .F. ) ;
#1982 = LINE ( 'NONE', #1536, #3043 ) ;
#1983 = ADVANCED_FACE ( 'NONE', ( #1748 ), #3514, .T. ) ;
#1984 = VECTOR ( 'NONE', #167, 1000.000000000000000 ) ;
#1985 = VERTEX_POINT ( 'NONE', #2614 ) ;
#1986 = MECHANICAL_DESIGN_GEOMETRIC_PRESENTATION_REPRESENTATION (  '', ( #4226 ), #1788 ) ;
#1987 = PRESENTATION_LAYER_ASSIGNMENT (  '', '', ( #1686 ) ) ;
#1988 = FACE_BOUND ( 'NONE', #2846, .T. ) ;
#1989 = CARTESIAN_POINT ( 'NONE',  ( -1.122967651581291415, 0.000000000000000000, 3.733800000000000008 ) ) ;
#1990 = STYLED_ITEM ( 'NONE', ( #1434 ), #5377 ) ;
#1991 = AXIS2_PLACEMENT_3D ( 'NONE', #5218, #2813, #3324 ) ;
#1992 = UNCERTAINTY_MEASURE_WITH_UNIT (LENGTH_MEASURE( 1.000000000000000082E-05 ), #372, 'distance_accuracy_value', 'NONE');
#1993 =( GEOMETRIC_REPRESENTATION_CONTEXT ( 3 ) GLOBAL_UNCERTAINTY_ASSIGNED_CONTEXT ( ( #3761 ) ) GLOBAL_UNIT_ASSIGNED_CONTEXT ( ( #1432, #5135, #4204 ) ) REPRESENTATION_CONTEXT ( 'NONE', 'WORKASPACE' ) );
#1994 = VERTEX_POINT ( 'NONE', #2188 ) ;
#1995 = MECHANICAL_DESIGN_GEOMETRIC_PRESENTATION_REPRESENTATION (  '', ( #5287 ), #5761 ) ;
#1996 = DIRECTION ( 'NONE',  ( 0.000000000000000000, -0.000000000000000000, 1.000000000000000000 ) ) ;
#1997 = DIRECTION ( 'NONE',  ( 1.000000000000000000, 0.000000000000000000, 0.000000000000000000 ) ) ;
#1998 = CARTESIAN_POINT ( 'NONE',  ( -2.286000000000000032, 0.000000000000000000, -1.206500000000000128 ) ) ;
#1999 = DIRECTION ( 'NONE',  ( 1.000000000000000000, 0.000000000000000000, 0.000000000000000000 ) ) ;
#2000 = DIRECTION ( 'NONE',  ( 1.000000000000000000, 0.000000000000000000, -0.000000000000000000 ) ) ;
#2001 = EDGE_CURVE ( 'NONE', #2743, #1172, #4519, .T. ) ;
#2002 = EDGE_CURVE ( 'NONE', #2363, #4848, #3116, .T. ) ;
#2003 = CONTEXT_DEPENDENT_SHAPE_REPRESENTATION ( #5693, #4362 ) ;
#2004 =( LENGTH_UNIT ( ) NAMED_UNIT ( * ) SI_UNIT ( .MILLI., .METRE. ) );
#2005 = LINE ( 'NONE', #2821, #3314 ) ;
#2006 =( NAMED_UNIT ( * ) PLANE_ANGLE_UNIT ( ) SI_UNIT ( $, .RADIAN. ) );
#2007 = LINE ( 'NONE', #1547, #1883 ) ;
#2008 = ORIENTED_EDGE ( 'NONE', *, *, #3782, .T. ) ;
#2009 = DIRECTION ( 'NONE',  ( -1.000000000000000000, 0.000000000000000000, -0.000000000000000000 ) ) ;
#2010 = STYLED_ITEM ( 'NONE', ( #751 ), #147 ) ;
#2011 = FACE_OUTER_BOUND ( 'NONE', #1769, .T. ) ;
#2012 = LINE ( 'NONE', #5312, #3496 ) ;
#2013 =( NAMED_UNIT ( * ) PLANE_ANGLE_UNIT ( ) SI_UNIT ( $, .RADIAN. ) );
#2014 = VECTOR ( 'NONE', #896, 1000.000000000000000 ) ;
#2015 = EDGE_LOOP ( 'NONE', ( #5587, #4479, #1111, #2257 ) ) ;
#2016 = LINE ( 'NONE', #1558, #3340 ) ;
#2017 = SURFACE_SIDE_STYLE ('',( #169 ) ) ;
#2018 = DIRECTION ( 'NONE',  ( -0.8660254037844391517, 0.000000000000000000, 0.4999999999999990563 ) ) ;
#2019 = EDGE_CURVE ( 'NONE', #1844, #2822, #3358, .T. ) ;
#2020 = DIRECTION ( 'NONE',  ( -1.000000000000000000, 0.000000000000000000, 0.000000000000000000 ) ) ;
#2021 = UNCERTAINTY_MEASURE_WITH_UNIT (LENGTH_MEASURE( 1.000000000000000082E-05 ), #779, 'distance_accuracy_value', 'NONE');
#2022 = ORIENTED_EDGE ( 'NONE', *, *, #2024, .F. ) ;
#2023 = FILL_AREA_STYLE ('',( #4339 ) ) ;
#2024 = EDGE_CURVE ( 'NONE', #4914, #3283, #5212, .T. ) ;
#2025 = UNCERTAINTY_MEASURE_WITH_UNIT (LENGTH_MEASURE( 1.000000000000000082E-05 ), #3952, 'distance_accuracy_value', 'NONE');
#2026 = APPLICATION_PROTOCOL_DEFINITION ( 'draft international standard', 'automotive_design', 1998, #15 ) ;
#2027 = SURFACE_STYLE_FILL_AREA ( #4789 ) ;
#2028 =( LENGTH_UNIT ( ) NAMED_UNIT ( * ) SI_UNIT ( .MILLI., .METRE. ) );
#2029 = ADVANCED_FACE ( 'NONE', ( #2899 ), #4663, .T. ) ;
#2030 = EDGE_LOOP ( 'NONE', ( #655, #1470, #5623, #1194 ) ) ;
#2031 = CARTESIAN_POINT ( 'NONE',  ( -3.416300000000000114, 2.616200000000000081, 25.39999999999999858 ) ) ;
#2032 = CARTESIAN_POINT ( 'NONE',  ( 6.870700000000000252, 0.8128000000000000780, 0.6095999999999999197 ) ) ;
#2033 = ORIENTED_EDGE ( 'NONE', *, *, #1515, .T. ) ;
#2034 = CARTESIAN_POINT ( 'NONE',  ( -2.286000000000000032, 0.000000000000000000, 1.206500000000000128 ) ) ;
#2035 =( NAMED_UNIT ( * ) PLANE_ANGLE_UNIT ( ) SI_UNIT ( $, .RADIAN. ) );
#2036 = FACE_OUTER_BOUND ( 'NONE', #3792, .T. ) ;
#2037 = DIRECTION ( 'NONE',  ( -0.000000000000000000, 1.000000000000000000, 0.000000000000000000 ) ) ;
#2038 = UNCERTAINTY_MEASURE_WITH_UNIT (LENGTH_MEASURE( 1.000000000000000082E-05 ), #3270, 'distance_accuracy_value', 'NONE');
#2039 = ORIENTED_EDGE ( 'NONE', *, *, #77, .F. ) ;
#2040 = EDGE_LOOP ( 'NONE', ( #389, #4346, #1761, #5209 ) ) ;
#2041 = ORIENTED_EDGE ( 'NONE', *, *, #176, .T. ) ;
#2042 =( NAMED_UNIT ( * ) SI_UNIT ( $, .STERADIAN. ) SOLID_ANGLE_UNIT ( ) );
#2043 = AXIS2_PLACEMENT_3D ( 'NONE', #16, #1362, #3185 ) ;
#2044 = SURFACE_STYLE_USAGE ( .BOTH. , #691 ) ;
#2045 = LINE ( 'NONE', #3907, #4328 ) ;
#2046 = ORIENTED_EDGE ( 'NONE', *, *, #3328, .F. ) ;
#2047 = ORIENTED_EDGE ( 'NONE', *, *, #4391, .F. ) ;
#2048 = CARTESIAN_POINT ( 'NONE',  ( 6.870700000000000252, 0.8128000000000000780, -0.2032000000000000195 ) ) ;
#2049 = DIRECTION ( 'NONE',  ( 0.000000000000000000, 1.000000000000000000, 0.000000000000000000 ) ) ;
#2050 = SURFACE_STYLE_USAGE ( .BOTH. , #3982 ) ;
#2051 = DIRECTION ( 'NONE',  ( 0.000000000000000000, 0.000000000000000000, 1.000000000000000000 ) ) ;
#2052 = ADVANCED_FACE ( 'NONE', ( #1835 ), #5451, .T. ) ;
#2053 = ORIENTED_EDGE ( 'NONE', *, *, #5640, .T. ) ;
#2054 = DIRECTION ( 'NONE',  ( -1.000000000000000000, 0.000000000000000000, 0.000000000000000000 ) ) ;
#2055 = CARTESIAN_POINT ( 'NONE',  ( 1.663699999999999957, 2.616200000000000081, 0.000000000000000000 ) ) ;
#2056 =( NAMED_UNIT ( * ) SI_UNIT ( $, .STERADIAN. ) SOLID_ANGLE_UNIT ( ) );
#2057 =( NAMED_UNIT ( * ) PLANE_ANGLE_UNIT ( ) SI_UNIT ( $, .RADIAN. ) );
#2058 = CARTESIAN_POINT ( 'NONE',  ( 6.743700000000000472, 8.509000000000000341, 0.3936999999999999944 ) ) ;
#2059 = FACE_OUTER_BOUND ( 'NONE', #4274, .T. ) ;
#2060 = SURFACE_SIDE_STYLE ('',( #3896 ) ) ;
#2061 = ORIENTED_EDGE ( 'NONE', *, *, #4391, .T. ) ;
#2062 = CARTESIAN_POINT ( 'NONE',  ( 0.8762999999999999678, 8.509000000000000341, -0.3936999999999999944 ) ) ;
#2063 = VECTOR ( 'NONE', #4069, 1000.000000000000000 ) ;
#2064 =( LENGTH_UNIT ( ) NAMED_UNIT ( * ) SI_UNIT ( .MILLI., .METRE. ) );
#2065 = VECTOR ( 'NONE', #912, 1000.000000000000000 ) ;
#2066 = ADVANCED_FACE ( 'NONE', ( #5921 ), #3650, .T. ) ;
#2067 = COLOUR_RGB ( '',1.000000000000000000, 1.000000000000000000, 0.000000000000000000 ) ;
#2068 =( LENGTH_UNIT ( ) NAMED_UNIT ( * ) SI_UNIT ( .MILLI., .METRE. ) );
#2069 = CARTESIAN_POINT ( 'NONE',  ( -6.743700000000000472, 0.8128000000000000780, 0.6095999999999999197 ) ) ;
#2070 = AXIS2_PLACEMENT_3D ( 'NONE', #1038, #640, #5220 ) ;
#2071 = AXIS2_PLACEMENT_3D ( 'NONE', #4282, #3781, #1474 ) ;
#2072 = ORIENTED_EDGE ( 'NONE', *, *, #1583, .F. ) ;
#2073 = AXIS2_PLACEMENT_3D ( 'NONE', #2069, #1055, #683 ) ;
#2074 = VERTEX_POINT ( 'NONE', #3516 ) ;
#2075 = CARTESIAN_POINT ( 'NONE',  ( 6.870700000000000252, 0.8128000000000000780, -0.2032000000000000195 ) ) ;
#2076 =( GEOMETRIC_REPRESENTATION_CONTEXT ( 3 ) GLOBAL_UNCERTAINTY_ASSIGNED_CONTEXT ( ( #1965 ) ) GLOBAL_UNIT_ASSIGNED_CONTEXT ( ( #3374, #672, #1552 ) ) REPRESENTATION_CONTEXT ( 'NONE', 'WORKASPACE' ) );
#2077 = VECTOR ( 'NONE', #4943, 1000.000000000000000 ) ;
#2078 = FACE_OUTER_BOUND ( 'NONE', #3942, .T. ) ;
#2079 = FILL_AREA_STYLE ('',( #689 ) ) ;
#2080 =( GEOMETRIC_REPRESENTATION_CONTEXT ( 3 ) GLOBAL_UNCERTAINTY_ASSIGNED_CONTEXT ( ( #1759 ) ) GLOBAL_UNIT_ASSIGNED_CONTEXT ( ( #2398, #2790, #489 ) ) REPRESENTATION_CONTEXT ( 'NONE', 'WORKASPACE' ) );
#2081 = CARTESIAN_POINT ( 'NONE',  ( 7.365999999999999659, 0.5079999999999997851, 1.206500000000000128 ) ) ;
#2082 = CARTESIAN_POINT ( 'NONE',  ( -6.743700000000000472, 8.509000000000000341, 0.3936999999999999944 ) ) ;
#2083 = DIRECTION ( 'NONE',  ( -1.000000000000000000, -0.000000000000000000, 0.000000000000000000 ) ) ;
#2084 = VECTOR ( 'NONE', #2801, 1000.000000000000000 ) ;
#2085 = PRESENTATION_LAYER_ASSIGNMENT (  '', '', ( #937 ) ) ;
#2086 = ORIENTED_EDGE ( 'NONE', *, *, #1921, .F. ) ;
#2087 =( NAMED_UNIT ( * ) PLANE_ANGLE_UNIT ( ) SI_UNIT ( $, .RADIAN. ) );
#2088 = PRESENTATION_LAYER_ASSIGNMENT (  '', '', ( #4905 ) ) ;
#2089 = FACE_BOUND ( 'NONE', #3884, .T. ) ;
#2090 = EDGE_CURVE ( 'NONE', #2494, #4459, #5305, .T. ) ;
#2091 = SURFACE_STYLE_FILL_AREA ( #606 ) ;
#2092 =( GEOMETRIC_REPRESENTATION_CONTEXT ( 3 ) GLOBAL_UNCERTAINTY_ASSIGNED_CONTEXT ( ( #1115 ) ) GLOBAL_UNIT_ASSIGNED_CONTEXT ( ( #4569, #3693, #1 ) ) REPRESENTATION_CONTEXT ( 'NONE', 'WORKASPACE' ) );
#2093 = ORIENTED_EDGE ( 'NONE', *, *, #5137, .F. ) ;
#2094 = SURFACE_STYLE_FILL_AREA ( #247 ) ;
#2095 = FILL_AREA_STYLE ('',( #250 ) ) ;
#2096 =( NAMED_UNIT ( * ) SI_UNIT ( $, .STERADIAN. ) SOLID_ANGLE_UNIT ( ) );
#2097 =( NAMED_UNIT ( * ) PLANE_ANGLE_UNIT ( ) SI_UNIT ( $, .RADIAN. ) );
#2098 = FACE_OUTER_BOUND ( 'NONE', #2958, .T. ) ;
#2099 = DIRECTION ( 'NONE',  ( -1.000000000000000000, 0.000000000000000000, 0.000000000000000000 ) ) ;
#2100 = FACE_OUTER_BOUND ( 'NONE', #4422, .T. ) ;
#2101 = CARTESIAN_POINT ( 'NONE',  ( -3.662967651581293893, 25.39999999999999858, 3.733799999999996011 ) ) ;
#2102 = LINE ( 'NONE', #2479, #2154 ) ;
#2103 = EDGE_CURVE ( 'NONE', #2781, #3085, #4423, .T. ) ;
#2104 =( NAMED_UNIT ( * ) PLANE_ANGLE_UNIT ( ) SI_UNIT ( $, .RADIAN. ) );
#2105 = ORIENTED_EDGE ( 'NONE', *, *, #4577, .F. ) ;
#2106 = ORIENTED_EDGE ( 'NONE', *, *, #1693, .T. ) ;
#2107 = EDGE_CURVE ( 'NONE', #1742, #644, #3981, .T. ) ;
#2108 = CARTESIAN_POINT ( 'NONE',  ( 0.2540000000000000036, 0.5080000000000000071, -1.206500000000000128 ) ) ;
#2109 = CARTESIAN_POINT ( 'NONE',  ( -3.416300000000000114, 2.616200000000000081, -0.2032000000000006024 ) ) ;
#2110 = CARTESIAN_POINT ( 'NONE',  ( 1.122967651581292303, 0.4064000000000000390, 3.733800000000000008 ) ) ;
#2111 = DIRECTION ( 'NONE',  ( 0.000000000000000000, -1.000000000000000000, -0.000000000000000000 ) ) ;
#2112 = EDGE_LOOP ( 'NONE', ( #3951, #2041, #1078, #2323 ) ) ;
#2113 = VERTEX_POINT ( 'NONE', #4012 ) ;
#2114 = PLANE ( 'NONE',  #1316 ) ;
#2115 = CARTESIAN_POINT ( 'NONE',  ( 0.8762999999999999678, 2.616199999999999193, 25.39999999999999858 ) ) ;
#2116 = LINE ( 'NONE', #2194, #1376 ) ;
#2117 = STYLED_ITEM ( 'NONE', ( #2918 ), #5117 ) ;
#2118 = ORIENTED_EDGE ( 'NONE', *, *, #5586, .F. ) ;
#2119 = UNCERTAINTY_MEASURE_WITH_UNIT (LENGTH_MEASURE( 1.000000000000000082E-05 ), #3785, 'distance_accuracy_value', 'NONE');
#2120 = PRESENTATION_LAYER_ASSIGNMENT (  '', '', ( #3682 ) ) ;
#2121 = PLANE ( 'NONE',  #2378 ) ;
#2122 = CARTESIAN_POINT ( 'NONE',  ( -0.8762999999999999678, 0.5079999999999997851, 0.3936999999999999944 ) ) ;
#2123 = SURFACE_SIDE_STYLE ('',( #4440 ) ) ;
#2124 = CARTESIAN_POINT ( 'NONE',  ( 6.743700000000000472, 0.4063999999999957091, 3.306559094877498772 ) ) ;
#2125 = LINE ( 'NONE', #3460, #5061 ) ;
#2126 = DIRECTION ( 'NONE',  ( 0.000000000000000000, 0.000000000000000000, -1.000000000000000000 ) ) ;
#2127 = ORIENTED_EDGE ( 'NONE', *, *, #5688, .T. ) ;
#2128 = EDGE_CURVE ( 'NONE', #5069, #4914, #180, .T. ) ;
#2129 = VECTOR ( 'NONE', #619, 1000.000000000000000 ) ;
#2130 = DIRECTION ( 'NONE',  ( 0.000000000000000000, 0.000000000000000000, 1.000000000000000000 ) ) ;
#2131 = LINE ( 'NONE', #5635, #1103 ) ;
#2132 = ORIENTED_EDGE ( 'NONE', *, *, #1797, .T. ) ;
#2133 = ORIENTED_EDGE ( 'NONE', *, *, #3521, .T. ) ;
#2134 = VECTOR ( 'NONE', #3988, 1000.000000000000000 ) ;
#2135 = DIRECTION ( 'NONE',  ( -0.8660254037844380415, 0.000000000000000000, 0.5000000000000009992 ) ) ;
#2136 = DIRECTION ( 'NONE',  ( 1.000000000000000000, 0.000000000000000000, -0.000000000000000000 ) ) ;
#2137 =( GEOMETRIC_REPRESENTATION_CONTEXT ( 3 ) GLOBAL_UNCERTAINTY_ASSIGNED_CONTEXT ( ( #2294 ) ) GLOBAL_UNIT_ASSIGNED_CONTEXT ( ( #1287, #390, #1323 ) ) REPRESENTATION_CONTEXT ( 'NONE', 'WORKASPACE' ) );
#2138 = SURFACE_STYLE_USAGE ( .BOTH. , #5774 ) ;
#2139 = CARTESIAN_POINT ( 'NONE',  ( 3.416300000000000114, -8.889999999999998792, 25.39999999999999858 ) ) ;
#2140 = LINE ( 'NONE', #231, #2271 ) ;
#2141 = CARTESIAN_POINT ( 'NONE',  ( 5.956300000000000594, 0.000000000000000000, 3.306559094877498772 ) ) ;
#2142 = ORIENTED_EDGE ( 'NONE', *, *, #3634, .T. ) ;
#2143 =( GEOMETRIC_REPRESENTATION_CONTEXT ( 3 ) GLOBAL_UNCERTAINTY_ASSIGNED_CONTEXT ( ( #4850 ) ) GLOBAL_UNIT_ASSIGNED_CONTEXT ( ( #1811, #4547, #888 ) ) REPRESENTATION_CONTEXT ( 'NONE', 'WORKASPACE' ) );
#2144 = ORIENTED_EDGE ( 'NONE', *, *, #4831, .F. ) ;
#2145 = CARTESIAN_POINT ( 'NONE',  ( -5.956299999999999706, 0.4063999999999873269, 3.306559094877499216 ) ) ;
#2146 = CARTESIAN_POINT ( 'NONE',  ( 5.956299999999999706, 0.4064000000000000390, 0.6095999999999999197 ) ) ;
#2147 = UNCERTAINTY_MEASURE_WITH_UNIT (LENGTH_MEASURE( 1.000000000000000082E-05 ), #1152, 'distance_accuracy_value', 'NONE');
#2148 = DIRECTION ( 'NONE',  ( 1.000000000000000000, 0.000000000000000000, -0.000000000000000000 ) ) ;
#2149 = EDGE_CURVE ( 'NONE', #5238, #5432, #5716, .T. ) ;
#2150 = SURFACE_STYLE_FILL_AREA ( #774 ) ;
#2151 =( NAMED_UNIT ( * ) PLANE_ANGLE_UNIT ( ) SI_UNIT ( $, .RADIAN. ) );
#2152 = PRESENTATION_LAYER_ASSIGNMENT (  '', '', ( #909 ) ) ;
#2153 = VERTEX_POINT ( 'NONE', #1632 ) ;
#2154 = VECTOR ( 'NONE', #5704, 1000.000000000000000 ) ;
#2155 = DIRECTION ( 'NONE',  ( 0.000000000000000000, 1.000000000000000000, -0.000000000000000000 ) ) ;
#2156 = FACE_OUTER_BOUND ( 'NONE', #5964, .T. ) ;
#2157 = DIRECTION ( 'NONE',  ( 0.000000000000000000, 1.000000000000000000, -0.000000000000000000 ) ) ;
#2158 = ORIENTED_EDGE ( 'NONE', *, *, #1154, .T. ) ;
#2159 = PLANE ( 'NONE',  #5938 ) ;
#2160 =( LENGTH_UNIT ( ) NAMED_UNIT ( * ) SI_UNIT ( .MILLI., .METRE. ) );
#2161 = SURFACE_STYLE_FILL_AREA ( #3500 ) ;
#2162 = LINE ( 'NONE', #1318, #4273 ) ;
#2163 = LINE ( 'NONE', #4284, #3732 ) ;
#2164 = DIRECTION ( 'NONE',  ( 5.335640612625509322E-17, -1.000000000000000000, 0.000000000000000000 ) ) ;
#2166 = EDGE_CURVE ( 'NONE', #166, #2334, #1210, .T. ) ;
#2165 = STYLED_ITEM ( 'NONE', ( #2968 ), #2491 ) ;
#2167 =( NAMED_UNIT ( * ) SI_UNIT ( $, .STERADIAN. ) SOLID_ANGLE_UNIT ( ) );
#2168 = VERTEX_POINT ( 'NONE', #3954 ) ;
#2169 = ORIENTED_EDGE ( 'NONE', *, *, #3893, .T. ) ;
#2170 = VECTOR ( 'NONE', #4375, 1000.000000000000000 ) ;
#2171 = ORIENTED_EDGE ( 'NONE', *, *, #915, .F. ) ;
#2172 = VECTOR ( 'NONE', #4190, 1000.000000000000000 ) ;
#2173 = FILL_AREA_STYLE ('',( #321 ) ) ;
#2174 = PRESENTATION_LAYER_ASSIGNMENT (  '', '', ( #2277 ) ) ;
#2175 =( REPRESENTATION_RELATIONSHIP ('NONE','NONE', #1294, #3086 ) REPRESENTATION_RELATIONSHIP_WITH_TRANSFORMATION ( #2461 )SHAPE_REPRESENTATION_RELATIONSHIP( ) );
#2176 = CARTESIAN_POINT ( 'NONE',  ( -6.497032348418711578, 0.000000000000000000, 3.733799999999999120 ) ) ;
#2177 = CARTESIAN_POINT ( 'NONE',  ( 1.663699999999999957, 0.5079999999999998961, 0.3937000000000001609 ) ) ;
#2178 = STYLED_ITEM ( 'NONE', ( #1838 ), #4164 ) ;
#2179 =( NAMED_UNIT ( * ) SI_UNIT ( $, .STERADIAN. ) SOLID_ANGLE_UNIT ( ) );
#2180 = VECTOR ( 'NONE', #2728, 1000.000000000000000 ) ;
#2181 = LINE ( 'NONE', #4043, #3048 ) ;
#2182 = CARTESIAN_POINT ( 'NONE',  ( 4.203700000000000436, 8.509000000000000341, 0.3936999999999999944 ) ) ;
#2183 = AXIS2_PLACEMENT_3D ( 'NONE', #119, #5690, #4871 ) ;
#2184 = LINE ( 'NONE', #2220, #4783 ) ;
#2185 = ORIENTED_EDGE ( 'NONE', *, *, #5329, .F. ) ;
#2186 = ORIENTED_EDGE ( 'NONE', *, *, #809, .F. ) ;
#2187 = CARTESIAN_POINT ( 'NONE',  ( 1.663699999999999957, 8.509000000000000341, -0.3936999999999999944 ) ) ;
#2188 = CARTESIAN_POINT ( 'NONE',  ( 4.825999999999999623, 0.000000000000000000, -1.206500000000000128 ) ) ;
#2189 = VECTOR ( 'NONE', #5613, 1000.000000000000000 ) ;
#2190 = SURFACE_STYLE_FILL_AREA ( #5487 ) ;
#2191 = LINE ( 'NONE', #2249, #894 ) ;
#2192 = ADVANCED_FACE ( 'NONE', ( #238, #3485, #4462, #2089, #301, #742, #2588 ), #772, .F. ) ;
#2193 =( GEOMETRIC_REPRESENTATION_CONTEXT ( 3 ) GLOBAL_UNCERTAINTY_ASSIGNED_CONTEXT ( ( #5616 ) ) GLOBAL_UNIT_ASSIGNED_CONTEXT ( ( #4413, #4929, #4062 ) ) REPRESENTATION_CONTEXT ( 'NONE', 'WORKASPACE' ) );
#2194 = CARTESIAN_POINT ( 'NONE',  ( 3.416300000000000114, 0.4064000000000000390, 0.6095999999999999197 ) ) ;
#2195 = VECTOR ( 'NONE', #4356, 1000.000000000000000 ) ;
#2196 = PRESENTATION_LAYER_ASSIGNMENT (  '', '', ( #5475 ) ) ;
#2197 = SURFACE_STYLE_USAGE ( .BOTH. , #3706 ) ;
#2198 = MECHANICAL_DESIGN_GEOMETRIC_PRESENTATION_REPRESENTATION (  '', ( #937 ), #549 ) ;
#2199 = AXIS2_PLACEMENT_3D ( 'NONE', #1570, #1116, #2457 ) ;
#2200 = ORIENTED_EDGE ( 'NONE', *, *, #3782, .F. ) ;
#2201 = ADVANCED_FACE ( 'NONE', ( #2929 ), #3005, .T. ) ;
#2202 = VECTOR ( 'NONE', #3490, 1000.000000000000000 ) ;
#2203 = VECTOR ( 'NONE', #5689, 1000.000000000000114 ) ;
#2204 = DIRECTION ( 'NONE',  ( 1.000000000000000000, 0.000000000000000000, 0.000000000000000000 ) ) ;
#2205 = SURFACE_STYLE_FILL_AREA ( #2718 ) ;
#2206 = LINE ( 'NONE', #5967, #1192 ) ;
#2207 = CARTESIAN_POINT ( 'NONE',  ( 4.825999999999999623, 0.5080000000000000071, 5.080000000000000071 ) ) ;
#2208 = UNCERTAINTY_MEASURE_WITH_UNIT (LENGTH_MEASURE( 1.000000000000000082E-05 ), #4353, 'distance_accuracy_value', 'NONE');
#2209 = ORIENTED_EDGE ( 'NONE', *, *, #5261, .T. ) ;
#2210 = PRESENTATION_STYLE_ASSIGNMENT (( #2627 ) ) ;
#2211 = PLANE ( 'NONE',  #3481 ) ;
#2212 =( NAMED_UNIT ( * ) SI_UNIT ( $, .STERADIAN. ) SOLID_ANGLE_UNIT ( ) );
#2213 = EDGE_LOOP ( 'NONE', ( #2598, #3225, #1842, #1231 ) ) ;
#2214 = AXIS2_PLACEMENT_3D ( 'NONE', #5908, #2164, #2702 ) ;
#2215 = ORIENTED_EDGE ( 'NONE', *, *, #340, .T. ) ;
#2216 = FACE_OUTER_BOUND ( 'NONE', #4293, .T. ) ;
#2217 =( GEOMETRIC_REPRESENTATION_CONTEXT ( 3 ) GLOBAL_UNCERTAINTY_ASSIGNED_CONTEXT ( ( #3858 ) ) GLOBAL_UNIT_ASSIGNED_CONTEXT ( ( #4403, #1863, #4689 ) ) REPRESENTATION_CONTEXT ( 'NONE', 'WORKASPACE' ) );
#2218 = LINE ( 'NONE', #392, #3506 ) ;
#2219 = FILL_AREA_STYLE ('',( #1381 ) ) ;
#2220 = CARTESIAN_POINT ( 'NONE',  ( -7.873999999999998778, 0.000000000000000000, 1.206499999999999906 ) ) ;
#2221 = ORIENTED_EDGE ( 'NONE', *, *, #5184, .F. ) ;
#2222 =( NAMED_UNIT ( * ) SI_UNIT ( $, .STERADIAN. ) SOLID_ANGLE_UNIT ( ) );
#2223 =( NAMED_UNIT ( * ) SI_UNIT ( $, .STERADIAN. ) SOLID_ANGLE_UNIT ( ) );
#2224 = PRESENTATION_STYLE_ASSIGNMENT (( #3119 ) ) ;
#2225 = LINE ( 'NONE', #4102, #1395 ) ;
#2226 = FILL_AREA_STYLE_COLOUR ( '', #2651 ) ;
#2227 = SURFACE_STYLE_USAGE ( .BOTH. , #867 ) ;
#2228 = CARTESIAN_POINT ( 'NONE',  ( 1.417032348418707510, 0.000000000000000000, 3.733800000000000008 ) ) ;
#2229 = FACE_OUTER_BOUND ( 'NONE', #5337, .T. ) ;
#2230 = EDGE_CURVE ( 'NONE', #3085, #4971, #5083, .T. ) ;
#2231 = CARTESIAN_POINT ( 'NONE',  ( -5.956299999999999706, 8.509000000000000341, 0.3936999999999999944 ) ) ;
#2232 = MANIFOLD_SOLID_BREP ( 'Imported1', #5570 ) ;
#2233 = VERTEX_POINT ( 'NONE', #1281 ) ;
#2234 = CARTESIAN_POINT ( 'NONE',  ( -5.333999999999999631, 8.509000000000000341, 1.206499999999999906 ) ) ;
#2235 = SURFACE_STYLE_FILL_AREA ( #1319 ) ;
#2236 = DIRECTION ( 'NONE',  ( 0.000000000000000000, -0.000000000000000000, 1.000000000000000000 ) ) ;
#2237 = EDGE_CURVE ( 'NONE', #1284, #2710, #5530, .T. ) ;
#2238 = ORIENTED_EDGE ( 'NONE', *, *, #3960, .T. ) ;
#2239 = MECHANICAL_DESIGN_GEOMETRIC_PRESENTATION_REPRESENTATION (  '', ( #3595 ), #3690 ) ;
#2240 = ORIENTED_EDGE ( 'NONE', *, *, #2376, .T. ) ;
#2241 = SURFACE_SIDE_STYLE ('',( #5358 ) ) ;
#2242 = CARTESIAN_POINT ( 'NONE',  ( 6.743700000000000472, 0.8128000000000000780, 0.6095999999999999197 ) ) ;
#2243 = DIRECTION ( 'NONE',  ( 1.000000000000000000, -0.000000000000000000, -0.000000000000000000 ) ) ;
#2244 = ORIENTED_EDGE ( 'NONE', *, *, #2641, .F. ) ;
#2245 = CARTESIAN_POINT ( 'NONE',  ( 6.870700000000000252, 0.4064000000000000390, 3.733800000000000008 ) ) ;
#2246 = LINE ( 'NONE', #3177, #2483 ) ;
#2247 = FACE_OUTER_BOUND ( 'NONE', #4489, .T. ) ;
#2248 = DIRECTION ( 'NONE',  ( -1.000000000000000000, 0.000000000000000000, 0.000000000000000000 ) ) ;
#2249 = CARTESIAN_POINT ( 'NONE',  ( 7.873999999999998778, 8.509000000000000341, 0.000000000000000000 ) ) ;
#2250 = VECTOR ( 'NONE', #2875, 1000.000000000000000 ) ;
#2251 = PRESENTATION_STYLE_ASSIGNMENT (( #2278 ) ) ;
#2252 = EDGE_CURVE ( 'NONE', #4737, #1358, #4590, .T. ) ;
#2253 = CARTESIAN_POINT ( 'NONE',  ( -7.873999999999998778, 8.509000000000000341, -1.206499999999999906 ) ) ;
#2254 = VERTEX_POINT ( 'NONE', #3130 ) ;
#2255 = CARTESIAN_POINT ( 'NONE',  ( 4.203700000000000436, 8.509000000000000341, 0.3936999999999999944 ) ) ;
#2256 = DIRECTION ( 'NONE',  ( 1.000000000000000000, -0.000000000000000000, -0.000000000000000000 ) ) ;
#2257 = ORIENTED_EDGE ( 'NONE', *, *, #3312, .F. ) ;
#2258 =( NAMED_UNIT ( * ) SI_UNIT ( $, .STERADIAN. ) SOLID_ANGLE_UNIT ( ) );
#2259 = DIRECTION ( 'NONE',  ( 0.000000000000000000, 0.000000000000000000, 1.000000000000000000 ) ) ;
#2260 = CARTESIAN_POINT ( 'NONE',  ( 6.870700000000000252, 0.8128000000000000780, 0.2031999999999999640 ) ) ;
#2261 = ORIENTED_EDGE ( 'NONE', *, *, #2486, .F. ) ;
#2262 = ORIENTED_EDGE ( 'NONE', *, *, #621, .T. ) ;
#2263 = ADVANCED_FACE ( 'NONE', ( #4956 ), #814, .F. ) ;
#2264 = EDGE_CURVE ( 'NONE', #3456, #2254, #876, .T. ) ;
#2265 = CARTESIAN_POINT ( 'NONE',  ( -3.416300000000000558, 2.616200000000000525, 0.2032000000000003803 ) ) ;
#2266 = SURFACE_SIDE_STYLE ('',( #418 ) ) ;
#2267 = CARTESIAN_POINT ( 'NONE',  ( 4.203700000000000436, 0.4063999999999999280, 0.6095999999999994756 ) ) ;
#2268 = AXIS2_PLACEMENT_3D ( 'NONE', #3913, #4366, #158 ) ;
#2269 = ORIENTED_EDGE ( 'NONE', *, *, #3288, .F. ) ;
#2270 = STYLED_ITEM ( 'NONE', ( #5112 ), #4006 ) ;
#2271 = VECTOR ( 'NONE', #1201, 1000.000000000000000 ) ;
#2272 =( NAMED_UNIT ( * ) PLANE_ANGLE_UNIT ( ) SI_UNIT ( $, .RADIAN. ) );
#2273 = FILL_AREA_STYLE ('',( #5065 ) ) ;
#2274 = PRESENTATION_STYLE_ASSIGNMENT (( #1300 ) ) ;
#2275 = DIRECTION ( 'NONE',  ( 1.000000000000000000, -0.000000000000000000, 0.000000000000000000 ) ) ;
#2276 = STYLED_ITEM ( 'NONE', ( #3477 ), #2808 ) ;
#2277 = STYLED_ITEM ( 'NONE', ( #3289 ), #3677 ) ;
#2278 = SURFACE_STYLE_USAGE ( .BOTH. , #5453 ) ;
#2279 = SURFACE_STYLE_USAGE ( .BOTH. , #4578 ) ;
#2280 =( GEOMETRIC_REPRESENTATION_CONTEXT ( 3 ) GLOBAL_UNCERTAINTY_ASSIGNED_CONTEXT ( ( #3382 ) ) GLOBAL_UNIT_ASSIGNED_CONTEXT ( ( #4610, #3701, #4666 ) ) REPRESENTATION_CONTEXT ( 'NONE', 'WORKASPACE' ) );
#2281 = MECHANICAL_DESIGN_GEOMETRIC_PRESENTATION_REPRESENTATION (  '', ( #5571 ), #3141 ) ;
#2282 =( GEOMETRIC_REPRESENTATION_CONTEXT ( 3 ) GLOBAL_UNCERTAINTY_ASSIGNED_CONTEXT ( ( #220 ) ) GLOBAL_UNIT_ASSIGNED_CONTEXT ( ( #139, #1102, #5233 ) ) REPRESENTATION_CONTEXT ( 'NONE', 'WORKASPACE' ) );
#2283 = EDGE_CURVE ( 'NONE', #5185, #688, #5942, .T. ) ;
#2284 = AXIS2_PLACEMENT_3D ( 'NONE', #4377, #1559, #3935 ) ;
#2286 = STYLED_ITEM ( 'NONE', ( #5596 ), #4925 ) ;
#2285 = LINE ( 'NONE', #2228, #754 ) ;
#2287 = FILL_AREA_STYLE_COLOUR ( '', #3766 ) ;
#2288 = PRESENTATION_LAYER_ASSIGNMENT (  '', '', ( #1118 ) ) ;
#2289 = SURFACE_STYLE_USAGE ( .BOTH. , #4057 ) ;
#2290 = COLOUR_RGB ( '',0.6901960784313725394, 0.6901960784313725394, 0.6901960784313725394 ) ;
#2291 = PLANE ( 'NONE',  #332 ) ;
#2292 = MECHANICAL_DESIGN_GEOMETRIC_PRESENTATION_REPRESENTATION (  '', ( #4905 ), #1419 ) ;
#2293 = ORIENTED_EDGE ( 'NONE', *, *, #3329, .F. ) ;
#2294 = UNCERTAINTY_MEASURE_WITH_UNIT (LENGTH_MEASURE( 1.000000000000000082E-05 ), #1287, 'distance_accuracy_value', 'NONE');
#2295 = CARTESIAN_POINT ( 'NONE',  ( 6.870700000000000252, 0.8128000000000000780, 0.6095999999999999197 ) ) ;
#2296 = PLANE ( 'NONE',  #4418 ) ;
#2297 = DIRECTION ( 'NONE',  ( 0.000000000000000000, 0.000000000000000000, 1.000000000000000000 ) ) ;
#2298 = CARTESIAN_POINT ( 'NONE',  ( -3.416300000000000114, 8.509000000000000341, 0.3936999999999999944 ) ) ;
#2299 =( LENGTH_UNIT ( ) NAMED_UNIT ( * ) SI_UNIT ( .MILLI., .METRE. ) );
#2300 = ORIENTED_EDGE ( 'NONE', *, *, #4894, .F. ) ;
#2301 = ORIENTED_EDGE ( 'NONE', *, *, #5440, .T. ) ;
#2302 = ADVANCED_FACE ( 'NONE', ( #2011 ), #5285, .T. ) ;
#2303 = FILL_AREA_STYLE_COLOUR ( '', #144 ) ;
#2304 = PRESENTATION_STYLE_ASSIGNMENT (( #3607 ) ) ;
#2305 = CARTESIAN_POINT ( 'NONE',  ( 6.870700000000000252, 0.8128000000000000780, -0.2032000000000000195 ) ) ;
#2306 = DIRECTION ( 'NONE',  ( 0.000000000000000000, 1.000000000000000000, -0.000000000000000000 ) ) ;
#2307 = ADVANCED_FACE ( 'NONE', ( #4891 ), #752, .T. ) ;
#2308 = PRESENTATION_STYLE_ASSIGNMENT (( #2333 ) ) ;
#2309 = ORIENTED_EDGE ( 'NONE', *, *, #4087, .T. ) ;
#2310 = STYLED_ITEM ( 'NONE', ( #4279 ), #114 ) ;
#2311 = SURFACE_STYLE_FILL_AREA ( #1749 ) ;
#2312 = FACE_OUTER_BOUND ( 'NONE', #3258, .T. ) ;
#2313 = LINE ( 'NONE', #4165, #1473 ) ;
#2314 = DIRECTION ( 'NONE',  ( 5.335640612625509322E-17, -1.000000000000000000, 0.000000000000000000 ) ) ;
#2315 = LINE ( 'NONE', #2689, #4964 ) ;
#2316 = CARTESIAN_POINT ( 'NONE',  ( 1.663699999999999957, 0.4064000000000003165, 3.306559094877498772 ) ) ;
#2317 = ORIENTED_EDGE ( 'NONE', *, *, #4276, .F. ) ;
#2318 = ORIENTED_EDGE ( 'NONE', *, *, #1658, .F. ) ;
#2319 = FILL_AREA_STYLE_COLOUR ( '', #3200 ) ;
#2320 = DIRECTION ( 'NONE',  ( -0.000000000000000000, -0.000000000000000000, 1.000000000000000000 ) ) ;
#2321 = DIRECTION ( 'NONE',  ( -1.000000000000000000, 0.000000000000000000, 0.000000000000000000 ) ) ;
#2322 = SURFACE_STYLE_FILL_AREA ( #4584 ) ;
#2323 = ORIENTED_EDGE ( 'NONE', *, *, #3944, .F. ) ;
#2324 = FACE_OUTER_BOUND ( 'NONE', #3275, .T. ) ;
#2325 = DIRECTION ( 'NONE',  ( -1.000000000000000000, -0.000000000000000000, 0.000000000000000000 ) ) ;
#2326 = LINE ( 'NONE', #3686, #4149 ) ;
#2327 = SURFACE_STYLE_USAGE ( .BOTH. , #3844 ) ;
#2328 = ORIENTED_EDGE ( 'NONE', *, *, #1735, .F. ) ;
#2329 = EDGE_CURVE ( 'NONE', #1665, #1170, #2502, .T. ) ;
#2330 = PRESENTATION_LAYER_ASSIGNMENT (  '', '', ( #1258 ) ) ;
#2331 = ORIENTED_EDGE ( 'NONE', *, *, #2730, .F. ) ;
#2332 = FILL_AREA_STYLE_COLOUR ( '', #1806 ) ;
#2333 = SURFACE_STYLE_USAGE ( .BOTH. , #3233 ) ;
#2334 = VERTEX_POINT ( 'NONE', #1636 ) ;
#2335 = COLOUR_RGB ( '',0.6901960784313725394, 0.6901960784313725394, 0.6901960784313725394 ) ;
#2336 = LINE ( 'NONE', #5425, #3406 ) ;
#2337 = ORIENTED_EDGE ( 'NONE', *, *, #5694, .F. ) ;
#2338 = ORIENTED_EDGE ( 'NONE', *, *, #2107, .F. ) ;
#2339 = PLANE ( 'NONE',  #2908 ) ;
#2340 = EDGE_CURVE ( 'NONE', #3716, #2113, #251, .T. ) ;
#2341 = STYLED_ITEM ( 'NONE', ( #1931 ), #517 ) ;
#2342 = DIRECTION ( 'NONE',  ( 0.000000000000000000, 0.000000000000000000, 1.000000000000000000 ) ) ;
#2343 = CARTESIAN_POINT ( 'NONE',  ( 6.870700000000000252, 0.8128000000000000780, 0.2031999999999999640 ) ) ;
#2344 = PRESENTATION_STYLE_ASSIGNMENT (( #4677 ) ) ;
#2345 = AXIS2_PLACEMENT_3D ( 'NONE', #5513, #4137, #5960 ) ;
#2346 = ORIENTED_EDGE ( 'NONE', *, *, #5177, .T. ) ;
#2347 = LINE ( 'NONE', #5024, #4612 ) ;
#2348 = LINE ( 'NONE', #5973, #2521 ) ;
#2349 = PRESENTATION_LAYER_ASSIGNMENT (  '', '', ( #3402 ) ) ;
#2350 = LINE ( 'NONE', #1014, #85 ) ;
#2351 = LINE ( 'NONE', #5946, #831 ) ;
#2352 = ORIENTED_EDGE ( 'NONE', *, *, #5673, .F. ) ;
#2353 = MECHANICAL_DESIGN_GEOMETRIC_PRESENTATION_REPRESENTATION (  '', ( #4678 ), #515 ) ;
#2354 = EDGE_CURVE ( 'NONE', #5867, #2494, #3425, .T. ) ;
#2355 = UNCERTAINTY_MEASURE_WITH_UNIT (LENGTH_MEASURE( 1.000000000000000082E-05 ), #453, 'distance_accuracy_value', 'NONE');
#2356 = ORIENTED_EDGE ( 'NONE', *, *, #3563, .F. ) ;
#2357 = EDGE_LOOP ( 'NONE', ( #1485, #4982, #798, #5465 ) ) ;
#2358 = VECTOR ( 'NONE', #5311, 1000.000000000000000 ) ;
#2359 = SURFACE_STYLE_FILL_AREA ( #5609 ) ;
#2360 = DIRECTION ( 'NONE',  ( -1.000000000000000000, 0.000000000000000000, 0.000000000000000000 ) ) ;
#2361 = PRESENTATION_LAYER_ASSIGNMENT (  '', '', ( #329 ) ) ;
#2362 = SURFACE_STYLE_USAGE ( .BOTH. , #1958 ) ;
#2363 = VERTEX_POINT ( 'NONE', #1160 ) ;
#2364 = ORIENTED_EDGE ( 'NONE', *, *, #5897, .F. ) ;
#2365 = VECTOR ( 'NONE', #1233, 1000.000000000000000 ) ;
#2366 = ADVANCED_FACE ( 'NONE', ( #3002 ), #708, .T. ) ;
#2367 = VECTOR ( 'NONE', #1804, 1000.000000000000000 ) ;
#2368 = CONTEXT_DEPENDENT_SHAPE_REPRESENTATION ( #2175, #2694 ) ;
#2369 = PLANE ( 'NONE',  #914 ) ;
#2370 = CIRCLE ( 'NONE', #4316, 0.4064000000000000390 ) ;
#2371 = CARTESIAN_POINT ( 'NONE',  ( 7.873999999999998778, 8.509000000000000341, 1.206499999999999906 ) ) ;
#2372 = COLOUR_RGB ( '',1.000000000000000000, 1.000000000000000000, 0.000000000000000000 ) ;
#2373 = EDGE_CURVE ( 'NONE', #1908, #4994, #46, .T. ) ;
#2374 = FILL_AREA_STYLE_COLOUR ( '', #2930 ) ;
#2375 = AXIS2_PLACEMENT_3D ( 'NONE', #2872, #5295, #4804 ) ;
#2376 = EDGE_CURVE ( 'NONE', #2864, #4227, #2206, .T. ) ;
#2377 = ORIENTED_EDGE ( 'NONE', *, *, #2001, .T. ) ;
#2378 = AXIS2_PLACEMENT_3D ( 'NONE', #3395, #5720, #2009 ) ;
#2379 = FILL_AREA_STYLE_COLOUR ( '', #3444 ) ;
#2380 = DIRECTION ( 'NONE',  ( 1.000000000000000000, -0.000000000000000000, 0.000000000000000000 ) ) ;
#2381 = VECTOR ( 'NONE', #103, 1000.000000000000000 ) ;
#2382 = FACE_OUTER_BOUND ( 'NONE', #3708, .T. ) ;
#2383 = VECTOR ( 'NONE', #707, 1000.000000000000000 ) ;
#2384 = VERTEX_POINT ( 'NONE', #843 ) ;
#2385 = MECHANICAL_DESIGN_GEOMETRIC_PRESENTATION_REPRESENTATION (  '', ( #64 ), #1508 ) ;
#2386 = VECTOR ( 'NONE', #3351, 1000.000000000000000 ) ;
#2387 = ORIENTED_EDGE ( 'NONE', *, *, #3931, .T. ) ;
#2388 = CARTESIAN_POINT ( 'NONE',  ( -5.956299999999999706, 8.509000000000000341, 0.3936999999999999944 ) ) ;
#2389 =( GEOMETRIC_REPRESENTATION_CONTEXT ( 3 ) GLOBAL_UNCERTAINTY_ASSIGNED_CONTEXT ( ( #2403 ) ) GLOBAL_UNIT_ASSIGNED_CONTEXT ( ( #1370, #3774, #4560 ) ) REPRESENTATION_CONTEXT ( 'NONE', 'WORKASPACE' ) );
#2390 =( GEOMETRIC_REPRESENTATION_CONTEXT ( 3 ) GLOBAL_UNCERTAINTY_ASSIGNED_CONTEXT ( ( #1024 ) ) GLOBAL_UNIT_ASSIGNED_CONTEXT ( ( #4641, #974, #1383 ) ) REPRESENTATION_CONTEXT ( 'NONE', 'WORKASPACE' ) );
#2391 = SURFACE_STYLE_USAGE ( .BOTH. , #4640 ) ;
#2392 = ORIENTED_EDGE ( 'NONE', *, *, #5750, .T. ) ;
#2393 = ORIENTED_EDGE ( 'NONE', *, *, #1630, .T. ) ;
#2394 = DIRECTION ( 'NONE',  ( 0.000000000000000000, -0.000000000000000000, 1.000000000000000000 ) ) ;
#2395 = FILL_AREA_STYLE ('',( #2319 ) ) ;
#2396 = CARTESIAN_POINT ( 'NONE',  ( 1.663699999999999735, 0.4063999999999999280, 0.6095999999999994756 ) ) ;
#2397 = FACE_OUTER_BOUND ( 'NONE', #5649, .T. ) ;
#2398 =( LENGTH_UNIT ( ) NAMED_UNIT ( * ) SI_UNIT ( .MILLI., .METRE. ) );
#2399 = ORIENTED_EDGE ( 'NONE', *, *, #2002, .T. ) ;
#2400 = CARTESIAN_POINT ( 'NONE',  ( 0.2539999999999999480, 0.000000000000000000, -1.206500000000000128 ) ) ;
#2401 = ORIENTED_EDGE ( 'NONE', *, *, #759, .T. ) ;
#2402 = ORIENTED_EDGE ( 'NONE', *, *, #2892, .T. ) ;
#2403 = UNCERTAINTY_MEASURE_WITH_UNIT (LENGTH_MEASURE( 1.000000000000000082E-05 ), #1370, 'distance_accuracy_value', 'NONE');
#2404 = CARTESIAN_POINT ( 'NONE',  ( 6.870700000000000252, 0.8128000000000000780, 0.6095999999999999197 ) ) ;
#2405 = LINE ( 'NONE', #5133, #1095 ) ;
#2406 = LINE ( 'NONE', #102, #5647 ) ;
#2407 = LINE ( 'NONE', #4264, #2381 ) ;
#2408 = CARTESIAN_POINT ( 'NONE',  ( -6.870700000000000252, 2.743199999999999861, -0.6095999999999999197 ) ) ;
#2409 = ADVANCED_FACE ( 'NONE', ( #1817 ), #4079, .F. ) ;
#2410 = ORIENTED_EDGE ( 'NONE', *, *, #3416, .F. ) ;
#2411 = ADVANCED_FACE ( 'NONE', ( #2156 ), #1757, .T. ) ;
#2412 = CARTESIAN_POINT ( 'NONE',  ( -6.497032348418714243, 0.4064000000000000390, 3.733800000000000008 ) ) ;
#2413 = SURFACE_STYLE_USAGE ( .BOTH. , #3843 ) ;
#2414 = DIRECTION ( 'NONE',  ( -1.000000000000000000, 0.000000000000000000, -0.000000000000000000 ) ) ;
#2415 = LINE ( 'NONE', #1132, #4860 ) ;
#2416 = ORIENTED_EDGE ( 'NONE', *, *, #666, .T. ) ;
#2417 = ORIENTED_EDGE ( 'NONE', *, *, #3127, .F. ) ;
#2418 = CARTESIAN_POINT ( 'NONE',  ( -3.416300000000000114, 8.509000000000000341, 0.3936999999999999944 ) ) ;
#2419 = EDGE_CURVE ( 'NONE', #4724, #4370, #1489, .T. ) ;
#2420 = SURFACE_STYLE_USAGE ( .BOTH. , #570 ) ;
#2421 = UNCERTAINTY_MEASURE_WITH_UNIT (LENGTH_MEASURE( 1.000000000000000082E-05 ), #4095, 'distance_accuracy_value', 'NONE');
#2422 = PLANE ( 'NONE',  #434 ) ;
#2423 = PLANE ( 'NONE',  #2071 ) ;
#2424 = CARTESIAN_POINT ( 'NONE',  ( 6.743700000000000472, 0.8128000000000000780, 0.6095999999999999197 ) ) ;
#2425 = MECHANICAL_DESIGN_GEOMETRIC_PRESENTATION_REPRESENTATION (  '', ( #3467 ), #1929 ) ;
#2426 = CARTESIAN_POINT ( 'NONE',  ( -1.417032348418709065, 0.4064000000000000390, 3.733800000000000008 ) ) ;
#2427 = DIRECTION ( 'NONE',  ( 1.000000000000000000, -0.000000000000000000, -0.000000000000000000 ) ) ;
#2428 = FILL_AREA_STYLE_COLOUR ( '', #3839 ) ;
#2429 = ORIENTED_EDGE ( 'NONE', *, *, #714, .T. ) ;
#2430 = VERTEX_POINT ( 'NONE', #3711 ) ;
#2431 = SURFACE_STYLE_FILL_AREA ( #2460 ) ;
#2432 = PRODUCT_CONTEXT ( 'NONE', #5392, 'mechanical' ) ;
#2433 = EDGE_CURVE ( 'NONE', #3511, #304, #2405, .T. ) ;
#2434 = DIRECTION ( 'NONE',  ( -1.000000000000000000, -0.000000000000000000, 0.000000000000000000 ) ) ;
#2435 = COLOUR_RGB ( '',1.000000000000000000, 1.000000000000000000, 0.000000000000000000 ) ;
#2436 = VERTEX_POINT ( 'NONE', #5644 ) ;
#2437 = FACE_OUTER_BOUND ( 'NONE', #2015, .T. ) ;
#2438 = FACE_BOUND ( 'NONE', #1035, .T. ) ;
#2439 =( LENGTH_UNIT ( ) NAMED_UNIT ( * ) SI_UNIT ( .MILLI., .METRE. ) );
#2440 = DIRECTION ( 'NONE',  ( 0.000000000000000000, 0.000000000000000000, 1.000000000000000000 ) ) ;
#2441 = COLOUR_RGB ( '',1.000000000000000000, 1.000000000000000000, 0.000000000000000000 ) ;
#2442 = ORIENTED_EDGE ( 'NONE', *, *, #791, .F. ) ;
#2443 = DIRECTION ( 'NONE',  ( 0.000000000000000000, -0.000000000000000000, -1.000000000000000000 ) ) ;
#2444 = ORIENTED_EDGE ( 'NONE', *, *, #5955, .F. ) ;
#2445 = PRESENTATION_LAYER_ASSIGNMENT (  '', '', ( #3709 ) ) ;
#2446 = DIRECTION ( 'NONE',  ( 0.000000000000000000, -0.000000000000000000, -1.000000000000000000 ) ) ;
#2447 = LINE ( 'NONE', #1138, #2475 ) ;
#2448 =( NAMED_UNIT ( * ) PLANE_ANGLE_UNIT ( ) SI_UNIT ( $, .RADIAN. ) );
#2449 = VERTEX_POINT ( 'NONE', #4676 ) ;
#2450 = ADVANCED_FACE ( 'NONE', ( #558, #984 ), #2369, .T. ) ;
#2451 = EDGE_CURVE ( 'NONE', #3611, #4737, #957, .T. ) ;
#2452 = CARTESIAN_POINT ( 'NONE',  ( 4.203700000000000436, 2.616200000000000081, 3.306559094877498772 ) ) ;
#2453 =( LENGTH_UNIT ( ) NAMED_UNIT ( * ) SI_UNIT ( .MILLI., .METRE. ) );
#2454 = PRESENTATION_LAYER_ASSIGNMENT (  '', '', ( #3021 ) ) ;
#2455 = DIRECTION ( 'NONE',  ( 1.000000000000000000, -0.000000000000000000, -0.000000000000000000 ) ) ;
#2456 = SURFACE_STYLE_USAGE ( .BOTH. , #1905 ) ;
#2457 = DIRECTION ( 'NONE',  ( 0.000000000000000000, 0.000000000000000000, 1.000000000000000000 ) ) ;
#2458 = VERTEX_POINT ( 'NONE', #5675 ) ;
#2459 = STYLED_ITEM ( 'NONE', ( #5052 ), #2232 ) ;
#2460 = FILL_AREA_STYLE ('',( #179 ) ) ;
#2461 = ITEM_DEFINED_TRANSFORMATION ( 'NONE', 'NONE', #1205,  #4142 ) ;
#2462 = COLOUR_RGB ( '',0.6901960784313725394, 0.6901960784313725394, 0.6901960784313725394 ) ;
#2463 = PRESENTATION_STYLE_ASSIGNMENT (( #5751 ) ) ;
#2464 = CARTESIAN_POINT ( 'NONE',  ( -6.743700000000000472, 0.4064000000000000390, 0.6095999999999999197 ) ) ;
#2465 = FILL_AREA_STYLE ('',( #1461 ) ) ;
#2466 = VECTOR ( 'NONE', #5850, 1000.000000000000000 ) ;
#2467 = LINE ( 'NONE', #4319, #4127 ) ;
#2468 = ORIENTED_EDGE ( 'NONE', *, *, #5688, .F. ) ;
#2469 =( NAMED_UNIT ( * ) SI_UNIT ( $, .STERADIAN. ) SOLID_ANGLE_UNIT ( ) );
#2470 = MECHANICAL_DESIGN_GEOMETRIC_PRESENTATION_REPRESENTATION (  '', ( #1682 ), #5172 ) ;
#2471 = FACE_OUTER_BOUND ( 'NONE', #1477, .T. ) ;
#2472 = CARTESIAN_POINT ( 'NONE',  ( 6.870700000000000252, 2.616200000000000081, 0.2032000000000000195 ) ) ;
#2473 = STYLED_ITEM ( 'NONE', ( #5481 ), #1595 ) ;
#2474 = PRESENTATION_STYLE_ASSIGNMENT (( #1498 ) ) ;
#2475 = VECTOR ( 'NONE', #2037, 1000.000000000000000 ) ;
#2476 = FILL_AREA_STYLE_COLOUR ( '', #1679 ) ;
#2477 = COLOUR_RGB ( '',1.000000000000000000, 1.000000000000000000, 0.000000000000000000 ) ;
#2478 = VERTEX_POINT ( 'NONE', #4201 ) ;
#2479 = CARTESIAN_POINT ( 'NONE',  ( -1.663699999999999957, 8.509000000000000341, -0.3936999999999999944 ) ) ;
#2480 = CARTESIAN_POINT ( 'NONE',  ( 4.826000000000000512, 0.5080000000000000071, 1.206500000000000128 ) ) ;
#2481 = COLOUR_RGB ( '',0.6901960784313725394, 0.6901960784313725394, 0.6901960784313725394 ) ;
#2482 = MECHANICAL_DESIGN_GEOMETRIC_PRESENTATION_REPRESENTATION (  '', ( #1310 ), #3341 ) ;
#2483 = VECTOR ( 'NONE', #1239, 1000.000000000000000 ) ;
#2484 = UNCERTAINTY_MEASURE_WITH_UNIT (LENGTH_MEASURE( 1.000000000000000082E-05 ), #4193, 'distance_accuracy_value', 'NONE');
#2485 = CIRCLE ( 'NONE', #3250, 0.4064000000000000390 ) ;
#2486 = EDGE_CURVE ( 'NONE', #5670, #3620, #463, .T. ) ;
#2487 = PRESENTATION_LAYER_ASSIGNMENT (  '', '', ( #3554 ) ) ;
#2488 = CYLINDRICAL_SURFACE ( 'NONE', #242, 0.4064000000000000390 ) ;
#2489 = CARTESIAN_POINT ( 'NONE',  ( 6.210299999999999265, 25.39999999999999858, 3.746499999999999719 ) ) ;
#2490 = DIRECTION ( 'NONE',  ( 0.000000000000000000, 1.000000000000000000, 0.000000000000000000 ) ) ;
#2491 = ADVANCED_FACE ( 'NONE', ( #1460 ), #4172, .T. ) ;
#2492 = LINE ( 'NONE', #4813, #345 ) ;
#2493 = AXIS2_PLACEMENT_3D ( 'NONE', #2647, #2248, #5011 ) ;
#2494 = VERTEX_POINT ( 'NONE', #4343 ) ;
#2495 = ORIENTED_EDGE ( 'NONE', *, *, #3559, .T. ) ;
#2496 = CARTESIAN_POINT ( 'NONE',  ( -4.203700000000001324, 0.4064000000000000390, 0.6095999999999998087 ) ) ;
#2497 = PRESENTATION_STYLE_ASSIGNMENT (( #5835 ) ) ;
#2498 = CARTESIAN_POINT ( 'NONE',  ( -5.956299999999999706, 2.616200000000000081, 0.000000000000000000 ) ) ;
#2499 = SURFACE_SIDE_STYLE ('',( #1125 ) ) ;
#2500 = ORIENTED_EDGE ( 'NONE', *, *, #809, .T. ) ;
#2501 = DIRECTION ( 'NONE',  ( -1.000000000000000000, 0.000000000000000000, -0.000000000000000000 ) ) ;
#2502 = LINE ( 'NONE', #185, #2358 ) ;
#2503 = SURFACE_SIDE_STYLE ('',( #648 ) ) ;
#2504 = CARTESIAN_POINT ( 'NONE',  ( -6.870700000000000252, 2.743199999999999861, -0.6095999999999999197 ) ) ;
#2505 = FILL_AREA_STYLE ('',( #2865 ) ) ;
#2506 = ORIENTED_EDGE ( 'NONE', *, *, #5075, .F. ) ;
#2507 = LINE ( 'NONE', #3897, #745 ) ;
#2508 = FACE_OUTER_BOUND ( 'NONE', #414, .T. ) ;
#2509 = PRESENTATION_STYLE_ASSIGNMENT (( #4904 ) ) ;
#2510 = VECTOR ( 'NONE', #5009, 1000.000000000000000 ) ;
#2511 = EDGE_CURVE ( 'NONE', #1742, #1789, #667, .T. ) ;
#2512 = FILL_AREA_STYLE ('',( #2896 ) ) ;
#2513 = ORIENTED_EDGE ( 'NONE', *, *, #3606, .T. ) ;
#2514 = FILL_AREA_STYLE ('',( #656 ) ) ;
#2515 = SURFACE_STYLE_FILL_AREA ( #4041 ) ;
#2516 = FACE_OUTER_BOUND ( 'NONE', #3298, .T. ) ;
#2517 = ADVANCED_FACE ( 'NONE', ( #1546 ), #5241, .T. ) ;
#2518 = DIRECTION ( 'NONE',  ( 0.000000000000000000, 0.000000000000000000, 1.000000000000000000 ) ) ;
#2519 = DIRECTION ( 'NONE',  ( -1.000000000000000000, -0.000000000000000000, -0.000000000000000000 ) ) ;
#2520 = DIRECTION ( 'NONE',  ( 0.000000000000000000, 0.000000000000000000, 1.000000000000000000 ) ) ;
#2521 = VECTOR ( 'NONE', #2775, 1000.000000000000000 ) ;
#2522 = VERTEX_POINT ( 'NONE', #4764 ) ;
#2523 =( NAMED_UNIT ( * ) SI_UNIT ( $, .STERADIAN. ) SOLID_ANGLE_UNIT ( ) );
#2524 = CARTESIAN_POINT ( 'NONE',  ( -4.203700000000000436, 0.5079999999999997851, 0.3936999999999999944 ) ) ;
#2525 = UNCERTAINTY_MEASURE_WITH_UNIT (LENGTH_MEASURE( 1.000000000000000082E-05 ), #1050, 'distance_accuracy_value', 'NONE');
#2526 = VERTEX_POINT ( 'NONE', #4396 ) ;
#2527 = EDGE_CURVE ( 'NONE', #5804, #4428, #2544, .T. ) ;
#2528 = SURFACE_SIDE_STYLE ('',( #164 ) ) ;
#2529 = PLANE ( 'NONE',  #3330 ) ;
#2530 = EDGE_LOOP ( 'NONE', ( #3776, #3243, #4808, #2399, #659, #5084, #4289, #2633 ) ) ;
#2531 = DIRECTION ( 'NONE',  ( -1.000000000000000000, 0.000000000000000000, -0.000000000000000000 ) ) ;
#2532 =( NAMED_UNIT ( * ) SI_UNIT ( $, .STERADIAN. ) SOLID_ANGLE_UNIT ( ) );
#2533 = UNCERTAINTY_MEASURE_WITH_UNIT (LENGTH_MEASURE( 1.000000000000000082E-05 ), #1420, 'distance_accuracy_value', 'NONE');
#2534 = SURFACE_STYLE_FILL_AREA ( #61 ) ;
#2535 = VERTEX_POINT ( 'NONE', #4434 ) ;
#2536 = ORIENTED_EDGE ( 'NONE', *, *, #4639, .F. ) ;
#2537 =( GEOMETRIC_REPRESENTATION_CONTEXT ( 3 ) GLOBAL_UNCERTAINTY_ASSIGNED_CONTEXT ( ( #2549 ) ) GLOBAL_UNIT_ASSIGNED_CONTEXT ( ( #4539, #4484, #2179 ) ) REPRESENTATION_CONTEXT ( 'NONE', 'WORKASPACE' ) );
#2538 = ADVANCED_FACE ( 'NONE', ( #2590 ), #1155, .T. ) ;
#2539 = SURFACE_STYLE_USAGE ( .BOTH. , #198 ) ;
#2540 = CARTESIAN_POINT ( 'NONE',  ( -4.203700000000001324, 0.8128000000000000780, 0.6095999999999999197 ) ) ;
#2541 = ORIENTED_EDGE ( 'NONE', *, *, #5911, .T. ) ;
#2542 = PRESENTATION_LAYER_ASSIGNMENT (  '', '', ( #4382 ) ) ;
#2543 = PRESENTATION_STYLE_ASSIGNMENT (( #699 ) ) ;
#2544 = LINE ( 'NONE', #239, #3034 ) ;
#2545 = LINE ( 'NONE', #1175, #417 ) ;
#2546 = AXIS2_PLACEMENT_3D ( 'NONE', #1918, #5142, #4181 ) ;
#2547 = ORIENTED_EDGE ( 'NONE', *, *, #4256, .T. ) ;
#2548 = ADVANCED_FACE ( 'NONE', ( #3155 ), #2616, .F. ) ;
#2549 = UNCERTAINTY_MEASURE_WITH_UNIT (LENGTH_MEASURE( 1.000000000000000082E-05 ), #4539, 'distance_accuracy_value', 'NONE');
#2550 = FACE_OUTER_BOUND ( 'NONE', #2999, .T. ) ;
#2551 = AXIS2_PLACEMENT_3D ( 'NONE', #5471, #3166, #5026 ) ;
#2552 = CARTESIAN_POINT ( 'NONE',  ( -6.743700000000000472, 8.509000000000000341, 0.3936999999999999944 ) ) ;
#2553 = PLANE ( 'NONE',  #5755 ) ;
#2554 = FILL_AREA_STYLE_COLOUR ( '', #4586 ) ;
#2555 =( NAMED_UNIT ( * ) SI_UNIT ( $, .STERADIAN. ) SOLID_ANGLE_UNIT ( ) );
#2556 = CARTESIAN_POINT ( 'NONE',  ( 0.000000000000000000, 8.509000000000000341, 1.206499999999999906 ) ) ;
#2557 = EDGE_CURVE ( 'NONE', #2494, #4737, #1784, .T. ) ;
#2558 = EDGE_CURVE ( 'NONE', #3676, #4679, #2225, .T. ) ;
#2559 = COLOUR_RGB ( '',1.000000000000000000, 1.000000000000000000, 0.000000000000000000 ) ;
#2560 = ORIENTED_EDGE ( 'NONE', *, *, #3749, .T. ) ;
#2561 = DIRECTION ( 'NONE',  ( -1.000000000000000000, -5.335640612625509322E-17, -0.000000000000000000 ) ) ;
#2562 = VECTOR ( 'NONE', #346, 1000.000000000000000 ) ;
#2563 = VECTOR ( 'NONE', #5000, 1000.000000000000000 ) ;
#2564 =( GEOMETRIC_REPRESENTATION_CONTEXT ( 3 ) GLOBAL_UNCERTAINTY_ASSIGNED_CONTEXT ( ( #5628 ) ) GLOBAL_UNIT_ASSIGNED_CONTEXT ( ( #2004, #3863, #336 ) ) REPRESENTATION_CONTEXT ( 'NONE', 'WORKASPACE' ) );
#2565 = DIRECTION ( 'NONE',  ( 0.8660254037844388186, 0.000000000000000000, 0.4999999999999998335 ) ) ;
#2566 =( LENGTH_UNIT ( ) NAMED_UNIT ( * ) SI_UNIT ( .MILLI., .METRE. ) );
#2567 =( GEOMETRIC_REPRESENTATION_CONTEXT ( 3 ) GLOBAL_UNCERTAINTY_ASSIGNED_CONTEXT ( ( #4352 ) ) GLOBAL_UNIT_ASSIGNED_CONTEXT ( ( #17, #2798, #5552 ) ) REPRESENTATION_CONTEXT ( 'NONE', 'WORKASPACE' ) );
#2568 = VECTOR ( 'NONE', #26, 1000.000000000000000 ) ;
#2569 = ORIENTED_EDGE ( 'NONE', *, *, #4302, .T. ) ;
#2570 = UNCERTAINTY_MEASURE_WITH_UNIT (LENGTH_MEASURE( 1.000000000000000082E-05 ), #2835, 'distance_accuracy_value', 'NONE');
#2571 = ORIENTED_EDGE ( 'NONE', *, *, #757, .F. ) ;
#2572 = CARTESIAN_POINT ( 'NONE',  ( -7.873999999999998778, 0.000000000000000000, -1.206499999999999906 ) ) ;
#2573 = STYLED_ITEM ( 'NONE', ( #33 ), #5488 ) ;
#2574 =( GEOMETRIC_REPRESENTATION_CONTEXT ( 3 ) GLOBAL_UNCERTAINTY_ASSIGNED_CONTEXT ( ( #4833 ) ) GLOBAL_UNIT_ASSIGNED_CONTEXT ( ( #2160, #3661, #2258 ) ) REPRESENTATION_CONTEXT ( 'NONE', 'WORKASPACE' ) );
#2575 =( GEOMETRIC_REPRESENTATION_CONTEXT ( 3 ) GLOBAL_UNCERTAINTY_ASSIGNED_CONTEXT ( ( #3939 ) ) GLOBAL_UNIT_ASSIGNED_CONTEXT ( ( #2712, #4545, #5365 ) ) REPRESENTATION_CONTEXT ( 'NONE', 'WORKASPACE' ) );
#2576 = VERTEX_POINT ( 'NONE', #2714 ) ;
#2577 = PLANE ( 'NONE',  #5437 ) ;
#2578 = DIRECTION ( 'NONE',  ( 0.000000000000000000, 0.000000000000000000, 1.000000000000000000 ) ) ;
#2579 = PLANE ( 'NONE',  #5372 ) ;
#2580 = LINE ( 'NONE', #4388, #3742 ) ;
#2581 = ORIENTED_EDGE ( 'NONE', *, *, #5694, .T. ) ;
#2582 = COLOUR_RGB ( '',1.000000000000000000, 1.000000000000000000, 0.000000000000000000 ) ;
#2583 = VECTOR ( 'NONE', #740, 1000.000000000000000 ) ;
#2584 = ORIENTED_EDGE ( 'NONE', *, *, #2916, .F. ) ;
#2585 =( NAMED_UNIT ( * ) PLANE_ANGLE_UNIT ( ) SI_UNIT ( $, .RADIAN. ) );
#2586 = VECTOR ( 'NONE', #3986, 1000.000000000000000 ) ;
#2587 = MECHANICAL_DESIGN_GEOMETRIC_PRESENTATION_REPRESENTATION (  '', ( #449 ), #2965 ) ;
#2588 = FACE_OUTER_BOUND ( 'NONE', #1807, .T. ) ;
#2589 = DIRECTION ( 'NONE',  ( 0.000000000000000000, 0.000000000000000000, 1.000000000000000000 ) ) ;
#2590 = FACE_OUTER_BOUND ( 'NONE', #178, .T. ) ;
#2591 = ORIENTED_EDGE ( 'NONE', *, *, #2596, .F. ) ;
#2592 =( LENGTH_UNIT ( ) NAMED_UNIT ( * ) SI_UNIT ( .MILLI., .METRE. ) );
#2593 = DIRECTION ( 'NONE',  ( -0.4999999999999878431, 0.000000000000000000, -0.8660254037844457020 ) ) ;
#2594 = FILL_AREA_STYLE_COLOUR ( '', #4390 ) ;
#2595 = CARTESIAN_POINT ( 'NONE',  ( 7.873999999999998778, 0.5079999999999997851, -1.206499999999999906 ) ) ;
#2596 = EDGE_CURVE ( 'NONE', #5719, #1344, #5871, .T. ) ;
#2597 = PLANE ( 'NONE',  #425 ) ;
#2598 = ORIENTED_EDGE ( 'NONE', *, *, #2001, .F. ) ;
#2599 = CARTESIAN_POINT ( 'NONE',  ( 6.870700000000000252, 0.8128000000000000780, 0.6095999999999999197 ) ) ;
#2600 = PRESENTATION_STYLE_ASSIGNMENT (( #5349 ) ) ;
#2601 = CARTESIAN_POINT ( 'NONE',  ( 2.793999999999999595, 0.000000000000000000, -1.206500000000000128 ) ) ;
#2602 =( NAMED_UNIT ( * ) SI_UNIT ( $, .STERADIAN. ) SOLID_ANGLE_UNIT ( ) );
#2603 = VECTOR ( 'NONE', #3247, 1000.000000000000000 ) ;
#2604 = VERTEX_POINT ( 'NONE', #3617 ) ;
#2605 = VERTEX_POINT ( 'NONE', #4464 ) ;
#2606 = EDGE_CURVE ( 'NONE', #426, #3192, #302, .T. ) ;
#2607 = SURFACE_STYLE_FILL_AREA ( #765 ) ;
#2608 = ORIENTED_EDGE ( 'NONE', *, *, #2354, .F. ) ;
#2609 = DIRECTION ( 'NONE',  ( 0.000000000000000000, 0.000000000000000000, -1.000000000000000000 ) ) ;
#2610 = LINE ( 'NONE', #295, #531 ) ;
#2611 = CARTESIAN_POINT ( 'NONE',  ( 1.663699999999999735, 0.8128000000000000780, -0.2032000000000003248 ) ) ;
#2612 = ORIENTED_EDGE ( 'NONE', *, *, #3290, .T. ) ;
#2613 = CARTESIAN_POINT ( 'NONE',  ( 6.870700000000000252, 2.616200000000000081, -0.2032000000000000195 ) ) ;
#2614 = CARTESIAN_POINT ( 'NONE',  ( 1.122967651581292303, 0.000000000000000000, 3.733800000000000008 ) ) ;
#2615 = DIRECTION ( 'NONE',  ( 0.000000000000000000, -0.000000000000000000, 1.000000000000000000 ) ) ;
#2616 = PLANE ( 'NONE',  #1202 ) ;
#2617 = FACE_OUTER_BOUND ( 'NONE', #12, .T. ) ;
#2618 = ORIENTED_EDGE ( 'NONE', *, *, #5315, .T. ) ;
#2619 = ADVANCED_FACE ( 'NONE', ( #3180, #3065 ), #5039, .T. ) ;
#2620 = LINE ( 'NONE', #306, #2778 ) ;
#2621 = DIRECTION ( 'NONE',  ( -1.000000000000000000, -0.000000000000000000, -0.000000000000000000 ) ) ;
#2622 = CARTESIAN_POINT ( 'NONE',  ( -6.743700000000000472, 0.000000000000000000, 3.306559094877499216 ) ) ;
#2623 =( LENGTH_UNIT ( ) NAMED_UNIT ( * ) SI_UNIT ( .MILLI., .METRE. ) );
#2624 = VERTEX_POINT ( 'NONE', #2396 ) ;
#2625 = FACE_OUTER_BOUND ( 'NONE', #1624, .T. ) ;
#2626 = DIRECTION ( 'NONE',  ( 1.000000000000000000, 0.000000000000000000, 0.000000000000000000 ) ) ;
#2627 = SURFACE_STYLE_USAGE ( .BOTH. , #2659 ) ;
#2628 = DIRECTION ( 'NONE',  ( 0.000000000000000000, 0.000000000000000000, -1.000000000000000000 ) ) ;
#2629 = DIRECTION ( 'NONE',  ( -0.000000000000000000, -0.000000000000000000, -1.000000000000000000 ) ) ;
#2630 = PLANE ( 'NONE',  #2214 ) ;
#2631 = SURFACE_STYLE_USAGE ( .BOTH. , #4478 ) ;
#2632 = ORIENTED_EDGE ( 'NONE', *, *, #5397, .T. ) ;
#2633 = ORIENTED_EDGE ( 'NONE', *, *, #687, .T. ) ;
#2634 = CIRCLE ( 'NONE', #3199, 0.4064000000000000390 ) ;
#2635 = PRESENTATION_LAYER_ASSIGNMENT (  '', '', ( #1469 ) ) ;
#2636 = PLANE ( 'NONE',  #1519 ) ;
#2637 = FILL_AREA_STYLE ('',( #361 ) ) ;
#2638 = CARTESIAN_POINT ( 'NONE',  ( -5.956299999999999706, 8.509000000000000341, 0.3936999999999999944 ) ) ;
#2639 =( NAMED_UNIT ( * ) PLANE_ANGLE_UNIT ( ) SI_UNIT ( $, .RADIAN. ) );
#2640 = CARTESIAN_POINT ( 'NONE',  ( 0.8762999999999999678, 8.509000000000000341, 0.3936999999999999944 ) ) ;
#2641 = EDGE_CURVE ( 'NONE', #4182, #25, #2839, .T. ) ;
#2642 = ORIENTED_EDGE ( 'NONE', *, *, #3590, .T. ) ;
#2643 = AXIS2_PLACEMENT_3D ( 'NONE', #4385, #1081, #267 ) ;
#2644 = ORIENTED_EDGE ( 'NONE', *, *, #830, .F. ) ;
#2645 = CARTESIAN_POINT ( 'NONE',  ( -0.8762999999999999678, 2.616200000000000081, 0.000000000000000000 ) ) ;
#2646 =( GEOMETRIC_REPRESENTATION_CONTEXT ( 3 ) GLOBAL_UNCERTAINTY_ASSIGNED_CONTEXT ( ( #3418 ) ) GLOBAL_UNIT_ASSIGNED_CONTEXT ( ( #3033, #3161, #897 ) ) REPRESENTATION_CONTEXT ( 'NONE', 'WORKASPACE' ) );
#2647 = CARTESIAN_POINT ( 'NONE',  ( 1.663699999999999957, 8.509000000000000341, 0.3936999999999999944 ) ) ;
#2648 = FILL_AREA_STYLE_COLOUR ( '', #5053 ) ;
#2649 =( NAMED_UNIT ( * ) PLANE_ANGLE_UNIT ( ) SI_UNIT ( $, .RADIAN. ) );
#2650 = PRESENTATION_STYLE_ASSIGNMENT (( #241 ) ) ;
#2651 = COLOUR_RGB ( '',1.000000000000000000, 1.000000000000000000, 0.000000000000000000 ) ;
#2652 = ORIENTED_EDGE ( 'NONE', *, *, #3370, .F. ) ;
#2653 = VECTOR ( 'NONE', #5256, 1000.000000000000000 ) ;
#2654 = SURFACE_STYLE_USAGE ( .BOTH. , #4889 ) ;
#2655 = LINE ( 'NONE', #212, #1176 ) ;
#2656 = FILL_AREA_STYLE ('',( #4059 ) ) ;
#2657 = ORIENTED_EDGE ( 'NONE', *, *, #979, .F. ) ;
#2658 = STYLED_ITEM ( 'NONE', ( #4854 ), #2302 ) ;
#2659 = SURFACE_SIDE_STYLE ('',( #3994 ) ) ;
#2660 = DIRECTION ( 'NONE',  ( 1.000000000000000000, 5.335640612625509322E-17, 0.000000000000000000 ) ) ;
#2661 = LINE ( 'NONE', #2724, #3905 ) ;
#2662 = SURFACE_SIDE_STYLE ('',( #3189 ) ) ;
#2663 =( LENGTH_UNIT ( ) NAMED_UNIT ( * ) SI_UNIT ( .MILLI., .METRE. ) );
#2664 = MECHANICAL_DESIGN_GEOMETRIC_PRESENTATION_REPRESENTATION (  '', ( #329 ), #5262 ) ;
#2665 = SURFACE_STYLE_FILL_AREA ( #1677 ) ;
#2666 = ORIENTED_EDGE ( 'NONE', *, *, #1479, .T. ) ;
#2667 = VECTOR ( 'NONE', #2157, 1000.000000000000000 ) ;
#2668 = ORIENTED_EDGE ( 'NONE', *, *, #3328, .T. ) ;
#2669 = DIRECTION ( 'NONE',  ( -0.000000000000000000, 1.000000000000000000, 0.000000000000000000 ) ) ;
#2670 =( GEOMETRIC_REPRESENTATION_CONTEXT ( 3 ) GLOBAL_UNCERTAINTY_ASSIGNED_CONTEXT ( ( #2355 ) ) GLOBAL_UNIT_ASSIGNED_CONTEXT ( ( #453, #478, #2755 ) ) REPRESENTATION_CONTEXT ( 'NONE', 'WORKASPACE' ) );
#2671 = LINE ( 'NONE', #3578, #5274 ) ;
#2672 = CARTESIAN_POINT ( 'NONE',  ( 6.870700000000000252, 2.743199999999999861, -0.6095999999999999197 ) ) ;
#2673 = PLANE ( 'NONE',  #5345 ) ;
#2674 = VECTOR ( 'NONE', #5445, 1000.000000000000000 ) ;
#2675 = STYLED_ITEM ( 'NONE', ( #3468 ), #3106 ) ;
#2676 = DIRECTION ( 'NONE',  ( -1.000000000000000000, 0.000000000000000000, 0.000000000000000000 ) ) ;
#2677 = EDGE_CURVE ( 'NONE', #1902, #725, #5611, .T. ) ;
#2678 = ORIENTED_EDGE ( 'NONE', *, *, #5897, .T. ) ;
#2679 = EDGE_LOOP ( 'NONE', ( #2612, #982, #1670, #5873, #5598, #5140, #3025, #4642 ) ) ;
#2680 = PRESENTATION_STYLE_ASSIGNMENT (( #4544 ) ) ;
#2681 = DIRECTION ( 'NONE',  ( 1.000000000000000000, -0.000000000000000000, -0.000000000000000000 ) ) ;
#2682 = PRESENTATION_LAYER_ASSIGNMENT (  '', '', ( #5571 ) ) ;
#2683 = EDGE_CURVE ( 'NONE', #4969, #2384, #3205, .T. ) ;
#2684 = PRESENTATION_LAYER_ASSIGNMENT (  '', '', ( #4135 ) ) ;
#2685 =( LENGTH_UNIT ( ) NAMED_UNIT ( * ) SI_UNIT ( .MILLI., .METRE. ) );
#2686 = FILL_AREA_STYLE ('',( #828 ) ) ;
#2687 = FILL_AREA_STYLE_COLOUR ( '', #5368 ) ;
#2688 = AXIS2_PLACEMENT_3D ( 'NONE', #4521, #1331, #5097 ) ;
#2689 = CARTESIAN_POINT ( 'NONE',  ( -5.333999999999999631, 0.000000000000000000, 5.080000000000000071 ) ) ;
#2690 = VECTOR ( 'NONE', #3148, 1000.000000000000000 ) ;
#2691 = MECHANICAL_DESIGN_GEOMETRIC_PRESENTATION_REPRESENTATION (  '', ( #1121 ), #5858 ) ;
#2692 = ORIENTED_EDGE ( 'NONE', *, *, #1329, .T. ) ;
#2693 = VECTOR ( 'NONE', #5079, 1000.000000000000000 ) ;
#2694 = PRODUCT_DEFINITION_SHAPE ( 'NONE', 'NONE',  #5979 ) ;
#2695 =( NAMED_UNIT ( * ) PLANE_ANGLE_UNIT ( ) SI_UNIT ( $, .RADIAN. ) );
#2696 = SURFACE_SIDE_STYLE ('',( #2205 ) ) ;
#2697 = DIRECTION ( 'NONE',  ( 0.000000000000000000, -0.000000000000000000, -1.000000000000000000 ) ) ;
#2698 = UNCERTAINTY_MEASURE_WITH_UNIT (LENGTH_MEASURE( 1.000000000000000082E-05 ), #1711, 'distance_accuracy_value', 'NONE');
#2699 = CARTESIAN_POINT ( 'NONE',  ( 6.870700000000000252, 2.743199999999999861, 0.2032000000000000195 ) ) ;
#2700 = ORIENTED_EDGE ( 'NONE', *, *, #4777, .F. ) ;
#2701 = PRESENTATION_STYLE_ASSIGNMENT (( #850 ) ) ;
#2702 = DIRECTION ( 'NONE',  ( 1.000000000000000000, 5.335640612625509322E-17, 0.000000000000000000 ) ) ;
#2703 = ORIENTED_EDGE ( 'NONE', *, *, #5254, .F. ) ;
#2704 = EDGE_CURVE ( 'NONE', #1844, #4682, #1904, .T. ) ;
#2705 = FACE_OUTER_BOUND ( 'NONE', #1646, .T. ) ;
#2706 =( GEOMETRIC_REPRESENTATION_CONTEXT ( 3 ) GLOBAL_UNCERTAINTY_ASSIGNED_CONTEXT ( ( #3410 ) ) GLOBAL_UNIT_ASSIGNED_CONTEXT ( ( #4439, #3527, #4950 ) ) REPRESENTATION_CONTEXT ( 'NONE', 'WORKASPACE' ) );
#2707 = DIRECTION ( 'NONE',  ( 0.000000000000000000, -0.000000000000000000, 1.000000000000000000 ) ) ;
#2708 = CARTESIAN_POINT ( 'NONE',  ( -6.743700000000000472, 2.743199999999999861, 0.2032000000000000195 ) ) ;
#2709 = MECHANICAL_DESIGN_GEOMETRIC_PRESENTATION_REPRESENTATION (  '', ( #1144 ), #4259 ) ;
#2710 = VERTEX_POINT ( 'NONE', #1932 ) ;
#2711 = FILL_AREA_STYLE ('',( #5917 ) ) ;
#2712 =( LENGTH_UNIT ( ) NAMED_UNIT ( * ) SI_UNIT ( .MILLI., .METRE. ) );
#2713 = CARTESIAN_POINT ( 'NONE',  ( -4.203700000000001324, 0.000000000000000000, 0.6095999999999998087 ) ) ;
#2714 = CARTESIAN_POINT ( 'NONE',  ( -3.416300000000000558, 0.000000000000000000, 0.6095999999999994756 ) ) ;
#2715 = CARTESIAN_POINT ( 'NONE',  ( 6.870700000000000252, 0.8128000000000000780, -0.2032000000000000195 ) ) ;
#2716 = ORIENTED_EDGE ( 'NONE', *, *, #396, .T. ) ;
#2717 = DIRECTION ( 'NONE',  ( -0.4999999999999891753, 0.000000000000000000, -0.8660254037844448138 ) ) ;
#2718 = FILL_AREA_STYLE ('',( #5459 ) ) ;
#2719 = SURFACE_STYLE_FILL_AREA ( #5020 ) ;
#2720 = EDGE_CURVE ( 'NONE', #1170, #2449, #2811, .T. ) ;
#2721 = VERTEX_POINT ( 'NONE', #487 ) ;
#2722 = UNCERTAINTY_MEASURE_WITH_UNIT (LENGTH_MEASURE( 1.000000000000000082E-05 ), #40, 'distance_accuracy_value', 'NONE');
#2723 = PLANE ( 'NONE',  #5272 ) ;
#2724 = CARTESIAN_POINT ( 'NONE',  ( 5.333999999999999631, 0.000000000000000000, 5.080000000000000071 ) ) ;
#2725 = DIRECTION ( 'NONE',  ( 0.000000000000000000, 1.000000000000000000, 0.000000000000000000 ) ) ;
#2726 = ORIENTED_EDGE ( 'NONE', *, *, #37, .T. ) ;
#2727 = ORIENTED_EDGE ( 'NONE', *, *, #5261, .F. ) ;
#2728 = DIRECTION ( 'NONE',  ( -0.000000000000000000, -0.000000000000000000, -1.000000000000000000 ) ) ;
#2729 = LINE ( 'NONE', #419, #352 ) ;
#2730 = EDGE_CURVE ( 'NONE', #5267, #5171, #3294, .T. ) ;
#2731 = VERTEX_POINT ( 'NONE', #1481 ) ;
#2732 =( LENGTH_UNIT ( ) NAMED_UNIT ( * ) SI_UNIT ( .MILLI., .METRE. ) );
#2733 = CARTESIAN_POINT ( 'NONE',  ( -5.956299999999999706, 0.000000000000000000, 25.39999999999999858 ) ) ;
#2734 = PLANE ( 'NONE',  #2936 ) ;
#2735 = SURFACE_STYLE_USAGE ( .BOTH. , #1780 ) ;
#2736 = DIRECTION ( 'NONE',  ( 0.8660254037844388186, 0.000000000000000000, 0.4999999999999998335 ) ) ;
#2737 = SURFACE_STYLE_FILL_AREA ( #890 ) ;
#2738 = ORIENTED_EDGE ( 'NONE', *, *, #2967, .T. ) ;
#2739 =( GEOMETRIC_REPRESENTATION_CONTEXT ( 3 ) GLOBAL_UNCERTAINTY_ASSIGNED_CONTEXT ( ( #5810 ) ) GLOBAL_UNIT_ASSIGNED_CONTEXT ( ( #1751, #5870, #5038 ) ) REPRESENTATION_CONTEXT ( 'NONE', 'WORKASPACE' ) );
#2740 = DIRECTION ( 'NONE',  ( 0.000000000000000000, 0.000000000000000000, 1.000000000000000000 ) ) ;
#2741 = AXIS2_PLACEMENT_3D ( 'NONE', #1794, #2740, #1338 ) ;
#2742 = EDGE_CURVE ( 'NONE', #5185, #4065, #1840, .T. ) ;
#2743 = VERTEX_POINT ( 'NONE', #3703 ) ;
#2744 = LINE ( 'NONE', #4148, #541 ) ;
#2745 =( GEOMETRIC_REPRESENTATION_CONTEXT ( 3 ) GLOBAL_UNCERTAINTY_ASSIGNED_CONTEXT ( ( #5923 ) ) GLOBAL_UNIT_ASSIGNED_CONTEXT ( ( #1609, #2151, #3453 ) ) REPRESENTATION_CONTEXT ( 'NONE', 'WORKASPACE' ) );
#2746 = LINE ( 'NONE', #1340, #2693 ) ;
#2747 =( NAMED_UNIT ( * ) SI_UNIT ( $, .STERADIAN. ) SOLID_ANGLE_UNIT ( ) );
#2748 = SURFACE_STYLE_FILL_AREA ( #4477 ) ;
#2749 = EDGE_LOOP ( 'NONE', ( #4134, #2142, #3297, #4354 ) ) ;
#2750 = PRESENTATION_LAYER_ASSIGNMENT (  '', '', ( #3909 ) ) ;
#2751 = ORIENTED_EDGE ( 'NONE', *, *, #4218, .T. ) ;
#2752 = VECTOR ( 'NONE', #1967, 1000.000000000000000 ) ;
#2753 = SURFACE_SIDE_STYLE ('',( #1720 ) ) ;
#2754 = CARTESIAN_POINT ( 'NONE',  ( -0.8762999999999999678, 8.509000000000000341, 0.3936999999999999944 ) ) ;
#2755 =( NAMED_UNIT ( * ) SI_UNIT ( $, .STERADIAN. ) SOLID_ANGLE_UNIT ( ) );
#2756 = ORIENTED_EDGE ( 'NONE', *, *, #1735, .T. ) ;
#2757 = VECTOR ( 'NONE', #1491, 1000.000000000000000 ) ;
#2758 = CARTESIAN_POINT ( 'NONE',  ( 6.743700000000000472, 2.616200000000000081, 25.39999999999999858 ) ) ;
#2759 =( GEOMETRIC_REPRESENTATION_CONTEXT ( 3 ) GLOBAL_UNCERTAINTY_ASSIGNED_CONTEXT ( ( #2421 ) ) GLOBAL_UNIT_ASSIGNED_CONTEXT ( ( #4095, #268, #1289 ) ) REPRESENTATION_CONTEXT ( 'NONE', 'WORKASPACE' ) );
#2760 = COLOUR_RGB ( '',0.6901960784313725394, 0.6901960784313725394, 0.6901960784313725394 ) ;
#2761 = CARTESIAN_POINT ( 'NONE',  ( 3.416300000000000114, 2.616199999999999193, 25.39999999999999858 ) ) ;
#2762 = PRESENTATION_STYLE_ASSIGNMENT (( #1696 ) ) ;
#2763 = STYLED_ITEM ( 'NONE', ( #4021 ), #4433 ) ;
#2764 = EDGE_LOOP ( 'NONE', ( #3469, #590, #2300, #5553 ) ) ;
#2765 = ORIENTED_EDGE ( 'NONE', *, *, #1681, .T. ) ;
#2766 = PRESENTATION_LAYER_ASSIGNMENT (  '', '', ( #4608 ) ) ;
#2767 = DIRECTION ( 'NONE',  ( 0.000000000000000000, 0.000000000000000000, 1.000000000000000000 ) ) ;
#2768 = ADVANCED_FACE ( 'NONE', ( #3736 ), #4223, .T. ) ;
#2769 = AXIS2_PLACEMENT_3D ( 'NONE', #2253, #5014, #4103 ) ;
#2770 = CARTESIAN_POINT ( 'NONE',  ( -5.333999999999999631, -1.270000000000000018, -1.206500000000000128 ) ) ;
#2771 = LINE ( 'NONE', #4624, #5537 ) ;
#2772 = SURFACE_SIDE_STYLE ('',( #926 ) ) ;
#2773 = VERTEX_POINT ( 'NONE', #70 ) ;
#2774 = LINE ( 'NONE', #469, #4890 ) ;
#2775 = DIRECTION ( 'NONE',  ( -1.000000000000000000, -0.000000000000000000, 0.000000000000000000 ) ) ;
#2776 = EDGE_CURVE ( 'NONE', #825, #3672, #2877, .T. ) ;
#2777 = CARTESIAN_POINT ( 'NONE',  ( 7.873999999999998778, 8.509000000000000341, -1.206499999999999906 ) ) ;
#2778 = VECTOR ( 'NONE', #2155, 1000.000000000000000 ) ;
#2779 = ORIENTED_EDGE ( 'NONE', *, *, #14, .T. ) ;
#2780 =( NAMED_UNIT ( * ) SI_UNIT ( $, .STERADIAN. ) SOLID_ANGLE_UNIT ( ) );
#2781 = VERTEX_POINT ( 'NONE', #5066 ) ;
#2782 = DIRECTION ( 'NONE',  ( -0.000000000000000000, 1.000000000000000000, 0.000000000000000000 ) ) ;
#2783 = PLANE ( 'NONE',  #4023 ) ;
#2784 = EDGE_CURVE ( 'NONE', #2363, #5185, #4138, .T. ) ;
#2785 = EDGE_LOOP ( 'NONE', ( #3655, #739, #2209, #2581 ) ) ;
#2786 = PLANE ( 'NONE',  #744 ) ;
#2787 = CARTESIAN_POINT ( 'NONE',  ( -1.663700000000000623, 0.8128000000000000780, 0.6095999999999999197 ) ) ;
#2788 = DIRECTION ( 'NONE',  ( 0.000000000000000000, -1.000000000000000000, -0.000000000000000000 ) ) ;
#2789 = CARTESIAN_POINT ( 'NONE',  ( 0.8762999999999999678, 0.8128000000000000780, 0.2031999999999999917 ) ) ;
#2790 =( NAMED_UNIT ( * ) PLANE_ANGLE_UNIT ( ) SI_UNIT ( $, .RADIAN. ) );
#2791 = PRESENTATION_LAYER_ASSIGNMENT (  '', '', ( #1236 ) ) ;
#2792 = VERTEX_POINT ( 'NONE', #1998 ) ;
#2793 = ORIENTED_EDGE ( 'NONE', *, *, #4777, .T. ) ;
#2794 = FILL_AREA_STYLE ('',( #5160 ) ) ;
#2795 = DIRECTION ( 'NONE',  ( 1.000000000000000000, -0.000000000000000000, -0.000000000000000000 ) ) ;
#2796 = FILL_AREA_STYLE_COLOUR ( '', #4766 ) ;
#2797 = FACE_OUTER_BOUND ( 'NONE', #5830, .T. ) ;
#2798 =( NAMED_UNIT ( * ) PLANE_ANGLE_UNIT ( ) SI_UNIT ( $, .RADIAN. ) );
#2799 = ORIENTED_EDGE ( 'NONE', *, *, #4364, .F. ) ;
#2800 = EDGE_CURVE ( 'NONE', #5022, #5168, #4810, .T. ) ;
#2801 = DIRECTION ( 'NONE',  ( 0.000000000000000000, 0.000000000000000000, 1.000000000000000000 ) ) ;
#2802 = DIRECTION ( 'NONE',  ( 0.000000000000000000, -1.000000000000000000, -0.000000000000000000 ) ) ;
#2803 = EDGE_LOOP ( 'NONE', ( #520, #769, #5415, #1427 ) ) ;
#2804 = VERTEX_POINT ( 'NONE', #1082 ) ;
#2805 = UNCERTAINTY_MEASURE_WITH_UNIT (LENGTH_MEASURE( 1.000000000000000082E-05 ), #5572, 'distance_accuracy_value', 'NONE');
#2806 = DIRECTION ( 'NONE',  ( -0.5000000000000009992, -0.000000000000000000, 0.8660254037844380415 ) ) ;
#2807 = CYLINDRICAL_SURFACE ( 'NONE', #2546, 0.4064000000000000390 ) ;
#2808 = ADVANCED_FACE ( 'NONE', ( #4285 ), #599, .T. ) ;
#2809 = ORIENTED_EDGE ( 'NONE', *, *, #854, .T. ) ;
#2810 = EDGE_CURVE ( 'NONE', #23, #1511, #5470, .T. ) ;
#2811 = LINE ( 'NONE', #3786, #1302 ) ;
#2812 = SURFACE_STYLE_FILL_AREA ( #95 ) ;
#2813 = DIRECTION ( 'NONE',  ( 1.000000000000000000, 0.000000000000000000, 0.000000000000000000 ) ) ;
#2814 = STYLED_ITEM ( 'NONE', ( #4283 ), #298 ) ;
#2815 = ORIENTED_EDGE ( 'NONE', *, *, #4674, .F. ) ;
#2816 = EDGE_LOOP ( 'NONE', ( #3488, #2947, #5076, #2392 ) ) ;
#2817 =( GEOMETRIC_REPRESENTATION_CONTEXT ( 3 ) GLOBAL_UNCERTAINTY_ASSIGNED_CONTEXT ( ( #5023 ) ) GLOBAL_UNIT_ASSIGNED_CONTEXT ( ( #146, #3763, #5234 ) ) REPRESENTATION_CONTEXT ( 'NONE', 'WORKASPACE' ) );
#2818 =( NAMED_UNIT ( * ) SI_UNIT ( $, .STERADIAN. ) SOLID_ANGLE_UNIT ( ) );
#2819 =( NAMED_UNIT ( * ) SI_UNIT ( $, .STERADIAN. ) SOLID_ANGLE_UNIT ( ) );
#2820 = SURFACE_SIDE_STYLE ('',( #2884 ) ) ;
#2821 = CARTESIAN_POINT ( 'NONE',  ( 6.743700000000000472, 2.616200000000000081, 3.306559094877498772 ) ) ;
#2822 = VERTEX_POINT ( 'NONE', #5708 ) ;
#2823 = LINE ( 'NONE', #899, #944 ) ;
#2824 = COLOUR_RGB ( '',1.000000000000000000, 1.000000000000000000, 0.000000000000000000 ) ;
#2825 = DIRECTION ( 'NONE',  ( 1.000000000000000000, -0.000000000000000000, -0.000000000000000000 ) ) ;
#2826 = EDGE_LOOP ( 'NONE', ( #1766, #412, #3482, #5162 ) ) ;
#2827 = DIRECTION ( 'NONE',  ( 1.000000000000000000, 0.000000000000000000, -0.000000000000000000 ) ) ;
#2828 = EDGE_LOOP ( 'NONE', ( #136, #90, #5104, #493 ) ) ;
#2829 = AXIS2_PLACEMENT_3D ( 'NONE', #2715, #4191, #5102 ) ;
#2830 = LINE ( 'NONE', #1071, #3983 ) ;
#2831 = LINE ( 'NONE', #509, #2568 ) ;
#2832 = FILL_AREA_STYLE_COLOUR ( '', #4729 ) ;
#2833 = UNCERTAINTY_MEASURE_WITH_UNIT (LENGTH_MEASURE( 1.000000000000000082E-05 ), #4529, 'distance_accuracy_value', 'NONE');
#2834 = CARTESIAN_POINT ( 'NONE',  ( -5.956299999999999706, 0.5079999999999998961, 0.3937000000000001609 ) ) ;
#2835 =( LENGTH_UNIT ( ) NAMED_UNIT ( * ) SI_UNIT ( .MILLI., .METRE. ) );
#2836 = VERTEX_POINT ( 'NONE', #3906 ) ;
#2837 = COLOUR_RGB ( '',1.000000000000000000, 1.000000000000000000, 0.000000000000000000 ) ;
#2838 = PLANE ( 'NONE',  #5371 ) ;
#2839 = LINE ( 'NONE', #551, #2172 ) ;
#2840 = STYLED_ITEM ( 'NONE', ( #4143 ), #2409 ) ;
#2841 = DIRECTION ( 'NONE',  ( 0.000000000000000000, -1.000000000000000000, -0.000000000000000000 ) ) ;
#2842 = DIRECTION ( 'NONE',  ( 0.000000000000000000, 0.000000000000000000, -1.000000000000000000 ) ) ;
#2843 = VERTEX_POINT ( 'NONE', #2426 ) ;
#2844 = PRESENTATION_LAYER_ASSIGNMENT (  '', '', ( #5736 ) ) ;
#2845 = EDGE_CURVE ( 'NONE', #4370, #898, #5739, .T. ) ;
#2846 = EDGE_LOOP ( 'NONE', ( #5228, #2809, #2880, #5143 ) ) ;
#2847 = COLOUR_RGB ( '',0.6901960784313725394, 0.6901960784313725394, 0.6901960784313725394 ) ;
#2848 = STYLED_ITEM ( 'NONE', ( #1240 ), #2619 ) ;
#2849 = PRESENTATION_LAYER_ASSIGNMENT (  '', '', ( #1303 ) ) ;
#2850 = PRODUCT_CONTEXT ( 'NONE', #3730, 'mechanical' ) ;
#2851 = DIRECTION ( 'NONE',  ( 0.000000000000000000, -1.000000000000000000, -0.000000000000000000 ) ) ;
#2852 = STYLED_ITEM ( 'NONE', ( #1973 ), #1810 ) ;
#2853 = CARTESIAN_POINT ( 'NONE',  ( 6.870700000000000252, 2.743199999999999861, 0.6095999999999999197 ) ) ;
#2854 = ORIENTED_EDGE ( 'NONE', *, *, #702, .F. ) ;
#2855 = EDGE_CURVE ( 'NONE', #987, #73, #1059, .T. ) ;
#2856 = COLOUR_RGB ( '',1.000000000000000000, 1.000000000000000000, 0.000000000000000000 ) ;
#2857 = STYLED_ITEM ( 'NONE', ( #610 ), #4492 ) ;
#2858 = AXIS2_PLACEMENT_3D ( 'NONE', #2489, #2018, #3878 ) ;
#2859 =( NAMED_UNIT ( * ) PLANE_ANGLE_UNIT ( ) SI_UNIT ( $, .RADIAN. ) );
#2860 = AXIS2_PLACEMENT_3D ( 'NONE', #575, #4670, #1934 ) ;
#2861 = LINE ( 'NONE', #1131, #1648 ) ;
#2862 = CARTESIAN_POINT ( 'NONE',  ( -5.333999999999999631, 0.000000000000000000, 1.206500000000000128 ) ) ;
#2863 = AXIS2_PLACEMENT_3D ( 'NONE', #259, #1738, #2660 ) ;
#2864 = VERTEX_POINT ( 'NONE', #2081 ) ;
#2865 = FILL_AREA_STYLE_COLOUR ( '', #2067 ) ;
#2866 = VECTOR ( 'NONE', #3979, 999.9999999999998863 ) ;
#2867 = ORIENTED_EDGE ( 'NONE', *, *, #404, .T. ) ;
#2868 = CARTESIAN_POINT ( 'NONE',  ( 1.663699999999999957, 0.000000000000000000, 3.306559094877498772 ) ) ;
#2869 = VECTOR ( 'NONE', #4948, 1000.000000000000000 ) ;
#2870 = MECHANICAL_DESIGN_GEOMETRIC_PRESENTATION_REPRESENTATION (  '', ( #5375 ), #627 ) ;
#2871 = SURFACE_STYLE_USAGE ( .BOTH. , #510 ) ;
#2872 = CARTESIAN_POINT ( 'NONE',  ( 2.286000000000002252, 0.5080000000000000071, 5.080000000000000071 ) ) ;
#2873 = LINE ( 'NONE', #4730, #1503 ) ;
#2874 = EDGE_CURVE ( 'NONE', #1796, #4913, #5667, .T. ) ;
#2875 = DIRECTION ( 'NONE',  ( -0.5000000000000009992, -0.000000000000000000, 0.8660254037844380415 ) ) ;
#2876 = CARTESIAN_POINT ( 'NONE',  ( -4.825999999999999623, 8.509000000000000341, 1.206499999999999906 ) ) ;
#2877 = LINE ( 'NONE', #4733, #4693 ) ;
#2878 = CYLINDRICAL_SURFACE ( 'NONE', #5660, 0.4064000000000000390 ) ;
#2879 = FILL_AREA_STYLE ('',( #1034 ) ) ;
#2880 = ORIENTED_EDGE ( 'NONE', *, *, #2527, .T. ) ;
#2881 = ORIENTED_EDGE ( 'NONE', *, *, #2606, .F. ) ;
#2882 =( NAMED_UNIT ( * ) PLANE_ANGLE_UNIT ( ) SI_UNIT ( $, .RADIAN. ) );
#2883 = UNCERTAINTY_MEASURE_WITH_UNIT (LENGTH_MEASURE( 1.000000000000000082E-05 ), #2685, 'distance_accuracy_value', 'NONE');
#2884 = SURFACE_STYLE_FILL_AREA ( #1911 ) ;
#2885 = CARTESIAN_POINT ( 'NONE',  ( -6.202967651581288600, -4.625929269271485322E-15, 3.733799999999998676 ) ) ;
#2886 = PLANE ( 'NONE',  #1510 ) ;
#2887 = LINE ( 'NONE', #1064, #3638 ) ;
#2888 = ORIENTED_EDGE ( 'NONE', *, *, #4896, .T. ) ;
#2889 = CARTESIAN_POINT ( 'NONE',  ( 5.333999999999999631, 0.5080000000000000071, 5.080000000000000071 ) ) ;
#2890 = LINE ( 'NONE', #4630, #4725 ) ;
#2891 = FILL_AREA_STYLE ('',( #5558 ) ) ;
#2892 = EDGE_CURVE ( 'NONE', #2436, #23, #2900, .T. ) ;
#2893 = ORIENTED_EDGE ( 'NONE', *, *, #2990, .F. ) ;
#2894 = CARTESIAN_POINT ( 'NONE',  ( 6.870700000000000252, 0.4064000000000000390, 0.6095999999999999197 ) ) ;
#2895 = VERTEX_POINT ( 'NONE', #3359 ) ;
#2896 = FILL_AREA_STYLE_COLOUR ( '', #142 ) ;
#2897 = UNCERTAINTY_MEASURE_WITH_UNIT (LENGTH_MEASURE( 1.000000000000000082E-05 ), #1268, 'distance_accuracy_value', 'NONE');
#2898 = VECTOR ( 'NONE', #4115, 1000.000000000000000 ) ;
#2899 = FACE_OUTER_BOUND ( 'NONE', #1141, .T. ) ;
#2900 = LINE ( 'NONE', #1516, #838 ) ;
#2901 = CARTESIAN_POINT ( 'NONE',  ( 7.365999999999999659, 0.5079999999999997851, -1.206500000000000128 ) ) ;
#2902 = EDGE_CURVE ( 'NONE', #1344, #1741, #3386, .T. ) ;
#2903 = ORIENTED_EDGE ( 'NONE', *, *, #1950, .F. ) ;
#2904 = ORIENTED_EDGE ( 'NONE', *, *, #1579, .T. ) ;
#2905 = CARTESIAN_POINT ( 'NONE',  ( 0.8762999999999999678, 0.4064000000000000390, 0.6095999999999998087 ) ) ;
#2906 = MECHANICAL_DESIGN_GEOMETRIC_PRESENTATION_REPRESENTATION (  '', ( #5051 ), #21 ) ;
#2907 = ORIENTED_EDGE ( 'NONE', *, *, #5029, .T. ) ;
#2908 = AXIS2_PLACEMENT_3D ( 'NONE', #4199, #2135, #1964 ) ;
#2909 = SURFACE_STYLE_FILL_AREA ( #184 ) ;
#2910 = DIRECTION ( 'NONE',  ( 0.000000000000000000, 0.000000000000000000, -1.000000000000000000 ) ) ;
#2911 = CARTESIAN_POINT ( 'NONE',  ( 4.203700000000000436, 8.509000000000000341, 0.3936999999999999944 ) ) ;
#2912 = LINE ( 'NONE', #5201, #1664 ) ;
#2913 = ADVANCED_FACE ( 'NONE', ( #3408 ), #4336, .T. ) ;
#2914 = EDGE_LOOP ( 'NONE', ( #2317, #2468, #4573, #5927 ) ) ;
#2915 = LINE ( 'NONE', #4275, #2129 ) ;
#2916 = EDGE_CURVE ( 'NONE', #5118, #3866, #5827, .T. ) ;
#2917 = MECHANICAL_DESIGN_GEOMETRIC_PRESENTATION_REPRESENTATION (  '', ( #1083 ), #2646 ) ;
#2918 = PRESENTATION_STYLE_ASSIGNMENT (( #5686 ) ) ;
#2919 = FILL_AREA_STYLE ('',( #953 ) ) ;
#2920 = VECTOR ( 'NONE', #582, 1000.000000000000000 ) ;
#2921 = PLANE ( 'NONE',  #2858 ) ;
#2922 = CARTESIAN_POINT ( 'NONE',  ( 6.743700000000000472, 8.509000000000000341, 0.3936999999999999944 ) ) ;
#2923 = FACE_OUTER_BOUND ( 'NONE', #3904, .T. ) ;
#2924 = CARTESIAN_POINT ( 'NONE',  ( -1.663700000000000623, 0.8128000000000000780, 0.6095999999999999197 ) ) ;
#2925 = UNCERTAINTY_MEASURE_WITH_UNIT (LENGTH_MEASURE( 1.000000000000000082E-05 ), #5030, 'distance_accuracy_value', 'NONE');
#2926 = DIRECTION ( 'NONE',  ( -0.000000000000000000, 0.000000000000000000, -1.000000000000000000 ) ) ;
#2927 = PRESENTATION_LAYER_ASSIGNMENT (  '', '', ( #1771 ) ) ;
#2928 = ORIENTED_EDGE ( 'NONE', *, *, #973, .T. ) ;
#2929 = FACE_OUTER_BOUND ( 'NONE', #435, .T. ) ;
#2930 = COLOUR_RGB ( '',1.000000000000000000, 1.000000000000000000, 0.000000000000000000 ) ;
#2931 = CARTESIAN_POINT ( 'NONE',  ( 2.793999999999999595, 8.509000000000000341, 1.206499999999999906 ) ) ;
#2932 = ORIENTED_EDGE ( 'NONE', *, *, #5082, .F. ) ;
#2933 = MECHANICAL_DESIGN_GEOMETRIC_PRESENTATION_REPRESENTATION (  '', ( #3137 ), #5169 ) ;
#2934 = PRESENTATION_LAYER_ASSIGNMENT (  '', '', ( #5663 ) ) ;
#2935 = EDGE_CURVE ( 'NONE', #4065, #4848, #3550, .T. ) ;
#2936 = AXIS2_PLACEMENT_3D ( 'NONE', #5665, #317, #3321 ) ;
#2937 = FACE_OUTER_BOUND ( 'NONE', #195, .T. ) ;
#2938 = STYLED_ITEM ( 'NONE', ( #3263 ), #1639 ) ;
#2939 = PRESENTATION_STYLE_ASSIGNMENT (( #5789 ) ) ;
#2940 = CARTESIAN_POINT ( 'NONE',  ( -0.8762999999999999678, 2.616200000000000081, -0.2032000000000006024 ) ) ;
#2941 = SURFACE_SIDE_STYLE ('',( #1094 ) ) ;
#2942 = CIRCLE ( 'NONE', #2073, 0.8127999999999999670 ) ;
#2943 = DIRECTION ( 'NONE',  ( 0.000000000000000000, -1.000000000000000000, 0.000000000000000000 ) ) ;
#2944 = EDGE_CURVE ( 'NONE', #885, #4682, #2285, .T. ) ;
#2945 = VECTOR ( 'NONE', #3008, 1000.000000000000000 ) ;
#2946 = AXIS2_PLACEMENT_3D ( 'NONE', #3720, #2825, #1977 ) ;
#2947 = ORIENTED_EDGE ( 'NONE', *, *, #915, .T. ) ;
#2948 = STYLED_ITEM ( 'NONE', ( #1442 ), #1768 ) ;
#2949 = CARTESIAN_POINT ( 'NONE',  ( -7.365999999999999659, 0.000000000000000000, 1.206500000000000128 ) ) ;
#2950 = VECTOR ( 'NONE', #5692, 1000.000000000000000 ) ;
#2951 = EDGE_CURVE ( 'NONE', #202, #5, #5394, .T. ) ;
#2952 =( NAMED_UNIT ( * ) PLANE_ANGLE_UNIT ( ) SI_UNIT ( $, .RADIAN. ) );
#2953 = VECTOR ( 'NONE', #2446, 1000.000000000000000 ) ;
#2954 = MECHANICAL_DESIGN_GEOMETRIC_PRESENTATION_REPRESENTATION (  '', ( #3546 ), #636 ) ;
#2955 = UNCERTAINTY_MEASURE_WITH_UNIT (LENGTH_MEASURE( 1.000000000000000082E-05 ), #4738, 'distance_accuracy_value', 'NONE');
#2956 = PRESENTATION_LAYER_ASSIGNMENT (  '', '', ( #3248 ) ) ;
#2957 = VECTOR ( 'NONE', #297, 1000.000000000000000 ) ;
#2958 = EDGE_LOOP ( 'NONE', ( #1927, #5402, #4626, #2186 ) ) ;
#2959 = STYLED_ITEM ( 'NONE', ( #4243 ), #5711 ) ;
#2960 = COLOUR_RGB ( '',0.6901960784313725394, 0.6901960784313725394, 0.6901960784313725394 ) ;
#2961 =( NAMED_UNIT ( * ) PLANE_ANGLE_UNIT ( ) SI_UNIT ( $, .RADIAN. ) );
#2962 =( NAMED_UNIT ( * ) SI_UNIT ( $, .STERADIAN. ) SOLID_ANGLE_UNIT ( ) );
#2963 = FILL_AREA_STYLE ('',( #1113 ) ) ;
#2964 = FACE_OUTER_BOUND ( 'NONE', #2213, .T. ) ;
#2965 =( GEOMETRIC_REPRESENTATION_CONTEXT ( 3 ) GLOBAL_UNCERTAINTY_ASSIGNED_CONTEXT ( ( #2925 ) ) GLOBAL_UNIT_ASSIGNED_CONTEXT ( ( #5030, #1831, #5912 ) ) REPRESENTATION_CONTEXT ( 'NONE', 'WORKASPACE' ) );
#2966 = SURFACE_SIDE_STYLE ('',( #4427 ) ) ;
#2967 = EDGE_CURVE ( 'NONE', #3910, #4207, #795, .T. ) ;
#2968 = PRESENTATION_STYLE_ASSIGNMENT (( #1009 ) ) ;
#2969 = SURFACE_STYLE_FILL_AREA ( #5306 ) ;
#2970 = CARTESIAN_POINT ( 'NONE',  ( -4.826000000000000512, 0.000000000000000000, -1.206500000000000128 ) ) ;
#2971 = EDGE_LOOP ( 'NONE', ( #3019, #1893, #5701, #1412 ) ) ;
#2972 = CARTESIAN_POINT ( 'NONE',  ( -0.2539999999999986713, 0.5080000000000000071, 5.080000000000000071 ) ) ;
#2973 =( NAMED_UNIT ( * ) SI_UNIT ( $, .STERADIAN. ) SOLID_ANGLE_UNIT ( ) );
#2974 = DIRECTION ( 'NONE',  ( 0.000000000000000000, 0.000000000000000000, 1.000000000000000000 ) ) ;
#2975 = DIRECTION ( 'NONE',  ( -1.000000000000000000, -5.335640612625509322E-17, -0.000000000000000000 ) ) ;
#2976 = LINE ( 'NONE', #2595, #3807 ) ;
#2977 = EDGE_CURVE ( 'NONE', #3512, #1994, #2181, .T. ) ;
#2978 = VERTEX_POINT ( 'NONE', #1721 ) ;
#2979 =( NAMED_UNIT ( * ) SI_UNIT ( $, .STERADIAN. ) SOLID_ANGLE_UNIT ( ) );
#2980 = SURFACE_STYLE_FILL_AREA ( #3968 ) ;
#2981 = CARTESIAN_POINT ( 'NONE',  ( 5.956299999999999706, 0.000000000000000000, 0.6095999999999998087 ) ) ;
#2982 = DIRECTION ( 'NONE',  ( 0.000000000000000000, -1.000000000000000000, -0.000000000000000000 ) ) ;
#2983 = VERTEX_POINT ( 'NONE', #362 ) ;
#2984 = ORIENTED_EDGE ( 'NONE', *, *, #5519, .F. ) ;
#2985 = DIRECTION ( 'NONE',  ( 0.000000000000000000, -1.000000000000000000, -0.000000000000000000 ) ) ;
#2986 = PLANE ( 'NONE',  #5093 ) ;
#2987 = CARTESIAN_POINT ( 'NONE',  ( 0.000000000000000000, 0.000000000000000000, 1.206499999999999906 ) ) ;
#2988 = SURFACE_STYLE_FILL_AREA ( #4487 ) ;
#2989 = DIRECTION ( 'NONE',  ( -1.000000000000000000, -5.335640612625509322E-17, -0.000000000000000000 ) ) ;
#2990 = EDGE_CURVE ( 'NONE', #2334, #4874, #4540, .T. ) ;
#2991 = ORIENTED_EDGE ( 'NONE', *, *, #1541, .F. ) ;
#2992 = ORIENTED_EDGE ( 'NONE', *, *, #5017, .T. ) ;
#2993 = PLANE ( 'NONE',  #1603 ) ;
#2994 = EDGE_CURVE ( 'NONE', #1874, #688, #393, .T. ) ;
#2995 = UNCERTAINTY_MEASURE_WITH_UNIT (LENGTH_MEASURE( 1.000000000000000082E-05 ), #4632, 'distance_accuracy_value', 'NONE');
#2996 = SURFACE_STYLE_FILL_AREA ( #1694 ) ;
#2997 =( NAMED_UNIT ( * ) PLANE_ANGLE_UNIT ( ) SI_UNIT ( $, .RADIAN. ) );
#2998 =( NAMED_UNIT ( * ) PLANE_ANGLE_UNIT ( ) SI_UNIT ( $, .RADIAN. ) );
#2999 = EDGE_LOOP ( 'NONE', ( #4451, #4759, #1018, #1471 ) ) ;
#3000 = CARTESIAN_POINT ( 'NONE',  ( 6.202967651581286823, 0.4064000000000000390, 3.733800000000000008 ) ) ;
#3001 = CARTESIAN_POINT ( 'NONE',  ( 6.870700000000000252, 0.4064000000000000390, 3.733800000000000008 ) ) ;
#3002 = FACE_OUTER_BOUND ( 'NONE', #5969, .T. ) ;
#3003 = LINE ( 'NONE', #2911, #2134 ) ;
#3004 =( LENGTH_UNIT ( ) NAMED_UNIT ( * ) SI_UNIT ( .MILLI., .METRE. ) );
#3005 = CYLINDRICAL_SURFACE ( 'NONE', #3023, 0.8127999999999999670 ) ;
#3006 = DIRECTION ( 'NONE',  ( -1.000000000000000000, 0.000000000000000000, -0.000000000000000000 ) ) ;
#3007 = ORIENTED_EDGE ( 'NONE', *, *, #1222, .T. ) ;
#3008 = DIRECTION ( 'NONE',  ( 0.000000000000000000, 1.000000000000000000, 0.000000000000000000 ) ) ;
#3009 = FILL_AREA_STYLE_COLOUR ( '', #2481 ) ;
#3010 = CARTESIAN_POINT ( 'NONE',  ( 0.000000000000000000, 0.000000000000000000, 0.000000000000000000 ) ) ;
#3011 = UNCERTAINTY_MEASURE_WITH_UNIT (LENGTH_MEASURE( 1.000000000000000082E-05 ), #1123, 'distance_accuracy_value', 'NONE');
#3012 = EDGE_LOOP ( 'NONE', ( #5219, #4876, #5223, #749 ) ) ;
#3013 = CARTESIAN_POINT ( 'NONE',  ( 4.825999999999999623, 0.5080000000000000071, -0.3937000000000002720 ) ) ;
#3014 = ADVANCED_BREP_SHAPE_REPRESENTATION ( '', ( #2232, #4142 ), #454 ) ;
#3015 = PRESENTATION_LAYER_ASSIGNMENT (  '', '', ( #1083 ) ) ;
#3016 = CARTESIAN_POINT ( 'NONE',  ( -7.365999999999999659, 0.5080000000000000071, -1.206500000000000128 ) ) ;
#3017 = DIRECTION ( 'NONE',  ( 1.000000000000000000, -0.000000000000000000, -0.000000000000000000 ) ) ;
#3018 = ORIENTED_EDGE ( 'NONE', *, *, #5227, .T. ) ;
#3019 = ORIENTED_EDGE ( 'NONE', *, *, #2557, .T. ) ;
#3020 = CARTESIAN_POINT ( 'NONE',  ( 3.416300000000000114, 0.000000000000000000, 3.306559094877499216 ) ) ;
#3021 = STYLED_ITEM ( 'NONE', ( #1156 ), #1179 ) ;
#3022 = FACE_OUTER_BOUND ( 'NONE', #2826, .T. ) ;
#3023 = AXIS2_PLACEMENT_3D ( 'NONE', #712, #5791, #4408 ) ;
#3024 = EDGE_CURVE ( 'NONE', #4252, #4815, #2942, .T. ) ;
#3025 = ORIENTED_EDGE ( 'NONE', *, *, #258, .T. ) ;
#3026 = UNCERTAINTY_MEASURE_WITH_UNIT (LENGTH_MEASURE( 1.000000000000000082E-05 ), #1354, 'distance_accuracy_value', 'NONE');
#3027 = PRESENTATION_LAYER_ASSIGNMENT (  '', '', ( #3226 ) ) ;
#3028 = CARTESIAN_POINT ( 'NONE',  ( -1.122967651581294746, 25.39999999999999858, 3.733799999999998231 ) ) ;
#3029 = PRESENTATION_STYLE_ASSIGNMENT (( #3491 ) ) ;
#3030 = SURFACE_STYLE_FILL_AREA ( #307 ) ;
#3031 =( LENGTH_UNIT ( ) NAMED_UNIT ( * ) SI_UNIT ( .MILLI., .METRE. ) );
#3032 = SURFACE_STYLE_FILL_AREA ( #3869 ) ;
#3033 =( LENGTH_UNIT ( ) NAMED_UNIT ( * ) SI_UNIT ( .MILLI., .METRE. ) );
#3034 = VECTOR ( 'NONE', #4790, 1000.000000000000000 ) ;
#3035 = EDGE_CURVE ( 'NONE', #4514, #776, #5259, .T. ) ;
#3036 = ORIENTED_EDGE ( 'NONE', *, *, #2776, .F. ) ;
#3037 = SURFACE_SIDE_STYLE ('',( #1186 ) ) ;
#3038 = MECHANICAL_DESIGN_GEOMETRIC_PRESENTATION_REPRESENTATION (  '', ( #2270 ), #2567 ) ;
#3039 = UNCERTAINTY_MEASURE_WITH_UNIT (LENGTH_MEASURE( 1.000000000000000082E-05 ), #4939, 'distance_accuracy_value', 'NONE');
#3040 = MECHANICAL_DESIGN_GEOMETRIC_PRESENTATION_REPRESENTATION (  '', ( #4220 ), #4596 ) ;
#3041 = PRESENTATION_STYLE_ASSIGNMENT (( #3499 ) ) ;
#3042 = AXIS2_PLACEMENT_3D ( 'NONE', #5100, #2314, #3674 ) ;
#3043 = VECTOR ( 'NONE', #5229, 1000.000000000000000 ) ;
#3044 = FILL_AREA_STYLE_COLOUR ( '', #2477 ) ;
#3045 = FACE_OUTER_BOUND ( 'NONE', #5131, .T. ) ;
#3046 =( GEOMETRIC_REPRESENTATION_CONTEXT ( 3 ) GLOBAL_UNCERTAINTY_ASSIGNED_CONTEXT ( ( #5824 ) ) GLOBAL_UNIT_ASSIGNED_CONTEXT ( ( #3285, #313, #3992 ) ) REPRESENTATION_CONTEXT ( 'NONE', 'WORKASPACE' ) );
#3047 = ORIENTED_EDGE ( 'NONE', *, *, #2855, .F. ) ;
#3048 = VECTOR ( 'NONE', #5865, 1000.000000000000000 ) ;
#3049 = ORIENTED_EDGE ( 'NONE', *, *, #333, .F. ) ;
#3050 = LINE ( 'NONE', #3973, #5847 ) ;
#3051 = VECTOR ( 'NONE', #1099, 1000.000000000000114 ) ;
#3052 = STYLED_ITEM ( 'NONE', ( #4862 ), #4277 ) ;
#3053 = PRESENTATION_LAYER_ASSIGNMENT (  '', '', ( #2286 ) ) ;
#3054 = ORIENTED_EDGE ( 'NONE', *, *, #4256, .F. ) ;
#3055 = MECHANICAL_DESIGN_GEOMETRIC_PRESENTATION_REPRESENTATION (  '', ( #5671 ), #2080 ) ;
#3056 = CARTESIAN_POINT ( 'NONE',  ( -5.956300000000000594, 0.4063999999999957091, 3.306559094877498772 ) ) ;
#3057 = CARTESIAN_POINT ( 'NONE',  ( 4.825999999999999623, 0.5080000000000000071, -1.206500000000000128 ) ) ;
#3058 = ORIENTED_EDGE ( 'NONE', *, *, #4639, .T. ) ;
#3059 = ADVANCED_FACE ( 'NONE', ( #1562, #4380 ), #3356, .T. ) ;
#3060 = PRESENTATION_LAYER_ASSIGNMENT (  '', '', ( #554 ) ) ;
#3061 = ORIENTED_EDGE ( 'NONE', *, *, #5226, .F. ) ;
#3062 = DIRECTION ( 'NONE',  ( -0.4999999999999997780, -0.000000000000000000, 0.8660254037844387076 ) ) ;
#3063 = DIRECTION ( 'NONE',  ( -1.000000000000000000, 0.000000000000000000, 0.000000000000000000 ) ) ;
#3064 = UNCERTAINTY_MEASURE_WITH_UNIT (LENGTH_MEASURE( 1.000000000000000082E-05 ), #2299, 'distance_accuracy_value', 'NONE');
#3065 = FACE_BOUND ( 'NONE', #4460, .T. ) ;
#3066 =( LENGTH_UNIT ( ) NAMED_UNIT ( * ) SI_UNIT ( .MILLI., .METRE. ) );
#3067 = ORIENTED_EDGE ( 'NONE', *, *, #3597, .T. ) ;
#3068 = SURFACE_STYLE_USAGE ( .BOTH. , #4920 ) ;
#3069 = CARTESIAN_POINT ( 'NONE',  ( -0.8762999999999999678, 2.616200000000000081, 3.306559094877498772 ) ) ;
#3070 = DIRECTION ( 'NONE',  ( 0.000000000000000000, -0.000000000000000000, 1.000000000000000000 ) ) ;
#3071 = DIRECTION ( 'NONE',  ( 0.000000000000000000, -0.000000000000000000, 1.000000000000000000 ) ) ;
#3072 = VERTEX_POINT ( 'NONE', #5207 ) ;
#3073 =( NAMED_UNIT ( * ) PLANE_ANGLE_UNIT ( ) SI_UNIT ( $, .RADIAN. ) );
#3074 = CARTESIAN_POINT ( 'NONE',  ( -1.663700000000000623, 0.000000000000000000, 0.6095999999999998087 ) ) ;
#3075 = EDGE_CURVE ( 'NONE', #2604, #4207, #2447, .T. ) ;
#3076 = DIRECTION ( 'NONE',  ( 1.000000000000000000, 0.000000000000000000, -0.000000000000000000 ) ) ;
#3077 = FILL_AREA_STYLE_COLOUR ( '', #3093 ) ;
#3078 = CARTESIAN_POINT ( 'NONE',  ( -6.870700000000000252, 2.743199999999999861, -0.6095999999999999197 ) ) ;
#3079 = ORIENTED_EDGE ( 'NONE', *, *, #5332, .F. ) ;
#3080 = ORIENTED_EDGE ( 'NONE', *, *, #5842, .T. ) ;
#3081 = LINE ( 'NONE', #4836, #4093 ) ;
#3082 = CARTESIAN_POINT ( 'NONE',  ( 1.663699999999999957, 0.5079999999999997851, 0.3936999999999999944 ) ) ;
#3083 = LINE ( 'NONE', #5828, #1200 ) ;
#3084 = CARTESIAN_POINT ( 'NONE',  ( -3.416300000000000114, 0.4064000000000003165, 3.306559094877498772 ) ) ;
#3085 = VERTEX_POINT ( 'NONE', #3901 ) ;
#3086 = SHAPE_REPRESENTATION ( 'T1SSW-106-02-T-S-RA', ( #4142 ), #5195 ) ;
#3087 = EDGE_LOOP ( 'NONE', ( #1981, #3773, #1803, #5447, #2072, #3978, #579, #1264, #2571, #5113, #5890, #5735, #1852, #2328, #5780, #5441, #2591, #819, #5136, #861, #3383, #1440, #2668, #911, #2727, #5389, #4705, #3631 ) ) ;
#3088 = LINE ( 'NONE', #3483, #5281 ) ;
#3089 = SURFACE_SIDE_STYLE ('',( #2969 ) ) ;
#3090 = ORIENTED_EDGE ( 'NONE', *, *, #3867, .T. ) ;
#3091 = DIRECTION ( 'NONE',  ( 0.000000000000000000, 0.000000000000000000, -1.000000000000000000 ) ) ;
#3092 = SURFACE_STYLE_FILL_AREA ( #4405 ) ;
#3093 = COLOUR_RGB ( '',1.000000000000000000, 1.000000000000000000, 0.000000000000000000 ) ;
#3094 = FILL_AREA_STYLE_COLOUR ( '', #1277 ) ;
#3095 = CARTESIAN_POINT ( 'NONE',  ( 5.956299999999999706, 0.8128000000000000780, -0.2032000000000000195 ) ) ;
#3096 = ORIENTED_EDGE ( 'NONE', *, *, #5332, .T. ) ;
#3097 = LINE ( 'NONE', #5972, #448 ) ;
#3098 = DIRECTION ( 'NONE',  ( 0.000000000000000000, -1.000000000000000000, -0.000000000000000000 ) ) ;
#3099 = EDGE_CURVE ( 'NONE', #5432, #3260, #1076, .T. ) ;
#3100 = CARTESIAN_POINT ( 'NONE',  ( 6.870700000000000252, 0.8128000000000000780, 0.2031999999999999640 ) ) ;
#3101 = FACE_OUTER_BOUND ( 'NONE', #1937, .T. ) ;
#3102 =( NAMED_UNIT ( * ) SI_UNIT ( $, .STERADIAN. ) SOLID_ANGLE_UNIT ( ) );
#3103 = ORIENTED_EDGE ( 'NONE', *, *, #3443, .T. ) ;
#3104 = ADVANCED_FACE ( 'NONE', ( #4832 ), #219, .F. ) ;
#3105 = ORIENTED_EDGE ( 'NONE', *, *, #4071, .F. ) ;
#3106 = ADVANCED_FACE ( 'NONE', ( #4989 ), #4863, .T. ) ;
#3107 = STYLED_ITEM ( 'NONE', ( #1057 ), #359 ) ;
#3108 = DIRECTION ( 'NONE',  ( 0.000000000000000000, -0.000000000000000000, 1.000000000000000000 ) ) ;
#3109 = DIRECTION ( 'NONE',  ( 0.000000000000000000, 1.000000000000000000, 0.000000000000000000 ) ) ;
#3110 = CARTESIAN_POINT ( 'NONE',  ( 7.873999999999998778, 8.509000000000000341, 1.206499999999999906 ) ) ;
#3111 = LINE ( 'NONE', #884, #5095 ) ;
#3112 = EDGE_LOOP ( 'NONE', ( #2644, #1437, #466, #2185, #1017, #1938 ) ) ;
#3113 = MECHANICAL_DESIGN_GEOMETRIC_PRESENTATION_REPRESENTATION (  '', ( #5811 ), #4668 ) ;
#3114 = ORIENTED_EDGE ( 'NONE', *, *, #4050, .F. ) ;
#3115 = FACE_OUTER_BOUND ( 'NONE', #3182, .T. ) ;
#3116 = LINE ( 'NONE', #2452, #1900 ) ;
#3117 =( GEOMETRIC_REPRESENTATION_CONTEXT ( 3 ) GLOBAL_UNCERTAINTY_ASSIGNED_CONTEXT ( ( #1126 ) ) GLOBAL_UNIT_ASSIGNED_CONTEXT ( ( #4080, #5493, #5551 ) ) REPRESENTATION_CONTEXT ( 'NONE', 'WORKASPACE' ) );
#3118 = SURFACE_SIDE_STYLE ('',( #827 ) ) ;
#3119 = SURFACE_STYLE_USAGE ( .BOTH. , #4052 ) ;
#3120 = AXIS2_PLACEMENT_3D ( 'NONE', #4820, #1124, #668 ) ;
#3121 = COLOUR_RGB ( '',0.6901960784313725394, 0.6901960784313725394, 0.6901960784313725394 ) ;
#3122 = LINE ( 'NONE', #1219, #5585 ) ;
#3123 = SURFACE_STYLE_USAGE ( .BOTH. , #5900 ) ;
#3124 = SURFACE_STYLE_FILL_AREA ( #5790 ) ;
#3125 = ORIENTED_EDGE ( 'NONE', *, *, #4448, .T. ) ;
#3127 = EDGE_CURVE ( 'NONE', #4679, #5353, #5412, .T. ) ;
#3126 = VECTOR ( 'NONE', #1577, 1000.000000000000000 ) ;
#3128 =( NAMED_UNIT ( * ) PLANE_ANGLE_UNIT ( ) SI_UNIT ( $, .RADIAN. ) );
#3129 = CARTESIAN_POINT ( 'NONE',  ( 4.203700000000000436, 0.8128000000000000780, 0.2032000000000002693 ) ) ;
#3130 = CARTESIAN_POINT ( 'NONE',  ( 6.202967651581286823, 0.000000000000000000, 3.733800000000000008 ) ) ;
#3131 = DIRECTION ( 'NONE',  ( 1.000000000000000000, -0.000000000000000000, -0.000000000000000000 ) ) ;
#3132 = MECHANICAL_DESIGN_GEOMETRIC_PRESENTATION_REPRESENTATION (  '', ( #5928 ), #727 ) ;
#3133 = DIRECTION ( 'NONE',  ( 1.000000000000000000, 0.000000000000000000, 0.000000000000000000 ) ) ;
#3134 = ORIENTED_EDGE ( 'NONE', *, *, #4452, .F. ) ;
#3135 = ORIENTED_EDGE ( 'NONE', *, *, #4060, .T. ) ;
#3136 = ADVANCED_FACE ( 'NONE', ( #1713 ), #3539, .T. ) ;
#3137 = STYLED_ITEM ( 'NONE', ( #3517 ), #2548 ) ;
#3138 = MECHANICAL_DESIGN_GEOMETRIC_PRESENTATION_REPRESENTATION (  '', ( #4599 ), #3917 ) ;
#3139 = VECTOR ( 'NONE', #1478, 1000.000000000000000 ) ;
#3140 = DIRECTION ( 'NONE',  ( 0.000000000000000000, 1.000000000000000000, 0.000000000000000000 ) ) ;
#3141 =( GEOMETRIC_REPRESENTATION_CONTEXT ( 3 ) GLOBAL_UNCERTAINTY_ASSIGNED_CONTEXT ( ( #2570 ) ) GLOBAL_UNIT_ASSIGNED_CONTEXT ( ( #2835, #5661, #5631 ) ) REPRESENTATION_CONTEXT ( 'NONE', 'WORKASPACE' ) );
#3142 = LINE ( 'NONE', #5535, #5268 ) ;
#3143 = AXIS2_PLACEMENT_3D ( 'NONE', #3078, #3133, #1254 ) ;
#3144 = CARTESIAN_POINT ( 'NONE',  ( 5.956299999999999706, 0.8128000000000000780, 0.6095999999999999197 ) ) ;
#3145 = COLOUR_RGB ( '',1.000000000000000000, 1.000000000000000000, 0.000000000000000000 ) ;
#3146 = VECTOR ( 'NONE', #4681, 1000.000000000000000 ) ;
#3147 = ORIENTED_EDGE ( 'NONE', *, *, #2103, .F. ) ;
#3148 = DIRECTION ( 'NONE',  ( -1.000000000000000000, -0.000000000000000000, 0.000000000000000000 ) ) ;
#3149 =( GEOMETRIC_REPRESENTATION_CONTEXT ( 3 ) GLOBAL_UNCERTAINTY_ASSIGNED_CONTEXT ( ( #3316 ) ) GLOBAL_UNIT_ASSIGNED_CONTEXT ( ( #5926, #3240, #4975 ) ) REPRESENTATION_CONTEXT ( 'NONE', 'WORKASPACE' ) );
#3150 = STYLED_ITEM ( 'NONE', ( #4435 ), #3202 ) ;
#3151 = LINE ( 'NONE', #1808, #5879 ) ;
#3152 =( NAMED_UNIT ( * ) PLANE_ANGLE_UNIT ( ) SI_UNIT ( $, .RADIAN. ) );
#3153 = PLANE ( 'NONE',  #2345 ) ;
#3154 = EDGE_CURVE ( 'NONE', #2624, #1844, #1765, .T. ) ;
#3155 = FACE_OUTER_BOUND ( 'NONE', #3826, .T. ) ;
#3156 = STYLED_ITEM ( 'NONE', ( #1903 ), #5500 ) ;
#3157 = PLANE ( 'NONE',  #1991 ) ;
#3158 = ORIENTED_EDGE ( 'NONE', *, *, #2606, .T. ) ;
#3159 = LINE ( 'NONE', #4078, #4533 ) ;
#3160 = FILL_AREA_STYLE_COLOUR ( '', #4306 ) ;
#3161 =( NAMED_UNIT ( * ) PLANE_ANGLE_UNIT ( ) SI_UNIT ( $, .RADIAN. ) );
#3162 = SURFACE_STYLE_FILL_AREA ( #432 ) ;
#3163 = ORIENTED_EDGE ( 'NONE', *, *, #4526, .T. ) ;
#3164 = LINE ( 'NONE', #530, #5188 ) ;
#3165 =( NAMED_UNIT ( * ) SI_UNIT ( $, .STERADIAN. ) SOLID_ANGLE_UNIT ( ) );
#3166 = DIRECTION ( 'NONE',  ( 0.000000000000000000, 0.000000000000000000, 1.000000000000000000 ) ) ;
#3167 = ADVANCED_FACE ( 'NONE', ( #5618 ), #2886, .F. ) ;
#3168 = VERTEX_POINT ( 'NONE', #3628 ) ;
#3169 = AXIS2_PLACEMENT_3D ( 'NONE', #57, #3760, #5606 ) ;
#3170 = ORIENTED_EDGE ( 'NONE', *, *, #381, .T. ) ;
#3171 = FILL_AREA_STYLE ('',( #2332 ) ) ;
#3172 = VECTOR ( 'NONE', #525, 1000.000000000000000 ) ;
#3173 = CARTESIAN_POINT ( 'NONE',  ( 3.416300000000000114, 0.4063999999999998725, 3.306559094877498772 ) ) ;
#3174 = CARTESIAN_POINT ( 'NONE',  ( 5.333999999999998742, 0.000000000000000000, 1.206500000000000128 ) ) ;
#3175 = VECTOR ( 'NONE', #1837, 1000.000000000000000 ) ;
#3176 = EDGE_LOOP ( 'NONE', ( #2261, #1859, #2984, #1178, #2536, #4480 ) ) ;
#3177 = CARTESIAN_POINT ( 'NONE',  ( 6.870700000000000252, 0.000000000000000000, 3.733800000000000008 ) ) ;
#3178 = DIRECTION ( 'NONE',  ( 0.000000000000000000, 0.000000000000000000, 1.000000000000000000 ) ) ;
#3179 = EDGE_CURVE ( 'NONE', #3688, #3910, #3251, .T. ) ;
#3180 = FACE_OUTER_BOUND ( 'NONE', #2816, .T. ) ;
#3181 = ADVANCED_FACE ( 'NONE', ( #2797 ), #3303, .T. ) ;
#3182 = EDGE_LOOP ( 'NONE', ( #4399, #514, #5005, #1315 ) ) ;
#3183 = EDGE_CURVE ( 'NONE', #4376, #2773, #2407, .T. ) ;
#3184 = CARTESIAN_POINT ( 'NONE',  ( -0.8762999999999999678, 0.8128000000000000780, 0.6095999999999999197 ) ) ;
#3185 = DIRECTION ( 'NONE',  ( 0.000000000000000000, 0.000000000000000000, 1.000000000000000000 ) ) ;
#3186 = DIRECTION ( 'NONE',  ( 0.000000000000000000, 1.000000000000000000, 0.000000000000000000 ) ) ;
#3187 = ORIENTED_EDGE ( 'NONE', *, *, #2874, .F. ) ;
#3188 = DIRECTION ( 'NONE',  ( 1.000000000000000000, -0.000000000000000000, -0.000000000000000000 ) ) ;
#3189 = SURFACE_STYLE_FILL_AREA ( #4027 ) ;
#3190 =( NAMED_UNIT ( * ) SI_UNIT ( $, .STERADIAN. ) SOLID_ANGLE_UNIT ( ) );
#3191 = ORIENTED_EDGE ( 'NONE', *, *, #4658, .T. ) ;
#3192 = VERTEX_POINT ( 'NONE', #1940 ) ;
#3193 = CARTESIAN_POINT ( 'NONE',  ( 5.956299999999999706, 0.000000000000000000, 3.733800000000000008 ) ) ;
#3194 = CARTESIAN_POINT ( 'NONE',  ( -0.8762999999999999678, 0.5079999999999997851, -0.3937000000000001054 ) ) ;
#3195 = CARTESIAN_POINT ( 'NONE',  ( 0.2540000000000002256, 0.000000000000000000, 1.206500000000000128 ) ) ;
#3196 = DIRECTION ( 'NONE',  ( 0.000000000000000000, 1.000000000000000000, 0.000000000000000000 ) ) ;
#3197 = CARTESIAN_POINT ( 'NONE',  ( -1.663699999999999957, 8.509000000000000341, 0.3936999999999999944 ) ) ;
#3198 =( LENGTH_UNIT ( ) NAMED_UNIT ( * ) SI_UNIT ( .MILLI., .METRE. ) );
#3199 = AXIS2_PLACEMENT_3D ( 'NONE', #4892, #614, #1068 ) ;
#3200 = COLOUR_RGB ( '',0.6901960784313725394, 0.6901960784313725394, 0.6901960784313725394 ) ;
#3201 = ORIENTED_EDGE ( 'NONE', *, *, #1579, .F. ) ;
#3202 = ADVANCED_FACE ( 'NONE', ( #3796 ), #3956, .F. ) ;
#3203 = SURFACE_STYLE_USAGE ( .BOTH. , #1352 ) ;
#3204 = DIRECTION ( 'NONE',  ( -0.000000000000000000, 0.000000000000000000, -1.000000000000000000 ) ) ;
#3205 = LINE ( 'NONE', #1425, #3532 ) ;
#3206 = PRESENTATION_LAYER_ASSIGNMENT (  '', '', ( #5811 ) ) ;
#3207 =( NAMED_UNIT ( * ) PLANE_ANGLE_UNIT ( ) SI_UNIT ( $, .RADIAN. ) );
#3208 = VERTEX_POINT ( 'NONE', #2970 ) ;
#3209 = ORIENTED_EDGE ( 'NONE', *, *, #3222, .T. ) ;
#3210 = COLOUR_RGB ( '',1.000000000000000000, 1.000000000000000000, 0.000000000000000000 ) ;
#3211 = CARTESIAN_POINT ( 'NONE',  ( 1.663699999999999957, 0.5079999999999997851, -0.3937000000000001054 ) ) ;
#3212 = DIRECTION ( 'NONE',  ( 1.000000000000000000, -0.000000000000000000, 0.000000000000000000 ) ) ;
#3213 = CARTESIAN_POINT ( 'NONE',  ( 3.416300000000000114, 0.8128000000000000780, 0.2031999999999999917 ) ) ;
#3214 = VECTOR ( 'NONE', #1490, 1000.000000000000000 ) ;
#3215 = VERTEX_POINT ( 'NONE', #5242 ) ;
#3216 = LINE ( 'NONE', #2234, #1108 ) ;
#3217 =( NAMED_UNIT ( * ) PLANE_ANGLE_UNIT ( ) SI_UNIT ( $, .RADIAN. ) );
#3218 = DIRECTION ( 'NONE',  ( 0.000000000000000000, 1.000000000000000000, 0.000000000000000000 ) ) ;
#3219 = DIRECTION ( 'NONE',  ( 0.000000000000000000, 0.000000000000000000, 1.000000000000000000 ) ) ;
#3220 = DIRECTION ( 'NONE',  ( 1.000000000000000000, -0.000000000000000000, -0.000000000000000000 ) ) ;
#3221 = CARTESIAN_POINT ( 'NONE',  ( 2.794000000000000039, 0.5079999999999998961, 5.080000000000000071 ) ) ;
#3222 = EDGE_CURVE ( 'NONE', #1511, #2731, #669, .T. ) ;
#3223 = ORIENTED_EDGE ( 'NONE', *, *, #1074, .T. ) ;
#3224 = LINE ( 'NONE', #4593, #1484 ) ;
#3225 = ORIENTED_EDGE ( 'NONE', *, *, #521, .T. ) ;
#3226 = STYLED_ITEM ( 'NONE', ( #4263 ), #2450 ) ;
#3227 = CARTESIAN_POINT ( 'NONE',  ( 6.870700000000000252, 0.4064000000000000390, 0.6095999999999999197 ) ) ;
#3228 = CARTESIAN_POINT ( 'NONE',  ( -7.873999999999998778, 8.509000000000000341, -1.206499999999999906 ) ) ;
#3229 = CARTESIAN_POINT ( 'NONE',  ( 5.333999999999999631, 0.5079999999999998961, 5.080000000000000071 ) ) ;
#3230 =( GEOMETRIC_REPRESENTATION_CONTEXT ( 3 ) GLOBAL_UNCERTAINTY_ASSIGNED_CONTEXT ( ( #4304 ) ) GLOBAL_UNIT_ASSIGNED_CONTEXT ( ( #5934, #872, #4145 ) ) REPRESENTATION_CONTEXT ( 'NONE', 'WORKASPACE' ) );
#3231 = LINE ( 'NONE', #511, #5561 ) ;
#3232 = VECTOR ( 'NONE', #889, 1000.000000000000000 ) ;
#3233 = SURFACE_SIDE_STYLE ('',( #479 ) ) ;
#3234 = ORIENTED_EDGE ( 'NONE', *, *, #3521, .F. ) ;
#3235 = PRESENTATION_LAYER_ASSIGNMENT (  '', '', ( #4398 ) ) ;
#3236 = FACE_OUTER_BOUND ( 'NONE', #2530, .T. ) ;
#3237 = AXIS2_PLACEMENT_3D ( 'NONE', #2924, #2455, #2518 ) ;
#3238 =( LENGTH_UNIT ( ) NAMED_UNIT ( * ) SI_UNIT ( .MILLI., .METRE. ) );
#3239 = ADVANCED_FACE ( 'NONE', ( #4974 ), #835, .F. ) ;
#3240 =( NAMED_UNIT ( * ) PLANE_ANGLE_UNIT ( ) SI_UNIT ( $, .RADIAN. ) );
#3241 = PRESENTATION_LAYER_ASSIGNMENT (  '', '', ( #2763 ) ) ;
#3242 = ORIENTED_EDGE ( 'NONE', *, *, #4840, .T. ) ;
#3243 = ORIENTED_EDGE ( 'NONE', *, *, #4083, .T. ) ;
#3244 = AXIS2_PLACEMENT_3D ( 'NONE', #4735, #2427, #11 ) ;
#3245 =( GEOMETRIC_REPRESENTATION_CONTEXT ( 3 ) GLOBAL_UNCERTAINTY_ASSIGNED_CONTEXT ( ( #5782 ) ) GLOBAL_UNIT_ASSIGNED_CONTEXT ( ( #4609, #1809, #5010 ) ) REPRESENTATION_CONTEXT ( 'NONE', 'WORKASPACE' ) );
#3246 = DIRECTION ( 'NONE',  ( 1.000000000000000000, 0.000000000000000000, 0.000000000000000000 ) ) ;
#3247 = DIRECTION ( 'NONE',  ( 0.000000000000000000, 1.000000000000000000, 0.000000000000000000 ) ) ;
#3248 = STYLED_ITEM ( 'NONE', ( #2680 ), #4556 ) ;
#3249 = CARTESIAN_POINT ( 'NONE',  ( 1.663699999999999735, 0.000000000000000000, 0.6095999999999994756 ) ) ;
#3250 = AXIS2_PLACEMENT_3D ( 'NONE', #3144, #395, #4572 ) ;
#3251 = LINE ( 'NONE', #959, #5849 ) ;
#3252 = AXIS2_PLACEMENT_3D ( 'NONE', #210, #646, #2501 ) ;
#3253 = ORIENTED_EDGE ( 'NONE', *, *, #1693, .F. ) ;
#3254 = CARTESIAN_POINT ( 'NONE',  ( 6.870700000000000252, 0.4064000000000000390, 3.733800000000000008 ) ) ;
#3255 = FILL_AREA_STYLE ('',( #1408 ) ) ;
#3256 = FILL_AREA_STYLE ('',( #5557 ) ) ;
#3257 =( NAMED_UNIT ( * ) SI_UNIT ( $, .STERADIAN. ) SOLID_ANGLE_UNIT ( ) );
#3258 = EDGE_LOOP ( 'NONE', ( #4015, #270, #3413, #133 ) ) ;
#3259 = SURFACE_SIDE_STYLE ('',( #4683 ) ) ;
#3260 = VERTEX_POINT ( 'NONE', #460 ) ;
#3261 = EDGE_CURVE ( 'NONE', #3279, #2522, #4033, .T. ) ;
#3262 = FACE_OUTER_BOUND ( 'NONE', #1963, .T. ) ;
#3263 = PRESENTATION_STYLE_ASSIGNMENT (( #4128 ) ) ;
#3264 =( GEOMETRIC_REPRESENTATION_CONTEXT ( 3 ) GLOBAL_UNCERTAINTY_ASSIGNED_CONTEXT ( ( #3064 ) ) GLOBAL_UNIT_ASSIGNED_CONTEXT ( ( #2299, #852, #3190 ) ) REPRESENTATION_CONTEXT ( 'NONE', 'WORKASPACE' ) );
#3265 =( GEOMETRIC_REPRESENTATION_CONTEXT ( 3 ) GLOBAL_UNCERTAINTY_ASSIGNED_CONTEXT ( ( #632 ) ) GLOBAL_UNIT_ASSIGNED_CONTEXT ( ( #4126, #1348, #2973 ) ) REPRESENTATION_CONTEXT ( 'NONE', 'WORKASPACE' ) );
#3266 = FILL_AREA_STYLE_COLOUR ( '', #716 ) ;
#3267 = FILL_AREA_STYLE ('',( #1421 ) ) ;
#3268 = ORIENTED_EDGE ( 'NONE', *, *, #1922, .T. ) ;
#3269 = MECHANICAL_DESIGN_GEOMETRIC_PRESENTATION_REPRESENTATION (  '', ( #2310 ), #4436 ) ;
#3270 =( LENGTH_UNIT ( ) NAMED_UNIT ( * ) SI_UNIT ( .MILLI., .METRE. ) );
#3271 = DIRECTION ( 'NONE',  ( -0.000000000000000000, -0.000000000000000000, -1.000000000000000000 ) ) ;
#3272 = PRESENTATION_STYLE_ASSIGNMENT (( #2456 ) ) ;
#3273 = PLANE ( 'NONE',  #1214 ) ;
#3274 = STYLED_ITEM ( 'NONE', ( #983 ), #148 ) ;
#3275 = EDGE_LOOP ( 'NONE', ( #1631, #2346, #4991, #2991 ) ) ;
#3276 = ORIENTED_EDGE ( 'NONE', *, *, #942, .F. ) ;
#3277 = DIRECTION ( 'NONE',  ( 0.000000000000000000, -1.000000000000000000, -0.000000000000000000 ) ) ;
#3278 = DIRECTION ( 'NONE',  ( -1.000000000000000000, 0.000000000000000000, 0.000000000000000000 ) ) ;
#3279 = VERTEX_POINT ( 'NONE', #1390 ) ;
#3280 = SURFACE_STYLE_USAGE ( .BOTH. , #4208 ) ;
#3281 = VECTOR ( 'NONE', #3345, 1000.000000000000000 ) ;
#3282 = CARTESIAN_POINT ( 'NONE',  ( -1.663699999999999957, 0.5079999999999997851, 0.3936999999999999944 ) ) ;
#3283 = VERTEX_POINT ( 'NONE', #4287 ) ;
#3284 = ADVANCED_FACE ( 'NONE', ( #3705 ), #3737, .F. ) ;
#3285 =( LENGTH_UNIT ( ) NAMED_UNIT ( * ) SI_UNIT ( .MILLI., .METRE. ) );
#3286 =( NAMED_UNIT ( * ) PLANE_ANGLE_UNIT ( ) SI_UNIT ( $, .RADIAN. ) );
#3287 = FACE_OUTER_BOUND ( 'NONE', #2914, .T. ) ;
#3288 = EDGE_CURVE ( 'NONE', #725, #987, #519, .T. ) ;
#3289 = PRESENTATION_STYLE_ASSIGNMENT (( #910 ) ) ;
#3290 = EDGE_CURVE ( 'NONE', #2233, #4866, #1453, .T. ) ;
#3291 = ORIENTED_EDGE ( 'NONE', *, *, #1658, .T. ) ;
#3292 = SURFACE_SIDE_STYLE ('',( #3673 ) ) ;
#3293 = PRESENTATION_STYLE_ASSIGNMENT (( #5214 ) ) ;
#3294 = LINE ( 'NONE', #2761, #3823 ) ;
#3295 = EDGE_CURVE ( 'NONE', #472, #1537, #4701, .T. ) ;
#3296 = ORIENTED_EDGE ( 'NONE', *, *, #3462, .F. ) ;
#3297 = ORIENTED_EDGE ( 'NONE', *, *, #3597, .F. ) ;
#3298 = EDGE_LOOP ( 'NONE', ( #3357, #4517, #4749, #955 ) ) ;
#3299 = AXIS2_PLACEMENT_3D ( 'NONE', #5793, #5726, #1672 ) ;
#3300 = UNCERTAINTY_MEASURE_WITH_UNIT (LENGTH_MEASURE( 1.000000000000000082E-05 ), #3840, 'distance_accuracy_value', 'NONE');
#3301 = SHAPE_DEFINITION_REPRESENTATION ( #5004, #4785 ) ;
#3302 = SURFACE_STYLE_USAGE ( .BOTH. , #2820 ) ;
#3303 = PLANE ( 'NONE',  #1215 ) ;
#3304 = LINE ( 'NONE', #4715, #938 ) ;
#3305 = CARTESIAN_POINT ( 'NONE',  ( 3.957032348418710654, 0.000000000000000000, 3.733799999999998676 ) ) ;
#3306 = VECTOR ( 'NONE', #1555, 1000.000000000000000 ) ;
#3307 = EDGE_LOOP ( 'NONE', ( #2093, #4656, #2377, #3810 ) ) ;
#3308 =( GEOMETRIC_REPRESENTATION_CONTEXT ( 3 ) GLOBAL_UNCERTAINTY_ASSIGNED_CONTEXT ( ( #2525 ) ) GLOBAL_UNIT_ASSIGNED_CONTEXT ( ( #1050, #4747, #3870 ) ) REPRESENTATION_CONTEXT ( 'NONE', 'WORKASPACE' ) );
#3309 = PLANE ( 'NONE',  #5852 ) ;
#3310 = ORIENTED_EDGE ( 'NONE', *, *, #4716, .T. ) ;
#3311 =( NAMED_UNIT ( * ) SI_UNIT ( $, .STERADIAN. ) SOLID_ANGLE_UNIT ( ) );
#3312 = EDGE_CURVE ( 'NONE', #4971, #2074, #3949, .T. ) ;
#3313 = ORIENTED_EDGE ( 'NONE', *, *, #410, .T. ) ;
#3314 = VECTOR ( 'NONE', #2851, 1000.000000000000000 ) ;
#3315 = LINE ( 'NONE', #1441, #2386 ) ;
#3316 = UNCERTAINTY_MEASURE_WITH_UNIT (LENGTH_MEASURE( 1.000000000000000082E-05 ), #5926, 'distance_accuracy_value', 'NONE');
#3317 = SURFACE_SIDE_STYLE ('',( #1382 ) ) ;
#3318 = ORIENTED_EDGE ( 'NONE', *, *, #2892, .F. ) ;
#3319 = VECTOR ( 'NONE', #3220, 1000.000000000000000 ) ;
#3320 = LINE ( 'NONE', #5174, #1360 ) ;
#3321 = DIRECTION ( 'NONE',  ( 0.4999999999999997780, 0.000000000000000000, 0.8660254037844387076 ) ) ;
#3322 =( NAMED_UNIT ( * ) SI_UNIT ( $, .STERADIAN. ) SOLID_ANGLE_UNIT ( ) );
#3323 = ORIENTED_EDGE ( 'NONE', *, *, #3290, .F. ) ;
#3324 = DIRECTION ( 'NONE',  ( 0.000000000000000000, 0.000000000000000000, -1.000000000000000000 ) ) ;
#3325 = EDGE_LOOP ( 'NONE', ( #5862, #3432, #556, #3276 ) ) ;
#3326 = VERTEX_POINT ( 'NONE', #1629 ) ;
#3327 = VECTOR ( 'NONE', #2519, 1000.000000000000000 ) ;
#3328 = EDGE_CURVE ( 'NONE', #2773, #2605, #3975, .T. ) ;
#3329 = EDGE_CURVE ( 'NONE', #472, #1004, #2492, .T. ) ;
#3330 = AXIS2_PLACEMENT_3D ( 'NONE', #2894, #2943, #2443 ) ;
#3331 = APPLICATION_PROTOCOL_DEFINITION ( 'draft international standard', 'automotive_design', 1998, #3730 ) ;
#3332 =( LENGTH_UNIT ( ) NAMED_UNIT ( * ) SI_UNIT ( .MILLI., .METRE. ) );
#3333 =( GEOMETRIC_REPRESENTATION_CONTEXT ( 3 ) GLOBAL_UNCERTAINTY_ASSIGNED_CONTEXT ( ( #5189 ) ) GLOBAL_UNIT_ASSIGNED_CONTEXT ( ( #5548, #4620, #2818 ) ) REPRESENTATION_CONTEXT ( 'NONE', 'WORKASPACE' ) );
#3334 = CARTESIAN_POINT ( 'NONE',  ( -1.663700000000000401, 2.616199999999999637, 0.2032000000000001860 ) ) ;
#3335 = FILL_AREA_STYLE ('',( #499 ) ) ;
#3336 = PRESENTATION_LAYER_ASSIGNMENT (  '', '', ( #3833 ) ) ;
#3337 = CARTESIAN_POINT ( 'NONE',  ( -4.203700000000001324, 0.000000000000000000, 3.733800000000000008 ) ) ;
#3338 = VERTEX_POINT ( 'NONE', #692 ) ;
#3339 = MECHANICAL_DESIGN_GEOMETRIC_PRESENTATION_REPRESENTATION (  '', ( #1990 ), #4995 ) ;
#3340 = VECTOR ( 'NONE', #3400, 1000.000000000000000 ) ;
#3341 =( GEOMETRIC_REPRESENTATION_CONTEXT ( 3 ) GLOBAL_UNCERTAINTY_ASSIGNED_CONTEXT ( ( #2995 ) ) GLOBAL_UNIT_ASSIGNED_CONTEXT ( ( #4632, #3755, #3257 ) ) REPRESENTATION_CONTEXT ( 'NONE', 'WORKASPACE' ) );
#3342 =( GEOMETRIC_REPRESENTATION_CONTEXT ( 3 ) GLOBAL_UNCERTAINTY_ASSIGNED_CONTEXT ( ( #4812 ) ) GLOBAL_UNIT_ASSIGNED_CONTEXT ( ( #5801, #2961, #3445 ) ) REPRESENTATION_CONTEXT ( 'NONE', 'WORKASPACE' ) );
#3343 =( GEOMETRIC_REPRESENTATION_CONTEXT ( 3 ) GLOBAL_UNCERTAINTY_ASSIGNED_CONTEXT ( ( #4775 ) ) GLOBAL_UNIT_ASSIGNED_CONTEXT ( ( #4807, #4307, #657 ) ) REPRESENTATION_CONTEXT ( 'NONE', 'WORKASPACE' ) );
#3344 =( LENGTH_UNIT ( ) NAMED_UNIT ( * ) SI_UNIT ( .MILLI., .METRE. ) );
#3345 = DIRECTION ( 'NONE',  ( 1.000000000000000000, 0.000000000000000000, -0.000000000000000000 ) ) ;
#3346 = VECTOR ( 'NONE', #5646, 1000.000000000000000 ) ;
#3347 = CARTESIAN_POINT ( 'NONE',  ( -6.743700000000000472, 0.5079999999999997851, -0.3937000000000001054 ) ) ;
#3348 = VECTOR ( 'NONE', #3422, 1000.000000000000000 ) ;
#3349 = ORIENTED_EDGE ( 'NONE', *, *, #4230, .T. ) ;
#3350 = ORIENTED_EDGE ( 'NONE', *, *, #3435, .T. ) ;
#3351 = DIRECTION ( 'NONE',  ( -0.000000000000000000, 1.000000000000000000, 0.000000000000000000 ) ) ;
#3352 = COLOUR_RGB ( '',1.000000000000000000, 1.000000000000000000, 0.000000000000000000 ) ;
#3353 = EDGE_CURVE ( 'NONE', #508, #4376, #2580, .T. ) ;
#3354 = VECTOR ( 'NONE', #1086, 1000.000000000000000 ) ;
#3355 = FACE_OUTER_BOUND ( 'NONE', #2030, .T. ) ;
#3356 = PLANE ( 'NONE',  #2375 ) ;
#3357 = ORIENTED_EDGE ( 'NONE', *, *, #2944, .T. ) ;
#3358 = LINE ( 'NONE', #3855, #2203 ) ;
#3359 = CARTESIAN_POINT ( 'NONE',  ( -5.956299999999999706, 0.8128000000000000780, 0.2032000000000002693 ) ) ;
#3360 = FILL_AREA_STYLE ('',( #1841 ) ) ;
#3361 = SURFACE_STYLE_USAGE ( .BOTH. , #5668 ) ;
#3362 = VECTOR ( 'NONE', #2621, 1000.000000000000000 ) ;
#3363 = VERTEX_POINT ( 'NONE', #232 ) ;
#3364 = SURFACE_STYLE_FILL_AREA ( #2023 ) ;
#3365 = EDGE_CURVE ( 'NONE', #2478, #644, #734, .T. ) ;
#3366 = PRODUCT_DEFINITION_CONTEXT ( 'detailed design', #91, 'design' ) ;
#3367 =( NAMED_UNIT ( * ) SI_UNIT ( $, .STERADIAN. ) SOLID_ANGLE_UNIT ( ) );
#3368 = PLANE ( 'NONE',  #4205 ) ;
#3369 =( NAMED_UNIT ( * ) SI_UNIT ( $, .STERADIAN. ) SOLID_ANGLE_UNIT ( ) );
#3370 = EDGE_CURVE ( 'NONE', #1960, #1742, #4756, .T. ) ;
#3371 = DIRECTION ( 'NONE',  ( 1.000000000000000000, -0.000000000000000000, -0.000000000000000000 ) ) ;
#3372 = ORIENTED_EDGE ( 'NONE', *, *, #3893, .F. ) ;
#3373 =( NAMED_UNIT ( * ) PLANE_ANGLE_UNIT ( ) SI_UNIT ( $, .RADIAN. ) );
#3374 =( LENGTH_UNIT ( ) NAMED_UNIT ( * ) SI_UNIT ( .MILLI., .METRE. ) );
#3375 = SURFACE_SIDE_STYLE ('',( #3032 ) ) ;
#3376 = DIRECTION ( 'NONE',  ( -0.000000000000000000, 0.000000000000000000, -1.000000000000000000 ) ) ;
#3377 = ORIENTED_EDGE ( 'NONE', *, *, #4340, .F. ) ;
#3378 =( LENGTH_UNIT ( ) NAMED_UNIT ( * ) SI_UNIT ( .MILLI., .METRE. ) );
#3379 = ORIENTED_EDGE ( 'NONE', *, *, #28, .F. ) ;
#3380 = CARTESIAN_POINT ( 'NONE',  ( -5.956299999999999706, 2.616200000000000081, 0.2032000000000006024 ) ) ;
#3381 = FILL_AREA_STYLE_COLOUR ( '', #5698 ) ;
#3382 = UNCERTAINTY_MEASURE_WITH_UNIT (LENGTH_MEASURE( 1.000000000000000082E-05 ), #4610, 'distance_accuracy_value', 'NONE');
#3383 = ORIENTED_EDGE ( 'NONE', *, *, #5874, .F. ) ;
#3384 = CARTESIAN_POINT ( 'NONE',  ( 6.870700000000000252, 0.8128000000000000780, 0.6095999999999999197 ) ) ;
#3385 = PLANE ( 'NONE',  #2284 ) ;
#3386 = LINE ( 'NONE', #5236, #3834 ) ;
#3387 = EDGE_CURVE ( 'NONE', #234, #4383, #155, .T. ) ;
#3388 = EDGE_LOOP ( 'NONE', ( #3310, #4664, #3824, #1724, #4908, #4105, #52, #1601 ) ) ;
#3389 = FILL_AREA_STYLE ('',( #5335 ) ) ;
#3390 = UNCERTAINTY_MEASURE_WITH_UNIT (LENGTH_MEASURE( 1.000000000000000082E-05 ), #3066, 'distance_accuracy_value', 'NONE');
#3391 = DIRECTION ( 'NONE',  ( -1.000000000000000000, 0.000000000000000000, 0.000000000000000000 ) ) ;
#3392 = ADVANCED_FACE ( 'NONE', ( #1169 ), #1084, .T. ) ;
#3393 = VECTOR ( 'NONE', #1637, 1000.000000000000000 ) ;
#3394 = ORIENTED_EDGE ( 'NONE', *, *, #5519, .T. ) ;
#3395 = CARTESIAN_POINT ( 'NONE',  ( 6.870700000000000252, 2.743199999999999861, 0.2032000000000000195 ) ) ;
#3396 = FILL_AREA_STYLE ('',( #1067 ) ) ;
#3397 = DIRECTION ( 'NONE',  ( -0.000000000000000000, -0.000000000000000000, -1.000000000000000000 ) ) ;
#3398 = STYLED_ITEM ( 'NONE', ( #3548 ), #696 ) ;
#3399 = EDGE_LOOP ( 'NONE', ( #5532, #4616, #2779, #1592 ) ) ;
#3400 = DIRECTION ( 'NONE',  ( 1.000000000000000000, 0.000000000000000000, -0.000000000000000000 ) ) ;
#3401 = FILL_AREA_STYLE ('',( #1585 ) ) ;
#3402 = STYLED_ITEM ( 'NONE', ( #4144 ), #1037 ) ;
#3403 = CARTESIAN_POINT ( 'NONE',  ( -5.956299999999999706, 2.616200000000000081, 3.306559094877498772 ) ) ;
#3404 = EDGE_CURVE ( 'NONE', #1004, #5373, #661, .T. ) ;
#3405 = SURFACE_STYLE_FILL_AREA ( #761 ) ;
#3406 = VECTOR ( 'NONE', #4576, 1000.000000000000000 ) ;
#3407 = PLANE ( 'NONE',  #3990 ) ;
#3408 = FACE_OUTER_BOUND ( 'NONE', #4466, .T. ) ;
#3409 = DIRECTION ( 'NONE',  ( 0.000000000000000000, -1.000000000000000000, -0.000000000000000000 ) ) ;
#3410 = UNCERTAINTY_MEASURE_WITH_UNIT (LENGTH_MEASURE( 1.000000000000000082E-05 ), #4439, 'distance_accuracy_value', 'NONE');
#3411 = DIRECTION ( 'NONE',  ( -0.000000000000000000, 1.000000000000000000, 0.000000000000000000 ) ) ;
#3412 = STYLED_ITEM ( 'NONE', ( #2939 ), #2307 ) ;
#3413 = ORIENTED_EDGE ( 'NONE', *, *, #4627, .T. ) ;
#3414 = PRODUCT_CONTEXT ( 'NONE', #15, 'mechanical' ) ;
#3416 = EDGE_CURVE ( 'NONE', #847, #5124, #1600, .T. ) ;
#3415 = MECHANICAL_DESIGN_GEOMETRIC_PRESENTATION_REPRESENTATION (  '', ( #2840 ), #1676 ) ;
#3417 = FILL_AREA_STYLE_COLOUR ( '', #3728 ) ;
#3418 = UNCERTAINTY_MEASURE_WITH_UNIT (LENGTH_MEASURE( 1.000000000000000082E-05 ), #3033, 'distance_accuracy_value', 'NONE');
#3419 = ORIENTED_EDGE ( 'NONE', *, *, #5903, .F. ) ;
#3420 = MECHANICAL_DESIGN_GEOMETRIC_PRESENTATION_REPRESENTATION (  '', ( #51 ), #2564 ) ;
#3421 =( GEOMETRIC_REPRESENTATION_CONTEXT ( 3 ) GLOBAL_UNCERTAINTY_ASSIGNED_CONTEXT ( ( #2208 ) ) GLOBAL_UNIT_ASSIGNED_CONTEXT ( ( #4353, #2448, #2780 ) ) REPRESENTATION_CONTEXT ( 'NONE', 'WORKASPACE' ) );
#3422 = DIRECTION ( 'NONE',  ( -0.000000000000000000, 0.000000000000000000, 1.000000000000000000 ) ) ;
#3423 = LINE ( 'NONE', #130, #3927 ) ;
#3424 = MECHANICAL_DESIGN_GEOMETRIC_PRESENTATION_REPRESENTATION (  '', ( #4398 ), #3827 ) ;
#3425 = LINE ( 'NONE', #1130, #3627 ) ;
#3426 = FACE_OUTER_BOUND ( 'NONE', #162, .T. ) ;
#3427 = DIRECTION ( 'NONE',  ( 0.000000000000000000, 0.000000000000000000, -1.000000000000000000 ) ) ;
#3428 = VECTOR ( 'NONE', #325, 1000.000000000000000 ) ;
#3429 = CARTESIAN_POINT ( 'NONE',  ( 0.8762999999999999678, 8.509000000000000341, 0.3936999999999999944 ) ) ;
#3430 = PRESENTATION_LAYER_ASSIGNMENT (  '', '', ( #2857 ) ) ;
#3431 = CIRCLE ( 'NONE', #2946, 0.4064000000000000390 ) ;
#3432 = ORIENTED_EDGE ( 'NONE', *, *, #4627, .F. ) ;
#3433 = COLOUR_RGB ( '',0.6901960784313725394, 0.6901960784313725394, 0.6901960784313725394 ) ;
#3434 = CARTESIAN_POINT ( 'NONE',  ( 1.663699999999999957, 0.000000000000000000, 25.39999999999999858 ) ) ;
#3435 = EDGE_CURVE ( 'NONE', #3072, #216, #4782, .T. ) ;
#3436 = LINE ( 'NONE', #1190, #4219 ) ;
#3437 = MECHANICAL_DESIGN_GEOMETRIC_PRESENTATION_REPRESENTATION (  '', ( #3156 ), #1314 ) ;
#3438 = PRESENTATION_LAYER_ASSIGNMENT (  '', '', ( #64 ) ) ;
#3439 = UNCERTAINTY_MEASURE_WITH_UNIT (LENGTH_MEASURE( 1.000000000000000082E-05 ), #5818, 'distance_accuracy_value', 'NONE');
#3440 = ORIENTED_EDGE ( 'NONE', *, *, #4752, .T. ) ;
#3441 = EDGE_CURVE ( 'NONE', #949, #4772, #2045, .T. ) ;
#3442 = ORIENTED_EDGE ( 'NONE', *, *, #4195, .F. ) ;
#3443 = EDGE_CURVE ( 'NONE', #3215, #2983, #3448, .T. ) ;
#3444 = COLOUR_RGB ( '',1.000000000000000000, 1.000000000000000000, 0.000000000000000000 ) ;
#3445 =( NAMED_UNIT ( * ) SI_UNIT ( $, .STERADIAN. ) SOLID_ANGLE_UNIT ( ) );
#3446 = SURFACE_STYLE_USAGE ( .BOTH. , #149 ) ;
#3447 = DIRECTION ( 'NONE',  ( -0.000000000000000000, 0.000000000000000000, 1.000000000000000000 ) ) ;
#3448 = LINE ( 'NONE', #5300, #639 ) ;
#3449 = EDGE_LOOP ( 'NONE', ( #3090, #3646, #2547, #1070 ) ) ;
#3450 = PRESENTATION_LAYER_ASSIGNMENT (  '', '', ( #3854 ) ) ;
#3451 =( LENGTH_UNIT ( ) NAMED_UNIT ( * ) SI_UNIT ( .MILLI., .METRE. ) );
#3452 = PRESENTATION_STYLE_ASSIGNMENT (( #2050 ) ) ;
#3453 =( NAMED_UNIT ( * ) SI_UNIT ( $, .STERADIAN. ) SOLID_ANGLE_UNIT ( ) );
#3454 =( LENGTH_UNIT ( ) NAMED_UNIT ( * ) SI_UNIT ( .MILLI., .METRE. ) );
#3455 = COLOUR_RGB ( '',1.000000000000000000, 1.000000000000000000, 0.000000000000000000 ) ;
#3456 = VERTEX_POINT ( 'NONE', #2141 ) ;
#3457 = CARTESIAN_POINT ( 'NONE',  ( -1.663699999999999957, 8.509000000000000341, -0.3936999999999999944 ) ) ;
#3458 = CARTESIAN_POINT ( 'NONE',  ( 6.870700000000000252, 0.000000000000000000, 3.733800000000000008 ) ) ;
#3459 = FILL_AREA_STYLE_COLOUR ( '', #2435 ) ;
#3460 = CARTESIAN_POINT ( 'NONE',  ( -4.203700000000000436, 8.509000000000000341, -0.3936999999999999944 ) ) ;
#3461 = SURFACE_STYLE_USAGE ( .BOTH. , #108 ) ;
#3462 = EDGE_CURVE ( 'NONE', #5867, #4695, #767, .T. ) ;
#3463 = CARTESIAN_POINT ( 'NONE',  ( 6.870700000000000252, 2.616200000000000081, 0.2032000000000000195 ) ) ;
#3464 = LINE ( 'NONE', #5317, #4953 ) ;
#3465 =( LENGTH_UNIT ( ) NAMED_UNIT ( * ) SI_UNIT ( .MILLI., .METRE. ) );
#3466 = CARTESIAN_POINT ( 'NONE',  ( -3.957032348418713319, 0.000000000000000000, 3.733800000000000008 ) ) ;
#3467 = STYLED_ITEM ( 'NONE', ( #5096 ), #296 ) ;
#3468 = PRESENTATION_STYLE_ASSIGNMENT (( #2631 ) ) ;
#3469 = ORIENTED_EDGE ( 'NONE', *, *, #5602, .F. ) ;
#3470 = ORIENTED_EDGE ( 'NONE', *, *, #2103, .T. ) ;
#3471 = EDGE_CURVE ( 'NONE', #3676, #1166, #3111, .T. ) ;
#3472 = LINE ( 'NONE', #2572, #3640 ) ;
#3473 = ORIENTED_EDGE ( 'NONE', *, *, #3645, .T. ) ;
#3474 = EDGE_CURVE ( 'NONE', #4874, #4927, #4542, .T. ) ;
#3475 = SURFACE_STYLE_USAGE ( .BOTH. , #1627 ) ;
#3476 = PRODUCT_RELATED_PRODUCT_CATEGORY ( 'part', '', ( #3799 ) ) ;
#3477 = PRESENTATION_STYLE_ASSIGNMENT (( #3446 ) ) ;
#3478 = CARTESIAN_POINT ( 'NONE',  ( -3.416300000000000114, 2.616200000000000081, 0.000000000000000000 ) ) ;
#3479 = CARTESIAN_POINT ( 'NONE',  ( -6.743700000000000472, 2.616199999999999193, 25.39999999999999858 ) ) ;
#3480 = EDGE_LOOP ( 'NONE', ( #684, #401, #2053, #318 ) ) ;
#3481 = AXIS2_PLACEMENT_3D ( 'NONE', #1467, #5528, #2297 ) ;
#3482 = ORIENTED_EDGE ( 'NONE', *, *, #5250, .F. ) ;
#3483 = CARTESIAN_POINT ( 'NONE',  ( 6.870700000000000252, 2.743199999999999861, 0.000000000000000000 ) ) ;
#3484 = UNCERTAINTY_MEASURE_WITH_UNIT (LENGTH_MEASURE( 1.000000000000000082E-05 ), #38, 'distance_accuracy_value', 'NONE');
#3485 = FACE_BOUND ( 'NONE', #1557, .T. ) ;
#3486 = EDGE_CURVE ( 'NONE', #3665, #4182, #2485, .T. ) ;
#3487 = DIRECTION ( 'NONE',  ( 0.000000000000000000, 0.000000000000000000, -1.000000000000000000 ) ) ;
#3488 = ORIENTED_EDGE ( 'NONE', *, *, #2776, .T. ) ;
#3489 = CARTESIAN_POINT ( 'NONE',  ( -5.956299999999999706, 2.616200000000000081, 25.39999999999999858 ) ) ;
#3490 = DIRECTION ( 'NONE',  ( 1.000000000000000000, -0.000000000000000000, 0.000000000000000000 ) ) ;
#3491 = SURFACE_STYLE_USAGE ( .BOTH. , #3841 ) ;
#3492 = CARTESIAN_POINT ( 'NONE',  ( 6.870700000000000252, 0.8128000000000000780, 0.6095999999999999197 ) ) ;
#3493 =( NAMED_UNIT ( * ) SI_UNIT ( $, .STERADIAN. ) SOLID_ANGLE_UNIT ( ) );
#3494 =( NAMED_UNIT ( * ) SI_UNIT ( $, .STERADIAN. ) SOLID_ANGLE_UNIT ( ) );
#3495 = DIRECTION ( 'NONE',  ( 0.000000000000000000, 1.000000000000000000, 0.000000000000000000 ) ) ;
#3496 = VECTOR ( 'NONE', #2975, 1000.000000000000000 ) ;
#3497 = DIRECTION ( 'NONE',  ( 0.000000000000000000, 0.000000000000000000, -1.000000000000000000 ) ) ;
#3498 =( GEOMETRIC_REPRESENTATION_CONTEXT ( 3 ) GLOBAL_UNCERTAINTY_ASSIGNED_CONTEXT ( ( #3026 ) ) GLOBAL_UNIT_ASSIGNED_CONTEXT ( ( #1354, #2997, #5717 ) ) REPRESENTATION_CONTEXT ( 'NONE', 'WORKASPACE' ) );
#3499 = SURFACE_STYLE_USAGE ( .BOTH. , #2017 ) ;
#3500 = FILL_AREA_STYLE ('',( #3600 ) ) ;
#3501 = DIRECTION ( 'NONE',  ( 0.000000000000000000, 1.000000000000000000, 0.000000000000000000 ) ) ;
#3502 = STYLED_ITEM ( 'NONE', ( #3041 ), #484 ) ;
#3503 = EDGE_CURVE ( 'NONE', #5069, #3542, #1896, .T. ) ;
#3504 = CARTESIAN_POINT ( 'NONE',  ( 7.365999999999999659, -2.032000000000000028, 5.080000000000000071 ) ) ;
#3505 = ORIENTED_EDGE ( 'NONE', *, *, #2283, .T. ) ;
#3506 = VECTOR ( 'NONE', #4094, 1000.000000000000000 ) ;
#3507 = DIRECTION ( 'NONE',  ( 0.000000000000000000, 0.000000000000000000, -1.000000000000000000 ) ) ;
#3508 = FILL_AREA_STYLE ('',( #1650 ) ) ;
#3509 = VECTOR ( 'NONE', #3659, 1000.000000000000000 ) ;
#3510 = LINE ( 'NONE', #4005, #4125 ) ;
#3511 = VERTEX_POINT ( 'NONE', #1327 ) ;
#3512 = VERTEX_POINT ( 'NONE', #3057 ) ;
#3513 = DIRECTION ( 'NONE',  ( -0.000000000000000000, 0.000000000000000000, -1.000000000000000000 ) ) ;
#3514 = PLANE ( 'NONE',  #5578 ) ;
#3515 = COLOUR_RGB ( '',1.000000000000000000, 1.000000000000000000, 0.000000000000000000 ) ;
#3516 = CARTESIAN_POINT ( 'NONE',  ( 4.203700000000000436, 2.616200000000000525, -0.2032000000000003803 ) ) ;
#3517 = PRESENTATION_STYLE_ASSIGNMENT (( #1752 ) ) ;
#3518 = DIRECTION ( 'NONE',  ( 0.000000000000000000, -0.000000000000000000, -1.000000000000000000 ) ) ;
#3519 = MECHANICAL_DESIGN_GEOMETRIC_PRESENTATION_REPRESENTATION (  '', ( #3412 ), #4774 ) ;
#3520 = DIRECTION ( 'NONE',  ( 0.000000000000000000, -1.000000000000000000, 0.000000000000000000 ) ) ;
#3521 = EDGE_CURVE ( 'NONE', #5323, #1394, #5482, .T. ) ;
#3522 = ORIENTED_EDGE ( 'NONE', *, *, #4060, .F. ) ;
#3523 = EDGE_CURVE ( 'NONE', #5379, #5307, #4070, .T. ) ;
#3524 = UNCERTAINTY_MEASURE_WITH_UNIT (LENGTH_MEASURE( 1.000000000000000082E-05 ), #4425, 'distance_accuracy_value', 'NONE');
#3525 = FACE_OUTER_BOUND ( 'NONE', #397, .T. ) ;
#3526 = FACE_OUTER_BOUND ( 'NONE', #2803, .T. ) ;
#3527 =( NAMED_UNIT ( * ) PLANE_ANGLE_UNIT ( ) SI_UNIT ( $, .RADIAN. ) );
#3528 = FILL_AREA_STYLE ('',( #1220 ) ) ;
#3529 = DIRECTION ( 'NONE',  ( 0.000000000000000000, 0.000000000000000000, 1.000000000000000000 ) ) ;
#3530 = VECTOR ( 'NONE', #5314, 1000.000000000000000 ) ;
#3531 = LINE ( 'NONE', #1224, #3819 ) ;
#3532 = VECTOR ( 'NONE', #94, 1000.000000000000000 ) ;
#3533 = ORIENTED_EDGE ( 'NONE', *, *, #3295, .F. ) ;
#3534 = CARTESIAN_POINT ( 'NONE',  ( -6.497032348418713354, 0.4064000000000003721, 3.733799999999999120 ) ) ;
#3535 = VECTOR ( 'NONE', #1970, 1000.000000000000000 ) ;
#3536 = CIRCLE ( 'NONE', #925, 0.8127999999999999670 ) ;
#3537 = FILL_AREA_STYLE ('',( #813 ) ) ;
#3538 = CARTESIAN_POINT ( 'NONE',  ( 1.663699999999999957, 8.509000000000000341, 0.3936999999999999944 ) ) ;
#3539 = PLANE ( 'NONE',  #3842 ) ;
#3540 = VECTOR ( 'NONE', #4720, 1000.000000000000000 ) ;
#3541 = STYLED_ITEM ( 'NONE', ( #916 ), #1839 ) ;
#3542 = VERTEX_POINT ( 'NONE', #2611 ) ;
#3543 = EDGE_LOOP ( 'NONE', ( #5531, #537, #4821, #1530 ) ) ;
#3544 = DIRECTION ( 'NONE',  ( -0.000000000000000000, 1.000000000000000000, 0.000000000000000000 ) ) ;
#3545 = COLOUR_RGB ( '',1.000000000000000000, 1.000000000000000000, 0.000000000000000000 ) ;
#3546 = STYLED_ITEM ( 'NONE', ( #490 ), #1891 ) ;
#3547 = ORIENTED_EDGE ( 'NONE', *, *, #1005, .F. ) ;
#3548 = PRESENTATION_STYLE_ASSIGNMENT (( #4937 ) ) ;
#3549 = PRESENTATION_LAYER_ASSIGNMENT (  '', '', ( #1121 ) ) ;
#3550 = LINE ( 'NONE', #4999, #5176 ) ;
#3551 = PRESENTATION_STYLE_ASSIGNMENT (( #2044 ) ) ;
#3552 = DIRECTION ( 'NONE',  ( 0.000000000000000000, 0.000000000000000000, 1.000000000000000000 ) ) ;
#3553 = ORIENTED_EDGE ( 'NONE', *, *, #115, .F. ) ;
#3554 = STYLED_ITEM ( 'NONE', ( #5164 ), #5766 ) ;
#3555 = PRODUCT ( 'P2SSW-106-02-T-S-RA', 'P2SSW-106-02-T-S-RA', '', ( #3414 ) ) ;
#3556 = ORIENTED_EDGE ( 'NONE', *, *, #3222, .F. ) ;
#3557 = CARTESIAN_POINT ( 'NONE',  ( 5.956299999999999706, 0.8128000000000000780, 0.6095999999999999197 ) ) ;
#3558 = VECTOR ( 'NONE', #2717, 1000.000000000000114 ) ;
#3559 = EDGE_CURVE ( 'NONE', #5157, #4651, #2729, .T. ) ;
#3560 = LINE ( 'NONE', #5018, #3558 ) ;
#3561 =( NAMED_UNIT ( * ) SI_UNIT ( $, .STERADIAN. ) SOLID_ANGLE_UNIT ( ) );
#3562 = DIRECTION ( 'NONE',  ( -0.000000000000000000, 0.000000000000000000, 1.000000000000000000 ) ) ;
#3563 = EDGE_CURVE ( 'NONE', #3338, #1960, #3746, .T. ) ;
#3564 = PRODUCT_DEFINITION ( 'UNKNOWN', '', #4505, #698 ) ;
#3565 = CARTESIAN_POINT ( 'NONE',  ( -6.870700000000000252, 2.743199999999999861, 0.000000000000000000 ) ) ;
#3566 = VERTEX_POINT ( 'NONE', #3174 ) ;
#3567 = FILL_AREA_STYLE_COLOUR ( '', #4404 ) ;
#3568 = DIRECTION ( 'NONE',  ( 0.000000000000000000, 1.000000000000000000, 0.000000000000000000 ) ) ;
#3569 = MECHANICAL_DESIGN_GEOMETRIC_PRESENTATION_REPRESENTATION (  '', ( #2010 ), #2706 ) ;
#3570 = LINE ( 'NONE', #1674, #1926 ) ;
#3571 = DIRECTION ( 'NONE',  ( 1.000000000000000000, 0.000000000000000000, -0.000000000000000000 ) ) ;
#3572 = FILL_AREA_STYLE_COLOUR ( '', #1532 ) ;
#3573 = DIRECTION ( 'NONE',  ( 3.414809992080330502E-16, -1.000000000000000000, 0.000000000000000000 ) ) ;
#3574 = VERTEX_POINT ( 'NONE', #2267 ) ;
#3575 = ORIENTED_EDGE ( 'NONE', *, *, #3486, .T. ) ;
#3576 = ORIENTED_EDGE ( 'NONE', *, *, #4636, .F. ) ;
#3577 = DIRECTION ( 'NONE',  ( 0.000000000000000000, 0.000000000000000000, -1.000000000000000000 ) ) ;
#3578 = CARTESIAN_POINT ( 'NONE',  ( -0.8762999999999999678, 2.616200000000000081, 0.2032000000000006024 ) ) ;
#3579 = PRESENTATION_STYLE_ASSIGNMENT (( #29 ) ) ;
#3580 = LINE ( 'NONE', #2305, #596 ) ;
#3581 = CARTESIAN_POINT ( 'NONE',  ( 6.497032348418713354, 0.000000000000000000, 3.733800000000000008 ) ) ;
#3582 = DIRECTION ( 'NONE',  ( -1.000000000000000000, 0.000000000000000000, -0.000000000000000000 ) ) ;
#3583 = LINE ( 'NONE', #2640, #5170 ) ;
#3584 = ORIENTED_EDGE ( 'NONE', *, *, #2810, .F. ) ;
#3585 = EDGE_LOOP ( 'NONE', ( #4565, #289, #2144, #1090, #3767, #1914 ) ) ;
#3586 = PRESENTATION_STYLE_ASSIGNMENT (( #1727 ) ) ;
#3587 = DIRECTION ( 'NONE',  ( 0.000000000000000000, -1.000000000000000000, -0.000000000000000000 ) ) ;
#3588 = DIRECTION ( 'NONE',  ( 1.000000000000000000, 0.000000000000000000, 0.000000000000000000 ) ) ;
#3589 = SURFACE_STYLE_FILL_AREA ( #3864 ) ;
#3590 = EDGE_CURVE ( 'NONE', #2522, #2478, #326, .T. ) ;
#3591 = SURFACE_SIDE_STYLE ('',( #5517 ) ) ;
#3592 = VERTEX_POINT ( 'NONE', #1263 ) ;
#3593 =( NAMED_UNIT ( * ) SI_UNIT ( $, .STERADIAN. ) SOLID_ANGLE_UNIT ( ) );
#3594 = CARTESIAN_POINT ( 'NONE',  ( 6.870700000000000252, 0.4064000000000000390, 3.733800000000000008 ) ) ;
#3595 = STYLED_ITEM ( 'NONE', ( #2509 ), #4763 ) ;
#3596 = LINE ( 'NONE', #5404, #1953 ) ;
#3597 = EDGE_CURVE ( 'NONE', #5, #1805, #3510, .T. ) ;
#3598 = UNCERTAINTY_MEASURE_WITH_UNIT (LENGTH_MEASURE( 1.000000000000000082E-05 ), #3332, 'distance_accuracy_value', 'NONE');
#3599 = ORIENTED_EDGE ( 'NONE', *, *, #1959, .F. ) ;
#3600 = FILL_AREA_STYLE_COLOUR ( '', #5477 ) ;
#3601 = SURFACE_SIDE_STYLE ('',( #1739 ) ) ;
#3602 =( NAMED_UNIT ( * ) PLANE_ANGLE_UNIT ( ) SI_UNIT ( $, .RADIAN. ) );
#3603 =( NAMED_UNIT ( * ) SI_UNIT ( $, .STERADIAN. ) SOLID_ANGLE_UNIT ( ) );
#3604 = ORIENTED_EDGE ( 'NONE', *, *, #5799, .F. ) ;
#3605 = ORIENTED_EDGE ( 'NONE', *, *, #1541, .T. ) ;
#3606 = EDGE_CURVE ( 'NONE', #644, #4815, #5829, .T. ) ;
#3607 = SURFACE_STYLE_USAGE ( .BOTH. , #2241 ) ;
#3608 =( NAMED_UNIT ( * ) SI_UNIT ( $, .STERADIAN. ) SOLID_ANGLE_UNIT ( ) );
#3609 = CARTESIAN_POINT ( 'NONE',  ( -5.956299999999999706, 0.4063999999999999280, 25.39999999999999858 ) ) ;
#3610 = COLOUR_RGB ( '',0.6901960784313725394, 0.6901960784313725394, 0.6901960784313725394 ) ;
#3611 = VERTEX_POINT ( 'NONE', #1687 ) ;
#3612 = LINE ( 'NONE', #2613, #2690 ) ;
#3613 = LINE ( 'NONE', #2146, #4899 ) ;
#3614 = FILL_AREA_STYLE_COLOUR ( '', #5308 ) ;
#3615 = PRESENTATION_LAYER_ASSIGNMENT (  '', '', ( #206 ) ) ;
#3616 = PLANE ( 'NONE',  #4856 ) ;
#3617 = CARTESIAN_POINT ( 'NONE',  ( -5.956299999999999706, 0.5079999999999997851, -0.3937000000000001054 ) ) ;
#3618 = DIRECTION ( 'NONE',  ( -0.8660254037844388186, 0.000000000000000000, 0.4999999999999998335 ) ) ;
#3619 = FACE_OUTER_BOUND ( 'NONE', #4659, .T. ) ;
#3620 = VERTEX_POINT ( 'NONE', #3084 ) ;
#3621 = EDGE_CURVE ( 'NONE', #878, #4960, #4940, .T. ) ;
#3622 = DIRECTION ( 'NONE',  ( 0.8660254037844380415, 0.000000000000000000, 0.5000000000000009992 ) ) ;
#3623 = LINE ( 'NONE', #3680, #1373 ) ;
#3624 = ORIENTED_EDGE ( 'NONE', *, *, #3387, .T. ) ;
#3625 =( GEOMETRIC_REPRESENTATION_CONTEXT ( 3 ) GLOBAL_UNCERTAINTY_ASSIGNED_CONTEXT ( ( #2698 ) ) GLOBAL_UNIT_ASSIGNED_CONTEXT ( ( #1711, #3602, #4534 ) ) REPRESENTATION_CONTEXT ( 'NONE', 'WORKASPACE' ) );
#3626 = CARTESIAN_POINT ( 'NONE',  ( -3.416300000000000558, 0.8128000000000000780, 0.6095999999999999197 ) ) ;
#3627 = VECTOR ( 'NONE', #2974, 1000.000000000000000 ) ;
#3628 = CARTESIAN_POINT ( 'NONE',  ( -3.416300000000000558, 2.616200000000000525, -0.2032000000000003803 ) ) ;
#3629 = ORIENTED_EDGE ( 'NONE', *, *, #3416, .T. ) ;
#3630 = AXIS2_PLACEMENT_3D ( 'NONE', #5430, #3497, #3006 ) ;
#3631 = ORIENTED_EDGE ( 'NONE', *, *, #1020, .F. ) ;
#3632 = MECHANICAL_DESIGN_GEOMETRIC_PRESENTATION_REPRESENTATION (  '', ( #2473 ), #5087 ) ;
#3633 = AXIS2_PLACEMENT_3D ( 'NONE', #5178, #1031, #1355 ) ;
#3634 = EDGE_CURVE ( 'NONE', #4724, #1805, #3583, .T. ) ;
#3635 = SURFACE_STYLE_USAGE ( .BOTH. , #5443 ) ;
#3636 = MECHANICAL_DESIGN_GEOMETRIC_PRESENTATION_REPRESENTATION (  '', ( #1303 ), #5936 ) ;
#3637 = CARTESIAN_POINT ( 'NONE',  ( 1.663699999999999957, 2.616200000000000081, 25.39999999999999858 ) ) ;
#3638 = VECTOR ( 'NONE', #608, 1000.000000000000000 ) ;
#3639 = LINE ( 'NONE', #5480, #901 ) ;
#3640 = VECTOR ( 'NONE', #3507, 1000.000000000000000 ) ;
#3641 = DIRECTION ( 'NONE',  ( 0.000000000000000000, -1.000000000000000000, -0.000000000000000000 ) ) ;
#3642 = EDGE_CURVE ( 'NONE', #818, #4187, #2184, .T. ) ;
#3643 = PRESENTATION_LAYER_ASSIGNMENT (  '', '', ( #2675 ) ) ;
#3644 = DIRECTION ( 'NONE',  ( 0.000000000000000000, 0.000000000000000000, -1.000000000000000000 ) ) ;
#3645 = EDGE_CURVE ( 'NONE', #2710, #2624, #4868, .T. ) ;
#3646 = ORIENTED_EDGE ( 'NONE', *, *, #3404, .F. ) ;
#3647 = CARTESIAN_POINT ( 'NONE',  ( 6.743700000000000472, 2.616200000000000525, 0.2032000000000003803 ) ) ;
#3648 = FILL_AREA_STYLE_COLOUR ( '', #3649 ) ;
#3649 = COLOUR_RGB ( '',1.000000000000000000, 1.000000000000000000, 0.000000000000000000 ) ;
#3650 = CYLINDRICAL_SURFACE ( 'NONE', #931, 0.8127999999999999670 ) ;
#3651 =( NAMED_UNIT ( * ) PLANE_ANGLE_UNIT ( ) SI_UNIT ( $, .RADIAN. ) );
#3652 = PRESENTATION_LAYER_ASSIGNMENT (  '', '', ( #2959 ) ) ;
#3653 =( LENGTH_UNIT ( ) NAMED_UNIT ( * ) SI_UNIT ( .MILLI., .METRE. ) );
#3654 = MECHANICAL_DESIGN_GEOMETRIC_PRESENTATION_REPRESENTATION (  '', ( #4509 ), #3941 ) ;
#3655 = ORIENTED_EDGE ( 'NONE', *, *, #971, .T. ) ;
#3656 = VECTOR ( 'NONE', #5309, 1000.000000000000000 ) ;
#3657 = LINE ( 'NONE', #4621, #2603 ) ;
#3658 = DIRECTION ( 'NONE',  ( -1.000000000000000000, -5.335640612625509322E-17, -0.000000000000000000 ) ) ;
#3659 = DIRECTION ( 'NONE',  ( 0.000000000000000000, 0.000000000000000000, -1.000000000000000000 ) ) ;
#3660 = ORIENTED_EDGE ( 'NONE', *, *, #4302, .F. ) ;
#3661 =( NAMED_UNIT ( * ) PLANE_ANGLE_UNIT ( ) SI_UNIT ( $, .RADIAN. ) );
#3662 = DIRECTION ( 'NONE',  ( -1.000000000000000000, 0.000000000000000000, -0.000000000000000000 ) ) ;
#3663 = CARTESIAN_POINT ( 'NONE',  ( 1.417032348418705512, 25.39999999999999858, 3.733799999999998676 ) ) ;
#3664 = FACE_BOUND ( 'NONE', #1777, .T. ) ;
#3665 = VERTEX_POINT ( 'NONE', #363 ) ;
#3666 = DIRECTION ( 'NONE',  ( 0.000000000000000000, 0.000000000000000000, 1.000000000000000000 ) ) ;
#3667 = EDGE_LOOP ( 'NONE', ( #491, #3163, #5484, #980 ) ) ;
#3668 =( NAMED_UNIT ( * ) PLANE_ANGLE_UNIT ( ) SI_UNIT ( $, .RADIAN. ) );
#3669 = AXIS2_PLACEMENT_3D ( 'NONE', #342, #5788, #3070 ) ;
#3670 = DIRECTION ( 'NONE',  ( 1.000000000000000000, 0.000000000000000000, -0.000000000000000000 ) ) ;
#3671 = EDGE_CURVE ( 'NONE', #3902, #1433, #5889, .T. ) ;
#3672 = VERTEX_POINT ( 'NONE', #1291 ) ;
#3673 = SURFACE_STYLE_FILL_AREA ( #2273 ) ;
#3674 = DIRECTION ( 'NONE',  ( 1.000000000000000000, 5.335640612625509322E-17, 0.000000000000000000 ) ) ;
#3675 = CARTESIAN_POINT ( 'NONE',  ( 6.870700000000000252, 0.4064000000000000390, 0.6095999999999998087 ) ) ;
#3676 = VERTEX_POINT ( 'NONE', #5001 ) ;
#3677 = ADVANCED_FACE ( 'NONE', ( #860 ), #996, .F. ) ;
#3678 = CARTESIAN_POINT ( 'NONE',  ( 6.870700000000000252, 0.8128000000000000780, 0.6095999999999999197 ) ) ;
#3679 = MECHANICAL_DESIGN_GEOMETRIC_PRESENTATION_REPRESENTATION (  '', ( #2117 ), #1544 ) ;
#3680 = CARTESIAN_POINT ( 'NONE',  ( 7.365999999999999659, -2.032000000000000028, -1.206500000000000128 ) ) ;
#3681 = PLANE ( 'NONE',  #5745 ) ;
#3682 = STYLED_ITEM ( 'NONE', ( #2701 ), #5255 ) ;
#3683 = EDGE_LOOP ( 'NONE', ( #1339, #5608, #5732, #1351, #3394, #4381, #2133, #4429 ) ) ;
#3684 = UNCERTAINTY_MEASURE_WITH_UNIT (LENGTH_MEASURE( 1.000000000000000082E-05 ), #5121, 'distance_accuracy_value', 'NONE');
#3685 = CARTESIAN_POINT ( 'NONE',  ( 0.000000000000000000, 0.000000000000000000, -1.206499999999999906 ) ) ;
#3686 = CARTESIAN_POINT ( 'NONE',  ( 6.743700000000000472, 8.509000000000000341, 0.3936999999999999944 ) ) ;
#3687 = PRESENTATION_STYLE_ASSIGNMENT (( #851 ) ) ;
#3688 = VERTEX_POINT ( 'NONE', #2834 ) ;
#3689 = CARTESIAN_POINT ( 'NONE',  ( 6.870700000000000252, 0.000000000000000000, 3.733800000000000008 ) ) ;
#3690 =( GEOMETRIC_REPRESENTATION_CONTEXT ( 3 ) GLOBAL_UNCERTAINTY_ASSIGNED_CONTEXT ( ( #771 ) ) GLOBAL_UNIT_ASSIGNED_CONTEXT ( ( #5705, #5795, #5385 ) ) REPRESENTATION_CONTEXT ( 'NONE', 'WORKASPACE' ) );
#3691 = SURFACE_STYLE_FILL_AREA ( #2173 ) ;
#3692 = EDGE_CURVE ( 'NONE', #5854, #3326, #3231, .T. ) ;
#3693 =( NAMED_UNIT ( * ) PLANE_ANGLE_UNIT ( ) SI_UNIT ( $, .RADIAN. ) );
#3694 = LINE ( 'NONE', #2504, #3306 ) ;
#3695 = LINE ( 'NONE', #3229, #2063 ) ;
#3696 = VECTOR ( 'NONE', #3397, 1000.000000000000000 ) ;
#3697 = AXIS2_PLACEMENT_3D ( 'NONE', #2388, #1862, #968 ) ;
#3698 = FILL_AREA_STYLE ('',( #597 ) ) ;
#3699 = ORIENTED_EDGE ( 'NONE', *, *, #4598, .T. ) ;
#3700 = DIRECTION ( 'NONE',  ( 0.000000000000000000, 0.000000000000000000, -1.000000000000000000 ) ) ;
#3701 =( NAMED_UNIT ( * ) PLANE_ANGLE_UNIT ( ) SI_UNIT ( $, .RADIAN. ) );
#3702 = FACE_OUTER_BOUND ( 'NONE', #1633, .T. ) ;
#3703 = CARTESIAN_POINT ( 'NONE',  ( -1.663699999999999957, 8.509000000000000341, 0.3936999999999999944 ) ) ;
#3704 = PLANE ( 'NONE',  #709 ) ;
#3705 = FACE_OUTER_BOUND ( 'NONE', #1756, .T. ) ;
#3706 = SURFACE_SIDE_STYLE ('',( #4169 ) ) ;
#3707 = EDGE_LOOP ( 'NONE', ( #670, #5421, #2086, #2678 ) ) ;
#3708 = EDGE_LOOP ( 'NONE', ( #5957, #4355, #5245, #4535 ) ) ;
#3709 = STYLED_ITEM ( 'NONE', ( #2474 ), #864 ) ;
#3710 = CARTESIAN_POINT ( 'NONE',  ( -4.203700000000000436, -8.889999999999998792, 3.306559094877498772 ) ) ;
#3711 = CARTESIAN_POINT ( 'NONE',  ( -3.957032348418713319, 0.4064000000000000390, 3.733800000000000008 ) ) ;
#3712 = DIRECTION ( 'NONE',  ( 0.000000000000000000, 0.000000000000000000, 1.000000000000000000 ) ) ;
#3713 =( GEOMETRIC_REPRESENTATION_CONTEXT ( 3 ) GLOBAL_UNCERTAINTY_ASSIGNED_CONTEXT ( ( #3390 ) ) GLOBAL_UNIT_ASSIGNED_CONTEXT ( ( #3066, #2998, #1241 ) ) REPRESENTATION_CONTEXT ( 'NONE', 'WORKASPACE' ) );
#3714 = ADVANCED_FACE ( 'NONE', ( #5607 ), #2422, .T. ) ;
#3715 = ADVANCED_FACE ( 'NONE', ( #5574 ), #2807, .F. ) ;
#3716 = VERTEX_POINT ( 'NONE', #413 ) ;
#3717 =( GEOMETRIC_REPRESENTATION_CONTEXT ( 3 ) GLOBAL_UNCERTAINTY_ASSIGNED_CONTEXT ( ( #1487 ) ) GLOBAL_UNIT_ASSIGNED_CONTEXT ( ( #1341, #5383, #3165 ) ) REPRESENTATION_CONTEXT ( 'NONE', 'WORKASPACE' ) );
#3718 = FACE_OUTER_BOUND ( 'NONE', #330, .T. ) ;
#3719 = CARTESIAN_POINT ( 'NONE',  ( 4.203700000000000436, 8.509000000000000341, -0.3936999999999999944 ) ) ;
#3720 = CARTESIAN_POINT ( 'NONE',  ( -4.203700000000001324, 0.8128000000000000780, 0.6095999999999999197 ) ) ;
#3721 = ORIENTED_EDGE ( 'NONE', *, *, #2230, .T. ) ;
#3722 = VECTOR ( 'NONE', #4342, 1000.000000000000000 ) ;
#3723 = ORIENTED_EDGE ( 'NONE', *, *, #5329, .T. ) ;
#3724 = UNCERTAINTY_MEASURE_WITH_UNIT (LENGTH_MEASURE( 1.000000000000000082E-05 ), #946, 'distance_accuracy_value', 'NONE');
#3725 = FILL_AREA_STYLE ('',( #5568 ) ) ;
#3726 = VECTOR ( 'NONE', #1884, 1000.000000000000000 ) ;
#3727 = DIRECTION ( 'NONE',  ( 1.000000000000000000, 0.000000000000000000, -0.000000000000000000 ) ) ;
#3728 = COLOUR_RGB ( '',1.000000000000000000, 1.000000000000000000, 0.000000000000000000 ) ;
#3729 = MECHANICAL_DESIGN_GEOMETRIC_PRESENTATION_REPRESENTATION (  '', ( #5663 ), #4981 ) ;
#3730 = APPLICATION_CONTEXT ( 'automotive_design' ) ;
#3731 = ORIENTED_EDGE ( 'NONE', *, *, #5602, .T. ) ;
#3732 = VECTOR ( 'NONE', #3076, 1000.000000000000000 ) ;
#3733 = MECHANICAL_DESIGN_GEOMETRIC_PRESENTATION_REPRESENTATION (  '', ( #2938 ), #55 ) ;
#3734 = SURFACE_STYLE_USAGE ( .BOTH. , #1870 ) ;
#3735 = VECTOR ( 'NONE', #3109, 1000.000000000000000 ) ;
#3736 = FACE_OUTER_BOUND ( 'NONE', #5055, .T. ) ;
#3737 = PLANE ( 'NONE',  #2860 ) ;
#3738 =( NAMED_UNIT ( * ) SI_UNIT ( $, .STERADIAN. ) SOLID_ANGLE_UNIT ( ) );
#3739 =( GEOMETRIC_REPRESENTATION_CONTEXT ( 3 ) GLOBAL_UNCERTAINTY_ASSIGNED_CONTEXT ( ( #1276 ) ) GLOBAL_UNIT_ASSIGNED_CONTEXT ( ( #3985, #1634, #2469 ) ) REPRESENTATION_CONTEXT ( 'NONE', 'WORKASPACE' ) );
#3740 = VERTEX_POINT ( 'NONE', #4121 ) ;
#3741 = ORIENTED_EDGE ( 'NONE', *, *, #4962, .F. ) ;
#3742 = VECTOR ( 'NONE', #5328, 1000.000000000000000 ) ;
#3743 = PRESENTATION_STYLE_ASSIGNMENT (( #428 ) ) ;
#3744 = DIRECTION ( 'NONE',  ( -0.000000000000000000, 0.000000000000000000, -1.000000000000000000 ) ) ;
#3745 = DIRECTION ( 'NONE',  ( 0.000000000000000000, 0.000000000000000000, -1.000000000000000000 ) ) ;
#3746 = CIRCLE ( 'NONE', #5284, 0.8127999999999999670 ) ;
#3747 = SURFACE_SIDE_STYLE ('',( #1320 ) ) ;
#3748 = FACE_OUTER_BOUND ( 'NONE', #3307, .T. ) ;
#3749 = EDGE_CURVE ( 'NONE', #508, #5910, #2351, .T. ) ;
#3750 = EDGE_LOOP ( 'NONE', ( #2881, #357, #566, #527 ) ) ;
#3751 =( NAMED_UNIT ( * ) SI_UNIT ( $, .STERADIAN. ) SOLID_ANGLE_UNIT ( ) );
#3752 = EDGE_CURVE ( 'NONE', #5785, #1172, #1439, .T. ) ;
#3753 = SURFACE_STYLE_FILL_AREA ( #3256 ) ;
#3754 = EDGE_CURVE ( 'NONE', #4494, #818, #3224, .T. ) ;
#3755 =( NAMED_UNIT ( * ) PLANE_ANGLE_UNIT ( ) SI_UNIT ( $, .RADIAN. ) );
#3756 = VERTEX_POINT ( 'NONE', #473 ) ;
#3757 = SURFACE_SIDE_STYLE ('',( #5204 ) ) ;
#3758 = SURFACE_SIDE_STYLE ('',( #1418 ) ) ;
#3759 = EDGE_CURVE ( 'NONE', #1908, #5592, #5502, .T. ) ;
#3760 = DIRECTION ( 'NONE',  ( -1.000000000000000000, 0.000000000000000000, 0.000000000000000000 ) ) ;
#3761 = UNCERTAINTY_MEASURE_WITH_UNIT (LENGTH_MEASURE( 1.000000000000000082E-05 ), #1432, 'distance_accuracy_value', 'NONE');
#3762 = EDGE_LOOP ( 'NONE', ( #3800, #348, #5754, #2751, #1011, #4507 ) ) ;
#3763 =( NAMED_UNIT ( * ) PLANE_ANGLE_UNIT ( ) SI_UNIT ( $, .RADIAN. ) );
#3764 =( NAMED_UNIT ( * ) PLANE_ANGLE_UNIT ( ) SI_UNIT ( $, .RADIAN. ) );
#3765 = ORIENTED_EDGE ( 'NONE', *, *, #4707, .F. ) ;
#3766 = COLOUR_RGB ( '',1.000000000000000000, 1.000000000000000000, 0.000000000000000000 ) ;
#3767 = ORIENTED_EDGE ( 'NONE', *, *, #1247, .F. ) ;
#3768 = EDGE_CURVE ( 'NONE', #5804, #2983, #4634, .T. ) ;
#3769 = SURFACE_STYLE_FILL_AREA ( #4171 ) ;
#3770 = DIRECTION ( 'NONE',  ( 0.000000000000000000, 0.000000000000000000, 1.000000000000000000 ) ) ;
#3771 = DIRECTION ( 'NONE',  ( -0.000000000000000000, 1.000000000000000000, 0.000000000000000000 ) ) ;
#3772 = PLANE ( 'NONE',  #4704 ) ;
#3773 = ORIENTED_EDGE ( 'NONE', *, *, #1106, .F. ) ;
#3774 =( NAMED_UNIT ( * ) PLANE_ANGLE_UNIT ( ) SI_UNIT ( $, .RADIAN. ) );
#3775 =( NAMED_UNIT ( * ) PLANE_ANGLE_UNIT ( ) SI_UNIT ( $, .RADIAN. ) );
#3776 = ORIENTED_EDGE ( 'NONE', *, *, #1197, .T. ) ;
#3777 = CARTESIAN_POINT ( 'NONE',  ( 7.365999999999999659, 0.000000000000000000, -1.206500000000000128 ) ) ;
#3778 =( NAMED_UNIT ( * ) SI_UNIT ( $, .STERADIAN. ) SOLID_ANGLE_UNIT ( ) );
#3779 = AXIS2_PLACEMENT_3D ( 'NONE', #5231, #4750, #591 ) ;
#3780 = DIRECTION ( 'NONE',  ( 1.000000000000000000, 0.000000000000000000, -0.000000000000000000 ) ) ;
#3781 = DIRECTION ( 'NONE',  ( 0.000000000000000000, -1.000000000000000000, 0.000000000000000000 ) ) ;
#3782 = EDGE_CURVE ( 'NONE', #4175, #5536, #5563, .T. ) ;
#3783 = ORIENTED_EDGE ( 'NONE', *, *, #143, .T. ) ;
#3784 = DIRECTION ( 'NONE',  ( 0.000000000000000000, 1.000000000000000000, 0.000000000000000000 ) ) ;
#3785 =( LENGTH_UNIT ( ) NAMED_UNIT ( * ) SI_UNIT ( .MILLI., .METRE. ) );
#3786 = CARTESIAN_POINT ( 'NONE',  ( -6.202967651581285935, 0.000000000000000000, 3.733800000000000008 ) ) ;
#3787 = CARTESIAN_POINT ( 'NONE',  ( 6.870700000000000252, 0.8128000000000000780, 0.6095999999999999197 ) ) ;
#3788 = PRESENTATION_STYLE_ASSIGNMENT (( #2362 ) ) ;
#3789 = ORIENTED_EDGE ( 'NONE', *, *, #4716, .F. ) ;
#3790 = CARTESIAN_POINT ( 'NONE',  ( 0.8762999999999999678, 0.4064000000000000390, 0.6095999999999999197 ) ) ;
#3791 = ORIENTED_EDGE ( 'NONE', *, *, #81, .F. ) ;
#3792 = EDGE_LOOP ( 'NONE', ( #5976, #5798, #1367, #263 ) ) ;
#3793 = LINE ( 'NONE', #764, #4568 ) ;
#3794 = UNCERTAINTY_MEASURE_WITH_UNIT (LENGTH_MEASURE( 1.000000000000000082E-05 ), #341, 'distance_accuracy_value', 'NONE');
#3795 = DIRECTION ( 'NONE',  ( 0.000000000000000000, -1.000000000000000000, -0.000000000000000000 ) ) ;
#3796 = FACE_OUTER_BOUND ( 'NONE', #3176, .T. ) ;
#3797 = LINE ( 'NONE', #3337, #2757 ) ;
#3798 = PRESENTATION_LAYER_ASSIGNMENT (  '', '', ( #3398 ) ) ;
#3799 = PRODUCT ( 'SSW-106-02-T-S-RA', 'SSW-106-02-T-S-RA', '', ( #2850 ) ) ;
#3800 = ORIENTED_EDGE ( 'NONE', *, *, #1365, .F. ) ;
#3801 = ADVANCED_FACE ( 'NONE', ( #5085 ), #24, .T. ) ;
#3802 = FILL_AREA_STYLE ('',( #502 ) ) ;
#3803 = DIRECTION ( 'NONE',  ( 0.000000000000000000, 0.000000000000000000, -1.000000000000000000 ) ) ;
#3804 = CARTESIAN_POINT ( 'NONE',  ( 6.870700000000000252, 2.616200000000000081, 0.2032000000000000195 ) ) ;
#3805 = DIRECTION ( 'NONE',  ( 1.000000000000000000, 0.000000000000000000, 0.000000000000000000 ) ) ;
#3806 = DIRECTION ( 'NONE',  ( -1.000000000000000000, -0.000000000000000000, -0.000000000000000000 ) ) ;
#3807 = VECTOR ( 'NONE', #4442, 1000.000000000000000 ) ;
#3808 = LINE ( 'NONE', #1049, #3146 ) ;
#3809 = FILL_AREA_STYLE_COLOUR ( '', #3210 ) ;
#3810 = ORIENTED_EDGE ( 'NONE', *, *, #701, .T. ) ;
#3811 = COLOUR_RGB ( '',1.000000000000000000, 1.000000000000000000, 0.000000000000000000 ) ;
#3812 = DIRECTION ( 'NONE',  ( 0.000000000000000000, -1.000000000000000000, -0.000000000000000000 ) ) ;
#3813 = VECTOR ( 'NONE', #4151, 1000.000000000000000 ) ;
#3814 = UNCERTAINTY_MEASURE_WITH_UNIT (LENGTH_MEASURE( 1.000000000000000082E-05 ), #4450, 'distance_accuracy_value', 'NONE');
#3815 = ORIENTED_EDGE ( 'NONE', *, *, #1104, .T. ) ;
#3816 = DIRECTION ( 'NONE',  ( -1.000000000000000000, 0.000000000000000000, -0.000000000000000000 ) ) ;
#3817 = ADVANCED_FACE ( 'NONE', ( #4723 ), #2529, .F. ) ;
#3818 = FILL_AREA_STYLE ('',( #1954 ) ) ;
#3819 = VECTOR ( 'NONE', #4469, 1000.000000000000000 ) ;
#3820 = EDGE_CURVE ( 'NONE', #3716, #2458, #5723, .T. ) ;
#3821 = EDGE_CURVE ( 'NONE', #1394, #1714, #1982, .T. ) ;
#3822 = CARTESIAN_POINT ( 'NONE',  ( 0.8762999999999999678, 8.509000000000000341, -0.3936999999999999944 ) ) ;
#3823 = VECTOR ( 'NONE', #3271, 1000.000000000000000 ) ;
#3824 = ORIENTED_EDGE ( 'NONE', *, *, #3671, .T. ) ;
#3825 =( NAMED_UNIT ( * ) SI_UNIT ( $, .STERADIAN. ) SOLID_ANGLE_UNIT ( ) );
#3826 = EDGE_LOOP ( 'NONE', ( #5655, #2402, #1457, #2442, #3908, #5347 ) ) ;
#3827 =( GEOMETRIC_REPRESENTATION_CONTEXT ( 3 ) GLOBAL_UNCERTAINTY_ASSIGNED_CONTEXT ( ( #4928 ) ) GLOBAL_UNIT_ASSIGNED_CONTEXT ( ( #1957, #1518, #4872 ) ) REPRESENTATION_CONTEXT ( 'NONE', 'WORKASPACE' ) );
#3828 = MECHANICAL_DESIGN_GEOMETRIC_PRESENTATION_REPRESENTATION (  '', ( #5464 ), #3421 ) ;
#3829 = FACE_OUTER_BOUND ( 'NONE', #3683, .T. ) ;
#3830 =( GEOMETRIC_REPRESENTATION_CONTEXT ( 3 ) GLOBAL_UNCERTAINTY_ASSIGNED_CONTEXT ( ( #3439 ) ) GLOBAL_UNIT_ASSIGNED_CONTEXT ( ( #5818, #3073, #2979 ) ) REPRESENTATION_CONTEXT ( 'NONE', 'WORKASPACE' ) );
#3831 = VECTOR ( 'NONE', #4394, 1000.000000000000000 ) ;
#3832 = DIRECTION ( 'NONE',  ( 0.000000000000000000, 0.000000000000000000, 1.000000000000000000 ) ) ;
#3833 = STYLED_ITEM ( 'NONE', ( #4176 ), #1776 ) ;
#3834 = VECTOR ( 'NONE', #230, 1000.000000000000000 ) ;
#3835 = ORIENTED_EDGE ( 'NONE', *, *, #5062, .F. ) ;
#3836 = AXIS2_PLACEMENT_3D ( 'NONE', #5685, #719, #5469 ) ;
#3837 = MECHANICAL_DESIGN_GEOMETRIC_PRESENTATION_REPRESENTATION (  '', ( #4604 ), #151 ) ;
#3838 = MECHANICAL_DESIGN_GEOMETRIC_PRESENTATION_REPRESENTATION (  '', ( #2286 ), #152 ) ;
#3839 = COLOUR_RGB ( '',0.6901960784313725394, 0.6901960784313725394, 0.6901960784313725394 ) ;
#3840 =( LENGTH_UNIT ( ) NAMED_UNIT ( * ) SI_UNIT ( .MILLI., .METRE. ) );
#3841 = SURFACE_SIDE_STYLE ('',( #3962 ) ) ;
#3842 = AXIS2_PLACEMENT_3D ( 'NONE', #1041, #607, #4292 ) ;
#3843 = SURFACE_SIDE_STYLE ('',( #1976 ) ) ;
#3844 = SURFACE_SIDE_STYLE ('',( #4270 ) ) ;
#3845 = LINE ( 'NONE', #4771, #4001 ) ;
#3846 = EDGE_LOOP ( 'NONE', ( #3533, #4020, #5600, #375 ) ) ;
#3847 = ORIENTED_EDGE ( 'NONE', *, *, #264, .T. ) ;
#3848 = CARTESIAN_POINT ( 'NONE',  ( -7.873999999999998778, 0.000000000000000000, 1.206499999999999906 ) ) ;
#3849 = SURFACE_SIDE_STYLE ('',( #4637 ) ) ;
#3850 = CIRCLE ( 'NONE', #1703, 0.8127999999999999670 ) ;
#3851 = PRESENTATION_LAYER_ASSIGNMENT (  '', '', ( #4241 ) ) ;
#3852 = VECTOR ( 'NONE', #5367, 1000.000000000000000 ) ;
#3853 = SURFACE_STYLE_USAGE ( .BOTH. , #4280 ) ;
#3854 = STYLED_ITEM ( 'NONE', ( #3579 ), #89 ) ;
#3855 = CARTESIAN_POINT ( 'NONE',  ( 1.663699999999999957, 0.4064000000000012047, 3.306559094877499216 ) ) ;
#3856 = SURFACE_SIDE_STYLE ('',( #976 ) ) ;
#3857 = PRESENTATION_STYLE_ASSIGNMENT (( #71 ) ) ;
#3858 = UNCERTAINTY_MEASURE_WITH_UNIT (LENGTH_MEASURE( 1.000000000000000082E-05 ), #4403, 'distance_accuracy_value', 'NONE');
#3859 = DIRECTION ( 'NONE',  ( 1.000000000000000000, 0.000000000000000000, -0.000000000000000000 ) ) ;
#3860 = MECHANICAL_DESIGN_GEOMETRIC_PRESENTATION_REPRESENTATION (  '', ( #863 ), #1719 ) ;
#3861 = ORIENTED_EDGE ( 'NONE', *, *, #3894, .F. ) ;
#3862 = DIRECTION ( 'NONE',  ( 0.000000000000000000, 1.000000000000000000, 0.000000000000000000 ) ) ;
#3863 =( NAMED_UNIT ( * ) PLANE_ANGLE_UNIT ( ) SI_UNIT ( $, .RADIAN. ) );
#3864 = FILL_AREA_STYLE ('',( #5221 ) ) ;
#3865 = VECTOR ( 'NONE', #7, 1000.000000000000114 ) ;
#3866 = VERTEX_POINT ( 'NONE', #4826 ) ;
#3867 = EDGE_CURVE ( 'NONE', #426, #5373, #677, .T. ) ;
#3868 = CARTESIAN_POINT ( 'NONE',  ( -5.333999999999999631, 0.5080000000000000071, 1.206500000000000128 ) ) ;
#3869 = FILL_AREA_STYLE ('',( #710 ) ) ;
#3870 =( NAMED_UNIT ( * ) SI_UNIT ( $, .STERADIAN. ) SOLID_ANGLE_UNIT ( ) );
#3871 = ORIENTED_EDGE ( 'NONE', *, *, #3179, .F. ) ;
#3872 = FILL_AREA_STYLE_COLOUR ( '', #1689 ) ;
#3873 = DIRECTION ( 'NONE',  ( 1.000000000000000000, 0.000000000000000000, -0.000000000000000000 ) ) ;
#3874 = DIRECTION ( 'NONE',  ( 1.000000000000000000, 0.000000000000000000, -0.000000000000000000 ) ) ;
#3875 = UNCERTAINTY_MEASURE_WITH_UNIT (LENGTH_MEASURE( 1.000000000000000082E-05 ), #1252, 'distance_accuracy_value', 'NONE');
#3876 = SURFACE_STYLE_USAGE ( .BOTH. , #221 ) ;
#3877 = ADVANCED_FACE ( 'NONE', ( #616 ), #5700, .F. ) ;
#3878 = DIRECTION ( 'NONE',  ( 0.4999999999999990563, 0.000000000000000000, 0.8660254037844391517 ) ) ;
#3879 = FACE_OUTER_BOUND ( 'NONE', #3585, .T. ) ;
#3880 =( NAMED_UNIT ( * ) PLANE_ANGLE_UNIT ( ) SI_UNIT ( $, .RADIAN. ) );
#3881 = DIRECTION ( 'NONE',  ( 1.000000000000000000, -0.000000000000000000, -0.000000000000000000 ) ) ;
#3882 = SURFACE_STYLE_USAGE ( .BOTH. , #2966 ) ;
#3883 = VECTOR ( 'NONE', #218, 1000.000000000000000 ) ;
#3884 = EDGE_LOOP ( 'NONE', ( #5230, #5355, #3096, #4886 ) ) ;
#3885 = SURFACE_SIDE_STYLE ('',( #3364 ) ) ;
#3886 = DIRECTION ( 'NONE',  ( -1.000000000000000000, -5.335640612625509322E-17, -0.000000000000000000 ) ) ;
#3887 = ORIENTED_EDGE ( 'NONE', *, *, #5799, .T. ) ;
#3888 = EDGE_CURVE ( 'NONE', #1166, #4514, #4926, .T. ) ;
#3889 = PRESENTATION_LAYER_ASSIGNMENT (  '', '', ( #3502 ) ) ;
#3890 = SURFACE_SIDE_STYLE ('',( #4768 ) ) ;
#3891 = CARTESIAN_POINT ( 'NONE',  ( -1.663699999999999957, -8.889999999999998792, 3.306559094877498772 ) ) ;
#3892 =( LENGTH_UNIT ( ) NAMED_UNIT ( * ) SI_UNIT ( .MILLI., .METRE. ) );
#3893 = EDGE_CURVE ( 'NONE', #2721, #2781, #781, .T. ) ;
#3894 = EDGE_CURVE ( 'NONE', #1796, #4207, #4857, .T. ) ;
#3895 =( GEOMETRIC_REPRESENTATION_CONTEXT ( 3 ) GLOBAL_UNCERTAINTY_ASSIGNED_CONTEXT ( ( #2119 ) ) GLOBAL_UNIT_ASSIGNED_CONTEXT ( ( #3785, #1058, #2962 ) ) REPRESENTATION_CONTEXT ( 'NONE', 'WORKASPACE' ) );
#3896 = SURFACE_STYLE_FILL_AREA ( #2505 ) ;
#3897 = CARTESIAN_POINT ( 'NONE',  ( 6.743700000000000472, 2.616200000000000081, -0.2032000000000006024 ) ) ;
#3898 =( NAMED_UNIT ( * ) SI_UNIT ( $, .STERADIAN. ) SOLID_ANGLE_UNIT ( ) );
#3899 = AXIS2_PLACEMENT_3D ( 'NONE', #5286, #1534, #2440 ) ;
#3900 = CARTESIAN_POINT ( 'NONE',  ( 2.286000000000003141, 8.509000000000000341, 1.206499999999999906 ) ) ;
#3901 = CARTESIAN_POINT ( 'NONE',  ( 3.416300000000000114, 0.8128000000000000780, -0.2032000000000000195 ) ) ;
#3902 = VERTEX_POINT ( 'NONE', #380 ) ;
#3903 = VECTOR ( 'NONE', #5516, 1000.000000000000000 ) ;
#3904 = EDGE_LOOP ( 'NONE', ( #2765, #4242, #3699, #4196, #5763, #1045, #5276, #726 ) ) ;
#3905 = VECTOR ( 'NONE', #353, 1000.000000000000000 ) ;
#3906 = CARTESIAN_POINT ( 'NONE',  ( -0.8762999999999999678, 2.616200000000000525, -0.2032000000000003803 ) ) ;
#3907 = CARTESIAN_POINT ( 'NONE',  ( 4.826000000000000512, 8.509000000000000341, 1.206499999999999906 ) ) ;
#3908 = ORIENTED_EDGE ( 'NONE', *, *, #4309, .F. ) ;
#3909 = STYLED_ITEM ( 'NONE', ( #2543 ), #2201 ) ;
#3910 = VERTEX_POINT ( 'NONE', #2231 ) ;
#3911 = PRODUCT_DEFINITION_CONTEXT ( 'detailed design', #832, 'design' ) ;
#3912 = CARTESIAN_POINT ( 'NONE',  ( 6.497032348418707137, 25.39999999999999858, 3.733799999999996455 ) ) ;
#3913 = CARTESIAN_POINT ( 'NONE',  ( -0.8762999999999999678, 25.39999999999999858, 3.306559094877499216 ) ) ;
#3914 = VECTOR ( 'NONE', #5740, 1000.000000000000000 ) ;
#3915 = ORIENTED_EDGE ( 'NONE', *, *, #396, .F. ) ;
#3916 = PRESENTATION_LAYER_ASSIGNMENT (  '', '', ( #51 ) ) ;
#3917 =( GEOMETRIC_REPRESENTATION_CONTEXT ( 3 ) GLOBAL_UNCERTAINTY_ASSIGNED_CONTEXT ( ( #654 ) ) GLOBAL_UNIT_ASSIGNED_CONTEXT ( ( #507, #4246, #3311 ) ) REPRESENTATION_CONTEXT ( 'NONE', 'WORKASPACE' ) );
#3918 =( NAMED_UNIT ( * ) PLANE_ANGLE_UNIT ( ) SI_UNIT ( $, .RADIAN. ) );
#3919 = PRODUCT_DEFINITION_FORMATION_WITH_SPECIFIED_SOURCE ( 'ANY', '', #3799, .NOT_KNOWN. ) ;
#3920 = COLOUR_RGB ( '',1.000000000000000000, 1.000000000000000000, 0.000000000000000000 ) ;
#3921 = DIRECTION ( 'NONE',  ( 0.000000000000000000, 0.000000000000000000, 1.000000000000000000 ) ) ;
#3922 = CARTESIAN_POINT ( 'NONE',  ( 2.286000000000002252, 0.000000000000000000, -1.206500000000000128 ) ) ;
#3923 = SURFACE_STYLE_USAGE ( .BOTH. , #2503 ) ;
#3924 = CARTESIAN_POINT ( 'NONE',  ( 0.000000000000000000, 0.000000000000000000, 0.000000000000000000 ) ) ;
#3925 = PRESENTATION_LAYER_ASSIGNMENT (  '', '', ( #4788 ) ) ;
#3926 = ADVANCED_FACE ( 'NONE', ( #4952 ), #2597, .F. ) ;
#3927 = VECTOR ( 'NONE', #4852, 1000.000000000000000 ) ;
#3928 = COLOUR_RGB ( '',1.000000000000000000, 1.000000000000000000, 0.000000000000000000 ) ;
#3929 = PRESENTATION_LAYER_ASSIGNMENT (  '', '', ( #4411 ) ) ;
#3930 = DIRECTION ( 'NONE',  ( 0.000000000000000000, 0.000000000000000000, -1.000000000000000000 ) ) ;
#3931 = EDGE_CURVE ( 'NONE', #1680, #1796, #3531, .T. ) ;
#3932 = PRESENTATION_LAYER_ASSIGNMENT (  '', '', ( #1692 ) ) ;
#3933 = PRODUCT_RELATED_PRODUCT_CATEGORY ( 'part', '', ( #3940 ) ) ;
#3934 = DIRECTION ( 'NONE',  ( 0.000000000000000000, 0.000000000000000000, -1.000000000000000000 ) ) ;
#3935 = DIRECTION ( 'NONE',  ( 0.000000000000000000, 0.000000000000000000, -1.000000000000000000 ) ) ;
#3936 = LINE ( 'NONE', #3900, #4174 ) ;
#3937 =( GEOMETRIC_REPRESENTATION_CONTEXT ( 3 ) GLOBAL_UNCERTAINTY_ASSIGNED_CONTEXT ( ( #2883 ) ) GLOBAL_UNIT_ASSIGNED_CONTEXT ( ( #2685, #3152, #4162 ) ) REPRESENTATION_CONTEXT ( 'NONE', 'WORKASPACE' ) );
#3938 = SURFACE_STYLE_FILL_AREA ( #2512 ) ;
#3939 = UNCERTAINTY_MEASURE_WITH_UNIT (LENGTH_MEASURE( 1.000000000000000082E-05 ), #2712, 'distance_accuracy_value', 'NONE');
#3940 = PRODUCT ( 'T1SSW-106-02-T-S-RA', 'T1SSW-106-02-T-S-RA', '', ( #2432 ) ) ;
#3941 =( GEOMETRIC_REPRESENTATION_CONTEXT ( 3 ) GLOBAL_UNCERTAINTY_ASSIGNED_CONTEXT ( ( #2025 ) ) GLOBAL_UNIT_ASSIGNED_CONTEXT ( ( #3952, #1120, #4760 ) ) REPRESENTATION_CONTEXT ( 'NONE', 'WORKASPACE' ) );
#3942 = EDGE_LOOP ( 'NONE', ( #3079, #3791, #5817, #3984 ) ) ;
#3943 = VECTOR ( 'NONE', #988, 1000.000000000000000 ) ;
#3944 = EDGE_CURVE ( 'NONE', #3456, #763, #846, .T. ) ;
#3945 = CARTESIAN_POINT ( 'NONE',  ( 1.663699999999999957, 2.616200000000000081, -0.2032000000000006024 ) ) ;
#3946 = DIRECTION ( 'NONE',  ( 0.000000000000000000, 0.000000000000000000, 1.000000000000000000 ) ) ;
#3947 = SURFACE_STYLE_FILL_AREA ( #2079 ) ;
#3948 = CARTESIAN_POINT ( 'NONE',  ( -7.873999999999998778, 8.509000000000000341, -1.206499999999999906 ) ) ;
#3949 = LINE ( 'NONE', #5802, #2950 ) ;
#3950 = EDGE_LOOP ( 'NONE', ( #3377, #960, #31, #3789 ) ) ;
#3951 = ORIENTED_EDGE ( 'NONE', *, *, #2264, .T. ) ;
#3952 =( LENGTH_UNIT ( ) NAMED_UNIT ( * ) SI_UNIT ( .MILLI., .METRE. ) );
#3953 = VECTOR ( 'NONE', #105, 1000.000000000000114 ) ;
#3954 = CARTESIAN_POINT ( 'NONE',  ( 5.333999999999999631, 0.5079999999999998961, -1.206500000000000128 ) ) ;
#3955 = UNCERTAINTY_MEASURE_WITH_UNIT (LENGTH_MEASURE( 1.000000000000000082E-05 ), #954, 'distance_accuracy_value', 'NONE');
#3956 = PLANE ( 'NONE',  #630 ) ;
#3957 = STYLED_ITEM ( 'NONE', ( #1282 ), #4806 ) ;
#3958 = ORIENTED_EDGE ( 'NONE', *, *, #2720, .T. ) ;
#3959 = UNCERTAINTY_MEASURE_WITH_UNIT (LENGTH_MEASURE( 1.000000000000000082E-05 ), #1163, 'distance_accuracy_value', 'NONE');
#3960 = EDGE_CURVE ( 'NONE', #3283, #1985, #4082, .T. ) ;
#3961 = CARTESIAN_POINT ( 'NONE',  ( -0.2539999999999986713, -1.270000000000000018, 5.080000000000000071 ) ) ;
#3962 = SURFACE_STYLE_FILL_AREA ( #2095 ) ;
#3963 = VECTOR ( 'NONE', #5581, 1000.000000000000000 ) ;
#3964 =( LENGTH_UNIT ( ) NAMED_UNIT ( * ) SI_UNIT ( .MILLI., .METRE. ) );
#3965 = FILL_AREA_STYLE ('',( #3459 ) ) ;
#3966 = LINE ( 'NONE', #1734, #703 ) ;
#3967 = FACE_OUTER_BOUND ( 'NONE', #999, .T. ) ;
#3968 = FILL_AREA_STYLE ('',( #5292 ) ) ;
#3969 = CARTESIAN_POINT ( 'NONE',  ( 6.870700000000000252, 0.4064000000000000390, 0.6095999999999999197 ) ) ;
#3970 =( NAMED_UNIT ( * ) PLANE_ANGLE_UNIT ( ) SI_UNIT ( $, .RADIAN. ) );
#3971 = ORIENTED_EDGE ( 'NONE', *, *, #2107, .T. ) ;
#3972 = ORIENTED_EDGE ( 'NONE', *, *, #4122, .F. ) ;
#3973 = CARTESIAN_POINT ( 'NONE',  ( 6.870700000000000252, 0.8128000000000000780, -0.2032000000000000195 ) ) ;
#3974 = EDGE_CURVE ( 'NONE', #4029, #1343, #1704, .T. ) ;
#3975 = LINE ( 'NONE', #5778, #244 ) ;
#3976 = ADVANCED_FACE ( 'NONE', ( #4110 ), #2291, .F. ) ;
#3977 = ORIENTED_EDGE ( 'NONE', *, *, #5877, .F. ) ;
#3978 = ORIENTED_EDGE ( 'NONE', *, *, #1257, .F. ) ;
#3979 = DIRECTION ( 'NONE',  ( 0.4999999999999872879, 0.000000000000000000, 0.8660254037844460351 ) ) ;
#3980 = UNCERTAINTY_MEASURE_WITH_UNIT (LENGTH_MEASURE( 1.000000000000000082E-05 ), #1309, 'distance_accuracy_value', 'NONE');
#3981 = LINE ( 'NONE', #641, #3852 ) ;
#3982 = SURFACE_SIDE_STYLE ('',( #4314 ) ) ;
#3983 = VECTOR ( 'NONE', #4301, 1000.000000000000000 ) ;
#3984 = ORIENTED_EDGE ( 'NONE', *, *, #1630, .F. ) ;
#3985 =( LENGTH_UNIT ( ) NAMED_UNIT ( * ) SI_UNIT ( .MILLI., .METRE. ) );
#3986 = DIRECTION ( 'NONE',  ( 0.000000000000000000, 0.000000000000000000, 1.000000000000000000 ) ) ;
#3987 = DIRECTION ( 'NONE',  ( 0.000000000000000000, 0.000000000000000000, 1.000000000000000000 ) ) ;
#3988 = DIRECTION ( 'NONE',  ( 0.000000000000000000, 1.000000000000000000, -0.000000000000000000 ) ) ;
#3989 = EDGE_CURVE ( 'NONE', #4724, #637, #5968, .T. ) ;
#3990 = AXIS2_PLACEMENT_3D ( 'NONE', #4698, #174, #2394 ) ;
#3991 = EDGE_LOOP ( 'NONE', ( #2393, #3473, #1404, #4363, #2061, #5642, #200, #941 ) ) ;
#3992 =( NAMED_UNIT ( * ) SI_UNIT ( $, .STERADIAN. ) SOLID_ANGLE_UNIT ( ) );
#3993 = DIRECTION ( 'NONE',  ( 0.000000000000000000, 0.000000000000000000, -1.000000000000000000 ) ) ;
#3994 = SURFACE_STYLE_FILL_AREA ( #5407 ) ;
#3995 = CARTESIAN_POINT ( 'NONE',  ( 6.870700000000000252, 2.743199999999999861, 0.6095999999999999197 ) ) ;
#3996 = SURFACE_SIDE_STYLE ('',( #900 ) ) ;
#3997 = CARTESIAN_POINT ( 'NONE',  ( -5.956299999999999706, 8.509000000000000341, -0.3936999999999999944 ) ) ;
#3998 = VECTOR ( 'NONE', #4068, 1000.000000000000000 ) ;
#3999 = PLANE ( 'NONE',  #4652 ) ;
#4000 = ORIENTED_EDGE ( 'NONE', *, *, #1612, .F. ) ;
#4001 = VECTOR ( 'NONE', #1832, 1000.000000000000000 ) ;
#4002 = ORIENTED_EDGE ( 'NONE', *, *, #4947, .F. ) ;
#4003 = DIRECTION ( 'NONE',  ( 1.000000000000000000, 0.000000000000000000, 0.000000000000000000 ) ) ;
#4004 = LINE ( 'NONE', #3948, #1495 ) ;
#4005 = CARTESIAN_POINT ( 'NONE',  ( 1.663699999999999957, 8.509000000000000341, 0.3936999999999999944 ) ) ;
#4006 = ADVANCED_FACE ( 'NONE', ( #3748 ), #3681, .T. ) ;
#4007 = ORIENTED_EDGE ( 'NONE', *, *, #1005, .T. ) ;
#4008 = ORIENTED_EDGE ( 'NONE', *, *, #4526, .F. ) ;
#4009 = LINE ( 'NONE', #2145, #1800 ) ;
#4010 = LINE ( 'NONE', #1297, #2077 ) ;
#4011 = EDGE_CURVE ( 'NONE', #2604, #4913, #1042, .T. ) ;
#4012 = CARTESIAN_POINT ( 'NONE',  ( -1.663700000000000401, 0.4063999999999998725, 3.306559094877498772 ) ) ;
#4013 = SURFACE_SIDE_STYLE ('',( #2150 ) ) ;
#4014 = CARTESIAN_POINT ( 'NONE',  ( -3.416300000000000114, 8.509000000000000341, -0.3936999999999999944 ) ) ;
#4015 = ORIENTED_EDGE ( 'NONE', *, *, #3974, .T. ) ;
#4016 = COLOUR_RGB ( '',0.6901960784313725394, 0.6901960784313725394, 0.6901960784313725394 ) ;
#4017 = LINE ( 'NONE', #5845, #161 ) ;
#4018 = LINE ( 'NONE', #4949, #1892 ) ;
#4019 = CARTESIAN_POINT ( 'NONE',  ( 0.8762999999999999678, 0.000000000000000000, 3.306559094877499216 ) ) ;
#4020 = ORIENTED_EDGE ( 'NONE', *, *, #3329, .T. ) ;
#4021 = PRESENTATION_STYLE_ASSIGNMENT (( #1368 ) ) ;
#4022 = VECTOR ( 'NONE', #721, 1000.000000000000000 ) ;
#4023 = AXIS2_PLACEMENT_3D ( 'NONE', #1833, #1745, #1290 ) ;
#4024 = DIRECTION ( 'NONE',  ( 0.000000000000000000, 0.000000000000000000, 1.000000000000000000 ) ) ;
#4025 = DIRECTION ( 'NONE',  ( -1.000000000000000000, -0.000000000000000000, 0.000000000000000000 ) ) ;
#4026 = VECTOR ( 'NONE', #1684, 1000.000000000000000 ) ;
#4027 = FILL_AREA_STYLE ('',( #385 ) ) ;
#4028 = SURFACE_STYLE_USAGE ( .BOTH. , #1824 ) ;
#4029 = VERTEX_POINT ( 'NONE', #2408 ) ;
#4030 = MECHANICAL_DESIGN_GEOMETRIC_PRESENTATION_REPRESENTATION (  '', ( #3052 ), #437 ) ;
#4031 = AXIS2_PLACEMENT_3D ( 'NONE', #3254, #1369, #5593 ) ;
#4032 = ORIENTED_EDGE ( 'NONE', *, *, #3353, .T. ) ;
#4033 = CIRCLE ( 'NONE', #3244, 0.4064000000000000390 ) ;
#4034 = VERTEX_POINT ( 'NONE', #2853 ) ;
#4035 = CARTESIAN_POINT ( 'NONE',  ( 2.794000000000000039, 0.000000000000000000, 5.080000000000000071 ) ) ;
#4036 = CARTESIAN_POINT ( 'NONE',  ( -6.743700000000000472, 8.509000000000000341, 0.3936999999999999944 ) ) ;
#4037 = PRESENTATION_LAYER_ASSIGNMENT (  '', '', ( #635 ) ) ;
#4038 = AXIS2_PLACEMENT_3D ( 'NONE', #935, #50, #1468 ) ;
#4039 = EDGE_CURVE ( 'NONE', #1157, #1732, #643, .T. ) ;
#4040 = COLOUR_RGB ( '',1.000000000000000000, 1.000000000000000000, 0.000000000000000000 ) ;
#4041 = FILL_AREA_STYLE ('',( #293 ) ) ;
#4042 = AXIS2_PLACEMENT_3D ( 'NONE', #4096, #2243, #3552 ) ;
#4043 = CARTESIAN_POINT ( 'NONE',  ( 4.825999999999999623, -1.270000000000000018, -1.206500000000000128 ) ) ;
#4044 = LINE ( 'NONE', #2754, #141 ) ;
#4045 = DIRECTION ( 'NONE',  ( -1.000000000000000000, 0.000000000000000000, -0.000000000000000000 ) ) ;
#4046 = ORIENTED_EDGE ( 'NONE', *, *, #1952, .T. ) ;
#4047 = ORIENTED_EDGE ( 'NONE', *, *, #3754, .F. ) ;
#4048 = SURFACE_SIDE_STYLE ('',( #4942 ) ) ;
#4049 = CARTESIAN_POINT ( 'NONE',  ( -1.663699999999999957, 8.509000000000000341, 0.3936999999999999944 ) ) ;
#4050 = EDGE_CURVE ( 'NONE', #609, #3592, #5243, .T. ) ;
#4051 = FILL_AREA_STYLE_COLOUR ( '', #645 ) ;
#4052 = SURFACE_SIDE_STYLE ('',( #5542 ) ) ;
#4053 = SURFACE_SIDE_STYLE ('',( #1662 ) ) ;
#4054 = ORIENTED_EDGE ( 'NONE', *, *, #4577, .T. ) ;
#4055 = PRESENTATION_STYLE_ASSIGNMENT (( #2654 ) ) ;
#4056 =( NAMED_UNIT ( * ) PLANE_ANGLE_UNIT ( ) SI_UNIT ( $, .RADIAN. ) );
#4057 = SURFACE_SIDE_STYLE ('',( #1733 ) ) ;
#4058 = DIRECTION ( 'NONE',  ( 0.4999999999999865108, 0.000000000000000000, 0.8660254037844463681 ) ) ;
#4059 = FILL_AREA_STYLE_COLOUR ( '', #730 ) ;
#4060 = EDGE_CURVE ( 'NONE', #4914, #3260, #4594, .T. ) ;
#4061 = ORIENTED_EDGE ( 'NONE', *, *, #2916, .T. ) ;
#4062 =( NAMED_UNIT ( * ) SI_UNIT ( $, .STERADIAN. ) SOLID_ANGLE_UNIT ( ) );
#4063 = FILL_AREA_STYLE_COLOUR ( '', #580 ) ;
#4064 = FILL_AREA_STYLE ('',( #1229 ) ) ;
#4065 = VERTEX_POINT ( 'NONE', #3305 ) ;
#4066 = EDGE_LOOP ( 'NONE', ( #5916, #5414, #1581, #4261 ) ) ;
#4067 = PLANE ( 'NONE',  #5748 ) ;
#4068 = DIRECTION ( 'NONE',  ( 0.000000000000000000, 0.000000000000000000, -1.000000000000000000 ) ) ;
#4069 = DIRECTION ( 'NONE',  ( 0.000000000000000000, -0.000000000000000000, -1.000000000000000000 ) ) ;
#4070 = LINE ( 'NONE', #4912, #2957 ) ;
#4071 = EDGE_CURVE ( 'NONE', #5203, #2983, #2887, .T. ) ;
#4072 = ORIENTED_EDGE ( 'NONE', *, *, #702, .T. ) ;
#4073 =( NAMED_UNIT ( * ) SI_UNIT ( $, .STERADIAN. ) SOLID_ANGLE_UNIT ( ) );
#4074 =( NAMED_UNIT ( * ) PLANE_ANGLE_UNIT ( ) SI_UNIT ( $, .RADIAN. ) );
#4075 = SURFACE_SIDE_STYLE ('',( #4522 ) ) ;
#4076 = DIRECTION ( 'NONE',  ( 0.8660254037844380415, 0.000000000000000000, 0.5000000000000009992 ) ) ;
#4077 = ORIENTED_EDGE ( 'NONE', *, *, #5654, .F. ) ;
#4078 = CARTESIAN_POINT ( 'NONE',  ( -4.203700000000001324, 0.000000000000000000, 3.306559094877499216 ) ) ;
#4079 = PLANE ( 'NONE',  #1966 ) ;
#4080 =( LENGTH_UNIT ( ) NAMED_UNIT ( * ) SI_UNIT ( .MILLI., .METRE. ) );
#4081 = UNCERTAINTY_MEASURE_WITH_UNIT (LENGTH_MEASURE( 1.000000000000000082E-05 ), #429, 'distance_accuracy_value', 'NONE');
#4082 = LINE ( 'NONE', #4019, #2466 ) ;
#4083 = EDGE_CURVE ( 'NONE', #5168, #3574, #1974, .T. ) ;
#4084 = ORIENTED_EDGE ( 'NONE', *, *, #81, .T. ) ;
#4085 = FILL_AREA_STYLE ('',( #5433 ) ) ;
#4086 = DIRECTION ( 'NONE',  ( 0.000000000000000000, -1.000000000000000000, -0.000000000000000000 ) ) ;
#4087 = EDGE_CURVE ( 'NONE', #4748, #4187, #2467, .T. ) ;
#4088 =( LENGTH_UNIT ( ) NAMED_UNIT ( * ) SI_UNIT ( .MILLI., .METRE. ) );
#4089 = EDGE_CURVE ( 'NONE', #234, #2804, #3797, .T. ) ;
#4090 = SURFACE_SIDE_STYLE ('',( #5438 ) ) ;
#4091 = PRODUCT_DEFINITION_SHAPE ( 'NONE', 'NONE',  #1845 ) ;
#4092 = ORIENTED_EDGE ( 'NONE', *, *, #1065, .T. ) ;
#4093 = VECTOR ( 'NONE', #686, 1000.000000000000000 ) ;
#4094 = DIRECTION ( 'NONE',  ( 0.000000000000000000, 0.000000000000000000, -1.000000000000000000 ) ) ;
#4095 =( LENGTH_UNIT ( ) NAMED_UNIT ( * ) SI_UNIT ( .MILLI., .METRE. ) );
#4096 = CARTESIAN_POINT ( 'NONE',  ( 1.663699999999999735, 0.8128000000000000780, 0.6095999999999999197 ) ) ;
#4097 = MECHANICAL_DESIGN_GEOMETRIC_PRESENTATION_REPRESENTATION (  '', ( #4371 ), #2739 ) ;
#4098 = ORIENTED_EDGE ( 'NONE', *, *, #651, .F. ) ;
#4099 = LINE ( 'NONE', #2245, #2583 ) ;
#4100 = AXIS2_PLACEMENT_3D ( 'NONE', #4799, #3427, #4271 ) ;
#4101 = SURFACE_STYLE_USAGE ( .BOTH. , #4075 ) ;
#4102 = CARTESIAN_POINT ( 'NONE',  ( 6.743700000000000472, 2.616200000000000081, 0.000000000000000000 ) ) ;
#4103 = DIRECTION ( 'NONE',  ( 0.000000000000000000, 0.000000000000000000, -1.000000000000000000 ) ) ;
#4104 = MECHANICAL_DESIGN_GEOMETRIC_PRESENTATION_REPRESENTATION (  '', ( #4382 ), #5354 ) ;
#4105 = ORIENTED_EDGE ( 'NONE', *, *, #3563, .T. ) ;
#4106 = UNCERTAINTY_MEASURE_WITH_UNIT (LENGTH_MEASURE( 1.000000000000000082E-05 ), #1482, 'distance_accuracy_value', 'NONE');
#4107 = VECTOR ( 'NONE', #2827, 1000.000000000000000 ) ;
#4108 = DIRECTION ( 'NONE',  ( -1.000000000000000000, 0.000000000000000000, 0.000000000000000000 ) ) ;
#4109 = CARTESIAN_POINT ( 'NONE',  ( -4.203700000000000436, 0.5079999999999997851, -0.3936999999999999944 ) ) ;
#4110 = FACE_OUTER_BOUND ( 'NONE', #1265, .T. ) ;
#4111 = ORIENTED_EDGE ( 'NONE', *, *, #404, .F. ) ;
#4112 = PRESENTATION_LAYER_ASSIGNMENT (  '', '', ( #3412 ) ) ;
#4113 = UNCERTAINTY_MEASURE_WITH_UNIT (LENGTH_MEASURE( 1.000000000000000082E-05 ), #1386, 'distance_accuracy_value', 'NONE');
#4114 = DIRECTION ( 'NONE',  ( 0.000000000000000000, 0.000000000000000000, 1.000000000000000000 ) ) ;
#4115 = DIRECTION ( 'NONE',  ( 1.000000000000000000, 0.000000000000000000, -0.000000000000000000 ) ) ;
#4116 = EDGE_CURVE ( 'NONE', #3168, #1714, #5648, .T. ) ;
#4117 = DIRECTION ( 'NONE',  ( 0.4999999999999878431, 0.000000000000000000, 0.8660254037844457020 ) ) ;
#4118 = SURFACE_STYLE_FILL_AREA ( #4503 ) ;
#4119 =( GEOMETRIC_REPRESENTATION_CONTEXT ( 3 ) GLOBAL_UNCERTAINTY_ASSIGNED_CONTEXT ( ( #3598 ) ) GLOBAL_UNIT_ASSIGNED_CONTEXT ( ( #3332, #5109, #5071 ) ) REPRESENTATION_CONTEXT ( 'NONE', 'WORKASPACE' ) );
#4120 = ORIENTED_EDGE ( 'NONE', *, *, #2329, .F. ) ;
#4121 = CARTESIAN_POINT ( 'NONE',  ( -1.122967651581293191, 0.4064000000000007606, 3.733799999999999120 ) ) ;
#4122 = EDGE_CURVE ( 'NONE', #3574, #5744, #2007, .T. ) ;
#4123 = ORIENTED_EDGE ( 'NONE', *, *, #4947, .T. ) ;
#4124 = VECTOR ( 'NONE', #2788, 1000.000000000000000 ) ;
#4125 = VECTOR ( 'NONE', #823, 1000.000000000000000 ) ;
#4126 =( LENGTH_UNIT ( ) NAMED_UNIT ( * ) SI_UNIT ( .MILLI., .METRE. ) );
#4127 = VECTOR ( 'NONE', #584, 1000.000000000000000 ) ;
#4128 = SURFACE_STYLE_USAGE ( .BOTH. , #2266 ) ;
#4129 = MECHANICAL_DESIGN_GEOMETRIC_PRESENTATION_REPRESENTATION (  '', ( #4407 ), #2282 ) ;
#4130 = CARTESIAN_POINT ( 'NONE',  ( -5.956299999999999706, 0.8128000000000000780, 0.6095999999999999197 ) ) ;
#4131 = ADVANCED_FACE ( 'NONE', ( #2312 ), #2838, .T. ) ;
#4132 = COLOUR_RGB ( '',0.6901960784313725394, 0.6901960784313725394, 0.6901960784313725394 ) ;
#4133 = AXIS2_PLACEMENT_3D ( 'NONE', #756, #2626, #4445 ) ;
#4134 = ORIENTED_EDGE ( 'NONE', *, *, #3989, .F. ) ;
#4135 = STYLED_ITEM ( 'NONE', ( #4740 ), #3167 ) ;
#4136 = FILL_AREA_STYLE ('',( #5098 ) ) ;
#4137 = DIRECTION ( 'NONE',  ( -0.8660254037844391517, 0.000000000000000000, 0.4999999999999990563 ) ) ;
#4138 = LINE ( 'NONE', #1813, #2065 ) ;
#4139 =( GEOMETRIC_REPRESENTATION_CONTEXT ( 3 ) GLOBAL_UNCERTAINTY_ASSIGNED_CONTEXT ( ( #3300 ) ) GLOBAL_UNIT_ASSIGNED_CONTEXT ( ( #3840, #2859, #4823 ) ) REPRESENTATION_CONTEXT ( 'NONE', 'WORKASPACE' ) );
#4140 = COLOUR_RGB ( '',1.000000000000000000, 1.000000000000000000, 0.000000000000000000 ) ;
#4141 = ORIENTED_EDGE ( 'NONE', *, *, #1583, .T. ) ;
#4142 = AXIS2_PLACEMENT_3D ( 'NONE', #1878, #5106, #1816 ) ;
#4143 = PRESENTATION_STYLE_ASSIGNMENT (( #2289 ) ) ;
#4144 = PRESENTATION_STYLE_ASSIGNMENT (( #430 ) ) ;
#4145 =( NAMED_UNIT ( * ) SI_UNIT ( $, .STERADIAN. ) SOLID_ANGLE_UNIT ( ) );
#4146 = ORIENTED_EDGE ( 'NONE', *, *, #5547, .F. ) ;
#4147 = EDGE_CURVE ( 'NONE', #5592, #4866, #836, .T. ) ;
#4148 = CARTESIAN_POINT ( 'NONE',  ( 6.870700000000000252, 0.4064000000000000390, 0.6095999999999998087 ) ) ;
#4149 = VECTOR ( 'NONE', #5081, 1000.000000000000000 ) ;
#4150 = LINE ( 'NONE', #3685, #552 ) ;
#4151 = DIRECTION ( 'NONE',  ( -0.000000000000000000, -0.000000000000000000, -1.000000000000000000 ) ) ;
#4152 = PRESENTATION_STYLE_ASSIGNMENT (( #443 ) ) ;
#4153 = ORIENTED_EDGE ( 'NONE', *, *, #3931, .F. ) ;
#4154 = ORIENTED_EDGE ( 'NONE', *, *, #5640, .F. ) ;
#4155 = CARTESIAN_POINT ( 'NONE',  ( 4.203700000000000436, 0.5079999999999997851, -0.3937000000000001054 ) ) ;
#4156 = PRESENTATION_LAYER_ASSIGNMENT (  '', '', ( #1144 ) ) ;
#4157 = CARTESIAN_POINT ( 'NONE',  ( 4.203700000000000436, 2.616200000000000081, 0.000000000000000000 ) ) ;
#4158 = LINE ( 'NONE', #5914, #625 ) ;
#4159 = DIRECTION ( 'NONE',  ( 0.000000000000000000, -0.000000000000000000, 1.000000000000000000 ) ) ;
#4160 = ORIENTED_EDGE ( 'NONE', *, *, #1959, .T. ) ;
#4161 = LINE ( 'NONE', #4546, #2510 ) ;
#4162 =( NAMED_UNIT ( * ) SI_UNIT ( $, .STERADIAN. ) SOLID_ANGLE_UNIT ( ) );
#4163 =( NAMED_UNIT ( * ) PLANE_ANGLE_UNIT ( ) SI_UNIT ( $, .RADIAN. ) );
#4164 = ADVANCED_FACE ( 'NONE', ( #483 ), #1930, .F. ) ;
#4165 = CARTESIAN_POINT ( 'NONE',  ( 6.870700000000000252, 0.4064000000000000390, 0.6095999999999998087 ) ) ;
#4166 = ADVANCED_FACE ( 'NONE', ( #1424 ), #2734, .T. ) ;
#4167 = CARTESIAN_POINT ( 'NONE',  ( 1.663699999999999957, 2.616200000000000081, 3.306559094877498772 ) ) ;
#4168 = LINE ( 'NONE', #1872, #1860 ) ;
#4169 = SURFACE_STYLE_FILL_AREA ( #1391 ) ;
#4170 = ORIENTED_EDGE ( 'NONE', *, *, #1725, .T. ) ;
#4171 = FILL_AREA_STYLE ('',( #2287 ) ) ;
#4172 = PLANE ( 'NONE',  #224 ) ;
#4173 = LINE ( 'NONE', #4202, #4945 ) ;
#4174 = VECTOR ( 'NONE', #260, 1000.000000000000000 ) ;
#4175 = VERTEX_POINT ( 'NONE', #3466 ) ;
#4176 = PRESENTATION_STYLE_ASSIGNMENT (( #4900 ) ) ;
#4177 = CARTESIAN_POINT ( 'NONE',  ( -4.826000000000000512, 0.5079999999999998961, -1.206500000000000128 ) ) ;
#4178 = FACE_OUTER_BOUND ( 'NONE', #2828, .T. ) ;
#4179 = ORIENTED_EDGE ( 'NONE', *, *, #3024, .T. ) ;
#4180 = VECTOR ( 'NONE', #5072, 1000.000000000000000 ) ;
#4181 = DIRECTION ( 'NONE',  ( 0.000000000000000000, 0.000000000000000000, 1.000000000000000000 ) ) ;
#4182 = VERTEX_POINT ( 'NONE', #4903 ) ;
#4183 = DIRECTION ( 'NONE',  ( -0.000000000000000000, 1.000000000000000000, 0.000000000000000000 ) ) ;
#4184 = SURFACE_SIDE_STYLE ('',( #4538 ) ) ;
#4185 =( NAMED_UNIT ( * ) SI_UNIT ( $, .STERADIAN. ) SOLID_ANGLE_UNIT ( ) );
#4186 = MECHANICAL_DESIGN_GEOMETRIC_PRESENTATION_REPRESENTATION (  '', ( #1469 ), #2137 ) ;
#4187 = VERTEX_POINT ( 'NONE', #1955 ) ;
#4188 = FILL_AREA_STYLE_COLOUR ( '', #568 ) ;
#4189 = EDGE_CURVE ( 'NONE', #3566, #949, #5175, .T. ) ;
#4190 = DIRECTION ( 'NONE',  ( 0.000000000000000000, 1.000000000000000000, 0.000000000000000000 ) ) ;
#4191 = DIRECTION ( 'NONE',  ( 0.000000000000000000, 0.000000000000000000, 1.000000000000000000 ) ) ;
#4192 = DIRECTION ( 'NONE',  ( -1.000000000000000000, 0.000000000000000000, -0.000000000000000000 ) ) ;
#4193 =( LENGTH_UNIT ( ) NAMED_UNIT ( * ) SI_UNIT ( .MILLI., .METRE. ) );
#4194 = ORIENTED_EDGE ( 'NONE', *, *, #1447, .F. ) ;
#4195 = EDGE_CURVE ( 'NONE', #216, #5124, #788, .T. ) ;
#4196 = ORIENTED_EDGE ( 'NONE', *, *, #5903, .T. ) ;
#4197 = EDGE_CURVE ( 'NONE', #2836, #2233, #681, .T. ) ;
#4198 = VECTOR ( 'NONE', #3277, 1000.000000000000000 ) ;
#4199 = CARTESIAN_POINT ( 'NONE',  ( -3.949699999999999545, 25.39999999999999858, 3.746499999999999719 ) ) ;
#4200 = CARTESIAN_POINT ( 'NONE',  ( 0.000000000000000000, 0.000000000000000000, 0.000000000000000000 ) ) ;
#4201 = CARTESIAN_POINT ( 'NONE',  ( -6.743700000000000472, 2.616199999999999637, 0.2032000000000001860 ) ) ;
#4202 = CARTESIAN_POINT ( 'NONE',  ( -7.873999999999998778, 0.000000000000000000, 1.206499999999999906 ) ) ;
#4203 = PLANE ( 'NONE',  #2043 ) ;
#4204 =( NAMED_UNIT ( * ) SI_UNIT ( $, .STERADIAN. ) SOLID_ANGLE_UNIT ( ) );
#4205 = AXIS2_PLACEMENT_3D ( 'NONE', #5838, #775, #2051 ) ;
#4206 = EDGE_CURVE ( 'NONE', #87, #4954, #2163, .T. ) ;
#4207 = VERTEX_POINT ( 'NONE', #3997 ) ;
#4208 = SURFACE_SIDE_STYLE ('',( #874 ) ) ;
#4209 = CARTESIAN_POINT ( 'NONE',  ( 3.416300000000000114, 2.616199999999999637, 0.2032000000000001860 ) ) ;
#4210 = PLANE ( 'NONE',  #4038 ) ;
#4211 = ORIENTED_EDGE ( 'NONE', *, *, #28, .T. ) ;
#4212 = VECTOR ( 'NONE', #3571, 1000.000000000000000 ) ;
#4213 = EDGE_LOOP ( 'NONE', ( #3971, #1448, #555, #4532 ) ) ;
#4214 = CARTESIAN_POINT ( 'NONE',  ( -2.793999999999999595, 0.000000000000000000, -1.206500000000000128 ) ) ;
#4215 = FILL_AREA_STYLE_COLOUR ( '', #4694 ) ;
#4216 = STYLED_ITEM ( 'NONE', ( #3272 ), #1347 ) ;
#4217 = ORIENTED_EDGE ( 'NONE', *, *, #1812, .T. ) ;
#4218 = EDGE_CURVE ( 'NONE', #3902, #3279, #2131, .T. ) ;
#4219 = VECTOR ( 'NONE', #2531, 1000.000000000000000 ) ;
#4220 = STYLED_ITEM ( 'NONE', ( #3551 ), #1480 ) ;
#4221 = DIRECTION ( 'NONE',  ( -1.000000000000000000, 0.000000000000000000, 0.000000000000000000 ) ) ;
#4222 =( GEOMETRIC_REPRESENTATION_CONTEXT ( 3 ) GLOBAL_UNCERTAINTY_ASSIGNED_CONTEXT ( ( #1924 ) ) GLOBAL_UNIT_ASSIGNED_CONTEXT ( ( #1167, #1567, #2042 ) ) REPRESENTATION_CONTEXT ( 'NONE', 'WORKASPACE' ) );
#4223 = PLANE ( 'NONE',  #3633 ) ;
#4224 = SURFACE_SIDE_STYLE ('',( #4755 ) ) ;
#4225 = LINE ( 'NONE', #3790, #243 ) ;
#4226 = STYLED_ITEM ( 'NONE', ( #1013 ), #1825 ) ;
#4227 = VERTEX_POINT ( 'NONE', #287 ) ;
#4228 = VERTEX_POINT ( 'NONE', #1030 ) ;
#4229 = MECHANICAL_DESIGN_GEOMETRIC_PRESENTATION_REPRESENTATION (  '', ( #4608 ), #5753 ) ;
#4230 = EDGE_CURVE ( 'NONE', #3208, #5719, #5318, .T. ) ;
#4231 = UNCERTAINTY_MEASURE_WITH_UNIT (LENGTH_MEASURE( 1.000000000000000082E-05 ), #5319, 'distance_accuracy_value', 'NONE');
#4232 = ITEM_DEFINED_TRANSFORMATION ( 'NONE', 'NONE', #4990,  #4142 ) ;
#4233 =( NAMED_UNIT ( * ) SI_UNIT ( $, .STERADIAN. ) SOLID_ANGLE_UNIT ( ) );
#4234 = MECHANICAL_DESIGN_GEOMETRIC_PRESENTATION_REPRESENTATION (  '', ( #4411 ), #3343 ) ;
#4235 =( GEOMETRIC_REPRESENTATION_CONTEXT ( 3 ) GLOBAL_UNCERTAINTY_ASSIGNED_CONTEXT ( ( #4817 ) ) GLOBAL_UNIT_ASSIGNED_CONTEXT ( ( #5684, #5601, #4248 ) ) REPRESENTATION_CONTEXT ( 'NONE', 'WORKASPACE' ) );
#4236 = PRESENTATION_STYLE_ASSIGNMENT (( #526 ) ) ;
#4237 = VECTOR ( 'NONE', #1774, 1000.000000000000000 ) ;
#4238 =( NAMED_UNIT ( * ) SI_UNIT ( $, .STERADIAN. ) SOLID_ANGLE_UNIT ( ) );
#4239 = SURFACE_SIDE_STYLE ('',( #3162 ) ) ;
#4240 = VECTOR ( 'NONE', #5527, 1000.000000000000000 ) ;
#4241 = STYLED_ITEM ( 'NONE', ( #820 ), #82 ) ;
#4242 = ORIENTED_EDGE ( 'NONE', *, *, #5547, .T. ) ;
#4243 = PRESENTATION_STYLE_ASSIGNMENT (( #3280 ) ) ;
#4244 = SURFACE_SIDE_STYLE ('',( #1533 ) ) ;
#4245 = EDGE_CURVE ( 'NONE', #5733, #5203, #3436, .T. ) ;
#4246 =( NAMED_UNIT ( * ) PLANE_ANGLE_UNIT ( ) SI_UNIT ( $, .RADIAN. ) );
#4247 = ORIENTED_EDGE ( 'NONE', *, *, #2944, .F. ) ;
#4248 =( NAMED_UNIT ( * ) SI_UNIT ( $, .STERADIAN. ) SOLID_ANGLE_UNIT ( ) );
#4249 = FILL_AREA_STYLE_COLOUR ( '', #5710 ) ;
#4250 = UNCERTAINTY_MEASURE_WITH_UNIT (LENGTH_MEASURE( 1.000000000000000082E-05 ), #650, 'distance_accuracy_value', 'NONE');
#4251 = ORIENTED_EDGE ( 'NONE', *, *, #4218, .F. ) ;
#4252 = VERTEX_POINT ( 'NONE', #5821 ) ;
#4253 = SURFACE_STYLE_USAGE ( .BOTH. , #3856 ) ;
#4254 = SURFACE_STYLE_FILL_AREA ( #4136 ) ;
#4255 = PLANE ( 'NONE',  #5461 ) ;
#4256 = EDGE_CURVE ( 'NONE', #1004, #1875, #760, .T. ) ;
#4257 = ORIENTED_EDGE ( 'NONE', *, *, #3642, .T. ) ;
#4258 = FACE_OUTER_BOUND ( 'NONE', #2112, .T. ) ;
#4259 =( GEOMETRIC_REPRESENTATION_CONTEXT ( 3 ) GLOBAL_UNCERTAINTY_ASSIGNED_CONTEXT ( ( #4587 ) ) GLOBAL_UNIT_ASSIGNED_CONTEXT ( ( #956, #495, #4233 ) ) REPRESENTATION_CONTEXT ( 'NONE', 'WORKASPACE' ) );
#4260 = VERTEX_POINT ( 'NONE', #2981 ) ;
#4261 = ORIENTED_EDGE ( 'NONE', *, *, #197, .F. ) ;
#4262 = DIRECTION ( 'NONE',  ( 0.000000000000000000, 0.000000000000000000, 1.000000000000000000 ) ) ;
#4263 = PRESENTATION_STYLE_ASSIGNMENT (( #3302 ) ) ;
#4264 = CARTESIAN_POINT ( 'NONE',  ( -7.365999999999999659, 0.000000000000000000, 5.080000000000000071 ) ) ;
#4265 = DIRECTION ( 'NONE',  ( -0.000000000000000000, 1.000000000000000000, 0.000000000000000000 ) ) ;
#4266 = CARTESIAN_POINT ( 'NONE',  ( 4.203700000000000436, 0.8128000000000000780, 0.6095999999999999197 ) ) ;
#4267 = ORIENTED_EDGE ( 'NONE', *, *, #3989, .T. ) ;
#4268 = CARTESIAN_POINT ( 'NONE',  ( 0.000000000000000000, 0.000000000000000000, 1.206499999999999906 ) ) ;
#4269 = CARTESIAN_POINT ( 'NONE',  ( 6.870700000000000252, 0.4064000000000000390, 3.733800000000000008 ) ) ;
#4270 = SURFACE_STYLE_FILL_AREA ( #4655 ) ;
#4271 = DIRECTION ( 'NONE',  ( -1.000000000000000000, 0.000000000000000000, -0.000000000000000000 ) ) ;
#4272 = EDGE_CURVE ( 'NONE', #1805, #4633, #1620, .T. ) ;
#4273 = VECTOR ( 'NONE', #4025, 1000.000000000000000 ) ;
#4274 = EDGE_LOOP ( 'NONE', ( #3047, #2269, #5322, #3660 ) ) ;
#4275 = CARTESIAN_POINT ( 'NONE',  ( -6.743700000000000472, 0.000000000000000000, 3.733800000000000008 ) ) ;
#4276 = EDGE_CURVE ( 'NONE', #5353, #878, #2370, .T. ) ;
#4277 = ADVANCED_FACE ( 'NONE', ( #5293 ), #2488, .F. ) ;
#4278 = CARTESIAN_POINT ( 'NONE',  ( 3.416300000000000114, 0.000000000000000000, 3.306559094877498772 ) ) ;
#4279 = PRESENTATION_STYLE_ASSIGNMENT (( #2420 ) ) ;
#4280 = SURFACE_SIDE_STYLE ('',( #3938 ) ) ;
#4281 = MECHANICAL_DESIGN_GEOMETRIC_PRESENTATION_REPRESENTATION (  '', ( #294 ), #398 ) ;
#4282 = CARTESIAN_POINT ( 'NONE',  ( 6.870700000000000252, 0.4064000000000000390, 0.6095999999999999197 ) ) ;
#4283 = PRESENTATION_STYLE_ASSIGNMENT (( #4253 ) ) ;
#4284 = CARTESIAN_POINT ( 'NONE',  ( 6.870700000000000252, 2.616200000000000081, -0.6095999999999999197 ) ) ;
#4285 = FACE_OUTER_BOUND ( 'NONE', #4673, .T. ) ;
#4286 = CARTESIAN_POINT ( 'NONE',  ( -3.416300000000000114, 8.509000000000000341, -0.3936999999999999944 ) ) ;
#4287 = CARTESIAN_POINT ( 'NONE',  ( 0.8762999999999999678, 0.000000000000000000, 3.306559094877498772 ) ) ;
#4288 =( GEOMETRIC_REPRESENTATION_CONTEXT ( 3 ) GLOBAL_UNCERTAINTY_ASSIGNED_CONTEXT ( ( #1799 ) ) GLOBAL_UNIT_ASSIGNED_CONTEXT ( ( #2453, #5043, #893 ) ) REPRESENTATION_CONTEXT ( 'NONE', 'WORKASPACE' ) );
#4289 = ORIENTED_EDGE ( 'NONE', *, *, #3312, .T. ) ;
#4290 = STYLED_ITEM ( 'NONE', ( #3293 ), #592 ) ;
#4291 = UNCERTAINTY_MEASURE_WITH_UNIT (LENGTH_MEASURE( 1.000000000000000082E-05 ), #186, 'distance_accuracy_value', 'NONE');
#4292 = DIRECTION ( 'NONE',  ( 0.4999999999999997780, 0.000000000000000000, 0.8660254037844387076 ) ) ;
#4293 = EDGE_LOOP ( 'NONE', ( #5252, #2738, #5405, #36 ) ) ;
#4294 = FILL_AREA_STYLE_COLOUR ( '', #1607 ) ;
#4295 = LINE ( 'NONE', #1576, #1022 ) ;
#4296 = AXIS2_PLACEMENT_3D ( 'NONE', #3924, #3495, #3071 ) ;
#4297 = CARTESIAN_POINT ( 'NONE',  ( 5.956299999999999706, 8.509000000000000341, 0.000000000000000000 ) ) ;
#4298 = VERTEX_POINT ( 'NONE', #3534 ) ;
#4299 = EDGE_LOOP ( 'NONE', ( #98, #824, #4617, #2700 ) ) ;
#4300 = STYLED_ITEM ( 'NONE', ( #2762 ), #1242 ) ;
#4301 = DIRECTION ( 'NONE',  ( -1.000000000000000000, 0.000000000000000000, -0.000000000000000000 ) ) ;
#4302 = EDGE_CURVE ( 'NONE', #73, #1902, #5380, .T. ) ;
#4303 = AXIS2_PLACEMENT_3D ( 'NONE', #5342, #4329, #1092 ) ;
#4304 = UNCERTAINTY_MEASURE_WITH_UNIT (LENGTH_MEASURE( 1.000000000000000082E-05 ), #5934, 'distance_accuracy_value', 'NONE');
#4305 = PRESENTATION_STYLE_ASSIGNMENT (( #3876 ) ) ;
#4306 = COLOUR_RGB ( '',0.6901960784313725394, 0.6901960784313725394, 0.6901960784313725394 ) ;
#4307 =( NAMED_UNIT ( * ) PLANE_ANGLE_UNIT ( ) SI_UNIT ( $, .RADIAN. ) );
#4308 =( NAMED_UNIT ( * ) SI_UNIT ( $, .STERADIAN. ) SOLID_ANGLE_UNIT ( ) );
#4309 = EDGE_CURVE ( 'NONE', #3740, #2843, #4412, .T. ) ;
#4310 = AXIS2_PLACEMENT_3D ( 'NONE', #1871, #1449, #5582 ) ;
#4311 = EDGE_LOOP ( 'NONE', ( #5398, #4194, #602, #501 ) ) ;
#4312 =( GEOMETRIC_REPRESENTATION_CONTEXT ( 3 ) GLOBAL_UNCERTAINTY_ASSIGNED_CONTEXT ( ( #3814 ) ) GLOBAL_UNIT_ASSIGNED_CONTEXT ( ( #4450, #355, #3102 ) ) REPRESENTATION_CONTEXT ( 'NONE', 'WORKASPACE' ) );
#4313 = COLOUR_RGB ( '',0.6901960784313725394, 0.6901960784313725394, 0.6901960784313725394 ) ;
#4314 = SURFACE_STYLE_FILL_AREA ( #3389 ) ;
#4315 = CARTESIAN_POINT ( 'NONE',  ( 5.956300000000000594, 2.616199999999999637, -0.2032000000000001860 ) ) ;
#4316 = AXIS2_PLACEMENT_3D ( 'NONE', #2424, #4830, #118 ) ;
#4317 = AXIS2_PLACEMENT_3D ( 'NONE', #272, #4818, #5270 ) ;
#4318 = MECHANICAL_DESIGN_GEOMETRIC_PRESENTATION_REPRESENTATION (  '', ( #3541 ), #1894 ) ;
#4319 = CARTESIAN_POINT ( 'NONE',  ( 7.365999999999998771, 0.000000000000000000, 5.080000000000000071 ) ) ;
#4320 =( GEOMETRIC_REPRESENTATION_CONTEXT ( 3 ) GLOBAL_UNCERTAINTY_ASSIGNED_CONTEXT ( ( #1139 ) ) GLOBAL_UNIT_ASSIGNED_CONTEXT ( ( #3454, #2006, #1663 ) ) REPRESENTATION_CONTEXT ( 'NONE', 'WORKASPACE' ) );
#4321 = ORIENTED_EDGE ( 'NONE', *, *, #253, .F. ) ;
#4322 = PRESENTATION_LAYER_ASSIGNMENT (  '', '', ( #2573 ) ) ;
#4323 = AXIS2_PLACEMENT_3D ( 'NONE', #2048, #1605, #4816 ) ;
#4324 =( LENGTH_UNIT ( ) NAMED_UNIT ( * ) SI_UNIT ( .MILLI., .METRE. ) );
#4325 = CIRCLE ( 'NONE', #1698, 0.8127999999999999670 ) ;
#4326 = STYLED_ITEM ( 'NONE', ( #3586 ), #4661 ) ;
#4327 = CARTESIAN_POINT ( 'NONE',  ( 0.8762999999999999678, 2.616199999999999637, -0.2032000000000001860 ) ) ;
#4328 = VECTOR ( 'NONE', #5742, 1000.000000000000000 ) ;
#4329 = DIRECTION ( 'NONE',  ( 0.000000000000000000, 0.000000000000000000, 1.000000000000000000 ) ) ;
#4330 = CARTESIAN_POINT ( 'NONE',  ( -0.8762999999999999678, 0.8128000000000000780, -0.2032000000000003248 ) ) ;
#4331 = ADVANCED_FACE ( 'NONE', ( #3967 ), #784, .T. ) ;
#4332 = ORIENTED_EDGE ( 'NONE', *, *, #547, .F. ) ;
#4333 = SURFACE_STYLE_USAGE ( .BOTH. , #1100 ) ;
#4334 = VECTOR ( 'NONE', #1744, 1000.000000000000000 ) ;
#4335 = CARTESIAN_POINT ( 'NONE',  ( 4.203700000000000436, 2.616200000000000081, 25.39999999999999858 ) ) ;
#4336 = PLANE ( 'NONE',  #1209 ) ;
#4337 = DIRECTION ( 'NONE',  ( -1.000000000000000000, -5.335640612625509322E-17, -0.000000000000000000 ) ) ;
#4338 = ORIENTED_EDGE ( 'NONE', *, *, #4504, .F. ) ;
#4339 = FILL_AREA_STYLE_COLOUR ( '', #4712 ) ;
#4340 = EDGE_CURVE ( 'NONE', #2478, #1789, #5253, .T. ) ;
#4341 = UNCERTAINTY_MEASURE_WITH_UNIT (LENGTH_MEASURE( 1.000000000000000082E-05 ), #5891, 'distance_accuracy_value', 'NONE');
#4342 = DIRECTION ( 'NONE',  ( 0.000000000000000000, -1.000000000000000000, -0.000000000000000000 ) ) ;
#4343 = CARTESIAN_POINT ( 'NONE',  ( -3.416300000000000114, 0.5079999999999998961, 0.3937000000000001609 ) ) ;
#4344 =( NAMED_UNIT ( * ) SI_UNIT ( $, .STERADIAN. ) SOLID_ANGLE_UNIT ( ) );
#4345 = DIRECTION ( 'NONE',  ( 0.000000000000000000, 0.000000000000000000, -1.000000000000000000 ) ) ;
#4346 = ORIENTED_EDGE ( 'NONE', *, *, #4011, .T. ) ;
#4347 = PRESENTATION_STYLE_ASSIGNMENT (( #3923 ) ) ;
#4348 = DIRECTION ( 'NONE',  ( 0.000000000000000000, 0.000000000000000000, 1.000000000000000000 ) ) ;
#4349 = DIRECTION ( 'NONE',  ( -1.000000000000000000, 0.000000000000000000, 0.000000000000000000 ) ) ;
#4350 =( NAMED_UNIT ( * ) SI_UNIT ( $, .STERADIAN. ) SOLID_ANGLE_UNIT ( ) );
#4351 = PRESENTATION_STYLE_ASSIGNMENT (( #3853 ) ) ;
#4352 = UNCERTAINTY_MEASURE_WITH_UNIT (LENGTH_MEASURE( 1.000000000000000082E-05 ), #17, 'distance_accuracy_value', 'NONE');
#4353 =( LENGTH_UNIT ( ) NAMED_UNIT ( * ) SI_UNIT ( .MILLI., .METRE. ) );
#4354 = ORIENTED_EDGE ( 'NONE', *, *, #4707, .T. ) ;
#4355 = ORIENTED_EDGE ( 'NONE', *, *, #4867, .F. ) ;
#4356 = DIRECTION ( 'NONE',  ( 1.000000000000000000, 0.000000000000000000, -0.000000000000000000 ) ) ;
#4357 = SURFACE_STYLE_USAGE ( .BOTH. , #1683 ) ;
#4358 = SURFACE_STYLE_FILL_AREA ( #2963 ) ;
#4359 = CARTESIAN_POINT ( 'NONE',  ( 0.000000000000000000, 8.509000000000000341, -0.3936999999999999944 ) ) ;
#4360 = VERTEX_POINT ( 'NONE', #5703 ) ;
#4361 = VECTOR ( 'NONE', #1881, 1000.000000000000000 ) ;
#4362 = PRODUCT_DEFINITION_SHAPE ( 'NONE', 'NONE',  #5980 ) ;
#4363 = ORIENTED_EDGE ( 'NONE', *, *, #2704, .T. ) ;
#4364 = EDGE_CURVE ( 'NONE', #1874, #4065, #2016, .T. ) ;
#4365 = CARTESIAN_POINT ( 'NONE',  ( 0.000000000000000000, 2.616200000000000081, 0.000000000000000000 ) ) ;
#4366 = DIRECTION ( 'NONE',  ( 0.8660254037844380415, 0.000000000000000000, 0.5000000000000009992 ) ) ;
#4367 = FILL_AREA_STYLE_COLOUR ( '', #3811 ) ;
#4368 = SURFACE_STYLE_USAGE ( .BOTH. , #2499 ) ;
#4369 = EDGE_CURVE ( 'NONE', #776, #3676, #2507, .T. ) ;
#4370 = VERTEX_POINT ( 'NONE', #2062 ) ;
#4371 = STYLED_ITEM ( 'NONE', ( #2224 ), #565 ) ;
#4372 =( NAMED_UNIT ( * ) SI_UNIT ( $, .STERADIAN. ) SOLID_ANGLE_UNIT ( ) );
#4373 =( NAMED_UNIT ( * ) PLANE_ANGLE_UNIT ( ) SI_UNIT ( $, .RADIAN. ) );
#4374 = DIRECTION ( 'NONE',  ( 1.000000000000000000, -0.000000000000000000, 0.000000000000000000 ) ) ;
#4375 = DIRECTION ( 'NONE',  ( -0.000000000000000000, 1.000000000000000000, 0.000000000000000000 ) ) ;
#4376 = VERTEX_POINT ( 'NONE', #2949 ) ;
#4377 = CARTESIAN_POINT ( 'NONE',  ( -0.8762999999999999678, 2.616200000000000081, 25.39999999999999858 ) ) ;
#4378 = CARTESIAN_POINT ( 'NONE',  ( 6.870700000000000252, 0.8128000000000000780, -0.2032000000000000195 ) ) ;
#4379 = SURFACE_STYLE_USAGE ( .BOTH. , #1137 ) ;
#4380 = FACE_BOUND ( 'NONE', #4685, .T. ) ;
#4381 = ORIENTED_EDGE ( 'NONE', *, *, #4894, .T. ) ;
#4382 = STYLED_ITEM ( 'NONE', ( #978 ), #1336 ) ;
#4383 = VERTEX_POINT ( 'NONE', #190 ) ;
#4384 = VERTEX_POINT ( 'NONE', #2034 ) ;
#4385 = CARTESIAN_POINT ( 'NONE',  ( 1.663699999999999957, 25.39999999999999858, 3.306559094877499216 ) ) ;
#4386 = PRESENTATION_STYLE_ASSIGNMENT (( #2539 ) ) ;
#4387 = CARTESIAN_POINT ( 'NONE',  ( -4.203700000000001324, 2.616199999999999637, 0.2032000000000001860 ) ) ;
#4388 = CARTESIAN_POINT ( 'NONE',  ( -7.365999999999999659, 8.509000000000000341, 1.206499999999999906 ) ) ;
#4389 = ORIENTED_EDGE ( 'NONE', *, *, #5148, .F. ) ;
#4391 = EDGE_CURVE ( 'NONE', #4682, #5069, #1582, .T. ) ;
#4390 = COLOUR_RGB ( '',1.000000000000000000, 1.000000000000000000, 0.000000000000000000 ) ;
#4392 = ORIENTED_EDGE ( 'NONE', *, *, #787, .F. ) ;
#4393 = FACE_OUTER_BOUND ( 'NONE', #4595, .T. ) ;
#4394 = DIRECTION ( 'NONE',  ( -1.000000000000000000, 0.000000000000000000, -0.000000000000000000 ) ) ;
#4395 = PRESENTATION_LAYER_ASSIGNMENT (  '', '', ( #2840 ) ) ;
#4396 = CARTESIAN_POINT ( 'NONE',  ( 3.416300000000000114, 0.5079999999999997851, 0.3937000000000001054 ) ) ;
#4397 = LINE ( 'NONE', #4014, #5721 ) ;
#4398 = STYLED_ITEM ( 'NONE', ( #3857 ), #1363 ) ;
#4399 = ORIENTED_EDGE ( 'NONE', *, *, #714, .F. ) ;
#4400 = AXIS2_PLACEMENT_3D ( 'NONE', #2787, #69, #3178 ) ;
#4401 = CARTESIAN_POINT ( 'NONE',  ( 4.203700000000000436, 0.8128000000000000780, 0.6095999999999999197 ) ) ;
#4402 = DIRECTION ( 'NONE',  ( -1.000000000000000000, -5.335640612625509322E-17, -0.000000000000000000 ) ) ;
#4403 =( LENGTH_UNIT ( ) NAMED_UNIT ( * ) SI_UNIT ( .MILLI., .METRE. ) );
#4404 = COLOUR_RGB ( '',1.000000000000000000, 1.000000000000000000, 0.000000000000000000 ) ;
#4405 = FILL_AREA_STYLE ('',( #2554 ) ) ;
#4406 =( NAMED_UNIT ( * ) SI_UNIT ( $, .STERADIAN. ) SOLID_ANGLE_UNIT ( ) );
#4407 = STYLED_ITEM ( 'NONE', ( #4351 ), #3059 ) ;
#4408 = DIRECTION ( 'NONE',  ( 0.000000000000000000, 0.000000000000000000, 1.000000000000000000 ) ) ;
#4409 = MECHANICAL_DESIGN_GEOMETRIC_PRESENTATION_REPRESENTATION (  '', ( #1506 ), #2076 ) ;
#4410 = ORIENTED_EDGE ( 'NONE', *, *, #5842, .F. ) ;
#4411 = STYLED_ITEM ( 'NONE', ( #1565 ), #1906 ) ;
#4412 = LINE ( 'NONE', #1618, #5844 ) ;
#4413 =( LENGTH_UNIT ( ) NAMED_UNIT ( * ) SI_UNIT ( .MILLI., .METRE. ) );
#4414 = EDGE_CURVE ( 'NONE', #4175, #2430, #1135, .T. ) ;
#4415 = PLANE ( 'NONE',  #6 ) ;
#4416 = EDGE_CURVE ( 'NONE', #1829, #5797, #4858, .T. ) ;
#4417 = DIRECTION ( 'NONE',  ( 0.4999999999999997780, 0.000000000000000000, -0.8660254037844387076 ) ) ;
#4418 = AXIS2_PLACEMENT_3D ( 'NONE', #1853, #470, #3662 ) ;
#4419 = STYLED_ITEM ( 'NONE', ( #2308 ), #2029 ) ;
#4420 = UNCERTAINTY_MEASURE_WITH_UNIT (LENGTH_MEASURE( 1.000000000000000082E-05 ), #5216, 'distance_accuracy_value', 'NONE');
#4421 = ORIENTED_EDGE ( 'NONE', *, *, #4309, .T. ) ;
#4422 = EDGE_LOOP ( 'NONE', ( #3470, #3721, #5086, #2169 ) ) ;
#4423 = CIRCLE ( 'NONE', #4317, 0.8127999999999999670 ) ;
#4424 = DIRECTION ( 'NONE',  ( -1.000000000000000000, 0.000000000000000000, -0.000000000000000000 ) ) ;
#4425 =( LENGTH_UNIT ( ) NAMED_UNIT ( * ) SI_UNIT ( .MILLI., .METRE. ) );
#4426 = AXIS2_PLACEMENT_3D ( 'NONE', #3227, #5505, #857 ) ;
#4427 = SURFACE_STYLE_FILL_AREA ( #1652 ) ;
#4428 = VERTEX_POINT ( 'NONE', #257 ) ;
#4429 = ORIENTED_EDGE ( 'NONE', *, *, #3821, .T. ) ;
#4430 = LINE ( 'NONE', #2645, #350 ) ;
#4431 = MECHANICAL_DESIGN_GEOMETRIC_PRESENTATION_REPRESENTATION (  '', ( #3854 ), #3265 ) ;
#4432 = FILL_AREA_STYLE_COLOUR ( '', #421 ) ;
#4433 = ADVANCED_FACE ( 'NONE', ( #2100 ), #5792, .T. ) ;
#4434 = CARTESIAN_POINT ( 'NONE',  ( -6.743700000000000472, 0.000000000000000000, 3.306559094877499216 ) ) ;
#4435 = PRESENTATION_STYLE_ASSIGNMENT (( #4368 ) ) ;
#4436 =( GEOMETRIC_REPRESENTATION_CONTEXT ( 3 ) GLOBAL_UNCERTAINTY_ASSIGNED_CONTEXT ( ( #2021 ) ) GLOBAL_UNIT_ASSIGNED_CONTEXT ( ( #779, #4056, #2096 ) ) REPRESENTATION_CONTEXT ( 'NONE', 'WORKASPACE' ) );
#4437 = ORIENTED_EDGE ( 'NONE', *, *, #1876, .T. ) ;
#4438 = UNCERTAINTY_MEASURE_WITH_UNIT (LENGTH_MEASURE( 1.000000000000000082E-05 ), #821, 'distance_accuracy_value', 'NONE');
#4439 =( LENGTH_UNIT ( ) NAMED_UNIT ( * ) SI_UNIT ( .MILLI., .METRE. ) );
#4440 = SURFACE_STYLE_FILL_AREA ( #3528 ) ;
#4441 = DIRECTION ( 'NONE',  ( 0.000000000000000000, -0.000000000000000000, 1.000000000000000000 ) ) ;
#4442 = DIRECTION ( 'NONE',  ( 1.000000000000000000, 0.000000000000000000, -0.000000000000000000 ) ) ;
#4443 = CARTESIAN_POINT ( 'NONE',  ( 6.870700000000000252, 0.000000000000000000, 0.6095999999999998087 ) ) ;
#4444 = ORIENTED_EDGE ( 'NONE', *, *, #3621, .F. ) ;
#4445 = DIRECTION ( 'NONE',  ( 0.000000000000000000, 0.000000000000000000, -1.000000000000000000 ) ) ;
#4446 = LINE ( 'NONE', #1188, #4515 ) ;
#4447 =( NAMED_UNIT ( * ) SI_UNIT ( $, .STERADIAN. ) SOLID_ANGLE_UNIT ( ) );
#4448 = EDGE_CURVE ( 'NONE', #2624, #4527, #2744, .T. ) ;
#4449 = CARTESIAN_POINT ( 'NONE',  ( 6.870700000000000252, 2.616200000000000081, -0.2032000000000000195 ) ) ;
#4450 =( LENGTH_UNIT ( ) NAMED_UNIT ( * ) SI_UNIT ( .MILLI., .METRE. ) );
#4451 = ORIENTED_EDGE ( 'NONE', *, *, #662, .F. ) ;
#4452 = EDGE_CURVE ( 'NONE', #847, #4499, #3216, .T. ) ;
#4453 = ORIENTED_EDGE ( 'NONE', *, *, #5080, .F. ) ;
#4454 = PRESENTATION_LAYER_ASSIGNMENT (  '', '', ( #3467 ) ) ;
#4455 = SURFACE_SIDE_STYLE ('',( #2607 ) ) ;
#4456 = ORIENTED_EDGE ( 'NONE', *, *, #5718, .F. ) ;
#4457 = PLANE ( 'NONE',  #2643 ) ;
#4458 = DIRECTION ( 'NONE',  ( 0.000000000000000000, 0.000000000000000000, 1.000000000000000000 ) ) ;
#4459 = VERTEX_POINT ( 'NONE', #810 ) ;
#4460 = EDGE_LOOP ( 'NONE', ( #2364, #4585, #382, #5196 ) ) ;
#4461 = UNCERTAINTY_MEASURE_WITH_UNIT (LENGTH_MEASURE( 1.000000000000000082E-05 ), #2439, 'distance_accuracy_value', 'NONE');
#4462 = FACE_BOUND ( 'NONE', #4311, .T. ) ;
#4463 = CARTESIAN_POINT ( 'NONE',  ( 6.743700000000000472, 8.509000000000000341, -0.3936999999999999944 ) ) ;
#4464 = CARTESIAN_POINT ( 'NONE',  ( -7.873999999999998778, 0.000000000000000000, -1.206499999999999906 ) ) ;
#4465 = SURFACE_SIDE_STYLE ('',( #1212 ) ) ;
#4466 = EDGE_LOOP ( 'NONE', ( #2726, #3147, #4481, #3268, #1384, #4123, #4552, #4646 ) ) ;
#4467 = CARTESIAN_POINT ( 'NONE',  ( -0.8762999999999999678, 0.5079999999999998961, 0.3937000000000001609 ) ) ;
#4468 = CARTESIAN_POINT ( 'NONE',  ( -0.2539999999999987823, 0.000000000000000000, 1.206500000000000128 ) ) ;
#4469 = DIRECTION ( 'NONE',  ( -0.000000000000000000, 0.000000000000000000, -1.000000000000000000 ) ) ;
#4470 = VECTOR ( 'NONE', #2669, 1000.000000000000000 ) ;
#4471 = EDGE_LOOP ( 'NONE', ( #1428, #2495, #207, #905 ) ) ;
#4472 = ADVANCED_FACE ( 'NONE', ( #929 ), #2723, .T. ) ;
#4473 = FILL_AREA_STYLE_COLOUR ( '', #4607 ) ;
#4474 = DIRECTION ( 'NONE',  ( -1.000000000000000000, 0.000000000000000000, 0.000000000000000000 ) ) ;
#4475 = CARTESIAN_POINT ( 'NONE',  ( 0.8762999999999999678, 2.616199999999999637, 0.2032000000000001860 ) ) ;
#4476 = COLOUR_RGB ( '',1.000000000000000000, 1.000000000000000000, 0.000000000000000000 ) ;
#4477 = FILL_AREA_STYLE ('',( #5884 ) ) ;
#4478 = SURFACE_SIDE_STYLE ('',( #2665 ) ) ;
#4479 = ORIENTED_EDGE ( 'NONE', *, *, #37, .F. ) ;
#4480 = ORIENTED_EDGE ( 'NONE', *, *, #1763, .F. ) ;
#4481 = ORIENTED_EDGE ( 'NONE', *, *, #979, .T. ) ;
#4482 = EDGE_CURVE ( 'NONE', #4969, #5379, #671, .T. ) ;
#4483 = CARTESIAN_POINT ( 'NONE',  ( -1.663700000000000623, 0.4064000000000000390, 0.6095999999999998087 ) ) ;
#4484 =( NAMED_UNIT ( * ) PLANE_ANGLE_UNIT ( ) SI_UNIT ( $, .RADIAN. ) );
#4485 = DIRECTION ( 'NONE',  ( -1.000000000000000000, 0.000000000000000000, 0.000000000000000000 ) ) ;
#4486 = PRESENTATION_LAYER_ASSIGNMENT (  '', '', ( #4300 ) ) ;
#4487 = FILL_AREA_STYLE ('',( #1685 ) ) ;
#4488 = DIRECTION ( 'NONE',  ( 1.000000000000000000, -0.000000000000000000, 0.000000000000000000 ) ) ;
#4489 = EDGE_LOOP ( 'NONE', ( #4146, #3556, #3584, #3318 ) ) ;
#4490 = AXIS2_PLACEMENT_3D ( 'NONE', #5025, #5435, #786 ) ;
#4491 = ORIENTED_EDGE ( 'NONE', *, *, #5123, .T. ) ;
#4492 = ADVANCED_FACE ( 'NONE', ( #3525 ), #2121, .F. ) ;
#4493 =( GEOMETRIC_REPRESENTATION_CONTEXT ( 3 ) GLOBAL_UNCERTAINTY_ASSIGNED_CONTEXT ( ( #3875 ) ) GLOBAL_UNIT_ASSIGNED_CONTEXT ( ( #1252, #5974, #2747 ) ) REPRESENTATION_CONTEXT ( 'NONE', 'WORKASPACE' ) );
#4494 = VERTEX_POINT ( 'NONE', #5278 ) ;
#4495 = DIRECTION ( 'NONE',  ( 0.4999999999999891753, 0.000000000000000000, 0.8660254037844448138 ) ) ;
#4496 =( NAMED_UNIT ( * ) PLANE_ANGLE_UNIT ( ) SI_UNIT ( $, .RADIAN. ) );
#4497 = SURFACE_STYLE_FILL_AREA ( #805 ) ;
#4498 = VECTOR ( 'NONE', #9, 1000.000000000000000 ) ;
#4499 = VERTEX_POINT ( 'NONE', #3868 ) ;
#4500 = VECTOR ( 'NONE', #4732, 1000.000000000000000 ) ;
#4501 = LINE ( 'NONE', #2101, #1899 ) ;
#4502 = VECTOR ( 'NONE', #1147, 1000.000000000000000 ) ;
#4503 = FILL_AREA_STYLE ('',( #3572 ) ) ;
#4504 = EDGE_CURVE ( 'NONE', #3338, #4252, #1128, .T. ) ;
#4505 = PRODUCT_DEFINITION_FORMATION_WITH_SPECIFIED_SOURCE ( 'ANY', '', #3555, .NOT_KNOWN. ) ;
#4506 = ORIENTED_EDGE ( 'NONE', *, *, #4089, .F. ) ;
#4507 = ORIENTED_EDGE ( 'NONE', *, *, #5315, .F. ) ;
#4508 = STYLED_ITEM ( 'NONE', ( #1786 ), #1843 ) ;
#4509 = STYLED_ITEM ( 'NONE', ( #695 ), #4553 ) ;
#4510 = CARTESIAN_POINT ( 'NONE',  ( 0.000000000000000000, 0.000000000000000000, 0.000000000000000000 ) ) ;
#4511 = VECTOR ( 'NONE', #3644, 1000.000000000000000 ) ;
#4512 = DIRECTION ( 'NONE',  ( 1.000000000000000000, 0.000000000000000000, -0.000000000000000000 ) ) ;
#4513 = DIRECTION ( 'NONE',  ( 0.000000000000000000, 0.000000000000000000, 1.000000000000000000 ) ) ;
#4514 = VERTEX_POINT ( 'NONE', #5756 ) ;
#4515 = VECTOR ( 'NONE', #2628, 1000.000000000000000 ) ;
#4516 = PRESENTATION_LAYER_ASSIGNMENT (  '', '', ( #449 ) ) ;
#4517 = ORIENTED_EDGE ( 'NONE', *, *, #2704, .F. ) ;
#4518 = DIRECTION ( 'NONE',  ( -1.000000000000000000, 0.000000000000000000, -0.000000000000000000 ) ) ;
#4519 = LINE ( 'NONE', #4049, #5947 ) ;
#4520 = DIRECTION ( 'NONE',  ( -1.000000000000000000, 0.000000000000000000, -0.000000000000000000 ) ) ;
#4521 = CARTESIAN_POINT ( 'NONE',  ( -4.203700000000000436, 8.509000000000000341, 0.3936999999999999944 ) ) ;
#4522 = SURFACE_STYLE_FILL_AREA ( #2686 ) ;
#4523 = ADVANCED_FACE ( 'NONE', ( #2550 ), #1611, .F. ) ;
#4524 = DIRECTION ( 'NONE',  ( 0.000000000000000000, 0.000000000000000000, 1.000000000000000000 ) ) ;
#4525 =( NAMED_UNIT ( * ) SI_UNIT ( $, .STERADIAN. ) SOLID_ANGLE_UNIT ( ) );
#4526 = EDGE_CURVE ( 'NONE', #2458, #2843, #1524, .T. ) ;
#4527 = VERTEX_POINT ( 'NONE', #2905 ) ;
#4528 = ADVANCED_FACE ( 'NONE', ( #4393 ), #5304, .F. ) ;
#4529 =( LENGTH_UNIT ( ) NAMED_UNIT ( * ) SI_UNIT ( .MILLI., .METRE. ) );
#4530 = FACE_OUTER_BOUND ( 'NONE', #1207, .T. ) ;
#4531 = MECHANICAL_DESIGN_GEOMETRIC_PRESENTATION_REPRESENTATION (  '', ( #168 ), #2217 ) ;
#4532 = ORIENTED_EDGE ( 'NONE', *, *, #2511, .F. ) ;
#4533 = VECTOR ( 'NONE', #4495, 1000.000000000000114 ) ;
#4534 =( NAMED_UNIT ( * ) SI_UNIT ( $, .STERADIAN. ) SOLID_ANGLE_UNIT ( ) );
#4535 = ORIENTED_EDGE ( 'NONE', *, *, #1272, .F. ) ;
#4536 = VERTEX_POINT ( 'NONE', #2496 ) ;
#4537 = PRESENTATION_STYLE_ASSIGNMENT (( #3635 ) ) ;
#4538 = SURFACE_STYLE_FILL_AREA ( #3171 ) ;
#4539 =( LENGTH_UNIT ( ) NAMED_UNIT ( * ) SI_UNIT ( .MILLI., .METRE. ) );
#4540 = LINE ( 'NONE', #3581, #5567 ) ;
#4541 = FACE_OUTER_BOUND ( 'NONE', #4941, .T. ) ;
#4542 = LINE ( 'NONE', #5915, #4511 ) ;
#4543 = ORIENTED_EDGE ( 'NONE', *, *, #3606, .F. ) ;
#4544 = SURFACE_STYLE_USAGE ( .BOTH. , #1173 ) ;
#4545 =( NAMED_UNIT ( * ) PLANE_ANGLE_UNIT ( ) SI_UNIT ( $, .RADIAN. ) );
#4546 = CARTESIAN_POINT ( 'NONE',  ( 0.2540000000000007807, 8.509000000000000341, 1.206499999999999906 ) ) ;
#4547 =( NAMED_UNIT ( * ) PLANE_ANGLE_UNIT ( ) SI_UNIT ( $, .RADIAN. ) );
#4548 = AXIS2_PLACEMENT_3D ( 'NONE', #4589, #4561, #2259 ) ;
#4549 = DIRECTION ( 'NONE',  ( 0.000000000000000000, -0.000000000000000000, -1.000000000000000000 ) ) ;
#4550 =( GEOMETRIC_REPRESENTATION_CONTEXT ( 3 ) GLOBAL_UNCERTAINTY_ASSIGNED_CONTEXT ( ( #5714 ) ) GLOBAL_UNIT_ASSIGNED_CONTEXT ( ( #4088, #471, #504 ) ) REPRESENTATION_CONTEXT ( 'NONE', 'WORKASPACE' ) );
#4551 =( NAMED_UNIT ( * ) SI_UNIT ( $, .STERADIAN. ) SOLID_ANGLE_UNIT ( ) );
#4552 = ORIENTED_EDGE ( 'NONE', *, *, #1409, .T. ) ;
#4553 = ADVANCED_FACE ( 'NONE', ( #5186 ), #2993, .T. ) ;
#4554 = LINE ( 'NONE', #4580, #254 ) ;
#4555 =( NAMED_UNIT ( * ) PLANE_ANGLE_UNIT ( ) SI_UNIT ( $, .RADIAN. ) );
#4556 = ADVANCED_FACE ( 'NONE', ( #3115 ), #2114, .F. ) ;
#4557 = PRODUCT_DEFINITION ( 'UNKNOWN', '', #3919, #3366 ) ;
#4558 = EDGE_LOOP ( 'NONE', ( #3350, #2301, #5298, #2666 ) ) ;
#4559 = SURFACE_STYLE_FILL_AREA ( #4085 ) ;
#4560 =( NAMED_UNIT ( * ) SI_UNIT ( $, .STERADIAN. ) SOLID_ANGLE_UNIT ( ) );
#4561 = DIRECTION ( 'NONE',  ( 1.000000000000000000, -0.000000000000000000, -0.000000000000000000 ) ) ;
#4562 = CARTESIAN_POINT ( 'NONE',  ( 5.956299999999999706, 0.000000000000000000, 3.306559094877499216 ) ) ;
#4563 = DIRECTION ( 'NONE',  ( 0.000000000000000000, -0.000000000000000000, 1.000000000000000000 ) ) ;
#4564 = EDGE_CURVE ( 'NONE', #462, #1874, #1691, .T. ) ;
#4565 = ORIENTED_EDGE ( 'NONE', *, *, #5227, .F. ) ;
#4566 = CARTESIAN_POINT ( 'NONE',  ( 6.870700000000000252, 0.000000000000000000, 0.6095999999999998087 ) ) ;
#4567 = ORIENTED_EDGE ( 'NONE', *, *, #2019, .F. ) ;
#4568 = VECTOR ( 'NONE', #291, 1000.000000000000000 ) ;
#4569 =( LENGTH_UNIT ( ) NAMED_UNIT ( * ) SI_UNIT ( .MILLI., .METRE. ) );
#4570 = DIRECTION ( 'NONE',  ( -1.000000000000000000, 0.000000000000000000, 0.000000000000000000 ) ) ;
#4571 = FILL_AREA_STYLE ('',( #5032 ) ) ;
#4572 = DIRECTION ( 'NONE',  ( 0.000000000000000000, 0.000000000000000000, 1.000000000000000000 ) ) ;
#4573 = ORIENTED_EDGE ( 'NONE', *, *, #3486, .F. ) ;
#4574 = PRESENTATION_STYLE_ASSIGNMENT (( #2735 ) ) ;
#4575 =( LENGTH_UNIT ( ) NAMED_UNIT ( * ) SI_UNIT ( .MILLI., .METRE. ) );
#4576 = DIRECTION ( 'NONE',  ( -0.000000000000000000, 1.000000000000000000, 0.000000000000000000 ) ) ;
#4577 = EDGE_CURVE ( 'NONE', #3620, #5562, #5331, .T. ) ;
#4578 = SURFACE_SIDE_STYLE ('',( #2737 ) ) ;
#4579 = ORIENTED_EDGE ( 'NONE', *, *, #3894, .T. ) ;
#4580 = CARTESIAN_POINT ( 'NONE',  ( 0.8762999999999999678, 0.5079999999999997851, -0.3936999999999999944 ) ) ;
#4581 =( GEOMETRIC_REPRESENTATION_CONTEXT ( 3 ) GLOBAL_UNCERTAINTY_ASSIGNED_CONTEXT ( ( #2533 ) ) GLOBAL_UNIT_ASSIGNED_CONTEXT ( ( #1420, #1445, #970 ) ) REPRESENTATION_CONTEXT ( 'NONE', 'WORKASPACE' ) );
#4582 = LINE ( 'NONE', #3710, #3172 ) ;
#4583 = CARTESIAN_POINT ( 'NONE',  ( -6.870700000000000252, 2.743199999999999861, 0.6095999999999999197 ) ) ;
#4584 = FILL_AREA_STYLE ('',( #2796 ) ) ;
#4585 = ORIENTED_EDGE ( 'NONE', *, *, #4416, .T. ) ;
#4586 = COLOUR_RGB ( '',1.000000000000000000, 1.000000000000000000, 0.000000000000000000 ) ;
#4587 = UNCERTAINTY_MEASURE_WITH_UNIT (LENGTH_MEASURE( 1.000000000000000082E-05 ), #956, 'distance_accuracy_value', 'NONE');
#4588 = LINE ( 'NONE', #5939, #3943 ) ;
#4589 = CARTESIAN_POINT ( 'NONE',  ( -3.416300000000000558, 0.8128000000000000780, 0.6095999999999999197 ) ) ;
#4590 = LINE ( 'NONE', #2298, #3813 ) ;
#4591 = CARTESIAN_POINT ( 'NONE',  ( 4.203700000000000436, 0.000000000000000000, 3.306559094877498772 ) ) ;
#4592 = ORIENTED_EDGE ( 'NONE', *, *, #5075, .T. ) ;
#4593 = CARTESIAN_POINT ( 'NONE',  ( 7.873999999999998778, 0.000000000000000000, 1.206499999999999906 ) ) ;
#4594 = CIRCLE ( 'NONE', #1501, 0.8127999999999999670 ) ;
#4595 = EDGE_LOOP ( 'NONE', ( #873, #1328, #2039, #5725 ) ) ;
#4596 =( GEOMETRIC_REPRESENTATION_CONTEXT ( 3 ) GLOBAL_UNCERTAINTY_ASSIGNED_CONTEXT ( ( #3039 ) ) GLOBAL_UNIT_ASSIGNED_CONTEXT ( ( #4939, #2639, #5777 ) ) REPRESENTATION_CONTEXT ( 'NONE', 'WORKASPACE' ) );
#4597 = EDGE_CURVE ( 'NONE', #2836, #1732, #4430, .T. ) ;
#4598 = EDGE_CURVE ( 'NONE', #2436, #1255, #1266, .T. ) ;
#4599 = STYLED_ITEM ( 'NONE', ( #965 ), #3801 ) ;
#4600 = PRESENTATION_LAYER_ASSIGNMENT (  '', '', ( #5090 ) ) ;
#4601 = CARTESIAN_POINT ( 'NONE',  ( 0.8762999999999999678, 0.5079999999999997851, 0.3937000000000001054 ) ) ;
#4602 = CARTESIAN_POINT ( 'NONE',  ( -6.870700000000000252, 2.743199999999999861, 0.6095999999999999197 ) ) ;
#4603 = VECTOR ( 'NONE', #4938, 1000.000000000000000 ) ;
#4604 = STYLED_ITEM ( 'NONE', ( #777 ), #4523 ) ;
#4605 = PRESENTATION_LAYER_ASSIGNMENT (  '', '', ( #1310 ) ) ;
#4606 = ORIENTED_EDGE ( 'NONE', *, *, #2800, .F. ) ;
#4607 = COLOUR_RGB ( '',0.6901960784313725394, 0.6901960784313725394, 0.6901960784313725394 ) ;
#4608 = STYLED_ITEM ( 'NONE', ( #2344 ), #3181 ) ;
#4609 =( LENGTH_UNIT ( ) NAMED_UNIT ( * ) SI_UNIT ( .MILLI., .METRE. ) );
#4610 =( LENGTH_UNIT ( ) NAMED_UNIT ( * ) SI_UNIT ( .MILLI., .METRE. ) );
#4611 = DIRECTION ( 'NONE',  ( -1.000000000000000000, -0.000000000000000000, 0.000000000000000000 ) ) ;
#4612 = VECTOR ( 'NONE', #4114, 1000.000000000000000 ) ;
#4613 = SURFACE_STYLE_FILL_AREA ( #488 ) ;
#4614 =( NAMED_UNIT ( * ) SI_UNIT ( $, .STERADIAN. ) SOLID_ANGLE_UNIT ( ) );
#4615 = FACE_OUTER_BOUND ( 'NONE', #1185, .T. ) ;
#4616 = ORIENTED_EDGE ( 'NONE', *, *, #2419, .T. ) ;
#4617 = ORIENTED_EDGE ( 'NONE', *, *, #1257, .T. ) ;
#4618 = VECTOR ( 'NONE', #4921, 1000.000000000000000 ) ;
#4619 = MECHANICAL_DESIGN_GEOMETRIC_PRESENTATION_REPRESENTATION (  '', ( #4241 ), #2092 ) ;
#4620 =( NAMED_UNIT ( * ) PLANE_ANGLE_UNIT ( ) SI_UNIT ( $, .RADIAN. ) );
#4621 = CARTESIAN_POINT ( 'NONE',  ( 6.202967651581286823, 0.4064000000000000390, 3.733800000000000008 ) ) ;
#4622 =( NAMED_UNIT ( * ) PLANE_ANGLE_UNIT ( ) SI_UNIT ( $, .RADIAN. ) );
#4623 = LINE ( 'NONE', #4649, #194 ) ;
#4624 = CARTESIAN_POINT ( 'NONE',  ( -1.663700000000000623, 0.4064000000000000390, 0.6095999999999999197 ) ) ;
#4625 = SURFACE_STYLE_USAGE ( .BOTH. , #2772 ) ;
#4626 = ORIENTED_EDGE ( 'NONE', *, *, #2845, .T. ) ;
#4627 = EDGE_CURVE ( 'NONE', #4034, #1726, #3088, .T. ) ;
#4628 = MECHANICAL_DESIGN_GEOMETRIC_PRESENTATION_REPRESENTATION (  '', ( #3957 ), #3264 ) ;
#4629 = LINE ( 'NONE', #80, #4240 ) ;
#4630 = CARTESIAN_POINT ( 'NONE',  ( 3.662967651581286788, 0.4064000000000000390, 3.733800000000000008 ) ) ;
#4631 = COLOUR_RGB ( '',1.000000000000000000, 1.000000000000000000, 0.000000000000000000 ) ;
#4632 =( LENGTH_UNIT ( ) NAMED_UNIT ( * ) SI_UNIT ( .MILLI., .METRE. ) );
#4633 = VERTEX_POINT ( 'NONE', #2187 ) ;
#4634 = LINE ( 'NONE', #4657, #735 ) ;
#4635 = ORIENTED_EDGE ( 'NONE', *, *, #3127, .T. ) ;
#4636 = EDGE_CURVE ( 'NONE', #1422, #5432, #3612, .T. ) ;
#4637 = SURFACE_STYLE_FILL_AREA ( #5232 ) ;
#4638 = SURFACE_SIDE_STYLE ('',( #450 ) ) ;
#4639 = EDGE_CURVE ( 'NONE', #1706, #2430, #4099, .T. ) ;
#4640 = SURFACE_SIDE_STYLE ('',( #5508 ) ) ;
#4641 =( LENGTH_UNIT ( ) NAMED_UNIT ( * ) SI_UNIT ( .MILLI., .METRE. ) );
#4642 = ORIENTED_EDGE ( 'NONE', *, *, #1447, .T. ) ;
#4643 = DIRECTION ( 'NONE',  ( 0.000000000000000000, -0.000000000000000000, 1.000000000000000000 ) ) ;
#4644 = FACE_OUTER_BOUND ( 'NONE', #5944, .T. ) ;
#4645 = FILL_AREA_STYLE ('',( #2303 ) ) ;
#4646 = ORIENTED_EDGE ( 'NONE', *, *, #2730, .T. ) ;
#4647 = ORIENTED_EDGE ( 'NONE', *, *, #2990, .T. ) ;
#4648 = SURFACE_STYLE_FILL_AREA ( #2794 ) ;
#4649 = CARTESIAN_POINT ( 'NONE',  ( -4.825999999999999623, 0.000000000000000000, 5.080000000000000071 ) ) ;
#4650 = SURFACE_STYLE_USAGE ( .BOTH. , #3747 ) ;
#4651 = VERTEX_POINT ( 'NONE', #1208 ) ;
#4652 = AXIS2_PLACEMENT_3D ( 'NONE', #3969, #4932, #5768 ) ;
#4653 = SURFACE_SIDE_STYLE ('',( #5115 ) ) ;
#4654 = CARTESIAN_POINT ( 'NONE',  ( -4.203700000000001324, 0.8128000000000000780, -0.2032000000000000195 ) ) ;
#4655 = FILL_AREA_STYLE ('',( #1856 ) ) ;
#4656 = ORIENTED_EDGE ( 'NONE', *, *, #5017, .F. ) ;
#4657 = CARTESIAN_POINT ( 'NONE',  ( 5.956299999999999706, 8.509000000000000341, -0.3936999999999999944 ) ) ;
#4658 = EDGE_CURVE ( 'NONE', #1433, #3363, #4009, .T. ) ;
#4659 = EDGE_LOOP ( 'NONE', ( #5180, #1867, #3349, #1492 ) ) ;
#4660 = LINE ( 'NONE', #993, #5468 ) ;
#4661 = ADVANCED_FACE ( 'NONE', ( #862 ), #4915, .T. ) ;
#4662 = MECHANICAL_DESIGN_GEOMETRIC_PRESENTATION_REPRESENTATION (  '', ( #2341 ), #3498 ) ;
#4663 = PLANE ( 'NONE',  #548 ) ;
#4664 = ORIENTED_EDGE ( 'NONE', *, *, #773, .T. ) ;
#4665 = DIRECTION ( 'NONE',  ( 0.000000000000000000, 0.000000000000000000, -1.000000000000000000 ) ) ;
#4666 =( NAMED_UNIT ( * ) SI_UNIT ( $, .STERADIAN. ) SOLID_ANGLE_UNIT ( ) );
#4667 =( NAMED_UNIT ( * ) PLANE_ANGLE_UNIT ( ) SI_UNIT ( $, .RADIAN. ) );
#4668 =( GEOMETRIC_REPRESENTATION_CONTEXT ( 3 ) GLOBAL_UNCERTAINTY_ASSIGNED_CONTEXT ( ( #4438 ) ) GLOBAL_UNIT_ASSIGNED_CONTEXT ( ( #821, #5888, #5913 ) ) REPRESENTATION_CONTEXT ( 'NONE', 'WORKASPACE' ) );
#4669 = FACE_OUTER_BOUND ( 'NONE', #1909, .T. ) ;
#4670 = DIRECTION ( 'NONE',  ( 0.000000000000000000, 1.000000000000000000, 0.000000000000000000 ) ) ;
#4671 = DIRECTION ( 'NONE',  ( 0.000000000000000000, -0.000000000000000000, -1.000000000000000000 ) ) ;
#4672 = ORIENTED_EDGE ( 'NONE', *, *, #4416, .F. ) ;
#4673 = EDGE_LOOP ( 'NONE', ( #1640, #2903, #3313, #964, #4046, #3575, #4805, #5420 ) ) ;
#4674 = EDGE_CURVE ( 'NONE', #202, #4633, #3315, .T. ) ;
#4675 = FACE_OUTER_BOUND ( 'NONE', #917, .T. ) ;
#4676 = CARTESIAN_POINT ( 'NONE',  ( -5.956300000000000594, 0.000000000000000000, 3.306559094877498772 ) ) ;
#4677 = SURFACE_STYLE_USAGE ( .BOTH. , #5222 ) ;
#4678 = STYLED_ITEM ( 'NONE', ( #2251 ), #1292 ) ;
#4679 = VERTEX_POINT ( 'NONE', #3647 ) ;
#4680 = LINE ( 'NONE', #1821, #2084 ) ;
#4681 = DIRECTION ( 'NONE',  ( -1.000000000000000000, 0.000000000000000000, 0.000000000000000000 ) ) ;
#4682 = VERTEX_POINT ( 'NONE', #2868 ) ;
#4683 = SURFACE_STYLE_FILL_AREA ( #1414 ) ;
#4684 = PRESENTATION_LAYER_ASSIGNMENT (  '', '', ( #2459 ) ) ;
#4685 = EDGE_LOOP ( 'NONE', ( #235, #2500, #2444, #3765 ) ) ;
#4686 = DIRECTION ( 'NONE',  ( 0.000000000000000000, 0.000000000000000000, 1.000000000000000000 ) ) ;
#4688 = ADVANCED_FACE ( 'NONE', ( #886 ), #1920, .F. ) ;
#4687 = VECTOR ( 'NONE', #4847, 1000.000000000000000 ) ;
#4689 =( NAMED_UNIT ( * ) SI_UNIT ( $, .STERADIAN. ) SOLID_ANGLE_UNIT ( ) );
#4690 = FILL_AREA_STYLE_COLOUR ( '', #2760 ) ;
#4691 = PRESENTATION_LAYER_ASSIGNMENT (  '', '', ( #4220 ) ) ;
#4692 = ORIENTED_EDGE ( 'NONE', *, *, #1465, .T. ) ;
#4693 = VECTOR ( 'NONE', #572, 1000.000000000000000 ) ;
#4694 = COLOUR_RGB ( '',1.000000000000000000, 1.000000000000000000, 0.000000000000000000 ) ;
#4695 = VERTEX_POINT ( 'NONE', #4773 ) ;
#4696 = VECTOR ( 'NONE', #1463, 1000.000000000000000 ) ;
#4697 =( GEOMETRIC_REPRESENTATION_CONTEXT ( 3 ) GLOBAL_UNCERTAINTY_ASSIGNED_CONTEXT ( ( #1563 ) ) GLOBAL_UNIT_ASSIGNED_CONTEXT ( ( #4324, #3373, #611 ) ) REPRESENTATION_CONTEXT ( 'NONE', 'WORKASPACE' ) );
#4698 = CARTESIAN_POINT ( 'NONE',  ( 6.870700000000000252, 0.000000000000000000, 3.733800000000000008 ) ) ;
#4699 = PRESENTATION_STYLE_ASSIGNMENT (( #952 ) ) ;
#4700 = FILL_AREA_STYLE ('',( #5636 ) ) ;
#4701 = LINE ( 'NONE', #4842, #1890 ) ;
#4702 = VECTOR ( 'NONE', #3993, 1000.000000000000000 ) ;
#4703 = MECHANICAL_DESIGN_GEOMETRIC_PRESENTATION_REPRESENTATION (  '', ( #1311 ), #3342 ) ;
#4704 = AXIS2_PLACEMENT_3D ( 'NONE', #5619, #1462, #1010 ) ;
#4705 = ORIENTED_EDGE ( 'NONE', *, *, #5718, .T. ) ;
#4706 = ORIENTED_EDGE ( 'NONE', *, *, #327, .T. ) ;
#4707 = EDGE_CURVE ( 'NONE', #5, #637, #2830, .T. ) ;
#4708 = AXIS2_PLACEMENT_3D ( 'NONE', #3995, #4474, #1250 ) ;
#4709 = UNCERTAINTY_MEASURE_WITH_UNIT (LENGTH_MEASURE( 1.000000000000000082E-05 ), #3344, 'distance_accuracy_value', 'NONE');
#4710 = SHAPE_DEFINITION_REPRESENTATION ( #1044, #1294 ) ;
#4711 = LINE ( 'NONE', #101, #3963 ) ;
#4712 = COLOUR_RGB ( '',0.6901960784313725394, 0.6901960784313725394, 0.6901960784313725394 ) ;
#4713 = DIRECTION ( 'NONE',  ( 0.000000000000000000, 1.000000000000000000, 0.000000000000000000 ) ) ;
#4714 = CARTESIAN_POINT ( 'NONE',  ( -3.416300000000000114, 8.509000000000000341, -0.3936999999999999944 ) ) ;
#4715 = CARTESIAN_POINT ( 'NONE',  ( -0.8762999999999999678, 8.509000000000000341, -0.3936999999999999944 ) ) ;
#4716 = EDGE_CURVE ( 'NONE', #1789, #2895, #539, .T. ) ;
#4717 =( GEOMETRIC_REPRESENTATION_CONTEXT ( 3 ) GLOBAL_UNCERTAINTY_ASSIGNED_CONTEXT ( ( #4879 ) ) GLOBAL_UNIT_ASSIGNED_CONTEXT ( ( #1551, #5246, #4372 ) ) REPRESENTATION_CONTEXT ( 'NONE', 'WORKASPACE' ) );
#4718 = PLANE ( 'NONE',  #3252 ) ;
#4719 = DIRECTION ( 'NONE',  ( 0.000000000000000000, -1.000000000000000000, -0.000000000000000000 ) ) ;
#4720 = DIRECTION ( 'NONE',  ( -0.000000000000000000, 1.000000000000000000, 0.000000000000000000 ) ) ;
#4721 = FACE_OUTER_BOUND ( 'NONE', #534, .T. ) ;
#4722 = VERTEX_POINT ( 'NONE', #3848 ) ;
#4723 = FACE_OUTER_BOUND ( 'NONE', #1140, .T. ) ;
#4724 = VERTEX_POINT ( 'NONE', #1538 ) ;
#4725 = VECTOR ( 'NONE', #4744, 999.9999999999998863 ) ;
#4726 =( NAMED_UNIT ( * ) PLANE_ANGLE_UNIT ( ) SI_UNIT ( $, .RADIAN. ) );
#4727 = SURFACE_STYLE_FILL_AREA ( #1021 ) ;
#4728 = UNCERTAINTY_MEASURE_WITH_UNIT (LENGTH_MEASURE( 1.000000000000000082E-05 ), #3238, 'distance_accuracy_value', 'NONE');
#4729 = COLOUR_RGB ( '',1.000000000000000000, 1.000000000000000000, 0.000000000000000000 ) ;
#4730 = CARTESIAN_POINT ( 'NONE',  ( -6.743700000000000472, 0.5079999999999997851, 0.3936999999999999944 ) ) ;
#4731 = FACE_OUTER_BOUND ( 'NONE', #4066, .T. ) ;
#4732 = DIRECTION ( 'NONE',  ( -0.000000000000000000, 1.000000000000000000, 0.000000000000000000 ) ) ;
#4733 = CARTESIAN_POINT ( 'NONE',  ( -0.2539999999999986713, 0.5080000000000000071, 1.206500000000000128 ) ) ;
#4734 = SURFACE_SIDE_STYLE ('',( #1933 ) ) ;
#4735 = CARTESIAN_POINT ( 'NONE',  ( -6.743700000000000472, 0.8128000000000000780, 0.6095999999999999197 ) ) ;
#4736 = SURFACE_STYLE_FILL_AREA ( #2879 ) ;
#4737 = VERTEX_POINT ( 'NONE', #2418 ) ;
#4738 =( LENGTH_UNIT ( ) NAMED_UNIT ( * ) SI_UNIT ( .MILLI., .METRE. ) );
#4739 = LINE ( 'NONE', #159, #2920 ) ;
#4740 = PRESENTATION_STYLE_ASSIGNMENT (( #4650 ) ) ;
#4741 = ORIENTED_EDGE ( 'NONE', *, *, #1556, .T. ) ;
#4742 =( GEOMETRIC_REPRESENTATION_CONTEXT ( 3 ) GLOBAL_UNCERTAINTY_ASSIGNED_CONTEXT ( ( #4762 ) ) GLOBAL_UNIT_ASSIGNED_CONTEXT ( ( #3465, #2952, #4447 ) ) REPRESENTATION_CONTEXT ( 'NONE', 'WORKASPACE' ) );
#4743 = CARTESIAN_POINT ( 'NONE',  ( 3.416300000000000114, 0.4064000000000000390, 0.6095999999999998087 ) ) ;
#4744 = DIRECTION ( 'NONE',  ( -0.4999999999999872879, 0.000000000000000000, -0.8660254037844460351 ) ) ;
#4745 = CARTESIAN_POINT ( 'NONE',  ( -6.743700000000000472, 0.4063999999999998725, 3.306559094877498772 ) ) ;
#4746 =( NAMED_UNIT ( * ) SI_UNIT ( $, .STERADIAN. ) SOLID_ANGLE_UNIT ( ) );
#4747 =( NAMED_UNIT ( * ) PLANE_ANGLE_UNIT ( ) SI_UNIT ( $, .RADIAN. ) );
#4748 = VERTEX_POINT ( 'NONE', #3777 ) ;
#4749 = ORIENTED_EDGE ( 'NONE', *, *, #2019, .T. ) ;
#4750 = DIRECTION ( 'NONE',  ( 0.000000000000000000, 0.000000000000000000, -1.000000000000000000 ) ) ;
#4751 = LINE ( 'NONE', #594, #2953 ) ;
#4752 = EDGE_CURVE ( 'NONE', #4252, #2535, #2915, .T. ) ;
#4753 = VECTOR ( 'NONE', #137, 1000.000000000000000 ) ;
#4754 = PRESENTATION_LAYER_ASSIGNMENT (  '', '', ( #2814 ) ) ;
#4755 = SURFACE_STYLE_FILL_AREA ( #518 ) ;
#4756 = LINE ( 'NONE', #177, #1025 ) ;
#4757 = ORIENTED_EDGE ( 'NONE', *, *, #3523, .T. ) ;
#4758 = VECTOR ( 'NONE', #3577, 1000.000000000000000 ) ;
#4759 = ORIENTED_EDGE ( 'NONE', *, *, #5291, .F. ) ;
#4760 =( NAMED_UNIT ( * ) SI_UNIT ( $, .STERADIAN. ) SOLID_ANGLE_UNIT ( ) );
#4761 = VECTOR ( 'NONE', #5707, 1000.000000000000000 ) ;
#4762 = UNCERTAINTY_MEASURE_WITH_UNIT (LENGTH_MEASURE( 1.000000000000000082E-05 ), #3465, 'distance_accuracy_value', 'NONE');
#4763 = ADVANCED_FACE ( 'NONE', ( #110 ), #3999, .F. ) ;
#4764 = CARTESIAN_POINT ( 'NONE',  ( -6.743700000000000472, 0.8128000000000000780, 0.2031999999999999917 ) ) ;
#4765 = DIRECTION ( 'NONE',  ( 0.000000000000000000, 0.000000000000000000, 1.000000000000000000 ) ) ;
#4766 = COLOUR_RGB ( '',0.6901960784313725394, 0.6901960784313725394, 0.6901960784313725394 ) ;
#4767 = ORIENTED_EDGE ( 'NONE', *, *, #5410, .F. ) ;
#4768 = SURFACE_STYLE_FILL_AREA ( #3396 ) ;
#4769 = COLOUR_RGB ( '',0.6901960784313725394, 0.6901960784313725394, 0.6901960784313725394 ) ;
#4770 = FACE_OUTER_BOUND ( 'NONE', #5027, .T. ) ;
#4771 = CARTESIAN_POINT ( 'NONE',  ( 4.203700000000000436, 0.4063999999999999280, 25.39999999999999858 ) ) ;
#4772 = VERTEX_POINT ( 'NONE', #2480 ) ;
#4773 = CARTESIAN_POINT ( 'NONE',  ( -4.203700000000000436, 0.5079999999999997851, -0.3937000000000001054 ) ) ;
#4774 =( GEOMETRIC_REPRESENTATION_CONTEXT ( 3 ) GLOBAL_UNCERTAINTY_ASSIGNED_CONTEXT ( ( #379 ) ) GLOBAL_UNIT_ASSIGNED_CONTEXT ( ( #3964, #2057, #1183 ) ) REPRESENTATION_CONTEXT ( 'NONE', 'WORKASPACE' ) );
#4775 = UNCERTAINTY_MEASURE_WITH_UNIT (LENGTH_MEASURE( 1.000000000000000082E-05 ), #4807, 'distance_accuracy_value', 'NONE');
#4776 = ADVANCED_FACE ( 'NONE', ( #3045 ), #1644, .T. ) ;
#4777 = EDGE_CURVE ( 'NONE', #609, #5771, #386, .T. ) ;
#4778 = AXIS2_PLACEMENT_3D ( 'NONE', #3184, #2256, #871 ) ;
#4779 = LINE ( 'NONE', #628, #4851 ) ;
#4780 = DIRECTION ( 'NONE',  ( 1.000000000000000000, 0.000000000000000000, -0.000000000000000000 ) ) ;
#4781 = DIRECTION ( 'NONE',  ( 0.000000000000000000, 0.000000000000000000, 1.000000000000000000 ) ) ;
#4782 = LINE ( 'NONE', #199, #940 ) ;
#4783 = VECTOR ( 'NONE', #4045, 1000.000000000000000 ) ;
#4784 = ORIENTED_EDGE ( 'NONE', *, *, #3960, .F. ) ;
#4785 = SHAPE_REPRESENTATION ( 'P2SSW-106-02-T-S-RA', ( #4142 ), #454 ) ;
#4786 = AXIS2_PLACEMENT_3D ( 'NONE', #4266, #5677, #125 ) ;
#4787 = EDGE_LOOP ( 'NONE', ( #4491, #782, #5625, #4757 ) ) ;
#4788 = STYLED_ITEM ( 'NONE', ( #1193 ), #3136 ) ;
#4789 = FILL_AREA_STYLE ('',( #4432 ) ) ;
#4790 = DIRECTION ( 'NONE',  ( 1.000000000000000000, 0.000000000000000000, -0.000000000000000000 ) ) ;
#4791 =( NAMED_UNIT ( * ) PLANE_ANGLE_UNIT ( ) SI_UNIT ( $, .RADIAN. ) );
#4792 = PRESENTATION_LAYER_ASSIGNMENT (  '', '', ( #4226 ) ) ;
#4793 = DIRECTION ( 'NONE',  ( 0.000000000000000000, 0.000000000000000000, 1.000000000000000000 ) ) ;
#4794 = ORIENTED_EDGE ( 'NONE', *, *, #214, .F. ) ;
#4795 = PRESENTATION_STYLE_ASSIGNMENT (( #5697 ) ) ;
#4796 = COLOUR_RGB ( '',0.6901960784313725394, 0.6901960784313725394, 0.6901960784313725394 ) ;
#4797 = COLOUR_RGB ( '',1.000000000000000000, 1.000000000000000000, 0.000000000000000000 ) ;
#4798 = CYLINDRICAL_SURFACE ( 'NONE', #1459, 0.8127999999999999670 ) ;
#4799 = CARTESIAN_POINT ( 'NONE',  ( 6.870700000000000252, 0.4064000000000000390, 3.733800000000000008 ) ) ;
#4800 = AXIS2_PLACEMENT_3D ( 'NONE', #279, #2204, #5340 ) ;
#4801 = ORIENTED_EDGE ( 'NONE', *, *, #171, .T. ) ;
#4802 = SURFACE_SIDE_STYLE ('',( #1187 ) ) ;
#4803 = SURFACE_STYLE_FILL_AREA ( #5350 ) ;
#4804 = DIRECTION ( 'NONE',  ( 1.000000000000000000, 5.335640612625509322E-17, 0.000000000000000000 ) ) ;
#4805 = ORIENTED_EDGE ( 'NONE', *, *, #2641, .T. ) ;
#4806 = ADVANCED_FACE ( 'NONE', ( #4988, #3664 ), #2630, .T. ) ;
#4807 =( LENGTH_UNIT ( ) NAMED_UNIT ( * ) SI_UNIT ( .MILLI., .METRE. ) );
#4808 = ORIENTED_EDGE ( 'NONE', *, *, #830, .T. ) ;
#4809 = EDGE_CURVE ( 'NONE', #5323, #1164, #789, .T. ) ;
#4810 = LINE ( 'NONE', #690, #5463 ) ;
#4811 = LINE ( 'NONE', #2082, #5738 ) ;
#4812 = UNCERTAINTY_MEASURE_WITH_UNIT (LENGTH_MEASURE( 1.000000000000000082E-05 ), #5801, 'distance_accuracy_value', 'NONE');
#4813 = CARTESIAN_POINT ( 'NONE',  ( 3.416300000000000114, 8.509000000000000341, 0.000000000000000000 ) ) ;
#4814 = AXIS2_PLACEMENT_3D ( 'NONE', #877, #2725, #4563 ) ;
#4815 = VERTEX_POINT ( 'NONE', #1253 ) ;
#4816 = DIRECTION ( 'NONE',  ( 1.000000000000000000, 0.000000000000000000, -0.000000000000000000 ) ) ;
#4817 = UNCERTAINTY_MEASURE_WITH_UNIT (LENGTH_MEASURE( 1.000000000000000082E-05 ), #5684, 'distance_accuracy_value', 'NONE');
#4818 = DIRECTION ( 'NONE',  ( 1.000000000000000000, -0.000000000000000000, -0.000000000000000000 ) ) ;
#4819 =( NAMED_UNIT ( * ) PLANE_ANGLE_UNIT ( ) SI_UNIT ( $, .RADIAN. ) );
#4820 = CARTESIAN_POINT ( 'NONE',  ( 0.000000000000000000, 0.000000000000000000, 0.000000000000000000 ) ) ;
#4821 = ORIENTED_EDGE ( 'NONE', *, *, #3471, .F. ) ;
#4822 = CARTESIAN_POINT ( 'NONE',  ( 6.870700000000000252, 0.000000000000000000, 0.6095999999999998087 ) ) ;
#4823 =( NAMED_UNIT ( * ) SI_UNIT ( $, .STERADIAN. ) SOLID_ANGLE_UNIT ( ) );
#4824 = PRESENTATION_STYLE_ASSIGNMENT (( #675 ) ) ;
#4825 = LINE ( 'NONE', #132, #122 ) ;
#4826 = CARTESIAN_POINT ( 'NONE',  ( 0.8762999999999999678, 0.4063999999999998725, 3.306559094877498772 ) ) ;
#4827 = ORIENTED_EDGE ( 'NONE', *, *, #2742, .T. ) ;
#4828 =( NAMED_UNIT ( * ) SI_UNIT ( $, .STERADIAN. ) SOLID_ANGLE_UNIT ( ) );
#4829 = DIRECTION ( 'NONE',  ( 0.000000000000000000, -0.000000000000000000, 1.000000000000000000 ) ) ;
#4830 = DIRECTION ( 'NONE',  ( -1.000000000000000000, 0.000000000000000000, 0.000000000000000000 ) ) ;
#4831 = EDGE_CURVE ( 'NONE', #5592, #3716, #5975, .T. ) ;
#4832 = FACE_OUTER_BOUND ( 'NONE', #5034, .T. ) ;
#4833 = UNCERTAINTY_MEASURE_WITH_UNIT (LENGTH_MEASURE( 1.000000000000000082E-05 ), #2160, 'distance_accuracy_value', 'NONE');
#4834 = ORIENTED_EDGE ( 'NONE', *, *, #3261, .T. ) ;
#4835 = ORIENTED_EDGE ( 'NONE', *, *, #3353, .F. ) ;
#4836 = CARTESIAN_POINT ( 'NONE',  ( -5.333999999999999631, 0.5080000000000000071, 5.080000000000000071 ) ) ;
#4837 = DIRECTION ( 'NONE',  ( 1.000000000000000000, 0.000000000000000000, -0.000000000000000000 ) ) ;
#4838 = PRESENTATION_LAYER_ASSIGNMENT (  '', '', ( #3595 ) ) ;
#4839 = DIRECTION ( 'NONE',  ( -0.000000000000000000, -0.000000000000000000, -1.000000000000000000 ) ) ;
#4840 = EDGE_CURVE ( 'NONE', #5536, #5562, #1764, .T. ) ;
#4841 = DIRECTION ( 'NONE',  ( 0.000000000000000000, -1.000000000000000000, -0.000000000000000000 ) ) ;
#4842 = CARTESIAN_POINT ( 'NONE',  ( 3.416300000000000114, 8.509000000000000341, 0.3936999999999999944 ) ) ;
#4843 = ORIENTED_EDGE ( 'NONE', *, *, #2128, .F. ) ;
#4844 = ORIENTED_EDGE ( 'NONE', *, *, #3183, .T. ) ;
#4845 = PRESENTATION_STYLE_ASSIGNMENT (( #5747 ) ) ;
#4846 = SURFACE_SIDE_STYLE ('',( #2996 ) ) ;
#4847 = DIRECTION ( 'NONE',  ( 0.000000000000000000, -0.000000000000000000, 1.000000000000000000 ) ) ;
#4848 = VERTEX_POINT ( 'NONE', #4591 ) ;
#4849 = ADVANCED_FACE ( 'NONE', ( #3101 ), #5943, .F. ) ;
#4850 = UNCERTAINTY_MEASURE_WITH_UNIT (LENGTH_MEASURE( 1.000000000000000082E-05 ), #1811, 'distance_accuracy_value', 'NONE');
#4851 = VECTOR ( 'NONE', #4665, 1000.000000000000000 ) ;
#4852 = DIRECTION ( 'NONE',  ( -1.000000000000000000, -0.000000000000000000, -0.000000000000000000 ) ) ;
#4853 = PRESENTATION_STYLE_ASSIGNMENT (( #2871 ) ) ;
#4854 = PRESENTATION_STYLE_ASSIGNMENT (( #5815 ) ) ;
#4855 =( NAMED_UNIT ( * ) PLANE_ANGLE_UNIT ( ) SI_UNIT ( $, .RADIAN. ) );
#4856 = AXIS2_PLACEMENT_3D ( 'NONE', #2758, #3588, #1782 ) ;
#4857 = LINE ( 'NONE', #807, #2562 ) ;
#4858 = LINE ( 'NONE', #717, #5374 ) ;
#4859 = DIRECTION ( 'NONE',  ( -0.000000000000000000, -0.000000000000000000, -1.000000000000000000 ) ) ;
#4860 = VECTOR ( 'NONE', #4348, 1000.000000000000000 ) ;
#4861 = FACE_BOUND ( 'NONE', #3750, .T. ) ;
#4862 = PRESENTATION_STYLE_ASSIGNMENT (( #4379 ) ) ;
#4863 = PLANE ( 'NONE',  #1504 ) ;
#4864 = ORIENTED_EDGE ( 'NONE', *, *, #787, .T. ) ;
#4865 = VECTOR ( 'NONE', #559, 1000.000000000000000 ) ;
#4866 = VERTEX_POINT ( 'NONE', #902 ) ;
#4867 = EDGE_CURVE ( 'NONE', #3363, #1170, #2350, .T. ) ;
#4868 = CIRCLE ( 'NONE', #1587, 0.4064000000000000390 ) ;
#4869 = CARTESIAN_POINT ( 'NONE',  ( 6.870700000000000252, 2.743199999999999861, 0.2032000000000000195 ) ) ;
#4870 = CARTESIAN_POINT ( 'NONE',  ( 4.203700000000000436, 8.509000000000000341, 0.3936999999999999944 ) ) ;
#4871 = DIRECTION ( 'NONE',  ( 0.000000000000000000, 0.000000000000000000, 1.000000000000000000 ) ) ;
#4872 =( NAMED_UNIT ( * ) SI_UNIT ( $, .STERADIAN. ) SOLID_ANGLE_UNIT ( ) );
#4873 = FILL_AREA_STYLE_COLOUR ( '', #1606 ) ;
#4874 = VERTEX_POINT ( 'NONE', #532 ) ;
#4875 = MECHANICAL_DESIGN_GEOMETRIC_PRESENTATION_REPRESENTATION (  '', ( #1771 ), #5653 ) ;
#4876 = ORIENTED_EDGE ( 'NONE', *, *, #854, .F. ) ;
#4877 = CARTESIAN_POINT ( 'NONE',  ( -0.8762999999999999678, 0.4063999999999999280, 25.39999999999999858 ) ) ;
#4878 = PRESENTATION_LAYER_ASSIGNMENT (  '', '', ( #5555 ) ) ;
#4879 = UNCERTAINTY_MEASURE_WITH_UNIT (LENGTH_MEASURE( 1.000000000000000082E-05 ), #1551, 'distance_accuracy_value', 'NONE');
#4880 = DIRECTION ( 'NONE',  ( -0.000000000000000000, -0.000000000000000000, -1.000000000000000000 ) ) ;
#4881 = MECHANICAL_DESIGN_GEOMETRIC_PRESENTATION_REPRESENTATION (  '', ( #3226 ), #617 ) ;
#4882 = DIRECTION ( 'NONE',  ( -1.000000000000000000, 0.000000000000000000, -0.000000000000000000 ) ) ;
#4883 = PLANE ( 'NONE',  #2829 ) ;
#4884 = FILL_AREA_STYLE_COLOUR ( '', #1598 ) ;
#4885 =( GEOMETRIC_REPRESENTATION_CONTEXT ( 3 ) GLOBAL_UNCERTAINTY_ASSIGNED_CONTEXT ( ( #1077 ) ) GLOBAL_UNIT_ASSIGNED_CONTEXT ( ( #1387, #5610, #34 ) ) REPRESENTATION_CONTEXT ( 'NONE', 'WORKASPACE' ) );
#4886 = ORIENTED_EDGE ( 'NONE', *, *, #5770, .F. ) ;
#4887 = EDGE_CURVE ( 'NONE', #4494, #808, #1945, .T. ) ;
#4888 = SURFACE_SIDE_STYLE ('',( #2909 ) ) ;
#4889 = SURFACE_SIDE_STYLE ('',( #804 ) ) ;
#4890 = VECTOR ( 'NONE', #5114, 1000.000000000000000 ) ;
#4891 = FACE_OUTER_BOUND ( 'NONE', #1886, .T. ) ;
#4892 = CARTESIAN_POINT ( 'NONE',  ( 3.416300000000000114, 0.8128000000000000780, 0.6095999999999999197 ) ) ;
#4893 = LINE ( 'NONE', #2622, #513 ) ;
#4894 = EDGE_CURVE ( 'NONE', #4536, #5323, #3431, .T. ) ;
#4895 = COLOUR_RGB ( '',1.000000000000000000, 1.000000000000000000, 0.000000000000000000 ) ;
#4896 = EDGE_CURVE ( 'NONE', #4927, #4260, #3808, .T. ) ;
#4897 = MECHANICAL_DESIGN_GEOMETRIC_PRESENTATION_REPRESENTATION (  '', ( #5181 ), #3937 ) ;
#4898 = PRESENTATION_LAYER_ASSIGNMENT (  '', '', ( #1311 ) ) ;
#4899 = VECTOR ( 'NONE', #1728, 1000.000000000000000 ) ;
#4900 = SURFACE_STYLE_USAGE ( .BOTH. , #3037 ) ;
#4901 = COLOUR_RGB ( '',1.000000000000000000, 1.000000000000000000, 0.000000000000000000 ) ;
#4902 =( NAMED_UNIT ( * ) SI_UNIT ( $, .STERADIAN. ) SOLID_ANGLE_UNIT ( ) );
#4903 = CARTESIAN_POINT ( 'NONE',  ( 5.956299999999999706, 0.8128000000000000780, 0.2031999999999999917 ) ) ;
#4904 = SURFACE_STYLE_USAGE ( .BOTH. , #1191 ) ;
#4905 = STYLED_ITEM ( 'NONE', ( #562 ), #5772 ) ;
#4906 = PRESENTATION_LAYER_ASSIGNMENT (  '', '', ( #4419 ) ) ;
#4907 = ORIENTED_EDGE ( 'NONE', *, *, #3621, .T. ) ;
#4908 = ORIENTED_EDGE ( 'NONE', *, *, #278, .T. ) ;
#4909 = CARTESIAN_POINT ( 'NONE',  ( 5.956300000000000594, 2.616199999999999637, 0.2032000000000001860 ) ) ;
#4910 =( LENGTH_UNIT ( ) NAMED_UNIT ( * ) SI_UNIT ( .MILLI., .METRE. ) );
#4911 = CARTESIAN_POINT ( 'NONE',  ( 6.870700000000000252, 0.4064000000000000390, 3.733800000000000008 ) ) ;
#4912 = CARTESIAN_POINT ( 'NONE',  ( 2.286000000000002252, 0.000000000000000000, 5.080000000000000071 ) ) ;
#4913 = VERTEX_POINT ( 'NONE', #3347 ) ;
#4914 = VERTEX_POINT ( 'NONE', #1436 ) ;
#4915 = PLANE ( 'NONE',  #4997 ) ;
#4916 = CARTESIAN_POINT ( 'NONE',  ( -1.663699999999999957, -8.889999999999998792, 25.39999999999999858 ) ) ;
#4917 = FILL_AREA_STYLE_COLOUR ( '', #334 ) ;
#4918 = DIRECTION ( 'NONE',  ( -0.000000000000000000, 1.000000000000000000, 0.000000000000000000 ) ) ;
#4919 = ADVANCED_FACE ( 'NONE', ( #2382 ), #3309, .F. ) ;
#4920 = SURFACE_SIDE_STYLE ('',( #2094 ) ) ;
#4921 = DIRECTION ( 'NONE',  ( 0.000000000000000000, -1.000000000000000000, -0.000000000000000000 ) ) ;
#4922 = PLANE ( 'NONE',  #1622 ) ;
#4923 = SURFACE_SIDE_STYLE ('',( #2719 ) ) ;
#4924 = LINE ( 'NONE', #2207, #5159 ) ;
#4925 = ADVANCED_FACE ( 'NONE', ( #1497 ), #4210, .T. ) ;
#4926 = LINE ( 'NONE', #3095, #3530 ) ;
#4927 = VERTEX_POINT ( 'NONE', #5165 ) ;
#4928 = UNCERTAINTY_MEASURE_WITH_UNIT (LENGTH_MEASURE( 1.000000000000000082E-05 ), #1957, 'distance_accuracy_value', 'NONE');
#4929 =( NAMED_UNIT ( * ) PLANE_ANGLE_UNIT ( ) SI_UNIT ( $, .RADIAN. ) );
#4930 = CARTESIAN_POINT ( 'NONE',  ( -0.2539999999999990044, 8.509000000000000341, 1.206499999999999906 ) ) ;
#4931 = CARTESIAN_POINT ( 'NONE',  ( -4.825999999999999623, 0.5080000000000000071, -1.206500000000000128 ) ) ;
#4932 = DIRECTION ( 'NONE',  ( 0.000000000000000000, -1.000000000000000000, 0.000000000000000000 ) ) ;
#4933 = SURFACE_STYLE_USAGE ( .BOTH. , #4090 ) ;
#4934 = ORIENTED_EDGE ( 'NONE', *, *, #2977, .T. ) ;
#4935 = EDGE_LOOP ( 'NONE', ( #1237, #3291, #97, #300 ) ) ;
#4936 = EDGE_CURVE ( 'NONE', #3756, #725, #2861, .T. ) ;
#4937 = SURFACE_STYLE_USAGE ( .BOTH. , #2753 ) ;
#4938 = DIRECTION ( 'NONE',  ( 0.000000000000000000, 0.000000000000000000, 1.000000000000000000 ) ) ;
#4939 =( LENGTH_UNIT ( ) NAMED_UNIT ( * ) SI_UNIT ( .MILLI., .METRE. ) );
#4940 = LINE ( 'NONE', #1723, #1980 ) ;
#4941 = EDGE_LOOP ( 'NONE', ( #1060, #3861, #447, #1699 ) ) ;
#4942 = SURFACE_STYLE_FILL_AREA ( #5399 ) ;
#4943 = DIRECTION ( 'NONE',  ( 0.000000000000000000, 1.000000000000000000, -0.000000000000000000 ) ) ;
#4944 =( NAMED_UNIT ( * ) PLANE_ANGLE_UNIT ( ) SI_UNIT ( $, .RADIAN. ) );
#4945 = VECTOR ( 'NONE', #1398, 1000.000000000000000 ) ;
#4946 = ORIENTED_EDGE ( 'NONE', *, *, #1681, .F. ) ;
#4947 = EDGE_CURVE ( 'NONE', #5744, #5022, #2634, .T. ) ;
#4948 = DIRECTION ( 'NONE',  ( 0.000000000000000000, -1.000000000000000000, -0.000000000000000000 ) ) ;
#4949 = CARTESIAN_POINT ( 'NONE',  ( -4.825999999999999623, 0.5079999999999998961, 5.080000000000000071 ) ) ;
#4950 =( NAMED_UNIT ( * ) SI_UNIT ( $, .STERADIAN. ) SOLID_ANGLE_UNIT ( ) );
#4951 = CARTESIAN_POINT ( 'NONE',  ( 0.8762999999999999678, 0.5079999999999997851, -0.3937000000000001054 ) ) ;
#4952 = FACE_OUTER_BOUND ( 'NONE', #109, .T. ) ;
#4953 = VECTOR ( 'NONE', #4859, 1000.000000000000000 ) ;
#4954 = VERTEX_POINT ( 'NONE', #753 ) ;
#4955 = FACE_OUTER_BOUND ( 'NONE', #2971, .T. ) ;
#4956 = FACE_OUTER_BOUND ( 'NONE', #3543, .T. ) ;
#4957 = DIRECTION ( 'NONE',  ( 0.4999999999999865108, 0.000000000000000000, -0.8660254037844463681 ) ) ;
#4958 = FILL_AREA_STYLE_COLOUR ( '', #5749 ) ;
#4959 = ORIENTED_EDGE ( 'NONE', *, *, #4276, .T. ) ;
#4960 = VERTEX_POINT ( 'NONE', #2124 ) ;
#4961 = VECTOR ( 'NONE', #5134, 1000.000000000000000 ) ;
#4962 = EDGE_CURVE ( 'NONE', #3192, #1537, #3003, .T. ) ;
#4963 = FILL_AREA_STYLE_COLOUR ( '', #3352 ) ;
#4964 = VECTOR ( 'NONE', #10, 1000.000000000000000 ) ;
#4965 = SURFACE_STYLE_FILL_AREA ( #2219 ) ;
#4966 = EDGE_CURVE ( 'NONE', #4772, #609, #2012, .T. ) ;
#4967 = DIRECTION ( 'NONE',  ( 0.000000000000000000, -0.000000000000000000, -1.000000000000000000 ) ) ;
#4968 = ADVANCED_FACE ( 'NONE', ( #4770 ), #1093, .F. ) ;
#4969 = VERTEX_POINT ( 'NONE', #282 ) ;
#4970 = STYLED_ITEM ( 'NONE', ( #1251 ), #5152 ) ;
#4971 = VERTEX_POINT ( 'NONE', #211 ) ;
#4972 = CARTESIAN_POINT ( 'NONE',  ( -1.122967651581292525, 0.000000000000000000, 3.733799999999999120 ) ) ;
#4973 = FILL_AREA_STYLE ('',( #2687 ) ) ;
#4974 = FACE_OUTER_BOUND ( 'NONE', #3950, .T. ) ;
#4975 =( NAMED_UNIT ( * ) SI_UNIT ( $, .STERADIAN. ) SOLID_ANGLE_UNIT ( ) );
#4976 = ORIENTED_EDGE ( 'NONE', *, *, #1797, .F. ) ;
#4977 = FILL_AREA_STYLE ('',( #249 ) ) ;
#4978 =( GEOMETRIC_REPRESENTATION_CONTEXT ( 3 ) GLOBAL_UNCERTAINTY_ASSIGNED_CONTEXT ( ( #4250 ) ) GLOBAL_UNIT_ASSIGNED_CONTEXT ( ( #650, #2013, #5251 ) ) REPRESENTATION_CONTEXT ( 'NONE', 'WORKASPACE' ) );
#4979 = UNCERTAINTY_MEASURE_WITH_UNIT (LENGTH_MEASURE( 1.000000000000000082E-05 ), #422, 'distance_accuracy_value', 'NONE');
#4980 = AXIS2_PLACEMENT_3D ( 'NONE', #3787, #2360, #4781 ) ;
#4981 =( GEOMETRIC_REPRESENTATION_CONTEXT ( 3 ) GLOBAL_UNCERTAINTY_ASSIGNED_CONTEXT ( ( #595 ) ) GLOBAL_UNIT_ASSIGNED_CONTEXT ( ( #3198, #947, #1834 ) ) REPRESENTATION_CONTEXT ( 'NONE', 'WORKASPACE' ) );
#4982 = ORIENTED_EDGE ( 'NONE', *, *, #2527, .F. ) ;
#4983 = VECTOR ( 'NONE', #2629, 1000.000000000000000 ) ;
#4984 =( GEOMETRIC_REPRESENTATION_CONTEXT ( 3 ) GLOBAL_UNCERTAINTY_ASSIGNED_CONTEXT ( ( #1379 ) ) GLOBAL_UNIT_ASSIGNED_CONTEXT ( ( #19, #3217, #3751 ) ) REPRESENTATION_CONTEXT ( 'NONE', 'WORKASPACE' ) );
#4985 = DIRECTION ( 'NONE',  ( -1.000000000000000000, 0.000000000000000000, 0.000000000000000000 ) ) ;
#4986 = DIRECTION ( 'NONE',  ( 1.000000000000000000, 0.000000000000000000, -0.000000000000000000 ) ) ;
#4987 = FILL_AREA_STYLE_COLOUR ( '', #1385 ) ;
#4988 = FACE_OUTER_BOUND ( 'NONE', #4558, .T. ) ;
#4989 = FACE_OUTER_BOUND ( 'NONE', #1574, .T. ) ;
#4990 = AXIS2_PLACEMENT_3D ( 'NONE', #1337, #2767, #920 ) ;
#4991 = ORIENTED_EDGE ( 'NONE', *, *, #1106, .T. ) ;
#4992 =( GEOMETRIC_REPRESENTATION_CONTEXT ( 3 ) GLOBAL_UNCERTAINTY_ASSIGNED_CONTEXT ( ( #1910 ) ) GLOBAL_UNIT_ASSIGNED_CONTEXT ( ( #2592, #3918, #277 ) ) REPRESENTATION_CONTEXT ( 'NONE', 'WORKASPACE' ) );
#4993 = PRESENTATION_LAYER_ASSIGNMENT (  '', '', ( #2948 ) ) ;
#4994 = VERTEX_POINT ( 'NONE', #4330 ) ;
#4995 =( GEOMETRIC_REPRESENTATION_CONTEXT ( 3 ) GLOBAL_UNCERTAINTY_ASSIGNED_CONTEXT ( ( #5834 ) ) GLOBAL_UNIT_ASSIGNED_CONTEXT ( ( #5139, #3775, #2056 ) ) REPRESENTATION_CONTEXT ( 'NONE', 'WORKASPACE' ) );
#4996 = MECHANICAL_DESIGN_GEOMETRIC_PRESENTATION_REPRESENTATION (  '', ( #4508 ), #3149 ) ;
#4997 = AXIS2_PLACEMENT_3D ( 'NONE', #5144, #88, #4686 ) ;
#4998 = CARTESIAN_POINT ( 'NONE',  ( -0.8762999999999999678, 0.000000000000000000, 3.306559094877498772 ) ) ;
#4999 = CARTESIAN_POINT ( 'NONE',  ( 3.957032348418712431, 0.000000000000000000, 3.733800000000000008 ) ) ;
#5000 = DIRECTION ( 'NONE',  ( 0.000000000000000000, 1.000000000000000000, 0.000000000000000000 ) ) ;
#5001 = CARTESIAN_POINT ( 'NONE',  ( 6.743700000000000472, 2.616200000000000525, -0.2032000000000003803 ) ) ;
#5002 = EDGE_CURVE ( 'NONE', #304, #4428, #165, .T. ) ;
#5003 = PRESENTATION_LAYER_ASSIGNMENT (  '', '', ( #5287 ) ) ;
#5004 = PRODUCT_DEFINITION_SHAPE ( 'NONE', 'NONE',  #3564 ) ;
#5005 = ORIENTED_EDGE ( 'NONE', *, *, #2800, .T. ) ;
#5006 = DIRECTION ( 'NONE',  ( 0.000000000000000000, 0.000000000000000000, -1.000000000000000000 ) ) ;
#5007 = EDGE_CURVE ( 'NONE', #4994, #2836, #5248, .T. ) ;
#5008 = ADVANCED_FACE ( 'NONE', ( #3426 ), #4798, .T. ) ;
#5009 = DIRECTION ( 'NONE',  ( -0.000000000000000000, -1.000000000000000000, -0.000000000000000000 ) ) ;
#5010 =( NAMED_UNIT ( * ) SI_UNIT ( $, .STERADIAN. ) SOLID_ANGLE_UNIT ( ) );
#5011 = DIRECTION ( 'NONE',  ( 0.000000000000000000, 0.000000000000000000, 1.000000000000000000 ) ) ;
#5012 = PRESENTATION_STYLE_ASSIGNMENT (( #4101 ) ) ;
#5013 = PRESENTATION_STYLE_ASSIGNMENT (( #1270 ) ) ;
#5014 = DIRECTION ( 'NONE',  ( 1.000000000000000000, 0.000000000000000000, 0.000000000000000000 ) ) ;
#5015 = PRESENTATION_LAYER_ASSIGNMENT (  '', '', ( #168 ) ) ;
#5016 = ORIENTED_EDGE ( 'NONE', *, *, #5048, .F. ) ;
#5017 = EDGE_CURVE ( 'NONE', #2743, #5854, #5523, .T. ) ;
#5018 = CARTESIAN_POINT ( 'NONE',  ( -3.957032348418713319, 0.4064000000000000390, 3.733800000000000008 ) ) ;
#5019 = DIRECTION ( 'NONE',  ( 0.000000000000000000, 0.000000000000000000, 1.000000000000000000 ) ) ;
#5020 = FILL_AREA_STYLE ('',( #3160 ) ) ;
#5021 = LINE ( 'NONE', #43, #5442 ) ;
#5022 = VERTEX_POINT ( 'NONE', #3213 ) ;
#5023 = UNCERTAINTY_MEASURE_WITH_UNIT (LENGTH_MEASURE( 1.000000000000000082E-05 ), #146, 'distance_accuracy_value', 'NONE');
#5024 = CARTESIAN_POINT ( 'NONE',  ( 6.743700000000000472, 0.5079999999999997851, 0.3936999999999999944 ) ) ;
#5025 = CARTESIAN_POINT ( 'NONE',  ( 6.743700000000000472, 8.509000000000000341, 0.3936999999999999944 ) ) ;
#5026 = DIRECTION ( 'NONE',  ( 1.000000000000000000, 0.000000000000000000, -0.000000000000000000 ) ) ;
#5027 = EDGE_LOOP ( 'NONE', ( #2200, #3553, #4506, #2854, #577, #975 ) ) ;
#5028 = VERTEX_POINT ( 'NONE', #42 ) ;
#5029 = EDGE_CURVE ( 'NONE', #4228, #5297, #1850, .T. ) ;
#5030 =( LENGTH_UNIT ( ) NAMED_UNIT ( * ) SI_UNIT ( .MILLI., .METRE. ) );
#5031 = LINE ( 'NONE', #5722, #5907 ) ;
#5032 = FILL_AREA_STYLE_COLOUR ( '', #5566 ) ;
#5033 = CARTESIAN_POINT ( 'NONE',  ( -2.794000000000000039, 0.5080000000000000071, -0.3937000000000002720 ) ) ;
#5034 = EDGE_LOOP ( 'NONE', ( #2904, #5803, #5683, #2118 ) ) ;
#5035 = SURFACE_STYLE_FILL_AREA ( #887 ) ;
#5036 = FILL_AREA_STYLE ('',( #5959 ) ) ;
#5037 =( NAMED_UNIT ( * ) SI_UNIT ( $, .STERADIAN. ) SOLID_ANGLE_UNIT ( ) );
#5038 =( NAMED_UNIT ( * ) SI_UNIT ( $, .STERADIAN. ) SOLID_ANGLE_UNIT ( ) );
#5039 = PLANE ( 'NONE',  #3042 ) ;
#5040 = CARTESIAN_POINT ( 'NONE',  ( -6.497032348418709802, 25.39999999999999858, 3.733799999999997787 ) ) ;
#5041 = FILL_AREA_STYLE_COLOUR ( '', #4796 ) ;
#5042 = ORIENTED_EDGE ( 'NONE', *, *, #4364, .T. ) ;
#5043 =( NAMED_UNIT ( * ) PLANE_ANGLE_UNIT ( ) SI_UNIT ( $, .RADIAN. ) );
#5044 = SHAPE_REPRESENTATION_RELATIONSHIP ( 'NONE' , 'NONE' ,  #4785, #3014 ) ;
#5045 = DIRECTION ( 'NONE',  ( 1.000000000000000000, 0.000000000000000000, -0.000000000000000000 ) ) ;
#5046 = FILL_AREA_STYLE ('',( #5492 ) ) ;
#5047 = DIRECTION ( 'NONE',  ( 0.000000000000000000, -0.000000000000000000, 1.000000000000000000 ) ) ;
#5048 = EDGE_CURVE ( 'NONE', #2522, #2895, #922, .T. ) ;
#5049 = ORIENTED_EDGE ( 'NONE', *, *, #687, .F. ) ;
#5050 = FACE_OUTER_BOUND ( 'NONE', #869, .T. ) ;
#5051 = STYLED_ITEM ( 'NONE', ( #4824 ), #4968 ) ;
#5052 = PRESENTATION_STYLE_ASSIGNMENT (( #1372 ) ) ;
#5053 = COLOUR_RGB ( '',1.000000000000000000, 1.000000000000000000, 0.000000000000000000 ) ;
#5054 = ORIENTED_EDGE ( 'NONE', *, *, #4245, .F. ) ;
#5055 = EDGE_LOOP ( 'NONE', ( #3054, #2293, #1597, #2416 ) ) ;
#5056 = AXIS2_PLACEMENT_3D ( 'NONE', #4335, #4003, #2609 ) ;
#5057 = FACE_OUTER_BOUND ( 'NONE', #1688, .T. ) ;
#5058 = FILL_AREA_STYLE ('',( #4963 ) ) ;
#5059 = FACE_OUTER_BOUND ( 'NONE', #5330, .T. ) ;
#5060 = CARTESIAN_POINT ( 'NONE',  ( -1.663700000000000623, 0.8128000000000000780, 0.2031999999999999917 ) ) ;
#5061 = VECTOR ( 'NONE', #1702, 1000.000000000000000 ) ;
#5062 = EDGE_CURVE ( 'NONE', #5124, #3208, #4623, .T. ) ;
#5063 = ORIENTED_EDGE ( 'NONE', *, *, #2720, .F. ) ;
#5064 = CARTESIAN_POINT ( 'NONE',  ( 6.743700000000000472, 0.4063999999999873269, 3.306559094877499216 ) ) ;
#5065 = FILL_AREA_STYLE_COLOUR ( '', #5659 ) ;
#5066 = CARTESIAN_POINT ( 'NONE',  ( 3.416300000000000114, 0.000000000000000000, 0.6095999999999998087 ) ) ;
#5067 = CYLINDRICAL_SURFACE ( 'NONE', #4980, 0.8127999999999999670 ) ;
#5068 = ORIENTED_EDGE ( 'NONE', *, *, #4197, .F. ) ;
#5069 = VERTEX_POINT ( 'NONE', #3249 ) ;
#5070 = DIRECTION ( 'NONE',  ( 0.000000000000000000, 0.000000000000000000, 1.000000000000000000 ) ) ;
#5071 =( NAMED_UNIT ( * ) SI_UNIT ( $, .STERADIAN. ) SOLID_ANGLE_UNIT ( ) );
#5072 = DIRECTION ( 'NONE',  ( -0.000000000000000000, -1.000000000000000000, 0.000000000000000000 ) ) ;
#5073 = LINE ( 'NONE', #4109, #3509 ) ;
#5074 = FILL_AREA_STYLE ('',( #1364 ) ) ;
#5075 = EDGE_CURVE ( 'NONE', #4376, #4722, #4173, .T. ) ;
#5076 = ORIENTED_EDGE ( 'NONE', *, *, #868, .T. ) ;
#5077 = VECTOR ( 'NONE', #3744, 1000.000000000000000 ) ;
#5078 =( GEOMETRIC_REPRESENTATION_CONTEXT ( 3 ) GLOBAL_UNCERTAINTY_ASSIGNED_CONTEXT ( ( #5687 ) ) GLOBAL_UNIT_ASSIGNED_CONTEXT ( ( #2623, #255, #1760 ) ) REPRESENTATION_CONTEXT ( 'NONE', 'WORKASPACE' ) );
#5079 = DIRECTION ( 'NONE',  ( 1.000000000000000000, 0.000000000000000000, -0.000000000000000000 ) ) ;
#5080 = EDGE_CURVE ( 'NONE', #4848, #2721, #464, .T. ) ;
#5081 = DIRECTION ( 'NONE',  ( 0.000000000000000000, 1.000000000000000000, -0.000000000000000000 ) ) ;
#5082 = EDGE_CURVE ( 'NONE', #2792, #1741, #680, .T. ) ;
#5083 = LINE ( 'NONE', #5883, #4212 ) ;
#5084 = ORIENTED_EDGE ( 'NONE', *, *, #5822, .T. ) ;
#5085 = FACE_OUTER_BOUND ( 'NONE', #2749, .T. ) ;
#5086 = ORIENTED_EDGE ( 'NONE', *, *, #5822, .F. ) ;
#5087 =( GEOMETRIC_REPRESENTATION_CONTEXT ( 3 ) GLOBAL_UNCERTAINTY_ASSIGNED_CONTEXT ( ( #3724 ) ) GLOBAL_UNIT_ASSIGNED_CONTEXT ( ( #946, #452, #3608 ) ) REPRESENTATION_CONTEXT ( 'NONE', 'WORKASPACE' ) );
#5088 =( NAMED_UNIT ( * ) SI_UNIT ( $, .STERADIAN. ) SOLID_ANGLE_UNIT ( ) );
#5089 = LINE ( 'NONE', #2672, #5288 ) ;
#5090 = STYLED_ITEM ( 'NONE', ( #1226 ), #4331 ) ;
#5091 = DIRECTION ( 'NONE',  ( 1.000000000000000000, -0.000000000000000000, -0.000000000000000000 ) ) ;
#5092 =( GEOMETRIC_REPRESENTATION_CONTEXT ( 3 ) GLOBAL_UNCERTAINTY_ASSIGNED_CONTEXT ( ( #1992 ) ) GLOBAL_UNIT_ASSIGNED_CONTEXT ( ( #372, #1334, #4614 ) ) REPRESENTATION_CONTEXT ( 'NONE', 'WORKASPACE' ) );
#5093 = AXIS2_PLACEMENT_3D ( 'NONE', #4869, #729, #4424 ) ;
#5094 = VERTEX_POINT ( 'NONE', #2601 ) ;
#5095 = VECTOR ( 'NONE', #5361, 1000.000000000000000 ) ;
#5096 = PRESENTATION_STYLE_ASSIGNMENT (( #3203 ) ) ;
#5097 = DIRECTION ( 'NONE',  ( -1.000000000000000000, 0.000000000000000000, -0.000000000000000000 ) ) ;
#5098 = FILL_AREA_STYLE_COLOUR ( '', #3920 ) ;
#5099 = PLANE ( 'NONE',  #5056 ) ;
#5100 = CARTESIAN_POINT ( 'NONE',  ( -0.2539999999999986713, 0.5080000000000000071, 5.080000000000000071 ) ) ;
#5101 = MECHANICAL_DESIGN_GEOMETRIC_PRESENTATION_REPRESENTATION (  '', ( #1795 ), #4717 ) ;
#5102 = DIRECTION ( 'NONE',  ( 1.000000000000000000, 0.000000000000000000, -0.000000000000000000 ) ) ;
#5103 = ORIENTED_EDGE ( 'NONE', *, *, #5279, .T. ) ;
#5104 = ORIENTED_EDGE ( 'NONE', *, *, #5210, .T. ) ;
#5105 = PRESENTATION_LAYER_ASSIGNMENT (  '', '', ( #5483 ) ) ;
#5106 = DIRECTION ( 'NONE',  ( 0.000000000000000000, 0.000000000000000000, 1.000000000000000000 ) ) ;
#5107 = ADVANCED_FACE ( 'NONE', ( #1642 ), #1540, .F. ) ;
#5108 = LINE ( 'NONE', #5931, #377 ) ;
#5109 =( NAMED_UNIT ( * ) PLANE_ANGLE_UNIT ( ) SI_UNIT ( $, .RADIAN. ) );
#5110 = DIRECTION ( 'NONE',  ( 0.000000000000000000, 0.000000000000000000, -1.000000000000000000 ) ) ;
#5111 = DIRECTION ( 'NONE',  ( 0.000000000000000000, -0.000000000000000000, -1.000000000000000000 ) ) ;
#5112 = PRESENTATION_STYLE_ASSIGNMENT (( #4625 ) ) ;
#5113 = ORIENTED_EDGE ( 'NONE', *, *, #381, .F. ) ;
#5114 = DIRECTION ( 'NONE',  ( -1.000000000000000000, 0.000000000000000000, -0.000000000000000000 ) ) ;
#5115 = SURFACE_STYLE_FILL_AREA ( #3255 ) ;
#5116 = SURFACE_SIDE_STYLE ('',( #3753 ) ) ;
#5117 = ADVANCED_FACE ( 'NONE', ( #2508 ), #4415, .F. ) ;
#5118 = VERTEX_POINT ( 'NONE', #5765 ) ;
#5119 = SURFACE_STYLE_USAGE ( .BOTH. , #3259 ) ;
#5120 = ORIENTED_EDGE ( 'NONE', *, *, #5807, .T. ) ;
#5121 =( LENGTH_UNIT ( ) NAMED_UNIT ( * ) SI_UNIT ( .MILLI., .METRE. ) );
#5122 = FILL_AREA_STYLE ('',( #3266 ) ) ;
#5123 = EDGE_CURVE ( 'NONE', #5307, #2384, #3936, .T. ) ;
#5124 = VERTEX_POINT ( 'NONE', #720 ) ;
#5125 =( LENGTH_UNIT ( ) NAMED_UNIT ( * ) SI_UNIT ( .MILLI., .METRE. ) );
#5126 = SURFACE_SIDE_STYLE ('',( #550 ) ) ;
#5127 = SURFACE_SIDE_STYLE ('',( #5583 ) ) ;
#5128 = PRESENTATION_STYLE_ASSIGNMENT (( #1389 ) ) ;
#5129 = SURFACE_STYLE_USAGE ( .BOTH. , #1483 ) ;
#5130 = ORIENTED_EDGE ( 'NONE', *, *, #973, .F. ) ;
#5131 = EDGE_LOOP ( 'NONE', ( #4647, #1150, #585, #5614 ) ) ;
#5132 =( NAMED_UNIT ( * ) PLANE_ANGLE_UNIT ( ) SI_UNIT ( $, .RADIAN. ) );
#5133 = CARTESIAN_POINT ( 'NONE',  ( 5.956299999999999706, 8.509000000000000341, 0.3936999999999999944 ) ) ;
#5134 = DIRECTION ( 'NONE',  ( 1.000000000000000000, 0.000000000000000000, -0.000000000000000000 ) ) ;
#5135 =( NAMED_UNIT ( * ) PLANE_ANGLE_UNIT ( ) SI_UNIT ( $, .RADIAN. ) );
#5136 = ORIENTED_EDGE ( 'NONE', *, *, #5148, .T. ) ;
#5137 = EDGE_CURVE ( 'NONE', #5854, #5797, #2102, .T. ) ;
#5138 = DIRECTION ( 'NONE',  ( -0.000000000000000000, 0.000000000000000000, -1.000000000000000000 ) ) ;
#5139 =( LENGTH_UNIT ( ) NAMED_UNIT ( * ) SI_UNIT ( .MILLI., .METRE. ) );
#5140 = ORIENTED_EDGE ( 'NONE', *, *, #2810, .T. ) ;
#5141 = MECHANICAL_DESIGN_GEOMETRIC_PRESENTATION_REPRESENTATION (  '', ( #1072 ), #5896 ) ;
#5142 = DIRECTION ( 'NONE',  ( -1.000000000000000000, 0.000000000000000000, 0.000000000000000000 ) ) ;
#5143 = ORIENTED_EDGE ( 'NONE', *, *, #5002, .F. ) ;
#5144 = CARTESIAN_POINT ( 'NONE',  ( 0.8762999999999999678, -8.889999999999998792, 25.39999999999999858 ) ) ;
#5145 = PLANE ( 'NONE',  #3169 ) ;
#5146 = UNCERTAINTY_MEASURE_WITH_UNIT (LENGTH_MEASURE( 1.000000000000000082E-05 ), #477, 'distance_accuracy_value', 'NONE');
#5147 = CARTESIAN_POINT ( 'NONE',  ( -4.203700000000001324, 2.616199999999999637, -0.2032000000000001860 ) ) ;
#5148 = EDGE_CURVE ( 'NONE', #3208, #5297, #1560, .T. ) ;
#5149 = COLOUR_RGB ( '',0.6901960784313725394, 0.6901960784313725394, 0.6901960784313725394 ) ;
#5150 = VERTEX_POINT ( 'NONE', #192 ) ;
#5151 = SURFACE_STYLE_USAGE ( .BOTH. , #3292 ) ;
#5152 = ADVANCED_FACE ( 'NONE', ( #2036 ), #1586, .T. ) ;
#5153 = CARTESIAN_POINT ( 'NONE',  ( 3.957032348418706214, 25.39999999999999858, 3.733799999999996455 ) ) ;
#5154 = DIRECTION ( 'NONE',  ( 0.000000000000000000, 0.000000000000000000, -1.000000000000000000 ) ) ;
#5155 = CARTESIAN_POINT ( 'NONE',  ( -1.663700000000000623, 0.8128000000000000780, -0.2032000000000000195 ) ) ;
#5156 = FILL_AREA_STYLE ('',( #2428 ) ) ;
#5157 = VERTEX_POINT ( 'NONE', #409 ) ;
#5158 = ORIENTED_EDGE ( 'NONE', *, *, #4809, .T. ) ;
#5159 = VECTOR ( 'NONE', #3562, 1000.000000000000000 ) ;
#5160 = FILL_AREA_STYLE_COLOUR ( '', #4016 ) ;
#5161 = CARTESIAN_POINT ( 'NONE',  ( 0.000000000000000000, 0.000000000000000000, -1.206499999999999906 ) ) ;
#5162 = ORIENTED_EDGE ( 'NONE', *, *, #442, .F. ) ;
#5163 = MECHANICAL_DESIGN_GEOMETRIC_PRESENTATION_REPRESENTATION (  '', ( #2277 ), #2670 ) ;
#5164 = PRESENTATION_STYLE_ASSIGNMENT (( #1975 ) ) ;
#5165 = CARTESIAN_POINT ( 'NONE',  ( 6.743700000000000472, 0.000000000000000000, 0.6095999999999994756 ) ) ;
#5166 = CARTESIAN_POINT ( 'NONE',  ( 6.743700000000000472, 0.8128000000000000780, -0.2032000000000003248 ) ) ;
#5167 = ORIENTED_EDGE ( 'NONE', *, *, #4189, .F. ) ;
#5168 = VERTEX_POINT ( 'NONE', #3129 ) ;
#5169 =( GEOMETRIC_REPRESENTATION_CONTEXT ( 3 ) GLOBAL_UNCERTAINTY_ASSIGNED_CONTEXT ( ( #4979 ) ) GLOBAL_UNIT_ASSIGNED_CONTEXT ( ( #422, #3651, #1332 ) ) REPRESENTATION_CONTEXT ( 'NONE', 'WORKASPACE' ) );
#5170 = VECTOR ( 'NONE', #4488, 1000.000000000000000 ) ;
#5171 = VERTEX_POINT ( 'NONE', #1801 ) ;
#5172 =( GEOMETRIC_REPRESENTATION_CONTEXT ( 3 ) GLOBAL_UNCERTAINTY_ASSIGNED_CONTEXT ( ( #2038 ) ) GLOBAL_UNIT_ASSIGNED_CONTEXT ( ( #3270, #4163, #2602 ) ) REPRESENTATION_CONTEXT ( 'NONE', 'WORKASPACE' ) );
#5173 = COLOUR_RGB ( '',0.6901960784313725394, 0.6901960784313725394, 0.6901960784313725394 ) ;
#5174 = CARTESIAN_POINT ( 'NONE',  ( 7.365999999999999659, 8.509000000000000341, 1.206499999999999906 ) ) ;
#5175 = LINE ( 'NONE', #5767, #4022 ) ;
#5176 = VECTOR ( 'NONE', #858, 1000.000000000000114 ) ;
#5177 = EDGE_CURVE ( 'NONE', #3566, #299, #2661, .T. ) ;
#5178 = CARTESIAN_POINT ( 'NONE',  ( 3.416300000000000114, 8.509000000000000341, -0.3936999999999999944 ) ) ;
#5179 = DIRECTION ( 'NONE',  ( 0.000000000000000000, 0.000000000000000000, -1.000000000000000000 ) ) ;
#5180 = ORIENTED_EDGE ( 'NONE', *, *, #4195, .T. ) ;
#5181 = STYLED_ITEM ( 'NONE', ( #4574 ), #5466 ) ;
#5182 = CLOSED_SHELL ( 'NONE', ( #1916, #1825, #5560, #3059, #2619, #4806, #2450, #1839, #467, #3167, #1810, #3877, #3106, #517, #5488, #633, #3714, #2029, #1037, #997, #4925, #5869, #2302, #1869, #1768, #3181, #1891, #2411, #1595, #3284, #4553, #2768, #4331, #4006, #1347, #5772, #5107, #696, #5152, #1221, #148, #967, #2052, #147, #3392, #3677, #5255, #455, #5766, #2491, #3801, #1480, #5466, #484 ) ) ;
#5183 = ORIENTED_EDGE ( 'NONE', *, *, #2149, .T. ) ;
#5184 = EDGE_CURVE ( 'NONE', #987, #825, #5499, .T. ) ;
#5185 = VERTEX_POINT ( 'NONE', #1280 ) ;
#5186 = FACE_OUTER_BOUND ( 'NONE', #3012, .T. ) ;
#5187 = VECTOR ( 'NONE', #5962, 1000.000000000000000 ) ;
#5188 = VECTOR ( 'NONE', #5138, 1000.000000000000000 ) ;
#5189 = UNCERTAINTY_MEASURE_WITH_UNIT (LENGTH_MEASURE( 1.000000000000000082E-05 ), #5548, 'distance_accuracy_value', 'NONE');
#5190 = APPLICATION_PROTOCOL_DEFINITION ( 'draft international standard', 'automotive_design', 1998, #832 ) ;
#5191 = FILL_AREA_STYLE_COLOUR ( '', #2462 ) ;
#5192 = MECHANICAL_DESIGN_GEOMETRIC_PRESENTATION_REPRESENTATION (  '', ( #4326 ), #4235 ) ;
#5193 = LINE ( 'NONE', #1912, #811 ) ;
#5194 = CARTESIAN_POINT ( 'NONE',  ( 6.870700000000000252, 2.616200000000000081, -0.2032000000000000195 ) ) ;
#5195 =( GEOMETRIC_REPRESENTATION_CONTEXT ( 3 ) GLOBAL_UNCERTAINTY_ASSIGNED_CONTEXT ( ( #3980 ) ) GLOBAL_UNIT_ASSIGNED_CONTEXT ( ( #1309, #1397, #5966 ) ) REPRESENTATION_CONTEXT ( 'NONE', 'WORKASPACE' ) );
#5196 = ORIENTED_EDGE ( 'NONE', *, *, #3752, .F. ) ;
#5197 = EDGE_CURVE ( 'NONE', #2576, #1935, #1283, .T. ) ;
#5198 = PLANE ( 'NONE',  #439 ) ;
#5199 = SURFACE_STYLE_FILL_AREA ( #5622 ) ;
#5200 = CARTESIAN_POINT ( 'NONE',  ( 6.202967651581286823, 0.4064000000000000390, 3.733800000000000008 ) ) ;
#5201 = CARTESIAN_POINT ( 'NONE',  ( -1.417032348418710841, 0.4064000000000000390, 3.733800000000000008 ) ) ;
#5202 = DIRECTION ( 'NONE',  ( 0.000000000000000000, 0.000000000000000000, -1.000000000000000000 ) ) ;
#5203 = VERTEX_POINT ( 'NONE', #5820 ) ;
#5204 = SURFACE_STYLE_FILL_AREA ( #1949 ) ;
#5205 = FACE_BOUND ( 'NONE', #3399, .T. ) ;
#5206 =( NAMED_UNIT ( * ) PLANE_ANGLE_UNIT ( ) SI_UNIT ( $, .RADIAN. ) );
#5207 = CARTESIAN_POINT ( 'NONE',  ( -2.793999999999999595, 0.5080000000000000071, 1.206500000000000128 ) ) ;
#5208 = UNCERTAINTY_MEASURE_WITH_UNIT (LENGTH_MEASURE( 1.000000000000000082E-05 ), #5381, 'distance_accuracy_value', 'NONE');
#5209 = ORIENTED_EDGE ( 'NONE', *, *, #1725, .F. ) ;
#5210 = EDGE_CURVE ( 'NONE', #2254, #2334, #384, .T. ) ;
#5211 =( GEOMETRIC_REPRESENTATION_CONTEXT ( 3 ) GLOBAL_UNCERTAINTY_ASSIGNED_CONTEXT ( ( #2722 ) ) GLOBAL_UNIT_ASSIGNED_CONTEXT ( ( #40, #5522, #2819 ) ) REPRESENTATION_CONTEXT ( 'NONE', 'WORKASPACE' ) );
#5212 = LINE ( 'NONE', #1056, #5387 ) ;
#5213 = SURFACE_STYLE_USAGE ( .BOTH. , #1514 ) ;
#5214 = SURFACE_STYLE_USAGE ( .BOTH. , #5127 ) ;
#5215 = SURFACE_STYLE_FILL_AREA ( #1956 ) ;
#5216 =( LENGTH_UNIT ( ) NAMED_UNIT ( * ) SI_UNIT ( .MILLI., .METRE. ) );
#5217 = ORIENTED_EDGE ( 'NONE', *, *, #5197, .F. ) ;
#5218 = CARTESIAN_POINT ( 'NONE',  ( -4.825999999999999623, 0.5080000000000000071, 5.080000000000000071 ) ) ;
#5219 = ORIENTED_EDGE ( 'NONE', *, *, #3768, .F. ) ;
#5220 = DIRECTION ( 'NONE',  ( 1.000000000000000000, 0.000000000000000000, 0.000000000000000000 ) ) ;
#5221 = FILL_AREA_STYLE_COLOUR ( '', #3515 ) ;
#5222 = SURFACE_SIDE_STYLE ('',( #1969 ) ) ;
#5223 = ORIENTED_EDGE ( 'NONE', *, *, #5254, .T. ) ;
#5224 = LINE ( 'NONE', #1496, #1110 ) ;
#5225 = FILL_AREA_STYLE ('',( #3809 ) ) ;
#5226 = EDGE_CURVE ( 'NONE', #2822, #885, #5940, .T. ) ;
#5227 = EDGE_CURVE ( 'NONE', #2458, #5473, #3570, .T. ) ;
#5228 = ORIENTED_EDGE ( 'NONE', *, *, #2433, .F. ) ;
#5229 = DIRECTION ( 'NONE',  ( -0.000000000000000000, -0.000000000000000000, -1.000000000000000000 ) ) ;
#5230 = ORIENTED_EDGE ( 'NONE', *, *, #4636, .T. ) ;
#5231 = CARTESIAN_POINT ( 'NONE',  ( 6.870700000000000252, 0.4064000000000000390, 3.733800000000000008 ) ) ;
#5232 = FILL_AREA_STYLE ('',( #4249 ) ) ;
#5233 =( NAMED_UNIT ( * ) SI_UNIT ( $, .STERADIAN. ) SOLID_ANGLE_UNIT ( ) );
#5234 =( NAMED_UNIT ( * ) SI_UNIT ( $, .STERADIAN. ) SOLID_ANGLE_UNIT ( ) );
#5235 = FILL_AREA_STYLE_COLOUR ( '', #2856 ) ;
#5236 = CARTESIAN_POINT ( 'NONE',  ( -2.794000000000000039, -1.270000000000000018, -1.206500000000000128 ) ) ;
#5237 =( NAMED_UNIT ( * ) SI_UNIT ( $, .STERADIAN. ) SOLID_ANGLE_UNIT ( ) );
#5238 = VERTEX_POINT ( 'NONE', #4475 ) ;
#5239 = DIRECTION ( 'NONE',  ( 0.000000000000000000, 0.000000000000000000, 1.000000000000000000 ) ) ;
#5240 = MECHANICAL_DESIGN_GEOMETRIC_PRESENTATION_REPRESENTATION (  '', ( #1366 ), #2143 ) ;
#5241 = PLANE ( 'NONE',  #2268 ) ;
#5242 = CARTESIAN_POINT ( 'NONE',  ( 6.743700000000000472, 0.5079999999999997851, -0.3937000000000001054 ) ) ;
#5243 = LINE ( 'NONE', #2931, #3535 ) ;
#5244 = STYLED_ITEM ( 'NONE', ( #5313 ), #967 ) ;
#5245 = ORIENTED_EDGE ( 'NONE', *, *, #1365, .T. ) ;
#5246 =( NAMED_UNIT ( * ) PLANE_ANGLE_UNIT ( ) SI_UNIT ( $, .RADIAN. ) );
#5247 = MECHANICAL_DESIGN_GEOMETRIC_PRESENTATION_REPRESENTATION (  '', ( #4300 ), #1762 ) ;
#5248 = LINE ( 'NONE', #2940, #3393 ) ;
#5249 = PLANE ( 'NONE',  #4100 ) ;
#5250 = EDGE_CURVE ( 'NONE', #5094, #5379, #2162, .T. ) ;
#5251 =( NAMED_UNIT ( * ) SI_UNIT ( $, .STERADIAN. ) SOLID_ANGLE_UNIT ( ) );
#5252 = ORIENTED_EDGE ( 'NONE', *, *, #3179, .T. ) ;
#5253 = LINE ( 'NONE', #3463, #1984 ) ;
#5254 = EDGE_CURVE ( 'NONE', #3511, #5203, #5860, .T. ) ;
#5255 = ADVANCED_FACE ( 'NONE', ( #4955 ), #2211, .T. ) ;
#5256 = DIRECTION ( 'NONE',  ( -1.000000000000000000, -0.000000000000000000, 0.000000000000000000 ) ) ;
#5257 = SURFACE_STYLE_FILL_AREA ( #2514 ) ;
#5258 = COLOUR_RGB ( '',0.6901960784313725394, 0.6901960784313725394, 0.6901960784313725394 ) ;
#5259 = LINE ( 'NONE', #653, #1979 ) ;
#5260 = UNCERTAINTY_MEASURE_WITH_UNIT (LENGTH_MEASURE( 1.000000000000000082E-05 ), #3451, 'distance_accuracy_value', 'NONE');
#5261 = EDGE_CURVE ( 'NONE', #808, #736, #2348, .T. ) ;
#5262 =( GEOMETRIC_REPRESENTATION_CONTEXT ( 3 ) GLOBAL_UNCERTAINTY_ASSIGNED_CONTEXT ( ( #2833 ) ) GLOBAL_UNIT_ASSIGNED_CONTEXT ( ( #4529, #4496, #3561 ) ) REPRESENTATION_CONTEXT ( 'NONE', 'WORKASPACE' ) );
#5263 = CARTESIAN_POINT ( 'NONE',  ( 0.000000000000000000, 8.509000000000000341, -0.3936999999999999944 ) ) ;
#5264 = CARTESIAN_POINT ( 'NONE',  ( 6.870700000000000252, 0.8128000000000000780, 0.6095999999999999197 ) ) ;
#5265 = PRESENTATION_STYLE_ASSIGNMENT (( #3882 ) ) ;
#5266 = APPLICATION_CONTEXT ( 'automotive_design' ) ;
#5267 = VERTEX_POINT ( 'NONE', #4209 ) ;
#5268 = VECTOR ( 'NONE', #3641, 1000.000000000000000 ) ;
#5269 = PRESENTATION_LAYER_ASSIGNMENT (  '', '', ( #1593 ) ) ;
#5270 = DIRECTION ( 'NONE',  ( 0.000000000000000000, 0.000000000000000000, 1.000000000000000000 ) ) ;
#5271 = DIRECTION ( 'NONE',  ( 0.000000000000000000, -0.000000000000000000, 1.000000000000000000 ) ) ;
#5272 = AXIS2_PLACEMENT_3D ( 'NONE', #3489, #209, #5339 ) ;
#5273 = DIRECTION ( 'NONE',  ( 0.000000000000000000, -0.000000000000000000, -1.000000000000000000 ) ) ;
#5274 = VECTOR ( 'NONE', #226, 1000.000000000000000 ) ;
#5275 = MECHANICAL_DESIGN_GEOMETRIC_PRESENTATION_REPRESENTATION (  '', ( #4135 ), #1993 ) ;
#5276 = ORIENTED_EDGE ( 'NONE', *, *, #5007, .T. ) ;
#5277 = VECTOR ( 'NONE', #2380, 1000.000000000000000 ) ;
#5278 = CARTESIAN_POINT ( 'NONE',  ( 7.873999999999998778, 0.000000000000000000, -1.206499999999999906 ) ) ;
#5279 = EDGE_CURVE ( 'NONE', #5307, #3592, #1822, .T. ) ;
#5280 = AXIS2_PLACEMENT_3D ( 'NONE', #373, #4076, #5898 ) ;
#5281 = VECTOR ( 'NONE', #3513, 1000.000000000000000 ) ;
#5282 = CARTESIAN_POINT ( 'NONE',  ( 2.793999999999999595, 0.5079999999999998961, -1.206500000000000128 ) ) ;
#5283 = LINE ( 'NONE', #2472, #2383 ) ;
#5284 = AXIS2_PLACEMENT_3D ( 'NONE', #4130, #1203, #4458 ) ;
#5285 = PLANE ( 'NONE',  #4303 ) ;
#5286 = CARTESIAN_POINT ( 'NONE',  ( -5.956299999999999706, 0.8128000000000000780, 0.6095999999999999197 ) ) ;
#5287 = STYLED_ITEM ( 'NONE', ( #2600 ), #5603 ) ;
#5288 = VECTOR ( 'NONE', #2782, 1000.000000000000000 ) ;
#5289 = CARTESIAN_POINT ( 'NONE',  ( -1.663700000000000623, 0.000000000000000000, 3.306559094877499216 ) ) ;
#5290 = ORIENTED_EDGE ( 'NONE', *, *, #183, .T. ) ;
#5291 = EDGE_CURVE ( 'NONE', #1714, #4383, #963, .T. ) ;
#5292 = FILL_AREA_STYLE_COLOUR ( '', #2335 ) ;
#5293 = FACE_OUTER_BOUND ( 'NONE', #2764, .T. ) ;
#5294 = SURFACE_SIDE_STYLE ('',( #3405 ) ) ;
#5295 = DIRECTION ( 'NONE',  ( 5.335640612625509322E-17, -1.000000000000000000, 0.000000000000000000 ) ) ;
#5296 = ORIENTED_EDGE ( 'NONE', *, *, #5123, .F. ) ;
#5297 = VERTEX_POINT ( 'NONE', #1048 ) ;
#5298 = ORIENTED_EDGE ( 'NONE', *, *, #2596, .T. ) ;
#5299 = LINE ( 'NONE', #1168, #3914 ) ;
#5300 = CARTESIAN_POINT ( 'NONE',  ( 7.365999999999999659, 0.5080000000000000071, -0.3937000000000002720 ) ) ;
#5301 = EDGE_CURVE ( 'NONE', #5733, #304, #2326, .T. ) ;
#5302 = ORIENTED_EDGE ( 'NONE', *, *, #5301, .F. ) ;
#5303 = ORIENTED_EDGE ( 'NONE', *, *, #3261, .F. ) ;
#5304 = PLANE ( 'NONE',  #248 ) ;
#5305 = LINE ( 'NONE', #2524, #3831 ) ;
#5306 = FILL_AREA_STYLE ('',( #5808 ) ) ;
#5307 = VERTEX_POINT ( 'NONE', #5651 ) ;
#5308 = COLOUR_RGB ( '',1.000000000000000000, 1.000000000000000000, 0.000000000000000000 ) ;
#5309 = DIRECTION ( 'NONE',  ( 1.000000000000000000, 0.000000000000000000, -0.000000000000000000 ) ) ;
#5310 = DIRECTION ( 'NONE',  ( 0.000000000000000000, 1.000000000000000000, 0.000000000000000000 ) ) ;
#5311 = DIRECTION ( 'NONE',  ( 1.000000000000000000, 0.000000000000000000, -0.000000000000000000 ) ) ;
#5312 = CARTESIAN_POINT ( 'NONE',  ( 4.825999999999999623, 0.5080000000000000071, 1.206500000000000128 ) ) ;
#5313 = PRESENTATION_STYLE_ASSIGNMENT (( #344 ) ) ;
#5314 = DIRECTION ( 'NONE',  ( 0.000000000000000000, -1.000000000000000000, -0.000000000000000000 ) ) ;
#5315 = EDGE_CURVE ( 'NONE', #4298, #1819, #1494, .T. ) ;
#5316 = CARTESIAN_POINT ( 'NONE',  ( -3.957032348418713319, 0.4064000000000000390, 3.733800000000000008 ) ) ;
#5317 = CARTESIAN_POINT ( 'NONE',  ( 5.956299999999999706, 2.616199999999999193, 25.39999999999999858 ) ) ;
#5318 = LINE ( 'NONE', #4931, #4500 ) ;
#5319 =( LENGTH_UNIT ( ) NAMED_UNIT ( * ) SI_UNIT ( .MILLI., .METRE. ) );
#5320 =( LENGTH_UNIT ( ) NAMED_UNIT ( * ) SI_UNIT ( .MILLI., .METRE. ) );
#5321 = UNCERTAINTY_MEASURE_WITH_UNIT (LENGTH_MEASURE( 1.000000000000000082E-05 ), #2028, 'distance_accuracy_value', 'NONE');
#5322 = ORIENTED_EDGE ( 'NONE', *, *, #2677, .F. ) ;
#5323 = VERTEX_POINT ( 'NONE', #1943 ) ;
#5324 = ORIENTED_EDGE ( 'NONE', *, *, #1286, .T. ) ;
#5325 = PRESENTATION_STYLE_ASSIGNMENT (( #3475 ) ) ;
#5326 = FILL_AREA_STYLE_COLOUR ( '', #1783 ) ;
#5327 = DIRECTION ( 'NONE',  ( -0.000000000000000000, -1.000000000000000000, -0.000000000000000000 ) ) ;
#5328 = DIRECTION ( 'NONE',  ( -0.000000000000000000, -1.000000000000000000, -0.000000000000000000 ) ) ;
#5329 = EDGE_CURVE ( 'NONE', #688, #704, #2890, .T. ) ;
#5330 = EDGE_LOOP ( 'NONE', ( #1736, #4392, #5538, #364 ) ) ;
#5331 = LINE ( 'NONE', #826, #750 ) ;
#5332 = EDGE_CURVE ( 'NONE', #5238, #2978, #989, .T. ) ;
#5333 = EDGE_CURVE ( 'NONE', #2604, #3688, #1371, .T. ) ;
#5334 =( NAMED_UNIT ( * ) PLANE_ANGLE_UNIT ( ) SI_UNIT ( $, .RADIAN. ) );
#5335 = FILL_AREA_STYLE_COLOUR ( '', #2559 ) ;
#5336 = AXIS2_PLACEMENT_3D ( 'NONE', #3384, #4221, #1928 ) ;
#5337 = EDGE_LOOP ( 'NONE', ( #3379, #4077, #2932, #966 ) ) ;
#5338 = AXIS2_PLACEMENT_3D ( 'NONE', #4463, #2589, #2148 ) ;
#5339 = DIRECTION ( 'NONE',  ( 0.000000000000000000, 0.000000000000000000, -1.000000000000000000 ) ) ;
#5340 = DIRECTION ( 'NONE',  ( 0.000000000000000000, 0.000000000000000000, -1.000000000000000000 ) ) ;
#5341 = DIRECTION ( 'NONE',  ( 1.000000000000000000, -0.000000000000000000, -0.000000000000000000 ) ) ;
#5342 = CARTESIAN_POINT ( 'NONE',  ( -0.8762999999999999678, 8.509000000000000341, -0.3936999999999999944 ) ) ;
#5343 = DIRECTION ( 'NONE',  ( 0.000000000000000000, 1.000000000000000000, 0.000000000000000000 ) ) ;
#5344 = SURFACE_STYLE_USAGE ( .BOTH. , #1638 ) ;
#5345 = AXIS2_PLACEMENT_3D ( 'NONE', #4510, #3140, #2707 ) ;
#5346 = SURFACE_STYLE_USAGE ( .BOTH. , #283 ) ;
#5347 = ORIENTED_EDGE ( 'NONE', *, *, #340, .F. ) ;
#5348 = CARTESIAN_POINT ( 'NONE',  ( 0.2540000000000000036, 0.000000000000000000, 5.080000000000000071 ) ) ;
#5349 = SURFACE_STYLE_USAGE ( .BOTH. , #5859 ) ;
#5350 = FILL_AREA_STYLE ('',( #3381 ) ) ;
#5351 = DIRECTION ( 'NONE',  ( -0.000000000000000000, -1.000000000000000000, -0.000000000000000000 ) ) ;
#5352 = SURFACE_STYLE_FILL_AREA ( #4064 ) ;
#5353 = VERTEX_POINT ( 'NONE', #1854 ) ;
#5354 =( GEOMETRIC_REPRESENTATION_CONTEXT ( 3 ) GLOBAL_UNCERTAINTY_ASSIGNED_CONTEXT ( ( #402 ) ) GLOBAL_UNIT_ASSIGNED_CONTEXT ( ( #5612, #3764, #5237 ) ) REPRESENTATION_CONTEXT ( 'NONE', 'WORKASPACE' ) );
#5355 = ORIENTED_EDGE ( 'NONE', *, *, #2149, .F. ) ;
#5356 = FACE_OUTER_BOUND ( 'NONE', #3112, .T. ) ;
#5357 = VECTOR ( 'NONE', #4117, 1000.000000000000114 ) ;
#5358 = SURFACE_STYLE_FILL_AREA ( #3508 ) ;
#5359 = SURFACE_STYLE_FILL_AREA ( #629 ) ;
#5360 = LINE ( 'NONE', #4911, #3327 ) ;
#5361 = DIRECTION ( 'NONE',  ( -1.000000000000000000, -0.000000000000000000, 0.000000000000000000 ) ) ;
#5362 = ORIENTED_EDGE ( 'NONE', *, *, #971, .F. ) ;
#5363 = STYLED_ITEM ( 'NONE', ( #5590 ), #2411 ) ;
#5364 = ORIENTED_EDGE ( 'NONE', *, *, #3365, .T. ) ;
#5365 =( NAMED_UNIT ( * ) SI_UNIT ( $, .STERADIAN. ) SOLID_ANGLE_UNIT ( ) );
#5366 = UNCERTAINTY_MEASURE_WITH_UNIT (LENGTH_MEASURE( 1.000000000000000082E-05 ), #2663, 'distance_accuracy_value', 'NONE');
#5367 = DIRECTION ( 'NONE',  ( -1.000000000000000000, -0.000000000000000000, 0.000000000000000000 ) ) ;
#5368 = COLOUR_RGB ( '',1.000000000000000000, 1.000000000000000000, 0.000000000000000000 ) ;
#5369 = DIRECTION ( 'NONE',  ( 1.000000000000000000, 0.000000000000000000, -0.000000000000000000 ) ) ;
#5370 = FILL_AREA_STYLE ('',( #4367 ) ) ;
#5371 = AXIS2_PLACEMENT_3D ( 'NONE', #977, #3784, #4643 ) ;
#5372 = AXIS2_PLACEMENT_3D ( 'NONE', #3197, #5507, #3582 ) ;
#5373 = VERTEX_POINT ( 'NONE', #3719 ) ;
#5374 = VECTOR ( 'NONE', #2561, 1000.000000000000000 ) ;
#5375 = STYLED_ITEM ( 'NONE', ( #2274 ), #2066 ) ;
#5376 =( GEOMETRIC_REPRESENTATION_CONTEXT ( 3 ) GLOBAL_UNCERTAINTY_ASSIGNED_CONTEXT ( ( #1509 ) ) GLOBAL_UNIT_ASSIGNED_CONTEXT ( ( #2566, #288, #3603 ) ) REPRESENTATION_CONTEXT ( 'NONE', 'WORKASPACE' ) );
#5377 = ADVANCED_FACE ( 'NONE', ( #4178 ), #20, .F. ) ;
#5378 = PRESENTATION_LAYER_ASSIGNMENT (  '', '', ( #5181 ) ) ;
#5379 = VERTEX_POINT ( 'NONE', #3922 ) ;
#5380 = LINE ( 'NONE', #5348, #4702 ) ;
#5381 =( LENGTH_UNIT ( ) NAMED_UNIT ( * ) SI_UNIT ( .MILLI., .METRE. ) );
#5382 = CARTESIAN_POINT ( 'NONE',  ( 3.416300000000000114, 8.509000000000000341, 0.3936999999999999944 ) ) ;
#5383 =( NAMED_UNIT ( * ) PLANE_ANGLE_UNIT ( ) SI_UNIT ( $, .RADIAN. ) );
#5384 = FILL_AREA_STYLE ('',( #3044 ) ) ;
#5385 =( NAMED_UNIT ( * ) SI_UNIT ( $, .STERADIAN. ) SOLID_ANGLE_UNIT ( ) );
#5386 = MECHANICAL_DESIGN_GEOMETRIC_PRESENTATION_REPRESENTATION (  '', ( #2959 ), #2389 ) ;
#5387 = VECTOR ( 'NONE', #1996, 1000.000000000000000 ) ;
#5388 = PRESENTATION_STYLE_ASSIGNMENT (( #4933 ) ) ;
#5389 = ORIENTED_EDGE ( 'NONE', *, *, #4887, .F. ) ;
#5390 = ORIENTED_EDGE ( 'NONE', *, *, #486, .F. ) ;
#5391 =( GEOMETRIC_REPRESENTATION_CONTEXT ( 3 ) GLOBAL_UNCERTAINTY_ASSIGNED_CONTEXT ( ( #3794 ) ) GLOBAL_UNIT_ASSIGNED_CONTEXT ( ( #341, #2695, #3593 ) ) REPRESENTATION_CONTEXT ( 'NONE', 'WORKASPACE' ) );
#5392 = APPLICATION_CONTEXT ( 'automotive_design' ) ;
#5393 = SURFACE_STYLE_USAGE ( .BOTH. , #4455 ) ;
#5394 = LINE ( 'NONE', #3082, #4603 ) ;
#5395 = DIRECTION ( 'NONE',  ( 0.000000000000000000, 1.000000000000000000, 0.000000000000000000 ) ) ;
#5396 = ORIENTED_EDGE ( 'NONE', *, *, #5874, .T. ) ;
#5397 = EDGE_CURVE ( 'NONE', #4499, #508, #4295, .T. ) ;
#5398 = ORIENTED_EDGE ( 'NONE', *, *, #4197, .T. ) ;
#5399 = FILL_AREA_STYLE ('',( #5832 ) ) ;
#5400 = SURFACE_SIDE_STYLE ('',( #2190 ) ) ;
#5401 = PRESENTATION_LAYER_ASSIGNMENT (  '', '', ( #2010 ) ) ;
#5402 = ORIENTED_EDGE ( 'NONE', *, *, #14, .F. ) ;
#5403 = LINE ( 'NONE', #2552, #2202 ) ;
#5404 = CARTESIAN_POINT ( 'NONE',  ( -2.286000000000000032, 0.5079999999999998961, 5.080000000000000071 ) ) ;
#5405 = ORIENTED_EDGE ( 'NONE', *, *, #3075, .F. ) ;
#5406 = FILL_AREA_STYLE ('',( #3567 ) ) ;
#5407 = FILL_AREA_STYLE ('',( #4473 ) ) ;
#5408 = EDGE_CURVE ( 'NONE', #2822, #5118, #3423, .T. ) ;
#5409 = DIRECTION ( 'NONE',  ( 0.000000000000000000, -1.000000000000000000, -0.000000000000000000 ) ) ;
#5410 = EDGE_CURVE ( 'NONE', #25, #4679, #5283, .T. ) ;
#5411 = DIRECTION ( 'NONE',  ( 0.000000000000000000, -0.000000000000000000, -1.000000000000000000 ) ) ;
#5412 = LINE ( 'NONE', #5796, #540 ) ;
#5413 = ORIENTED_EDGE ( 'NONE', *, *, #171, .F. ) ;
#5414 = ORIENTED_EDGE ( 'NONE', *, *, #4414, .T. ) ;
#5415 = ORIENTED_EDGE ( 'NONE', *, *, #4936, .T. ) ;
#5416 = CARTESIAN_POINT ( 'NONE',  ( -2.793999999999999595, 8.509000000000000341, 1.206499999999999906 ) ) ;
#5417 = DIRECTION ( 'NONE',  ( 0.4999999999999878431, 0.000000000000000000, -0.8660254037844457020 ) ) ;
#5418 = LINE ( 'NONE', #5953, #2674 ) ;
#5419 = CARTESIAN_POINT ( 'NONE',  ( 1.663699999999999735, 0.8128000000000000780, 0.6095999999999999197 ) ) ;
#5420 = ORIENTED_EDGE ( 'NONE', *, *, #486, .T. ) ;
#5421 = ORIENTED_EDGE ( 'NONE', *, *, #1612, .T. ) ;
#5422 = CARTESIAN_POINT ( 'NONE',  ( 6.870700000000000252, 2.743199999999999861, 0.2032000000000000195 ) ) ;
#5423 = SURFACE_STYLE_FILL_AREA ( #5892 ) ;
#5424 = CARTESIAN_POINT ( 'NONE',  ( -5.956299999999999706, 25.39999999999999858, 3.306559094877499216 ) ) ;
#5425 = CARTESIAN_POINT ( 'NONE',  ( 2.794000000000000039, 0.5080000000000000071, -1.206500000000000128 ) ) ;
#5426 = ORIENTED_EDGE ( 'NONE', *, *, #3474, .F. ) ;
#5427 = DIRECTION ( 'NONE',  ( -1.000000000000000000, 0.000000000000000000, 0.000000000000000000 ) ) ;
#5428 = SURFACE_SIDE_STYLE ('',( #3092 ) ) ;
#5429 = DIRECTION ( 'NONE',  ( 0.000000000000000000, -0.000000000000000000, 1.000000000000000000 ) ) ;
#5430 = CARTESIAN_POINT ( 'NONE',  ( -7.873999999999998778, 8.509000000000000341, 1.206499999999999906 ) ) ;
#5431 = PRESENTATION_LAYER_ASSIGNMENT (  '', '', ( #2341 ) ) ;
#5432 = VERTEX_POINT ( 'NONE', #4327 ) ;
#5433 = FILL_AREA_STYLE_COLOUR ( '', #1507 ) ;
#5434 = CARTESIAN_POINT ( 'NONE',  ( 6.870700000000000252, 2.616200000000000081, 0.6095999999999999197 ) ) ;
#5435 = DIRECTION ( 'NONE',  ( -1.000000000000000000, 0.000000000000000000, 0.000000000000000000 ) ) ;
#5436 = ADVANCED_FACE ( 'NONE', ( #2437 ), #2553, .F. ) ;
#5437 = AXIS2_PLACEMENT_3D ( 'NONE', #416, #4570, #794 ) ;
#5438 = SURFACE_STYLE_FILL_AREA ( #261 ) ;
#5439 = ORIENTED_EDGE ( 'NONE', *, *, #4272, .T. ) ;
#5440 = EDGE_CURVE ( 'NONE', #216, #5719, #4018, .T. ) ;
#5441 = ORIENTED_EDGE ( 'NONE', *, *, #2902, .F. ) ;
#5442 = VECTOR ( 'NONE', #923, 1000.000000000000000 ) ;
#5443 = SURFACE_SIDE_STYLE ('',( #3691 ) ) ;
#5444 = VECTOR ( 'NONE', #865, 1000.000000000000000 ) ;
#5445 = DIRECTION ( 'NONE',  ( 0.000000000000000000, 1.000000000000000000, -0.000000000000000000 ) ) ;
#5446 = DIRECTION ( 'NONE',  ( -0.000000000000000000, -0.000000000000000000, 1.000000000000000000 ) ) ;
#5447 = ORIENTED_EDGE ( 'NONE', *, *, #2977, .F. ) ;
#5448 = DIRECTION ( 'NONE',  ( 1.000000000000000000, 0.000000000000000000, 0.000000000000000000 ) ) ;
#5449 = CARTESIAN_POINT ( 'NONE',  ( -5.956299999999999706, 0.8128000000000000780, -0.2032000000000003248 ) ) ;
#5450 = FILL_AREA_STYLE ('',( #3614 ) ) ;
#5451 = PLANE ( 'NONE',  #2493 ) ;
#5452 = CARTESIAN_POINT ( 'NONE',  ( -3.416300000000000114, 8.509000000000000341, 0.3936999999999999944 ) ) ;
#5453 = SURFACE_SIDE_STYLE ('',( #4613 ) ) ;
#5454 = COLOUR_RGB ( '',1.000000000000000000, 1.000000000000000000, 0.000000000000000000 ) ;
#5455 = FILL_AREA_STYLE ('',( #1731 ) ) ;
#5456 = PLANE ( 'NONE',  #2769 ) ;
#5457 = AXIS2_PLACEMENT_3D ( 'NONE', #1793, #3622, #308 ) ;
#5458 = DIRECTION ( 'NONE',  ( 0.000000000000000000, 0.000000000000000000, 1.000000000000000000 ) ) ;
#5459 = FILL_AREA_STYLE_COLOUR ( '', #468 ) ;
#5460 = FILL_AREA_STYLE_COLOUR ( '', #2824 ) ;
#5461 = AXIS2_PLACEMENT_3D ( 'NONE', #1033, #1999, #5154 ) ;
#5462 = SURFACE_STYLE_USAGE ( .BOTH. , #4239 ) ;
#5463 = VECTOR ( 'NONE', #3881, 1000.000000000000000 ) ;
#5464 = STYLED_ITEM ( 'NONE', ( #4305 ), #3715 ) ;
#5465 = ORIENTED_EDGE ( 'NONE', *, *, #3443, .F. ) ;
#5466 = ADVANCED_FACE ( 'NONE', ( #3355 ), #1299, .T. ) ;
#5467 = DIRECTION ( 'NONE',  ( -1.000000000000000000, 0.000000000000000000, 0.000000000000000000 ) ) ;
#5468 = VECTOR ( 'NONE', #2806, 1000.000000000000000 ) ;
#5469 = DIRECTION ( 'NONE',  ( 0.000000000000000000, 0.000000000000000000, 1.000000000000000000 ) ) ;
#5470 = CIRCLE ( 'NONE', #3237, 0.4064000000000000390 ) ;
#5471 = CARTESIAN_POINT ( 'NONE',  ( 6.870700000000000252, 0.8128000000000000780, -0.2032000000000000195 ) ) ;
#5472 = COLOUR_RGB ( '',0.6901960784313725394, 0.6901960784313725394, 0.6901960784313725394 ) ;
#5473 = VERTEX_POINT ( 'NONE', #4972 ) ;
#5474 = COLOUR_RGB ( '',1.000000000000000000, 1.000000000000000000, 0.000000000000000000 ) ;
#5475 = STYLED_ITEM ( 'NONE', ( #5918 ), #1983 ) ;
#5476 = ORIENTED_EDGE ( 'NONE', *, *, #903, .F. ) ;
#5477 = COLOUR_RGB ( '',1.000000000000000000, 1.000000000000000000, 0.000000000000000000 ) ;
#5478 = COLOUR_RGB ( '',0.6901960784313725394, 0.6901960784313725394, 0.6901960784313725394 ) ;
#5479 = DIRECTION ( 'NONE',  ( 0.000000000000000000, 0.000000000000000000, -1.000000000000000000 ) ) ;
#5480 = CARTESIAN_POINT ( 'NONE',  ( 6.870700000000000252, 0.000000000000000000, 0.6095999999999998087 ) ) ;
#5481 = PRESENTATION_STYLE_ASSIGNMENT (( #822 ) ) ;
#5482 = LINE ( 'NONE', #5954, #5580 ) ;
#5483 = STYLED_ITEM ( 'NONE', ( #4055 ), #5869 ) ;
#5484 = ORIENTED_EDGE ( 'NONE', *, *, #791, .T. ) ;
#5485 = SURFACE_STYLE_USAGE ( .BOTH. , #3757 ) ;
#5486 = ADVANCED_BREP_SHAPE_REPRESENTATION ( '', ( #233, #4142 ), #5195 ) ;
#5487 = FILL_AREA_STYLE ('',( #4051 ) ) ;
#5488 = ADVANCED_FACE ( 'NONE', ( #951 ), #2786, .T. ) ;
#5489 = CARTESIAN_POINT ( 'NONE',  ( 4.203700000000000436, 0.5079999999999997851, 0.3936999999999999944 ) ) ;
#5490 = DIRECTION ( 'NONE',  ( 1.000000000000000000, 0.000000000000000000, 0.000000000000000000 ) ) ;
#5491 = LINE ( 'NONE', #1879, #2014 ) ;
#5492 = FILL_AREA_STYLE_COLOUR ( '', #528 ) ;
#5493 =( NAMED_UNIT ( * ) PLANE_ANGLE_UNIT ( ) SI_UNIT ( $, .RADIAN. ) );
#5494 = PRESENTATION_LAYER_ASSIGNMENT (  '', '', ( #3957 ) ) ;
#5495 = PRESENTATION_LAYER_ASSIGNMENT (  '', '', ( #2310 ) ) ;
#5496 = CARTESIAN_POINT ( 'NONE',  ( 6.870700000000000252, 0.000000000000000000, 3.733800000000000008 ) ) ;
#5497 = ORIENTED_EDGE ( 'NONE', *, *, #773, .F. ) ;
#5498 = CARTESIAN_POINT ( 'NONE',  ( 5.333999999999999631, 0.5080000000000000071, 1.206500000000000128 ) ) ;
#5499 = LINE ( 'NONE', #4930, #35 ) ;
#5500 = ADVANCED_FACE ( 'NONE', ( #2923 ), #3385, .T. ) ;
#5501 = ORIENTED_EDGE ( 'NONE', *, *, #2784, .T. ) ;
#5502 = LINE ( 'NONE', #4566, #1204 ) ;
#5503 = EDGE_LOOP ( 'NONE', ( #5497, #5016, #5303, #4251 ) ) ;
#5504 = PLANE ( 'NONE',  #1596 ) ;
#5505 = DIRECTION ( 'NONE',  ( 0.000000000000000000, -1.000000000000000000, 0.000000000000000000 ) ) ;
#5506 = LINE ( 'NONE', #5416, #203 ) ;
#5507 = DIRECTION ( 'NONE',  ( 0.000000000000000000, 0.000000000000000000, -1.000000000000000000 ) ) ;
#5508 = SURFACE_STYLE_FILL_AREA ( #1350 ) ;
#5509 = EDGE_LOOP ( 'NONE', ( #4421, #4008, #3018, #4410 ) ) ;
#5510 = LINE ( 'NONE', #2733, #1438 ) ;
#5511 = SURFACE_STYLE_USAGE ( .BOTH. , #5126 ) ;
#5512 = SURFACE_STYLE_USAGE ( .BOTH. , #93 ) ;
#5513 = CARTESIAN_POINT ( 'NONE',  ( -6.489700000000000024, 25.39999999999999858, 3.746499999999999719 ) ) ;
#5514 = EDGE_CURVE ( 'NONE', #1433, #2449, #112, .T. ) ;
#5515 = MECHANICAL_DESIGN_GEOMETRIC_PRESENTATION_REPRESENTATION (  '', ( #3682 ), #4550 ) ;
#5516 = DIRECTION ( 'NONE',  ( -1.000000000000000000, 0.000000000000000000, 0.000000000000000000 ) ) ;
#5517 = SURFACE_STYLE_FILL_AREA ( #5455 ) ;
#5518 = PLANE ( 'NONE',  #5280 ) ;
#5519 = EDGE_CURVE ( 'NONE', #78, #4536, #4751, .T. ) ;
#5520 = ORIENTED_EDGE ( 'NONE', *, *, #367, .T. ) ;
#5521 = PRODUCT_RELATED_PRODUCT_CATEGORY ( 'part', '', ( #3555 ) ) ;
#5522 =( NAMED_UNIT ( * ) PLANE_ANGLE_UNIT ( ) SI_UNIT ( $, .RADIAN. ) );
#5523 = LINE ( 'NONE', #497, #4361 ) ;
#5524 = COLOUR_RGB ( '',1.000000000000000000, 1.000000000000000000, 0.000000000000000000 ) ;
#5525 = ORIENTED_EDGE ( 'NONE', *, *, #5597, .T. ) ;
#5526 = MECHANICAL_DESIGN_GEOMETRIC_PRESENTATION_REPRESENTATION (  '', ( #2814 ), #2817 ) ;
#5527 = DIRECTION ( 'NONE',  ( -0.000000000000000000, -0.000000000000000000, 1.000000000000000000 ) ) ;
#5528 = DIRECTION ( 'NONE',  ( -1.000000000000000000, 0.000000000000000000, 0.000000000000000000 ) ) ;
#5529 = COLOUR_RGB ( '',1.000000000000000000, 1.000000000000000000, 0.000000000000000000 ) ;
#5530 = LINE ( 'NONE', #3100, #3319 ) ;
#5531 = ORIENTED_EDGE ( 'NONE', *, *, #3035, .F. ) ;
#5532 = ORIENTED_EDGE ( 'NONE', *, *, #3634, .F. ) ;
#5533 = MECHANICAL_DESIGN_GEOMETRIC_PRESENTATION_REPRESENTATION (  '', ( #305 ), #5713 ) ;
#5534 = CARTESIAN_POINT ( 'NONE',  ( -0.2539999999999988378, 0.000000000000000000, -1.206500000000000128 ) ) ;
#5535 = CARTESIAN_POINT ( 'NONE',  ( 1.663699999999999957, 2.616200000000000081, 0.2032000000000006024 ) ) ;
#5536 = VERTEX_POINT ( 'NONE', #138 ) ;
#5537 = VECTOR ( 'NONE', #5111, 1000.000000000000000 ) ;
#5538 = ORIENTED_EDGE ( 'NONE', *, *, #1142, .F. ) ;
#5539 = EDGE_CURVE ( 'NONE', #5473, #694, #191, .T. ) ;
#5540 = MECHANICAL_DESIGN_GEOMETRIC_PRESENTATION_REPRESENTATION (  '', ( #909 ), #3713 ) ;
#5541 = SURFACE_SIDE_STYLE ('',( #4254 ) ) ;
#5542 = SURFACE_STYLE_FILL_AREA ( #8 ) ;
#5543 = SURFACE_STYLE_FILL_AREA ( #4700 ) ;
#5544 = CARTESIAN_POINT ( 'NONE',  ( 3.670299999999999674, 25.39999999999999858, 3.746499999999999719 ) ) ;
#5545 = FILL_AREA_STYLE_COLOUR ( '', #4040 ) ;
#5546 = ORIENTED_EDGE ( 'NONE', *, *, #1177, .T. ) ;
#5547 = EDGE_CURVE ( 'NONE', #2731, #2436, #444, .T. ) ;
#5548 =( LENGTH_UNIT ( ) NAMED_UNIT ( * ) SI_UNIT ( .MILLI., .METRE. ) );
#5549 = VECTOR ( 'NONE', #4880, 1000.000000000000000 ) ;
#5550 = CARTESIAN_POINT ( 'NONE',  ( 4.203700000000000436, 0.000000000000000000, 25.39999999999999858 ) ) ;
#5551 =( NAMED_UNIT ( * ) SI_UNIT ( $, .STERADIAN. ) SOLID_ANGLE_UNIT ( ) );
#5552 =( NAMED_UNIT ( * ) SI_UNIT ( $, .STERADIAN. ) SOLID_ANGLE_UNIT ( ) );
#5553 = ORIENTED_EDGE ( 'NONE', *, *, #588, .F. ) ;
#5554 = MECHANICAL_DESIGN_GEOMETRIC_PRESENTATION_REPRESENTATION (  '', ( #2165 ), #5734 ) ;
#5555 = STYLED_ITEM ( 'NONE', ( #5904 ), #3926 ) ;
#5556 = PLANE ( 'NONE',  #5950 ) ;
#5557 = FILL_AREA_STYLE_COLOUR ( '', #1307 ) ;
#5558 = FILL_AREA_STYLE_COLOUR ( '', #3928 ) ;
#5559 = COLOUR_RGB ( '',0.6901960784313725394, 0.6901960784313725394, 0.6901960784313725394 ) ;
#5560 = ADVANCED_FACE ( 'NONE', ( #812, #4861 ), #5881, .T. ) ;
#5561 = VECTOR ( 'NONE', #3780, 1000.000000000000000 ) ;
#5562 = VERTEX_POINT ( 'NONE', #849 ) ;
#5563 = LINE ( 'NONE', #3689, #4107 ) ;
#5564 = MECHANICAL_DESIGN_GEOMETRIC_PRESENTATION_REPRESENTATION (  '', ( #2178 ), #4885 ) ;
#5565 = ORIENTED_EDGE ( 'NONE', *, *, #2237, .F. ) ;
#5566 = COLOUR_RGB ( '',1.000000000000000000, 1.000000000000000000, 0.000000000000000000 ) ;
#5567 = VECTOR ( 'NONE', #5417, 1000.000000000000114 ) ;
#5568 = FILL_AREA_STYLE_COLOUR ( '', #3433 ) ;
#5569 = MECHANICAL_DESIGN_GEOMETRIC_PRESENTATION_REPRESENTATION (  '', ( #2763 ), #2574 ) ;
#5570 = CLOSED_SHELL ( 'NONE', ( #4131, #2409, #3104, #4528, #5603, #2192, #4472, #5728, #5500, #44, #592, #565, #3715, #3239, #1639, #2307, #1087, #2538, #4763, #4277, #3926, #4523, #2201, #4968, #1843, #3202, #296, #5711, #5117, #1336, #298, #2517, #2548, #208, #3, #1242, #2066, #89, #593, #3817, #1363, #4556, #5436, #4433, #3976, #2366, #1705, #114, #4492, #2263, #5008, #4849, #4776, #82, #100, #574, #4919, #1179, #4688, #359, #1983, #4164, #3136, #4661, #1776, #4166, #2913, #864, #1292, #2808, #5377, #1906 ) ) ;
#5571 = STYLED_ITEM ( 'NONE', ( #292 ), #1705 ) ;
#5572 =( LENGTH_UNIT ( ) NAMED_UNIT ( * ) SI_UNIT ( .MILLI., .METRE. ) );
#5573 = VECTOR ( 'NONE', #2841, 1000.000000000000000 ) ;
#5574 = FACE_OUTER_BOUND ( 'NONE', #5503, .T. ) ;
#5575 = MECHANICAL_DESIGN_GEOMETRIC_PRESENTATION_REPRESENTATION (  '', ( #635 ), #2193 ) ;
#5576 = VECTOR ( 'NONE', #1626, 1000.000000000000000 ) ;
#5577 = EDGE_LOOP ( 'NONE', ( #1028, #3419, #2215, #3080 ) ) ;
#5578 = AXIS2_PLACEMENT_3D ( 'NONE', #4916, #3063, #770 ) ;
#5579 = PRESENTATION_LAYER_ASSIGNMENT (  '', '', ( #4509 ) ) ;
#5580 = VECTOR ( 'NONE', #5395, 1000.000000000000000 ) ;
#5581 = DIRECTION ( 'NONE',  ( -1.000000000000000000, -0.000000000000000000, 0.000000000000000000 ) ) ;
#5582 = DIRECTION ( 'NONE',  ( -1.000000000000000000, 0.000000000000000000, -0.000000000000000000 ) ) ;
#5583 = SURFACE_STYLE_FILL_AREA ( #1450 ) ;
#5584 = SURFACE_SIDE_STYLE ('',( #5543 ) ) ;
#5585 = VECTOR ( 'NONE', #3091, 1000.000000000000000 ) ;
#5586 = EDGE_CURVE ( 'NONE', #312, #87, #4446, .T. ) ;
#5587 = ORIENTED_EDGE ( 'NONE', *, *, #2230, .F. ) ;
#5588 = VERTEX_POINT ( 'NONE', #5434 ) ;
#5589 = DIRECTION ( 'NONE',  ( 0.4999999999999957812, 0.000000000000000000, -0.8660254037844411501 ) ) ;
#5590 = PRESENTATION_STYLE_ASSIGNMENT (( #5848 ) ) ;
#5591 = LINE ( 'NONE', #1431, #4961 ) ;
#5592 = VERTEX_POINT ( 'NONE', #3074 ) ;
#5593 = DIRECTION ( 'NONE',  ( -1.000000000000000000, 0.000000000000000000, -0.000000000000000000 ) ) ;
#5594 = SURFACE_STYLE_USAGE ( .BOTH. , #5116 ) ;
#5595 = AXIS2_PLACEMENT_3D ( 'NONE', #3458, #5310, #1951 ) ;
#5596 = PRESENTATION_STYLE_ASSIGNMENT (( #2327 ) ) ;
#5597 = EDGE_CURVE ( 'NONE', #1706, #5536, #4501, .T. ) ;
#5598 = ORIENTED_EDGE ( 'NONE', *, *, #1061, .T. ) ;
#5599 = CIRCLE ( 'NONE', #374, 0.4064000000000000390 ) ;
#5600 = ORIENTED_EDGE ( 'NONE', *, *, #3404, .T. ) ;
#5601 =( NAMED_UNIT ( * ) PLANE_ANGLE_UNIT ( ) SI_UNIT ( $, .RADIAN. ) );
#5602 = EDGE_CURVE ( 'NONE', #1164, #5670, #1027, .T. ) ;
#5603 = ADVANCED_FACE ( 'NONE', ( #1673 ), #383, .F. ) ;
#5604 = SURFACE_STYLE_USAGE ( .BOTH. , #3758 ) ;
#5605 = FACE_BOUND ( 'NONE', #3846, .T. ) ;
#5606 = DIRECTION ( 'NONE',  ( 0.000000000000000000, 0.000000000000000000, 1.000000000000000000 ) ) ;
#5607 = FACE_OUTER_BOUND ( 'NONE', #3449, .T. ) ;
#5608 = ORIENTED_EDGE ( 'NONE', *, *, #3387, .F. ) ;
#5609 = FILL_AREA_STYLE ('',( #5235 ) ) ;
#5610 =( NAMED_UNIT ( * ) PLANE_ANGLE_UNIT ( ) SI_UNIT ( $, .RADIAN. ) );
#5611 = LINE ( 'NONE', #1001, #1101 ) ;
#5612 =( LENGTH_UNIT ( ) NAMED_UNIT ( * ) SI_UNIT ( .MILLI., .METRE. ) );
#5613 = DIRECTION ( 'NONE',  ( 0.000000000000000000, 0.000000000000000000, 1.000000000000000000 ) ) ;
#5614 = ORIENTED_EDGE ( 'NONE', *, *, #2166, .T. ) ;
#5615 = ORIENTED_EDGE ( 'NONE', *, *, #1020, .T. ) ;
#5616 = UNCERTAINTY_MEASURE_WITH_UNIT (LENGTH_MEASURE( 1.000000000000000082E-05 ), #4413, 'distance_accuracy_value', 'NONE');
#5617 = CARTESIAN_POINT ( 'NONE',  ( -4.203700000000000436, 8.509000000000000341, 0.3936999999999999944 ) ) ;
#5618 = FACE_OUTER_BOUND ( 'NONE', #715, .T. ) ;
#5619 = CARTESIAN_POINT ( 'NONE',  ( 7.873999999999998778, 8.509000000000000341, -1.206499999999999906 ) ) ;
#5620 = CARTESIAN_POINT ( 'NONE',  ( -1.663699999999999957, 8.509000000000000341, -0.3936999999999999944 ) ) ;
#5621 = ORIENTED_EDGE ( 'NONE', *, *, #1876, .F. ) ;
#5622 = FILL_AREA_STYLE ('',( #4294 ) ) ;
#5623 = ORIENTED_EDGE ( 'NONE', *, *, #2557, .F. ) ;
#5624 = DIRECTION ( 'NONE',  ( 0.000000000000000000, -0.000000000000000000, -1.000000000000000000 ) ) ;
#5625 = ORIENTED_EDGE ( 'NONE', *, *, #4482, .T. ) ;
#5626 = EDGE_CURVE ( 'NONE', #1985, #5118, #3097, .T. ) ;
#5627 = FACE_BOUND ( 'NONE', #3480, .T. ) ;
#5628 = UNCERTAINTY_MEASURE_WITH_UNIT (LENGTH_MEASURE( 1.000000000000000082E-05 ), #2004, 'distance_accuracy_value', 'NONE');
#5629 = EDGE_CURVE ( 'NONE', #4227, #3566, #407, .T. ) ;
#5630 = CARTESIAN_POINT ( 'NONE',  ( 0.000000000000000000, 0.000000000000000000, 0.000000000000000000 ) ) ;
#5631 =( NAMED_UNIT ( * ) SI_UNIT ( $, .STERADIAN. ) SOLID_ANGLE_UNIT ( ) );
#5632 = VECTOR ( 'NONE', #3544, 1000.000000000000000 ) ;
#5633 = ORIENTED_EDGE ( 'NONE', *, *, #2558, .F. ) ;
#5634 = CARTESIAN_POINT ( 'NONE',  ( -6.870700000000000252, 2.616200000000000081, 0.6095999999999999197 ) ) ;
#5635 = CARTESIAN_POINT ( 'NONE',  ( 6.870700000000000252, 0.4064000000000000390, 0.6095999999999998087 ) ) ;
#5636 = FILL_AREA_STYLE_COLOUR ( '', #5559 ) ;
#5637 = PRESENTATION_LAYER_ASSIGNMENT (  '', '', ( #305 ) ) ;
#5638 = CARTESIAN_POINT ( 'NONE',  ( -2.793999999999999595, 0.5080000000000000071, -1.206500000000000128 ) ) ;
#5639 = SURFACE_STYLE_FILL_AREA ( #3360 ) ;
#5640 = EDGE_CURVE ( 'NONE', #2153, #1358, #2746, .T. ) ;
#5641 = ORIENTED_EDGE ( 'NONE', *, *, #1403, .F. ) ;
#5642 = ORIENTED_EDGE ( 'NONE', *, *, #3503, .T. ) ;
#5643 = VECTOR ( 'NONE', #252, 1000.000000000000000 ) ;
#5644 = CARTESIAN_POINT ( 'NONE',  ( -0.8762999999999999678, 0.4063999999999999280, 0.6095999999999994756 ) ) ;
#5645 =( LENGTH_UNIT ( ) NAMED_UNIT ( * ) SI_UNIT ( .MILLI., .METRE. ) );
#5646 = DIRECTION ( 'NONE',  ( -0.000000000000000000, -0.000000000000000000, 1.000000000000000000 ) ) ;
#5647 = VECTOR ( 'NONE', #3795, 1000.000000000000000 ) ;
#5648 = LINE ( 'NONE', #5194, #5839 ) ;
#5649 = EDGE_LOOP ( 'NONE', ( #5769, #2352, #4092, #4007 ) ) ;
#5650 = SURFACE_SIDE_STYLE ('',( #1046 ) ) ;
#5651 = CARTESIAN_POINT ( 'NONE',  ( 2.286000000000002252, 0.000000000000000000, 1.206500000000000128 ) ) ;
#5652 = CARTESIAN_POINT ( 'NONE',  ( 7.873999999999998778, 0.000000000000000000, 1.206499999999999906 ) ) ;
#5654 = EDGE_CURVE ( 'NONE', #1741, #1285, #4680, .T. ) ;
#5653 =( GEOMETRIC_REPRESENTATION_CONTEXT ( 3 ) GLOBAL_UNCERTAINTY_ASSIGNED_CONTEXT ( ( #5260 ) ) GLOBAL_UNIT_ASSIGNED_CONTEXT ( ( #3451, #5334, #1153 ) ) REPRESENTATION_CONTEXT ( 'NONE', 'WORKASPACE' ) );
#5655 = ORIENTED_EDGE ( 'NONE', *, *, #4598, .F. ) ;
#5656 = FACE_OUTER_BOUND ( 'NONE', #2785, .T. ) ;
#5657 = VECTOR ( 'NONE', #2320, 1000.000000000000000 ) ;
#5658 = FACE_OUTER_BOUND ( 'NONE', #1857, .T. ) ;
#5659 = COLOUR_RGB ( '',1.000000000000000000, 1.000000000000000000, 0.000000000000000000 ) ;
#5660 = AXIS2_PLACEMENT_3D ( 'NONE', #5264, #2020, #660 ) ;
#5661 =( NAMED_UNIT ( * ) PLANE_ANGLE_UNIT ( ) SI_UNIT ( $, .RADIAN. ) );
#5662 = PRESENTATION_LAYER_ASSIGNMENT (  '', '', ( #2276 ) ) ;
#5663 = STYLED_ITEM ( 'NONE', ( #1925 ), #3714 ) ;
#5664 = SURFACE_STYLE_FILL_AREA ( #3818 ) ;
#5665 = CARTESIAN_POINT ( 'NONE',  ( 1.130299999999999860, 25.39999999999999858, 3.746499999999999719 ) ) ;
#5666 = COLOUR_RGB ( '',0.6901960784313725394, 0.6901960784313725394, 0.6901960784313725394 ) ;
#5667 = LINE ( 'NONE', #1628, #1790 ) ;
#5668 = SURFACE_SIDE_STYLE ('',( #4736 ) ) ;
#5669 = VECTOR ( 'NONE', #3812, 1000.000000000000000 ) ;
#5670 = VERTEX_POINT ( 'NONE', #440 ) ;
#5671 = STYLED_ITEM ( 'NONE', ( #3788 ), #3284 ) ;
#5672 = EDGE_CURVE ( 'NONE', #3215, #5733, #2347, .T. ) ;
#5673 = EDGE_CURVE ( 'NONE', #3611, #2153, #3164, .T. ) ;
#5674 = UNCERTAINTY_MEASURE_WITH_UNIT (LENGTH_MEASURE( 1.000000000000000082E-05 ), #1709, 'distance_accuracy_value', 'NONE');
#5675 = CARTESIAN_POINT ( 'NONE',  ( -1.417032348418707510, 0.000000000000000000, 3.733800000000000008 ) ) ;
#5676 = SURFACE_SIDE_STYLE ('',( #5902 ) ) ;
#5677 = DIRECTION ( 'NONE',  ( -1.000000000000000000, 0.000000000000000000, 0.000000000000000000 ) ) ;
#5678 = ORIENTED_EDGE ( 'NONE', *, *, #1476, .T. ) ;
#5679 = SURFACE_STYLE_USAGE ( .BOTH. , #5650 ) ;
#5680 = DIRECTION ( 'NONE',  ( -0.000000000000000000, 0.000000000000000000, 1.000000000000000000 ) ) ;
#5681 = CARTESIAN_POINT ( 'NONE',  ( 7.873999999999998778, 0.5079999999999997851, -1.206499999999999906 ) ) ;
#5682 = SURFACE_STYLE_USAGE ( .BOTH. , #2060 ) ;
#5683 = ORIENTED_EDGE ( 'NONE', *, *, #737, .F. ) ;
#5684 =( LENGTH_UNIT ( ) NAMED_UNIT ( * ) SI_UNIT ( .MILLI., .METRE. ) );
#5685 = CARTESIAN_POINT ( 'NONE',  ( -0.8762999999999999678, 0.8128000000000000780, 0.6095999999999999197 ) ) ;
#5686 = SURFACE_STYLE_USAGE ( .BOTH. , #1189 ) ;
#5687 = UNCERTAINTY_MEASURE_WITH_UNIT (LENGTH_MEASURE( 1.000000000000000082E-05 ), #2623, 'distance_accuracy_value', 'NONE');
#5688 = EDGE_CURVE ( 'NONE', #4182, #5353, #2823, .T. ) ;
#5689 = DIRECTION ( 'NONE',  ( -0.5000000000000003331, -0.000000000000000000, 0.8660254037844383745 ) ) ;
#5690 = DIRECTION ( 'NONE',  ( -1.000000000000000000, 0.000000000000000000, 0.000000000000000000 ) ) ;
#5691 = FILL_AREA_STYLE ('',( #913 ) ) ;
#5692 = DIRECTION ( 'NONE',  ( -0.000000000000000000, 1.000000000000000000, 0.000000000000000000 ) ) ;
#5693 =( REPRESENTATION_RELATIONSHIP ('NONE','NONE', #1294, #4785 ) REPRESENTATION_RELATIONSHIP_WITH_TRANSFORMATION ( #4232 )SHAPE_REPRESENTATION_RELATIONSHIP( ) );
#5694 = EDGE_CURVE ( 'NONE', #736, #4360, #4629, .T. ) ;
#5695 = EDGE_CURVE ( 'NONE', #3672, #4384, #4588, .T. ) ;
#5696 = EDGE_LOOP ( 'NONE', ( #991, #3522, #5809, #2033, #4437, #3783, #4084, #5183 ) ) ;
#5697 = SURFACE_STYLE_USAGE ( .BOTH. , #5812 ) ;
#5698 = COLOUR_RGB ( '',1.000000000000000000, 1.000000000000000000, 0.000000000000000000 ) ;
#5699 = PLANE ( 'NONE',  #4800 ) ;
#5700 = PLANE ( 'NONE',  #3630 ) ;
#5701 = ORIENTED_EDGE ( 'NONE', *, *, #1222, .F. ) ;
#5702 = PRESENTATION_LAYER_ASSIGNMENT (  '', '', ( #294 ) ) ;
#5703 = CARTESIAN_POINT ( 'NONE',  ( -7.873999999999998778, 8.509000000000000341, 1.206499999999999906 ) ) ;
#5704 = DIRECTION ( 'NONE',  ( 0.000000000000000000, -1.000000000000000000, -0.000000000000000000 ) ) ;
#5705 =( LENGTH_UNIT ( ) NAMED_UNIT ( * ) SI_UNIT ( .MILLI., .METRE. ) );
#5706 = FILL_AREA_STYLE ('',( #67 ) ) ;
#5707 = DIRECTION ( 'NONE',  ( 1.000000000000000000, 0.000000000000000000, -0.000000000000000000 ) ) ;
#5708 = CARTESIAN_POINT ( 'NONE',  ( 1.417032348418706400, 0.4064000000000007606, 3.733799999999999120 ) ) ;
#5709 = DIRECTION ( 'NONE',  ( 1.000000000000000000, -0.000000000000000000, 0.000000000000000000 ) ) ;
#5710 = COLOUR_RGB ( '',0.6901960784313725394, 0.6901960784313725394, 0.6901960784313725394 ) ;
#5711 = ADVANCED_FACE ( 'NONE', ( #5050 ), #2296, .F. ) ;
#5712 = ORIENTED_EDGE ( 'NONE', *, *, #5629, .F. ) ;
#5713 =( GEOMETRIC_REPRESENTATION_CONTEXT ( 3 ) GLOBAL_UNCERTAINTY_ASSIGNED_CONTEXT ( ( #3524 ) ) GLOBAL_UNIT_ASSIGNED_CONTEXT ( ( #4425, #3880, #1146 ) ) REPRESENTATION_CONTEXT ( 'NONE', 'WORKASPACE' ) );
#5714 = UNCERTAINTY_MEASURE_WITH_UNIT (LENGTH_MEASURE( 1.000000000000000082E-05 ), #4088, 'distance_accuracy_value', 'NONE');
#5715 = APPLICATION_PROTOCOL_DEFINITION ( 'draft international standard', 'automotive_design', 1998, #5266 ) ;
#5716 = LINE ( 'NONE', #2115, #5549 ) ;
#5717 =( NAMED_UNIT ( * ) SI_UNIT ( $, .STERADIAN. ) SOLID_ANGLE_UNIT ( ) );
#5718 = EDGE_CURVE ( 'NONE', #4494, #4748, #4150, .T. ) ;
#5719 = VERTEX_POINT ( 'NONE', #4177 ) ;
#5720 = DIRECTION ( 'NONE',  ( 0.000000000000000000, 0.000000000000000000, -1.000000000000000000 ) ) ;
#5721 = VECTOR ( 'NONE', #4918, 1000.000000000000000 ) ;
#5722 = CARTESIAN_POINT ( 'NONE',  ( 6.870700000000000252, 2.616200000000000081, 0.2032000000000000195 ) ) ;
#5723 = LINE ( 'NONE', #5289, #1500 ) ;
#5724 = MECHANICAL_DESIGN_GEOMETRIC_PRESENTATION_REPRESENTATION (  '', ( #4970 ), #3717 ) ;
#5725 = ORIENTED_EDGE ( 'NONE', *, *, #4206, .F. ) ;
#5726 = DIRECTION ( 'NONE',  ( 0.000000000000000000, 1.000000000000000000, 0.000000000000000000 ) ) ;
#5727 = CARTESIAN_POINT ( 'NONE',  ( 0.000000000000000000, 0.000000000000000000, -1.206499999999999906 ) ) ;
#5728 = ADVANCED_FACE ( 'NONE', ( #3718 ), #5556, .T. ) ;
#5729 =( NAMED_UNIT ( * ) PLANE_ANGLE_UNIT ( ) SI_UNIT ( $, .RADIAN. ) );
#5730 = AXIS2_PLACEMENT_3D ( 'NONE', #2032, #1553, #647 ) ;
#5731 = UNCERTAINTY_MEASURE_WITH_UNIT (LENGTH_MEASURE( 1.000000000000000082E-05 ), #2068, 'distance_accuracy_value', 'NONE');
#5732 = ORIENTED_EDGE ( 'NONE', *, *, #4089, .T. ) ;
#5733 = VERTEX_POINT ( 'NONE', #1942 ) ;
#5734 =( GEOMETRIC_REPRESENTATION_CONTEXT ( 3 ) GLOBAL_UNCERTAINTY_ASSIGNED_CONTEXT ( ( #5321 ) ) GLOBAL_UNIT_ASSIGNED_CONTEXT ( ( #2028, #4819, #642 ) ) REPRESENTATION_CONTEXT ( 'NONE', 'WORKASPACE' ) );
#5735 = ORIENTED_EDGE ( 'NONE', *, *, #4936, .F. ) ;
#5736 = STYLED_ITEM ( 'NONE', ( #1947 ), #3877 ) ;
#5737 = PRESENTATION_STYLE_ASSIGNMENT (( #4357 ) ) ;
#5738 = VECTOR ( 'NONE', #2111, 1000.000000000000000 ) ;
#5739 = LINE ( 'NONE', #3822, #4502 ) ;
#5740 = DIRECTION ( 'NONE',  ( -0.000000000000000000, -0.000000000000000000, -1.000000000000000000 ) ) ;
#5741 = VECTOR ( 'NONE', #5369, 1000.000000000000000 ) ;
#5742 = DIRECTION ( 'NONE',  ( 0.000000000000000000, 1.000000000000000000, 0.000000000000000000 ) ) ;
#5743 = PRESENTATION_LAYER_ASSIGNMENT (  '', '', ( #4599 ) ) ;
#5744 = VERTEX_POINT ( 'NONE', #4743 ) ;
#5745 = AXIS2_PLACEMENT_3D ( 'NONE', #5620, #1529, #4345 ) ;
#5746 = EDGE_LOOP ( 'NONE', ( #3058, #1256, #2008, #663 ) ) ;
#5747 = SURFACE_STYLE_USAGE ( .BOTH. , #5781 ) ;
#5748 = AXIS2_PLACEMENT_3D ( 'NONE', #2075, #3946, #1198 ) ;
#5749 = COLOUR_RGB ( '',1.000000000000000000, 1.000000000000000000, 0.000000000000000000 ) ;
#5750 = EDGE_CURVE ( 'NONE', #3756, #825, #1466, .T. ) ;
#5751 = SURFACE_STYLE_USAGE ( .BOTH. , #274 ) ;
#5752 = VECTOR ( 'NONE', #2054, 1000.000000000000000 ) ;
#5753 =( GEOMETRIC_REPRESENTATION_CONTEXT ( 3 ) GLOBAL_UNCERTAINTY_ASSIGNED_CONTEXT ( ( #724 ) ) GLOBAL_UNIT_ASSIGNED_CONTEXT ( ( #76, #1527, #3369 ) ) REPRESENTATION_CONTEXT ( 'NONE', 'WORKASPACE' ) );
#5754 = ORIENTED_EDGE ( 'NONE', *, *, #3671, .F. ) ;
#5755 = AXIS2_PLACEMENT_3D ( 'NONE', #5930, #280, #1667 ) ;
#5756 = CARTESIAN_POINT ( 'NONE',  ( 5.956299999999999706, 0.8128000000000000780, -0.2032000000000000195 ) ) ;
#5757 = PRESENTATION_LAYER_ASSIGNMENT (  '', '', ( #3546 ) ) ;
#5758 = COLOUR_RGB ( '',1.000000000000000000, 1.000000000000000000, 0.000000000000000000 ) ;
#5759 = LINE ( 'NONE', #1613, #3656 ) ;
#5760 = CARTESIAN_POINT ( 'NONE',  ( 4.826000000000000512, 0.000000000000000000, 1.206500000000000128 ) ) ;
#5761 =( GEOMETRIC_REPRESENTATION_CONTEXT ( 3 ) GLOBAL_UNCERTAINTY_ASSIGNED_CONTEXT ( ( #5674 ) ) GLOBAL_UNIT_ASSIGNED_CONTEXT ( ( #1709, #3128, #4902 ) ) REPRESENTATION_CONTEXT ( 'NONE', 'WORKASPACE' ) );
#5762 = FILL_AREA_STYLE ('',( #2476 ) ) ;
#5763 = ORIENTED_EDGE ( 'NONE', *, *, #1247, .T. ) ;
#5764 = DIRECTION ( 'NONE',  ( -1.000000000000000000, 0.000000000000000000, -0.000000000000000000 ) ) ;
#5765 = CARTESIAN_POINT ( 'NONE',  ( 1.122967651581292525, 0.4064000000000000390, 3.733800000000000008 ) ) ;
#5766 = ADVANCED_FACE ( 'NONE', ( #2937 ), #4718, .T. ) ;
#5767 = CARTESIAN_POINT ( 'NONE',  ( -7.873999999999998778, 0.000000000000000000, 1.206499999999999906 ) ) ;
#5768 = DIRECTION ( 'NONE',  ( 0.000000000000000000, -0.000000000000000000, -1.000000000000000000 ) ) ;
#5769 = ORIENTED_EDGE ( 'NONE', *, *, #870, .F. ) ;
#5770 = EDGE_CURVE ( 'NONE', #1422, #2978, #1575, .T. ) ;
#5771 = VERTEX_POINT ( 'NONE', #5282 ) ;
#5772 = ADVANCED_FACE ( 'NONE', ( #2471 ), #5699, .T. ) ;
#5773 = FILL_AREA_STYLE_COLOUR ( '', #2372 ) ;
#5774 = SURFACE_SIDE_STYLE ('',( #2515 ) ) ;
#5775 = FACE_OUTER_BOUND ( 'NONE', #126, .T. ) ;
#5776 = DIRECTION ( 'NONE',  ( -1.000000000000000000, 0.000000000000000000, 0.000000000000000000 ) ) ;
#5777 =( NAMED_UNIT ( * ) SI_UNIT ( $, .STERADIAN. ) SOLID_ANGLE_UNIT ( ) );
#5778 = CARTESIAN_POINT ( 'NONE',  ( 0.000000000000000000, 0.000000000000000000, -1.206499999999999906 ) ) ;
#5779 = EDGE_LOOP ( 'NONE', ( #4635, #4959, #4907, #3815, #755, #4741, #1295, #54 ) ) ;
#5780 = ORIENTED_EDGE ( 'NONE', *, *, #5082, .T. ) ;
#5781 = SURFACE_SIDE_STYLE ('',( #2431 ) ) ;
#5782 = UNCERTAINTY_MEASURE_WITH_UNIT (LENGTH_MEASURE( 1.000000000000000082E-05 ), #4609, 'distance_accuracy_value', 'NONE');
#5783 = SURFACE_SIDE_STYLE ('',( #2027 ) ) ;
#5784 = SURFACE_STYLE_USAGE ( .BOTH. , #700 ) ;
#5785 = VERTEX_POINT ( 'NONE', #4467 ) ;
#5786 = LINE ( 'NONE', #2122, #2586 ) ;
#5787 = DIRECTION ( 'NONE',  ( -1.000000000000000000, 0.000000000000000000, -0.000000000000000000 ) ) ;
#5788 = DIRECTION ( 'NONE',  ( 0.000000000000000000, 1.000000000000000000, 0.000000000000000000 ) ) ;
#5789 = SURFACE_STYLE_USAGE ( .BOTH. , #2528 ) ;
#5790 = FILL_AREA_STYLE ('',( #5876 ) ) ;
#5791 = DIRECTION ( 'NONE',  ( -1.000000000000000000, 0.000000000000000000, 0.000000000000000000 ) ) ;
#5792 = CYLINDRICAL_SURFACE ( 'NONE', #930, 0.8127999999999999670 ) ;
#5793 = CARTESIAN_POINT ( 'NONE',  ( 0.000000000000000000, 8.509000000000000341, 0.000000000000000000 ) ) ;
#5794 = SURFACE_SIDE_STYLE ('',( #785 ) ) ;
#5795 =( NAMED_UNIT ( * ) PLANE_ANGLE_UNIT ( ) SI_UNIT ( $, .RADIAN. ) );
#5796 = CARTESIAN_POINT ( 'NONE',  ( 6.743700000000000472, 2.616200000000000081, 0.2032000000000006024 ) ) ;
#5797 = VERTEX_POINT ( 'NONE', #1244 ) ;
#5798 = ORIENTED_EDGE ( 'NONE', *, *, #5002, .T. ) ;
#5799 = EDGE_CURVE ( 'NONE', #1680, #3910, #5403, .T. ) ;
#5800 = DIRECTION ( 'NONE',  ( -1.000000000000000000, -5.335640612625509322E-17, -0.000000000000000000 ) ) ;
#5801 =( LENGTH_UNIT ( ) NAMED_UNIT ( * ) SI_UNIT ( .MILLI., .METRE. ) );
#5802 = CARTESIAN_POINT ( 'NONE',  ( 4.203700000000000436, 2.616200000000000081, -0.2032000000000006024 ) ) ;
#5803 = ORIENTED_EDGE ( 'NONE', *, *, #3974, .F. ) ;
#5804 = VERTEX_POINT ( 'NONE', #1273 ) ;
#5805 = DIRECTION ( 'NONE',  ( -0.000000000000000000, -0.000000000000000000, 1.000000000000000000 ) ) ;
#5806 = DIRECTION ( 'NONE',  ( 0.000000000000000000, 0.000000000000000000, 1.000000000000000000 ) ) ;
#5807 = EDGE_CURVE ( 'NONE', #5562, #2576, #3122, .T. ) ;
#5808 = FILL_AREA_STYLE_COLOUR ( '', #4769 ) ;
#5809 = ORIENTED_EDGE ( 'NONE', *, *, #2024, .T. ) ;
#5810 = UNCERTAINTY_MEASURE_WITH_UNIT (LENGTH_MEASURE( 1.000000000000000082E-05 ), #1751, 'distance_accuracy_value', 'NONE');
#5811 = STYLED_ITEM ( 'NONE', ( #5325 ), #633 ) ;
#5812 = SURFACE_SIDE_STYLE ('',( #4559 ) ) ;
#5813 = LINE ( 'NONE', #3069, #4618 ) ;
#5814 = LINE ( 'NONE', #3594, #3362 ) ;
#5815 = SURFACE_STYLE_USAGE ( .BOTH. , #2123 ) ;
#5816 = MECHANICAL_DESIGN_GEOMETRIC_PRESENTATION_REPRESENTATION (  '', ( #5244 ), #415 ) ;
#5817 = ORIENTED_EDGE ( 'NONE', *, *, #2237, .T. ) ;
#5818 =( LENGTH_UNIT ( ) NAMED_UNIT ( * ) SI_UNIT ( .MILLI., .METRE. ) );
#5819 = PRESENTATION_LAYER_ASSIGNMENT (  '', '', ( #4678 ) ) ;
#5820 = CARTESIAN_POINT ( 'NONE',  ( 5.956299999999999706, 0.5079999999999997851, 0.3937000000000001054 ) ) ;
#5821 = CARTESIAN_POINT ( 'NONE',  ( -6.743700000000000472, 0.000000000000000000, 0.6095999999999998087 ) ) ;
#5822 = EDGE_CURVE ( 'NONE', #2721, #4971, #3850, .T. ) ;
#5823 = ORIENTED_EDGE ( 'NONE', *, *, #1043, .F. ) ;
#5824 = UNCERTAINTY_MEASURE_WITH_UNIT (LENGTH_MEASURE( 1.000000000000000082E-05 ), #3285, 'distance_accuracy_value', 'NONE');
#5825 = ORIENTED_EDGE ( 'NONE', *, *, #3295, .T. ) ;
#5826 = PRESENTATION_STYLE_ASSIGNMENT (( #2138 ) ) ;
#5827 = LINE ( 'NONE', #2110, #4026 ) ;
#5828 = CARTESIAN_POINT ( 'NONE',  ( -2.794000000000000039, 0.5080000000000000071, 5.080000000000000071 ) ) ;
#5829 = LINE ( 'NONE', #1746, #1016 ) ;
#5830 = EDGE_LOOP ( 'NONE', ( #3007, #4154, #13, #3296 ) ) ;
#5831 = EDGE_LOOP ( 'NONE', ( #2632, #2560, #5396, #2867 ) ) ;
#5832 = FILL_AREA_STYLE_COLOUR ( '', #4140 ) ;
#5833 = STYLED_ITEM ( 'NONE', ( #500 ), #3976 ) ;
#5834 = UNCERTAINTY_MEASURE_WITH_UNIT (LENGTH_MEASURE( 1.000000000000000082E-05 ), #5139, 'distance_accuracy_value', 'NONE');
#5835 = SURFACE_STYLE_USAGE ( .BOTH. , #5783 ) ;
#5836 = PRESENTATION_LAYER_ASSIGNMENT (  '', '', ( #3137 ) ) ;
#5837 = SURFACE_STYLE_USAGE ( .BOTH. , #4013 ) ;
#5838 = CARTESIAN_POINT ( 'NONE',  ( -4.203700000000000436, -8.889999999999998792, 25.39999999999999858 ) ) ;
#5839 = VECTOR ( 'NONE', #2434, 1000.000000000000000 ) ;
#5840 = ORIENTED_EDGE ( 'NONE', *, *, #3692, .F. ) ;
#5841 =( GEOMETRIC_REPRESENTATION_CONTEXT ( 3 ) GLOBAL_UNCERTAINTY_ASSIGNED_CONTEXT ( ( #542 ) ) GLOBAL_UNIT_ASSIGNED_CONTEXT ( ( #5320, #3970, #2167 ) ) REPRESENTATION_CONTEXT ( 'NONE', 'WORKASPACE' ) );
#5842 = EDGE_CURVE ( 'NONE', #3740, #5473, #1181, .T. ) ;
#5843 = UNCERTAINTY_MEASURE_WITH_UNIT (LENGTH_MEASURE( 1.000000000000000082E-05 ), #1785, 'distance_accuracy_value', 'NONE');
#5844 = VECTOR ( 'NONE', #1671, 1000.000000000000000 ) ;
#5845 = CARTESIAN_POINT ( 'NONE',  ( 7.873999999999998778, 8.509000000000000341, 1.206499999999999906 ) ) ;
#5846 = FILL_AREA_STYLE_COLOUR ( '', #86 ) ;
#5847 = VECTOR ( 'NONE', #2136, 1000.000000000000000 ) ;
#5848 = SURFACE_STYLE_USAGE ( .BOTH. , #4923 ) ;
#5849 = VECTOR ( 'NONE', #583, 1000.000000000000000 ) ;
#5850 = DIRECTION ( 'NONE',  ( 0.4999999999999957812, 0.000000000000000000, 0.8660254037844411501 ) ) ;
#5851 = PRESENTATION_LAYER_ASSIGNMENT (  '', '', ( #1506 ) ) ;
#5852 = AXIS2_PLACEMENT_3D ( 'NONE', #1915, #586, #2414 ) ;
#5853 = VECTOR ( 'NONE', #4837, 1000.000000000000000 ) ;
#5854 = VERTEX_POINT ( 'NONE', #3457 ) ;
#5855 = MECHANICAL_DESIGN_GEOMETRIC_PRESENTATION_REPRESENTATION (  '', ( #5475 ), #2575 ) ;
#5856 = DIRECTION ( 'NONE',  ( -1.000000000000000000, 0.000000000000000000, 0.000000000000000000 ) ) ;
#5857 =( NAMED_UNIT ( * ) PLANE_ANGLE_UNIT ( ) SI_UNIT ( $, .RADIAN. ) );
#5858 =( GEOMETRIC_REPRESENTATION_CONTEXT ( 3 ) GLOBAL_UNCERTAINTY_ASSIGNED_CONTEXT ( ( #4420 ) ) GLOBAL_UNIT_ASSIGNED_CONTEXT ( ( #5216, #601, #4308 ) ) REPRESENTATION_CONTEXT ( 'NONE', 'WORKASPACE' ) );
#5859 = SURFACE_SIDE_STYLE ('',( #2161 ) ) ;
#5860 = LINE ( 'NONE', #1710, #1345 ) ;
#5861 = ORIENTED_EDGE ( 'NONE', *, *, #3154, .F. ) ;
#5862 = ORIENTED_EDGE ( 'NONE', *, *, #77, .T. ) ;
#5863 = ORIENTED_EDGE ( 'NONE', *, *, #1950, .T. ) ;
#5864 = CARTESIAN_POINT ( 'NONE',  ( 0.000000000000000000, 0.000000000000000000, 1.206499999999999906 ) ) ;
#5865 = DIRECTION ( 'NONE',  ( -0.000000000000000000, -1.000000000000000000, 0.000000000000000000 ) ) ;
#5866 = DIRECTION ( 'NONE',  ( 0.000000000000000000, 1.000000000000000000, 0.000000000000000000 ) ) ;
#5867 = VERTEX_POINT ( 'NONE', #706 ) ;
#5868 = ORIENTED_EDGE ( 'NONE', *, *, #1429, .F. ) ;
#5869 = ADVANCED_FACE ( 'NONE', ( #3526 ), #1635, .T. ) ;
#5870 =( NAMED_UNIT ( * ) PLANE_ANGLE_UNIT ( ) SI_UNIT ( $, .RADIAN. ) );
#5871 = LINE ( 'NONE', #399, #5741 ) ;
#5872 = PLANE ( 'NONE',  #3120 ) ;
#5873 = ORIENTED_EDGE ( 'NONE', *, *, #2340, .T. ) ;
#5874 = EDGE_CURVE ( 'NONE', #5910, #4228, #5759, .T. ) ;
#5875 = CARTESIAN_POINT ( 'NONE',  ( 0.8762999999999999678, 0.8128000000000000780, 0.6095999999999999197 ) ) ;
#5876 = FILL_AREA_STYLE_COLOUR ( '', #600 ) ;
#5877 = EDGE_CURVE ( 'NONE', #1815, #763, #1159, .T. ) ;
#5878 = UNCERTAINTY_MEASURE_WITH_UNIT (LENGTH_MEASURE( 1.000000000000000082E-05 ), #3378, 'distance_accuracy_value', 'NONE');
#5879 = VECTOR ( 'NONE', #4520, 1000.000000000000000 ) ;
#5880 = ORIENTED_EDGE ( 'NONE', *, *, #5586, .T. ) ;
#5881 = PLANE ( 'NONE',  #2863 ) ;
#5882 = FILL_AREA_STYLE ('',( #4063 ) ) ;
#5883 = CARTESIAN_POINT ( 'NONE',  ( 6.870700000000000252, 0.8128000000000000780, -0.2032000000000000195 ) ) ;
#5884 = FILL_AREA_STYLE_COLOUR ( '', #3455 ) ;
#5885 = SURFACE_SIDE_STYLE ('',( #5352 ) ) ;
#5886 = ORIENTED_EDGE ( 'NONE', *, *, #408, .F. ) ;
#5887 = EDGE_LOOP ( 'NONE', ( #837, #5390, #356, #5633 ) ) ;
#5888 =( NAMED_UNIT ( * ) PLANE_ANGLE_UNIT ( ) SI_UNIT ( $, .RADIAN. ) );
#5889 = LINE ( 'NONE', #3609, #1396 ) ;
#5890 = ORIENTED_EDGE ( 'NONE', *, *, #2677, .T. ) ;
#5891 =( LENGTH_UNIT ( ) NAMED_UNIT ( * ) SI_UNIT ( .MILLI., .METRE. ) );
#5892 = FILL_AREA_STYLE ('',( #3648 ) ) ;
#5893 = CARTESIAN_POINT ( 'NONE',  ( -1.663700000000000623, 2.743199999999999861, 0.2032000000000000195 ) ) ;
#5894 =( NAMED_UNIT ( * ) SI_UNIT ( $, .STERADIAN. ) SOLID_ANGLE_UNIT ( ) );
#5895 = DIRECTION ( 'NONE',  ( 0.000000000000000000, 0.000000000000000000, -1.000000000000000000 ) ) ;
#5896 =( GEOMETRIC_REPRESENTATION_CONTEXT ( 3 ) GLOBAL_UNCERTAINTY_ASSIGNED_CONTEXT ( ( #99 ) ) GLOBAL_UNIT_ASSIGNED_CONTEXT ( ( #3892, #1614, #3494 ) ) REPRESENTATION_CONTEXT ( 'NONE', 'WORKASPACE' ) );
#5897 = EDGE_CURVE ( 'NONE', #1829, #5785, #5786, .T. ) ;
#5898 = DIRECTION ( 'NONE',  ( 0.5000000000000009992, 0.000000000000000000, -0.8660254037844380415 ) ) ;
#5899 = EDGE_LOOP ( 'NONE', ( #506, #2793, #4141, #1235 ) ) ;
#5900 = SURFACE_SIDE_STYLE ('',( #3030 ) ) ;
#5901 = DIRECTION ( 'NONE',  ( -1.000000000000000000, 0.000000000000000000, -0.000000000000000000 ) ) ;
#5902 = SURFACE_STYLE_FILL_AREA ( #378 ) ;
#5903 = EDGE_CURVE ( 'NONE', #1255, #694, #5813, .T. ) ;
#5904 = PRESENTATION_STYLE_ASSIGNMENT (( #5346 ) ) ;
#5905 = STYLED_ITEM ( 'NONE', ( #1539 ), #467 ) ;
#5906 = SURFACE_STYLE_USAGE ( .BOTH. , #5794 ) ;
#5907 = VECTOR ( 'NONE', #4374, 1000.000000000000000 ) ;
#5908 = CARTESIAN_POINT ( 'NONE',  ( -2.794000000000000039, 0.5080000000000000071, 5.080000000000000071 ) ) ;
#5909 = ORIENTED_EDGE ( 'NONE', *, *, #5137, .T. ) ;
#5910 = VERTEX_POINT ( 'NONE', #778 ) ;
#5911 = EDGE_CURVE ( 'NONE', #2535, #1819, #2620, .T. ) ;
#5912 =( NAMED_UNIT ( * ) SI_UNIT ( $, .STERADIAN. ) SOLID_ANGLE_UNIT ( ) );
#5913 =( NAMED_UNIT ( * ) SI_UNIT ( $, .STERADIAN. ) SOLID_ANGLE_UNIT ( ) );
#5914 = CARTESIAN_POINT ( 'NONE',  ( 7.873999999999998778, 0.5079999999999997851, -1.206499999999999906 ) ) ;
#5915 = CARTESIAN_POINT ( 'NONE',  ( 6.743700000000000472, 0.000000000000000000, 25.39999999999999858 ) ) ;
#5916 = ORIENTED_EDGE ( 'NONE', *, *, #115, .T. ) ;
#5917 = FILL_AREA_STYLE_COLOUR ( '', #4797 ) ;
#5918 = PRESENTATION_STYLE_ASSIGNMENT (( #800 ) ) ;
#5919 = CYLINDRICAL_SURFACE ( 'NONE', #5336, 0.4064000000000000390 ) ;
#5920 = SURFACE_STYLE_FILL_AREA ( #2919 ) ;
#5921 = FACE_OUTER_BOUND ( 'NONE', #1715, .T. ) ;
#5922 = DIRECTION ( 'NONE',  ( 0.000000000000000000, -1.000000000000000000, 0.000000000000000000 ) ) ;
#5923 = UNCERTAINTY_MEASURE_WITH_UNIT (LENGTH_MEASURE( 1.000000000000000082E-05 ), #1609, 'distance_accuracy_value', 'NONE');
#5924 = VECTOR ( 'NONE', #3806, 1000.000000000000000 ) ;
#5925 = CARTESIAN_POINT ( 'NONE',  ( 6.870700000000000252, 0.8128000000000000780, 0.2031999999999999640 ) ) ;
#5926 =( LENGTH_UNIT ( ) NAMED_UNIT ( * ) SI_UNIT ( .MILLI., .METRE. ) );
#5927 = ORIENTED_EDGE ( 'NONE', *, *, #1329, .F. ) ;
#5929 = EDGE_CURVE ( 'NONE', #818, #1535, #4017, .T. ) ;
#5928 = STYLED_ITEM ( 'NONE', ( #3452 ), #2517 ) ;
#5930 = CARTESIAN_POINT ( 'NONE',  ( 6.870700000000000252, 0.8128000000000000780, -0.2032000000000000195 ) ) ;
#5931 = CARTESIAN_POINT ( 'NONE',  ( 6.870700000000000252, 0.8128000000000000780, -0.2032000000000000195 ) ) ;
#5932 = SURFACE_SIDE_STYLE ('',( #2322 ) ) ;
#5933 = PRESENTATION_LAYER_ASSIGNMENT (  '', '', ( #4216 ) ) ;
#5934 =( LENGTH_UNIT ( ) NAMED_UNIT ( * ) SI_UNIT ( .MILLI., .METRE. ) );
#5935 = PRESENTATION_LAYER_ASSIGNMENT (  '', '', ( #2848 ) ) ;
#5936 =( GEOMETRIC_REPRESENTATION_CONTEXT ( 3 ) GLOBAL_UNCERTAINTY_ASSIGNED_CONTEXT ( ( #5878 ) ) GLOBAL_UNIT_ASSIGNED_CONTEXT ( ( #3378, #1133, #187 ) ) REPRESENTATION_CONTEXT ( 'NONE', 'WORKASPACE' ) );
#5937 = ORIENTED_EDGE ( 'NONE', *, *, #1515, .F. ) ;
#5938 = AXIS2_PLACEMENT_3D ( 'NONE', #783, #5856, #1707 ) ;
#5939 = CARTESIAN_POINT ( 'NONE',  ( -2.286000000000000032, 8.509000000000000341, 1.206499999999999906 ) ) ;
#5940 = LINE ( 'NONE', #3663, #880 ) ;
#5941 = MECHANICAL_DESIGN_GEOMETRIC_PRESENTATION_REPRESENTATION (  '', ( #2675 ), #5841 ) ;
#5942 = LINE ( 'NONE', #4269, #5924 ) ;
#5943 = PLANE ( 'NONE',  #4814 ) ;
#5944 = EDGE_LOOP ( 'NONE', ( #569, #1230, #3723, #104 ) ) ;
#5945 = COLOUR_RGB ( '',1.000000000000000000, 1.000000000000000000, 0.000000000000000000 ) ;
#5946 = CARTESIAN_POINT ( 'NONE',  ( -7.365999999999999659, 0.5079999999999998961, 5.080000000000000071 ) ) ;
#5947 = VECTOR ( 'NONE', #3587, 1000.000000000000000 ) ;
#5948 = ORIENTED_EDGE ( 'NONE', *, *, #5397, .F. ) ;
#5949 = EDGE_CURVE ( 'NONE', #2430, #78, #3560, .T. ) ;
#5950 = AXIS2_PLACEMENT_3D ( 'NONE', #2031, #1047, #3803 ) ;
#5951 = PLANE ( 'NONE',  #5595 ) ;
#5952 = CARTESIAN_POINT ( 'NONE',  ( -6.743700000000000472, 2.616199999999999637, -0.2032000000000001860 ) ) ;
#5953 = CARTESIAN_POINT ( 'NONE',  ( 0.8762999999999999678, -8.889999999999998792, 3.306559094877498772 ) ) ;
#5954 = CARTESIAN_POINT ( 'NONE',  ( -4.203700000000001324, 2.743199999999999861, 0.2032000000000000195 ) ) ;
#5955 = EDGE_CURVE ( 'NONE', #637, #898, #4554, .T. ) ;
#5956 = MECHANICAL_DESIGN_GEOMETRIC_PRESENTATION_REPRESENTATION (  '', ( #5483 ), #5391 ) ;
#5957 = ORIENTED_EDGE ( 'NONE', *, *, #2329, .T. ) ;
#5958 = LINE ( 'NONE', #5893, #3175 ) ;
#5959 = FILL_AREA_STYLE_COLOUR ( '', #140 ) ;
#5960 = DIRECTION ( 'NONE',  ( 0.4999999999999990563, 0.000000000000000000, 0.8660254037844391517 ) ) ;
#5961 = LINE ( 'NONE', #3675, #3903 ) ;
#5962 = DIRECTION ( 'NONE',  ( 1.000000000000000000, -0.000000000000000000, -0.000000000000000000 ) ) ;
#5963 = VECTOR ( 'NONE', #4719, 1000.000000000000000 ) ;
#5964 = EDGE_LOOP ( 'NONE', ( #1523, #4111, #2907, #5324 ) ) ;
#5965 = FACE_OUTER_BOUND ( 'NONE', #2357, .T. ) ;
#5966 =( NAMED_UNIT ( * ) SI_UNIT ( $, .STERADIAN. ) SOLID_ANGLE_UNIT ( ) );
#5967 = CARTESIAN_POINT ( 'NONE',  ( 7.365999999999999659, 0.5080000000000000071, 1.206500000000000128 ) ) ;
#5968 = LINE ( 'NONE', #1818, #3726 ) ;
#5969 = EDGE_LOOP ( 'NONE', ( #1305, #1610, #5501, #4827 ) ) ;
#5970 = UNCERTAINTY_MEASURE_WITH_UNIT (LENGTH_MEASURE( 1.000000000000000082E-05 ), #5125, 'distance_accuracy_value', 'NONE');
#5971 = AXIS2_PLACEMENT_3D ( 'NONE', #2404, #557, #4262 ) ;
#5972 = CARTESIAN_POINT ( 'NONE',  ( 1.122967651581292303, 0.4064000000000000390, 3.733800000000000008 ) ) ;
#5973 = CARTESIAN_POINT ( 'NONE',  ( 7.873999999999998778, 8.509000000000000341, -1.206499999999999906 ) ) ;
#5974 =( NAMED_UNIT ( * ) PLANE_ANGLE_UNIT ( ) SI_UNIT ( $, .RADIAN. ) );
#5975 = LINE ( 'NONE', #1802, #1528 ) ;
#5976 = ORIENTED_EDGE ( 'NONE', *, *, #5301, .T. ) ;
#5977 = DIRECTION ( 'NONE',  ( -1.000000000000000000, 0.000000000000000000, 0.000000000000000000 ) ) ;
#5978 = CARTESIAN_POINT ( 'NONE',  ( 7.365999999999999659, 0.5080000000000000071, 5.080000000000000071 ) ) ;
#5979 = NEXT_ASSEMBLY_USAGE_OCCURRENCE ( 'NAUO1', ' ', ' ', #4557, #1845, $ ) ;
#5980 = NEXT_ASSEMBLY_USAGE_OCCURRENCE ( 'NAUO2', ' ', ' ', #4557, #3564, $ ) ;
ENDSEC;
END-ISO-10303-21;
