#VRML V2.0 utf8
# META "generator" "CAD Exchanger 3.10.2 (cadexchanger.com)"
DEF __1 Transform {
  children [
    DEF SSW-106-02-T-S-RA Group {
      children [
        DEF T1SSW-106-02-T-S-RA Group {
          children [
            DEF T1SSW-106-02-T-S-RA_1 Shape {
              appearance DEF __5 Appearance {
                material DEF __6 Material {
                  ambientIntensity 0.289772719145
                  diffuseColor 0.690196096897 0.690196096897 0.690196096897
                  shininess 0
                }
              }
              geometry DEF __7 IndexedFaceSet {
                solid FALSE
                coord Coordinate {
                  point [
                    0.005334 0.000508 -0.0012065,
                    0.007366 0.000508 -0.0012065,
                    0.005334 0 -0.0012065,
                    0.004826 0 -0.0012065,
                    0.004826 0.000508 -0.0012065,
                    0.002794 0.000508 -0.0012065,
                    0.002794 0 -0.0012065,
                    0.002286 0 -0.0012065,
                    0.002286 0.000508 -0.0012065,
                    0.000254 0.000508 -0.0012065,
                    0.000254 0 -0.0012065,
                    -0.000254 0 -0.0012065,
                    -0.000254 0.000508 -0.0012065,
                    -0.002286 0.000508 -0.0012065,
                    -0.002286 0 -0.0012065,
                    -0.002794 0 -0.0012065,
                    -0.002794 0.000508 -0.0012065,
                    -0.004826 0.000508 -0.0012065,
                    -0.004826 0 -0.0012065,
                    -0.005334 0 -0.0012065,
                    -0.005334 0.000508 -0.0012065,
                    -0.007366 0.000508 -0.0012065,
                    -0.007366 0 -0.0012065,
                    -0.007874 0 -0.0012065,
                    -0.007874 0.008509 -0.0012065,
                    0.007874 0.008509 -0.0012065,
                    0.007874 0 -0.0012065,
                    0.007366 0 -0.0012065,
                    0.007366 0.000508 0.0012065,
                    0.005334 0.000508 0.0012065,
                    0.0067437 0.000508 -0.0003937,
                    0.0067437 0.000508 0.0003937,
                    0.0059563 0.000508 -0.0003937,
                    0.0059563 0.000508 0.0003937,
                    0.004826 0.000508 0.0012065,
                    0.002794 0.000508 0.0012065,
                    0.0042037 0.000508 -0.0003937,
                    0.0042037 0.000508 0.0003937,
                    0.0034163 0.000508 -0.0003937,
                    0.0034163 0.000508 0.0003937,
                    0.002286 0.000508 0.0012065,
                    0.000254 0.000508 0.0012065,
                    0.0016637 0.000508 -0.0003937,
                    0.0016637 0.000508 0.0003937,
                    0.0008763 0.000508 -0.0003937,
                    0.0008763 0.000508 0.0003937,
                    -0.000254 0.000508 0.0012065,
                    -0.002286 0.000508 0.0012065,
                    -0.0008763 0.000508 -0.0003937,
                    -0.0008763 0.000508 0.0003937,
                    -0.0016637 0.000508 -0.0003937,
                    -0.0016637 0.000508 0.0003937,
                    -0.002794 0.000508 0.0012065,
                    -0.004826 0.000508 0.0012065,
                    -0.0034163 0.000508 -0.0003937,
                    -0.0034163 0.000508 0.0003937,
                    -0.0042037 0.000508 -0.0003937,
                    -0.0042037 0.000508 0.0003937,
                    -0.005334 0.000508 0.0012065,
                    -0.007366 0.000508 0.0012065,
                    -0.0059563 0.000508 -0.0003937,
                    -0.0059563 0.000508 0.0003937,
                    -0.0067437 0.000508 -0.0003937,
                    -0.0067437 0.000508 0.0003937,
                    -0.007874 0.008509 0.0012065,
                    -0.007874 0 0.0012065,
                    0.007874 0.008509 0.0012065,
                    0.0059563 0.008509 0.0003937,
                    0.0067437 0.008509 0.0003937,
                    0.0059563 0.008509 -0.0003937,
                    0.0067437 0.008509 -0.0003937,
                    0.0034163 0.008509 0.0003937,
                    0.0042037 0.008509 0.0003937,
                    0.0034163 0.008509 -0.0003937,
                    0.0042037 0.008509 -0.0003937,
                    0.0008763 0.008509 0.0003937,
                    0.0016637 0.008509 0.0003937,
                    0.0008763 0.008509 -0.0003937,
                    0.0016637 0.008509 -0.0003937,
                    -0.0016637 0.008509 0.0003937,
                    -0.0008763 0.008509 0.0003937,
                    -0.0016637 0.008509 -0.0003937,
                    -0.0008763 0.008509 -0.0003937,
                    -0.0042037 0.008509 0.0003937,
                    -0.0034163 0.008509 0.0003937,
                    -0.0042037 0.008509 -0.0003937,
                    -0.0034163 0.008509 -0.0003937,
                    -0.0067437 0.008509 0.0003937,
                    -0.0059563 0.008509 0.0003937,
                    -0.0067437 0.008509 -0.0003937,
                    -0.0059563 0.008509 -0.0003937,
                    0.007874 0 0.0012065,
                    0.005334 0 0.0012065,
                    0.007366 0 0.0012065,
                    -0.007366 0 0.0012065,
                    -0.005334 0 0.0012065,
                    -0.004826 0 0.0012065,
                    -0.002794 0 0.0012065,
                    -0.002286 0 0.0012065,
                    -0.000254 0 0.0012065,
                    0.000254 0 0.0012065,
                    0.002286 0 0.0012065,
                    0.002794 0 0.0012065,
                    0.004826 0 0.0012065

                  ]
                }
                normal Normal {
                  vector [
                    -0 -0 -1,
                    -0 -0 -1,
                    -0 -0 -1,
                    -0 -0 -1,
                    -0 -0 -1,
                    -0 -0 -1,
                    -0 -0 -1,
                    -0 -0 -1,
                    -0 -0 -1,
                    -0 -0 -1,
                    -0 -0 -1,
                    -0 -0 -1,
                    -0 -0 -1,
                    -0 -0 -1,
                    -0 -0 -1,
                    -0 -0 -1,
                    -0 -0 -1,
                    -0 -0 -1,
                    -0 -0 -1,
                    -0 -0 -1,
                    -0 -0 -1,
                    -0 -0 -1,
                    -0 -0 -1,
                    -0 -0 -1,
                    -0 -0 -1,
                    -0 -0 -1,
                    -0 -0 -1,
                    -0 -0 -1,
                    5.3356405e-17 -1 0,
                    5.3356405e-17 -1 0,
                    5.3356405e-17 -1 0,
                    5.3356405e-17 -1 0,
                    5.3356405e-17 -1 0,
                    5.3356405e-17 -1 0,
                    5.3356405e-17 -1 0,
                    5.3356405e-17 -1 0,
                    5.3356405e-17 -1 0,
                    5.3356405e-17 -1 0,
                    5.3356405e-17 -1 0,
                    5.3356405e-17 -1 0,
                    5.3356405e-17 -1 0,
                    5.3356405e-17 -1 0,
                    5.3356405e-17 -1 0,
                    5.3356405e-17 -1 0,
                    5.3356405e-17 -1 0,
                    5.3356405e-17 -1 0,
                    5.3356405e-17 -1 0,
                    5.3356405e-17 -1 0,
                    5.3356405e-17 -1 0,
                    5.3356405e-17 -1 0,
                    5.3356405e-17 -1 0,
                    5.3356405e-17 -1 0,
                    5.3356405e-17 -1 0,
                    5.3356405e-17 -1 0,
                    5.3356405e-17 -1 0,
                    5.3356405e-17 -1 0,
                    5.3356405e-17 -1 0,
                    5.3356405e-17 -1 0,
                    5.3356405e-17 -1 0,
                    5.3356405e-17 -1 0,
                    5.3356405e-17 -1 0,
                    5.3356405e-17 -1 0,
                    5.3356405e-17 -1 0,
                    5.3356405e-17 -1 0,
                    5.3356405e-17 -1 0,
                    5.3356405e-17 -1 0,
                    5.3356405e-17 -1 0,
                    5.3356405e-17 -1 0,
                    5.3356405e-17 -1 0,
                    5.3356405e-17 -1 0,
                    5.3356405e-17 -1 0,
                    5.3356405e-17 -1 0,
                    5.3356405e-17 -1 0,
                    5.3356405e-17 -1 0,
                    5.3356405e-17 -1 0,
                    5.3356405e-17 -1 0,
                    -1 -0 -0,
                    -1 -0 -0,
                    -1 -0 -0,
                    -1 -0 -0,
                    0 1 0,
                    0 1 0,
                    0 1 0,
                    0 1 0,
                    0 1 0,
                    0 1 0,
                    0 1 0,
                    0 1 0,
                    0 1 0,
                    0 1 0,
                    0 1 0,
                    0 1 0,
                    0 1 0,
                    0 1 0,
                    0 1 0,
                    0 1 0,
                    0 1 0,
                    0 1 0,
                    0 1 0,
                    0 1 0,
                    0 1 0,
                    0 1 0,
                    0 1 0,
                    0 1 0,
                    0 1 0,
                    0 1 0,
                    0 1 0,
                    0 1 0,
                    1 -0 -0,
                    1 -0 -0,
                    1 -0 -0,
                    1 -0 -0,
                    1 0 0,
                    1 0 0,
                    1 0 0,
                    1 0 0,
                    -0 -0 1,
                    -0 -0 1,
                    -0 -0 1,
                    -0 -0 1,
                    -0 -0 1,
                    -0 -0 1,
                    -0 -0 1,
                    -0 -0 1,
                    -0 -0 1,
                    -0 -0 1,
                    -0 -0 1,
                    -0 -0 1,
                    -0 -0 1,
                    -0 -0 1,
                    -0 -0 1,
                    -0 -0 1,
                    -0 -0 1,
                    -0 -0 1,
                    -0 -0 1,
                    -0 -0 1,
                    -0 -0 1,
                    -0 -0 1,
                    -0 -0 1,
                    -0 -0 1,
                    -0 -0 1,
                    -0 -0 1,
                    -0 -0 1,
                    -0 -0 1,
                    -1 -3.4148099e-16 0,
                    -1 -3.4148099e-16 0,
                    -1 -3.4148099e-16 0,
                    -1 -3.4148099e-16 0,
                    0 0 1,
                    0 0 1,
                    0 0 1,
                    0 0 1,
                    1 0 0,
                    1 0 0,
                    1 0 0,
                    1 0 0,
                    -1 0 0,
                    -1 0 0,
                    -1 0 0,
                    -1 0 0,
                    0 0 1,
                    0 0 1,
                    0 0 1,
                    0 0 1,
                    1 0 0,
                    1 0 0,
                    1 0 0,
                    1 0 0,
                    -1 0 0,
                    -1 0 0,
                    -1 0 0,
                    -1 0 0,
                    0 0 1,
                    0 0 1,
                    0 0 1,
                    0 0 1,
                    1 0 0,
                    1 0 0,
                    1 0 0,
                    1 0 0,
                    -1 0 0,
                    -1 0 0,
                    -1 0 0,
                    -1 0 0,
                    0 0 1,
                    0 0 1,
                    0 0 1,
                    0 0 1,
                    1 0 0,
                    1 0 0,
                    1 0 0,
                    1 0 0,
                    -1 0 0,
                    -1 0 0,
                    -1 0 0,
                    -1 0 0,
                    0 0 1,
                    0 0 1,
                    0 0 1,
                    0 0 1,
                    1 0 0,
                    1 0 0,
                    1 0 0,
                    1 0 0,
                    -1 0 0,
                    -1 0 0,
                    -1 0 0,
                    -1 0 0,
                    0 0 1,
                    0 0 1,
                    0 0 1,
                    0 0 1,
                    -0 -1 -0,
                    -0 -1 -0,
                    -0 -1 -0,
                    -0 -1 -0,
                    1 0 0,
                    1 0 0,
                    1 0 0,
                    1 0 0,
                    1 0 0,
                    1 0 0,
                    1 0 0,
                    1 0 0,
                    1 0 0,
                    1 0 0,
                    1 0 0,
                    1 0 0,
                    1 0 0,
                    1 0 0,
                    1 0 0,
                    1 0 0,
                    1 0 0,
                    1 0 0,
                    1 0 0,
                    1 0 0,
                    1 0 0,
                    1 0 0,
                    1 0 0,
                    1 0 0,
                    -0 -1 -0,
                    -0 -1 -0,
                    -0 -1 -0,
                    -0 -1 -0,
                    -0 -1 -0,
                    -0 -1 -0,
                    -0 -1 -0,
                    -0 -1 -0,
                    -1 0 0,
                    -1 0 0,
                    -1 0 0,
                    -1 0 0,
                    -0 -1 -0,
                    -0 -1 -0,
                    -0 -1 -0,
                    -0 -1 -0,
                    -1 0 0,
                    -1 0 0,
                    -1 0 0,
                    -1 0 0,
                    -0 -1 -0,
                    -0 -1 -0,
                    -0 -1 -0,
                    -0 -1 -0,
                    -1 0 0,
                    -1 0 0,
                    -1 0 0,
                    -1 0 0,
                    -0 -1 -0,
                    -0 -1 -0,
                    -0 -1 -0,
                    -0 -1 -0,
                    -1 0 0,
                    -1 0 0,
                    -1 0 0,
                    -1 0 0,
                    -0 -1 -0,
                    -0 -1 -0,
                    -0 -1 -0,
                    -0 -1 -0,
                    -1 0 0,
                    -1 0 0,
                    -1 0 0,
                    -1 0 0,
                    -1 0 0,
                    -1 0 0,
                    -1 0 0,
                    -1 0 0,
                    0 0 -1,
                    0 0 -1,
                    0 0 -1,
                    0 0 -1,
                    0 0 -1,
                    0 0 -1,
                    0 0 -1,
                    0 0 -1,
                    0 0 -1,
                    0 0 -1,
                    0 0 -1,
                    0 0 -1,
                    0 0 -1,
                    0 0 -1,
                    0 0 -1,
                    0 0 -1,
                    0 0 -1,
                    0 0 -1,
                    0 0 -1,
                    0 0 -1,
                    0 0 -1,
                    0 0 -1,
                    0 0 -1,
                    0 0 -1

                  ]
                }
                coordIndex [
                  26 1 25 -1 
                  26 27 1 -1 
                  21 23 24 -1 
                  12 24 25 -1 
                  21 22 23 -1 
                  20 21 24 -1 
                  16 17 24 -1 
                  18 19 20 -1 
                  17 20 24 -1 
                  17 18 20 -1 
                  12 13 24 -1 
                  14 15 16 -1 
                  13 16 24 -1 
                  13 14 16 -1 
                  0 25 1 -1 
                  10 11 12 -1 
                  9 12 25 -1 
                  9 10 12 -1 
                  8 9 25 -1 
                  6 7 8 -1 
                  5 8 25 -1 
                  5 6 8 -1 
                  4 5 25 -1 
                  2 3 4 -1 
                  0 4 25 -1 
                  0 2 4 -1 
                  29 31 28 -1 
                  31 1 28 -1 
                  30 32 0 -1 
                  30 0 1 -1 
                  30 1 31 -1 
                  32 29 0 -1 
                  33 31 29 -1 
                  33 29 32 -1 
                  35 37 34 -1 
                  37 4 34 -1 
                  36 38 5 -1 
                  36 5 4 -1 
                  36 4 37 -1 
                  38 35 5 -1 
                  39 37 35 -1 
                  39 35 38 -1 
                  41 43 40 -1 
                  43 8 40 -1 
                  42 44 9 -1 
                  42 9 8 -1 
                  42 8 43 -1 
                  44 41 9 -1 
                  45 43 41 -1 
                  45 41 44 -1 
                  47 49 46 -1 
                  49 12 46 -1 
                  48 50 13 -1 
                  48 13 12 -1 
                  48 12 49 -1 
                  50 47 13 -1 
                  51 49 47 -1 
                  51 47 50 -1 
                  53 55 52 -1 
                  55 16 52 -1 
                  54 56 17 -1 
                  54 17 16 -1 
                  54 16 55 -1 
                  56 53 17 -1 
                  57 55 53 -1 
                  57 53 56 -1 
                  59 61 58 -1 
                  61 20 58 -1 
                  60 62 21 -1 
                  60 21 20 -1 
                  60 20 61 -1 
                  62 59 21 -1 
                  63 61 59 -1 
                  63 59 62 -1 
                  24 23 65 -1 
                  64 24 65 -1 
                  75 64 66 -1 
                  68 66 25 -1 
                  67 66 68 -1 
                  74 69 25 -1 
                  69 72 67 -1 
                  70 68 25 -1 
                  70 25 69 -1 
                  74 72 69 -1 
                  72 66 67 -1 
                  71 66 72 -1 
                  78 73 25 -1 
                  73 76 71 -1 
                  74 25 73 -1 
                  78 76 73 -1 
                  76 66 71 -1 
                  75 66 76 -1 
                  77 25 24 -1 
                  77 80 75 -1 
                  78 25 77 -1 
                  82 80 77 -1 
                  80 64 75 -1 
                  79 64 80 -1 
                  82 77 24 -1 
                  81 84 79 -1 
                  82 24 81 -1 
                  86 84 81 -1 
                  84 64 79 -1 
                  90 88 85 -1 
                  83 64 84 -1 
                  86 81 24 -1 
                  85 88 83 -1 
                  86 24 85 -1 
                  87 89 24 -1 
                  88 64 83 -1 
                  87 24 64 -1 
                  87 64 88 -1 
                  90 85 24 -1 
                  90 24 89 -1 
                  66 91 26 -1 
                  25 66 26 -1 
                  2 29 92 -1 
                  0 29 2 -1 
                  34 29 66 -1 
                  103 92 29 -1 
                  34 103 29 -1 
                  64 41 66 -1 
                  66 35 34 -1 
                  101 102 35 -1 
                  40 101 35 -1 
                  66 40 35 -1 
                  99 41 46 -1 
                  99 100 41 -1 
                  66 41 40 -1 
                  64 46 41 -1 
                  97 47 52 -1 
                  97 98 47 -1 
                  64 47 46 -1 
                  64 52 47 -1 
                  95 53 58 -1 
                  95 96 53 -1 
                  64 53 52 -1 
                  64 58 53 -1 
                  65 59 64 -1 
                  65 94 59 -1 
                  64 59 58 -1 
                  66 29 28 -1 
                  91 28 93 -1 
                  91 66 28 -1 
                  28 1 93 -1 
                  27 93 1 -1 
                  69 30 70 -1 
                  32 30 69 -1 
                  6 35 102 -1 
                  5 35 6 -1 
                  4 103 34 -1 
                  3 103 4 -1 
                  73 36 74 -1 
                  38 36 73 -1 
                  10 41 100 -1 
                  9 41 10 -1 
                  8 101 40 -1 
                  7 101 8 -1 
                  77 42 78 -1 
                  44 42 77 -1 
                  14 47 98 -1 
                  13 47 14 -1 
                  12 99 46 -1 
                  11 99 12 -1 
                  81 48 82 -1 
                  50 48 81 -1 
                  18 53 96 -1 
                  17 53 18 -1 
                  16 97 52 -1 
                  15 97 16 -1 
                  85 54 86 -1 
                  56 54 85 -1 
                  22 59 94 -1 
                  21 59 22 -1 
                  20 95 58 -1 
                  19 95 20 -1 
                  89 60 90 -1 
                  62 60 89 -1 
                  23 94 65 -1 
                  23 22 94 -1 
                  67 32 69 -1 
                  33 32 67 -1 
                  71 38 73 -1 
                  39 38 71 -1 
                  75 44 77 -1 
                  45 44 75 -1 
                  79 50 81 -1 
                  51 50 79 -1 
                  83 56 85 -1 
                  57 56 83 -1 
                  87 62 89 -1 
                  63 62 87 -1 
                  91 93 27 -1 
                  26 91 27 -1 
                  3 92 103 -1 
                  3 2 92 -1 
                  70 31 68 -1 
                  30 31 70 -1 
                  7 102 101 -1 
                  7 6 102 -1 
                  74 37 72 -1 
                  36 37 74 -1 
                  11 100 99 -1 
                  11 10 100 -1 
                  78 43 76 -1 
                  42 43 78 -1 
                  15 98 97 -1 
                  15 14 98 -1 
                  82 49 80 -1 
                  48 49 82 -1 
                  19 96 95 -1 
                  19 18 96 -1 
                  86 55 84 -1 
                  54 55 86 -1 
                  90 61 88 -1 
                  60 61 90 -1 
                  68 33 67 -1 
                  31 33 68 -1 
                  72 39 71 -1 
                  37 39 72 -1 
                  76 45 75 -1 
                  43 45 76 -1 
                  80 51 79 -1 
                  49 51 80 -1 
                  84 57 83 -1 
                  55 57 84 -1 
                  88 63 87 -1 
                  61 63 88 -1 
                ]
                normalIndex [
                  2 0 3 -1 
                  2 1 0 -1 
                  7 5 4 -1 
                  16 4 3 -1 
                  7 6 5 -1 
                  8 7 4 -1 
                  12 11 4 -1 
                  10 9 8 -1 
                  11 8 4 -1 
                  11 10 8 -1 
                  16 15 4 -1 
                  14 13 12 -1 
                  15 12 4 -1 
                  15 14 12 -1 
                  27 3 0 -1 
                  18 17 16 -1 
                  19 16 3 -1 
                  19 18 16 -1 
                  20 19 3 -1 
                  22 21 20 -1 
                  23 20 3 -1 
                  23 22 20 -1 
                  24 23 3 -1 
                  26 25 24 -1 
                  27 24 3 -1 
                  27 26 24 -1 
                  29 32 28 -1 
                  32 31 28 -1 
                  33 34 30 -1 
                  33 30 31 -1 
                  33 31 32 -1 
                  34 29 30 -1 
                  35 32 29 -1 
                  35 29 34 -1 
                  37 40 36 -1 
                  40 39 36 -1 
                  41 42 38 -1 
                  41 38 39 -1 
                  41 39 40 -1 
                  42 37 38 -1 
                  43 40 37 -1 
                  43 37 42 -1 
                  45 48 44 -1 
                  48 47 44 -1 
                  49 50 46 -1 
                  49 46 47 -1 
                  49 47 48 -1 
                  50 45 46 -1 
                  51 48 45 -1 
                  51 45 50 -1 
                  53 56 52 -1 
                  56 55 52 -1 
                  57 58 54 -1 
                  57 54 55 -1 
                  57 55 56 -1 
                  58 53 54 -1 
                  59 56 53 -1 
                  59 53 58 -1 
                  61 64 60 -1 
                  64 63 60 -1 
                  65 66 62 -1 
                  65 62 63 -1 
                  65 63 64 -1 
                  66 61 62 -1 
                  67 64 61 -1 
                  67 61 66 -1 
                  69 72 68 -1 
                  72 71 68 -1 
                  73 74 70 -1 
                  73 70 71 -1 
                  73 71 72 -1 
                  74 69 70 -1 
                  75 72 69 -1 
                  75 69 74 -1 
                  78 77 76 -1 
                  79 78 76 -1 
                  93 80 81 -1 
                  84 81 82 -1 
                  85 81 84 -1 
                  91 86 82 -1 
                  86 88 85 -1 
                  87 84 82 -1 
                  87 82 86 -1 
                  91 88 86 -1 
                  88 81 85 -1 
                  89 81 88 -1 
                  95 90 82 -1 
                  90 92 89 -1 
                  91 82 90 -1 
                  95 92 90 -1 
                  92 81 89 -1 
                  93 81 92 -1 
                  94 82 83 -1 
                  94 96 93 -1 
                  95 82 94 -1 
                  99 96 94 -1 
                  96 80 93 -1 
                  97 80 96 -1 
                  99 94 83 -1 
                  98 100 97 -1 
                  99 83 98 -1 
                  103 100 98 -1 
                  100 80 97 -1 
                  107 104 102 -1 
                  101 80 100 -1 
                  103 98 83 -1 
                  102 104 101 -1 
                  103 83 102 -1 
                  105 106 83 -1 
                  104 80 101 -1 
                  105 83 80 -1 
                  105 80 104 -1 
                  107 102 83 -1 
                  107 83 106 -1 
                  110 109 108 -1 
                  111 110 108 -1 
                  114 112 113 -1 
                  115 112 114 -1 
                  121 118 142 -1 
                  120 119 118 -1 
                  121 120 118 -1 
                  141 126 142 -1 
                  142 122 121 -1 
                  124 123 122 -1 
                  125 124 122 -1 
                  142 125 122 -1 
                  128 126 129 -1 
                  128 127 126 -1 
                  142 126 125 -1 
                  141 129 126 -1 
                  132 130 133 -1 
                  132 131 130 -1 
                  141 130 129 -1 
                  141 133 130 -1 
                  136 134 137 -1 
                  136 135 134 -1 
                  141 134 133 -1 
                  141 137 134 -1 
                  140 138 141 -1 
                  140 139 138 -1 
                  141 138 137 -1 
                  142 118 117 -1 
                  143 117 116 -1 
                  143 142 117 -1 
                  145 146 144 -1 
                  147 144 146 -1 
                  150 148 149 -1 
                  151 148 150 -1 
                  154 152 153 -1 
                  155 152 154 -1 
                  158 156 157 -1 
                  159 156 158 -1 
                  162 160 161 -1 
                  163 160 162 -1 
                  166 164 165 -1 
                  167 164 166 -1 
                  170 168 169 -1 
                  171 168 170 -1 
                  174 172 173 -1 
                  175 172 174 -1 
                  178 176 177 -1 
                  179 176 178 -1 
                  182 180 181 -1 
                  183 180 182 -1 
                  186 184 185 -1 
                  187 184 186 -1 
                  190 188 189 -1 
                  191 188 190 -1 
                  194 192 193 -1 
                  195 192 194 -1 
                  198 196 197 -1 
                  199 196 198 -1 
                  202 200 201 -1 
                  203 200 202 -1 
                  206 204 205 -1 
                  207 204 206 -1 
                  210 208 209 -1 
                  211 208 210 -1 
                  214 212 215 -1 
                  214 213 212 -1 
                  218 216 217 -1 
                  219 216 218 -1 
                  222 220 221 -1 
                  223 220 222 -1 
                  226 224 225 -1 
                  227 224 226 -1 
                  230 228 229 -1 
                  231 228 230 -1 
                  234 232 233 -1 
                  235 232 234 -1 
                  238 236 237 -1 
                  239 236 238 -1 
                  242 241 240 -1 
                  243 242 240 -1 
                  246 244 247 -1 
                  246 245 244 -1 
                  250 248 249 -1 
                  251 248 250 -1 
                  254 252 255 -1 
                  254 253 252 -1 
                  258 256 257 -1 
                  259 256 258 -1 
                  262 260 263 -1 
                  262 261 260 -1 
                  266 264 265 -1 
                  267 264 266 -1 
                  270 268 271 -1 
                  270 269 268 -1 
                  274 272 273 -1 
                  275 272 274 -1 
                  278 276 279 -1 
                  278 277 276 -1 
                  282 280 281 -1 
                  283 280 282 -1 
                  286 284 285 -1 
                  287 284 286 -1 
                  290 288 289 -1 
                  291 288 290 -1 
                  294 292 293 -1 
                  295 292 294 -1 
                  298 296 297 -1 
                  299 296 298 -1 
                  302 300 301 -1 
                  303 300 302 -1 
                  306 304 305 -1 
                  307 304 306 -1 
                  310 308 309 -1 
                  311 308 310 -1 
                ]
              }
            }
          ]
        }
        DEF __8 Transform {
          translation 0 -0.0017272 -2.11520995149e-19
          children [
            DEF P2SSW-106-02-T-S-RA Group {
              children [
                DEF P2SSW-106-02-T-S-RA_1 Shape {
                  appearance DEF __11 Appearance {
                    material DEF __12 Material {
                      ambientIntensity 0.215556502342
                      diffuseColor 1 1 0
                      shininess 0
                    }
                  }
                  geometry DEF __13 IndexedFaceSet {
                    solid FALSE
                    coord Coordinate {
                      point [
                        -0.0068707 0.0027432 -0.0006096,
                        -0.0068707 0.0027432 0.0006096,
                        0.0068707 0.0027432 0.0006096,
                        0.0068707 0.0027432 -0.0006096,
                        0.0068707 0.0026162 0.0006096,
                        -0.0068707 0.0026162 0.0006096,
                        -0.0068707 0.0026162 -0.0006096,
                        0.0068707 0.0026162 -0.0006096,
                        -0.0059563 0.0026162 -0.0002032,
                        -0.0067437 0.0026162 -0.0002032,
                        -0.0067437 0.0026162 0.0002032,
                        -0.0059563 0.0026162 0.0002032,
                        -0.0034163 0.0026162 -0.0002032,
                        -0.0042037 0.0026162 -0.0002032,
                        -0.0042037 0.0026162 0.0002032,
                        -0.0034163 0.0026162 0.0002032,
                        -0.0008763 0.0026162 -0.0002032,
                        -0.0016637 0.0026162 -0.0002032,
                        -0.0016637 0.0026162 0.0002032,
                        -0.0008763 0.0026162 0.0002032,
                        0.0016637 0.0026162 -0.0002032,
                        0.0008763 0.0026162 -0.0002032,
                        0.0008763 0.0026162 0.0002032,
                        0.0016637 0.0026162 0.0002032,
                        0.0042037 0.0026162 -0.0002032,
                        0.0034163 0.0026162 -0.0002032,
                        0.0034163 0.0026162 0.0002032,
                        0.0042037 0.0026162 0.0002032,
                        0.0067437 0.0026162 -0.0002032,
                        0.0059563 0.0026162 -0.0002032,
                        0.0059563 0.0026162 0.0002032,
                        0.0067437 0.0026162 0.0002032,
                        -0.0059563 0.0008128 0.0002032,
                        -0.0059563 0.0004064 0.0006096,
                        -0.0059563 0.0004064 0.00330655909488,
                        -0.0059563 0 0.00330655909488,
                        -0.0059563 0 0.0006096,
                        -0.0059563 0.0008128 -0.0002032,
                        -0.0034163 0.0008128 0.0002032,
                        -0.0034163 0.0004064 0.0006096,
                        -0.0034163 0.0004064 0.00330655909488,
                        -0.0034163 0 0.00330655909488,
                        -0.0034163 0 0.0006096,
                        -0.0034163 0.0008128 -0.0002032,
                        -0.0008763 0.0008128 0.0002032,
                        -0.0008763 0.0004064 0.0006096,
                        -0.0008763 0.0004064 0.00330655909488,
                        -0.0008763 0 0.00330655909488,
                        -0.0008763 0 0.0006096,
                        -0.0008763 0.0008128 -0.0002032,
                        0.0016637 0.0008128 0.0002032,
                        0.0016637 0.0004064 0.0006096,
                        0.0016637 0.0004064 0.00330655909488,
                        0.0016637 0 0.00330655909488,
                        0.0016637 0 0.0006096,
                        0.0016637 0.0008128 -0.0002032,
                        0.0042037 0.0008128 0.0002032,
                        0.0042037 0.0004064 0.0006096,
                        0.0042037 0.0004064 0.00330655909488,
                        0.0042037 0 0.00330655909488,
                        0.0042037 0 0.0006096,
                        0.0042037 0.0008128 -0.0002032,
                        0.0067437 0.0008128 0.0002032,
                        0.0067437 0.0004064 0.0006096,
                        0.0067437 0.0004064 0.00330655909488,
                        0.0067437 0 0.00330655909488,
                        0.0067437 0 0.0006096,
                        0.0067437 0.0008128 -0.0002032,
                        -0.0067437 0.0008128 0.0002032,
                        -0.0067437 0.0004064 0.0006096,
                        -0.0067437 0.0008128 -0.0002032,
                        -0.0067437 0 0.0006096,
                        -0.0067437 0 0.00330655909488,
                        -0.00620296765158 -4.62592926927e-18 0.0037338,
                        -0.00649703234842 0 0.0037338,
                        -0.00620296765158 0.0004064 0.0037338,
                        -0.00649703234842 0.0004064 0.0037338,
                        -0.0067437 0.0004064 0.00330655909488,
                        -0.0042037 0.0008128 0.0002032,
                        -0.0042037 0.0004064 0.0006096,
                        -0.0042037 0.0008128 -0.0002032,
                        -0.0042037 0 0.0006096,
                        -0.00395703234842 0 0.0037338,
                        -0.00366296765158 0 0.0037338,
                        -0.0042037 0 0.00330655909488,
                        -0.00366296765158 0.0004064 0.0037338,
                        -0.0042037 0.0004064 0.00330655909488,
                        -0.00395703234842 0.0004064 0.0037338,
                        -0.0016637 0.0008128 0.0002032,
                        -0.0016637 0.0004064 0.0006096,
                        -0.0016637 0.0008128 -0.0002032,
                        -0.0016637 0 0.0006096,
                        -0.00141703234842 0 0.0037338,
                        -0.00112296765158 0 0.0037338,
                        -0.0016637 0 0.00330655909488,
                        -0.00112296765158 0.0004064 0.0037338,
                        -0.0016637 0.0004064 0.00330655909488,
                        -0.00141703234842 0.0004064 0.0037338,
                        0.0008763 0.0008128 0.0002032,
                        0.0008763 0.0004064 0.0006096,
                        0.0008763 0.0008128 -0.0002032,
                        0.0008763 0 0.0006096,
                        0.00112296765158 0 0.0037338,
                        0.00141703234842 0 0.0037338,
                        0.0008763 0 0.00330655909488,
                        0.00141703234842 0.0004064 0.0037338,
                        0.0008763 0.0004064 0.00330655909488,
                        0.00112296765158 0.0004064 0.0037338,
                        0.0034163 0.0008128 0.0002032,
                        0.0034163 0.0004064 0.0006096,
                        0.0034163 0.0008128 -0.0002032,
                        0.0034163 0 0.0006096,
                        0.00366296765158 0 0.0037338,
                        0.00395703234842 0 0.0037338,
                        0.0034163 0 0.00330655909488,
                        0.00395703234842 0.0004064 0.0037338,
                        0.0034163 0.0004064 0.00330655909488,
                        0.00366296765158 0.0004064 0.0037338,
                        0.0059563 0.0008128 0.0002032,
                        0.0059563 0.0004064 0.0006096,
                        0.0059563 0.0008128 -0.0002032,
                        0.0059563 0 0.0006096,
                        0.00620296765158 0 0.0037338,
                        0.00649703234842 -4.62592926927e-18 0.0037338,
                        0.0059563 0 0.00330655909488,
                        0.00649703234842 0.0004064 0.0037338,
                        0.0059563 0.0004064 0.00330655909488,
                        0.00620296765158 0.0004064 0.0037338,
                        -0.0059563 0.000742229380596 0.000209374129176,
                        -0.0059563 0.000673803013752 0.000227708918913,
                        -0.0059563 0.0006096 0.000257647275902,
                        -0.0059563 0.000551571115423 0.000298279538316,
                        -0.0059563 0.000501479538316 0.000348371115423,
                        -0.0059563 0.000460847275902 0.0004064,
                        -0.0059563 0.000430908918913 0.000470603013752,
                        -0.0059563 0.000412574129176 0.000539029380596,
                        -0.0059563 1.23482583517e-05 0.000468458761192,
                        -0.0059563 4.90178378252e-05 0.000331606027505,
                        -0.0059563 0.000108894551804 0.0002032,
                        -0.0059563 0.000190159076633 8.71422308468e-05,
                        -0.0059563 0.000290342230847 -1.30409233671e-05,
                        -0.0059563 0.0004064 -9.4305448196e-05,
                        -0.0059563 0.000534806027505 -0.000154182162175,
                        -0.0059563 0.000671658761192 -0.000190851741648,
                        -0.0034163 0.000742229380596 0.000209374129176,
                        -0.0034163 0.000673803013752 0.000227708918913,
                        -0.0034163 0.0006096 0.000257647275902,
                        -0.0034163 0.000551571115423 0.000298279538316,
                        -0.0034163 0.000501479538316 0.000348371115423,
                        -0.0034163 0.000460847275902 0.0004064,
                        -0.0034163 0.000430908918913 0.000470603013752,
                        -0.0034163 0.000412574129176 0.000539029380596,
                        -0.0034163 1.23482583517e-05 0.000468458761192,
                        -0.0034163 4.90178378252e-05 0.000331606027505,
                        -0.0034163 0.000108894551804 0.0002032,
                        -0.0034163 0.000190159076633 8.71422308468e-05,
                        -0.0034163 0.000290342230847 -1.30409233671e-05,
                        -0.0034163 0.0004064 -9.4305448196e-05,
                        -0.0034163 0.000534806027505 -0.000154182162175,
                        -0.0034163 0.000671658761192 -0.000190851741648,
                        -0.0008763 0.000742229380596 0.000209374129176,
                        -0.0008763 0.000673803013752 0.000227708918913,
                        -0.0008763 0.0006096 0.000257647275902,
                        -0.0008763 0.000551571115423 0.000298279538316,
                        -0.0008763 0.000501479538316 0.000348371115423,
                        -0.0008763 0.000460847275902 0.0004064,
                        -0.0008763 0.000430908918913 0.000470603013752,
                        -0.0008763 0.000412574129176 0.000539029380596,
                        -0.0008763 1.23482583517e-05 0.000468458761192,
                        -0.0008763 4.90178378252e-05 0.000331606027505,
                        -0.0008763 0.000108894551804 0.0002032,
                        -0.0008763 0.000190159076633 8.71422308468e-05,
                        -0.0008763 0.000290342230847 -1.30409233671e-05,
                        -0.0008763 0.0004064 -9.4305448196e-05,
                        -0.0008763 0.000534806027505 -0.000154182162175,
                        -0.0008763 0.000671658761192 -0.000190851741648,
                        0.0016637 0.000742229380596 0.000209374129176,
                        0.0016637 0.000673803013752 0.000227708918913,
                        0.0016637 0.0006096 0.000257647275902,
                        0.0016637 0.000551571115423 0.000298279538316,
                        0.0016637 0.000501479538316 0.000348371115423,
                        0.0016637 0.000460847275902 0.0004064,
                        0.0016637 0.000430908918913 0.000470603013752,
                        0.0016637 0.000412574129176 0.000539029380596,
                        0.0016637 1.23482583517e-05 0.000468458761192,
                        0.0016637 4.90178378252e-05 0.000331606027505,
                        0.0016637 0.000108894551804 0.0002032,
                        0.0016637 0.000190159076633 8.71422308468e-05,
                        0.0016637 0.000290342230847 -1.30409233671e-05,
                        0.0016637 0.0004064 -9.4305448196e-05,
                        0.0016637 0.000534806027505 -0.000154182162175,
                        0.0016637 0.000671658761192 -0.000190851741648,
                        0.0042037 0.000742229380596 0.000209374129176,
                        0.0042037 0.000673803013752 0.000227708918913,
                        0.0042037 0.0006096 0.000257647275902,
                        0.0042037 0.000551571115423 0.000298279538316,
                        0.0042037 0.000501479538316 0.000348371115423,
                        0.0042037 0.000460847275902 0.0004064,
                        0.0042037 0.000430908918913 0.000470603013752,
                        0.0042037 0.000412574129176 0.000539029380596,
                        0.0042037 1.23482583517e-05 0.000468458761192,
                        0.0042037 4.90178378252e-05 0.000331606027505,
                        0.0042037 0.000108894551804 0.0002032,
                        0.0042037 0.000190159076633 8.71422308468e-05,
                        0.0042037 0.000290342230847 -1.30409233671e-05,
                        0.0042037 0.0004064 -9.4305448196e-05,
                        0.0042037 0.000534806027505 -0.000154182162175,
                        0.0042037 0.000671658761192 -0.000190851741648,
                        0.0067437 0.000742229380596 0.000209374129176,
                        0.0067437 0.000673803013752 0.000227708918913,
                        0.0067437 0.0006096 0.000257647275902,
                        0.0067437 0.000551571115423 0.000298279538316,
                        0.0067437 0.000501479538316 0.000348371115423,
                        0.0067437 0.000460847275902 0.0004064,
                        0.0067437 0.000430908918913 0.000470603013752,
                        0.0067437 0.000412574129176 0.000539029380596,
                        0.0067437 1.23482583517e-05 0.000468458761192,
                        0.0067437 4.90178378252e-05 0.000331606027505,
                        0.0067437 0.000108894551804 0.0002032,
                        0.0067437 0.000190159076633 8.71422308468e-05,
                        0.0067437 0.000290342230847 -1.30409233671e-05,
                        0.0067437 0.0004064 -9.4305448196e-05,
                        0.0067437 0.000534806027505 -0.000154182162175,
                        0.0067437 0.000671658761192 -0.000190851741648,
                        -0.0067437 0.000412574129176 0.000539029380596,
                        -0.0067437 0.000430908918913 0.000470603013752,
                        -0.0067437 0.000460847275902 0.0004064,
                        -0.0067437 0.000501479538316 0.000348371115423,
                        -0.0067437 0.000551571115423 0.000298279538316,
                        -0.0067437 0.0006096 0.000257647275902,
                        -0.0067437 0.000673803013752 0.000227708918913,
                        -0.0067437 0.000742229380596 0.000209374129176,
                        -0.0067437 1.23482583517e-05 0.000468458761192,
                        -0.0067437 4.90178378252e-05 0.000331606027505,
                        -0.0067437 0.000108894551804 0.0002032,
                        -0.0067437 0.000190159076633 8.71422308468e-05,
                        -0.0067437 0.000290342230847 -1.30409233671e-05,
                        -0.0067437 0.0004064 -9.4305448196e-05,
                        -0.0067437 0.000534806027505 -0.000154182162175,
                        -0.0067437 0.000671658761192 -0.000190851741648,
                        -0.0042037 0.000412574129176 0.000539029380596,
                        -0.0042037 0.000430908918913 0.000470603013752,
                        -0.0042037 0.000460847275902 0.0004064,
                        -0.0042037 0.000501479538316 0.000348371115423,
                        -0.0042037 0.000551571115423 0.000298279538316,
                        -0.0042037 0.0006096 0.000257647275902,
                        -0.0042037 0.000673803013752 0.000227708918913,
                        -0.0042037 0.000742229380596 0.000209374129176,
                        -0.0042037 1.23482583517e-05 0.000468458761192,
                        -0.0042037 4.90178378252e-05 0.000331606027505,
                        -0.0042037 0.000108894551804 0.0002032,
                        -0.0042037 0.000190159076633 8.71422308468e-05,
                        -0.0042037 0.000290342230847 -1.30409233671e-05,
                        -0.0042037 0.0004064 -9.4305448196e-05,
                        -0.0042037 0.000534806027505 -0.000154182162175,
                        -0.0042037 0.000671658761192 -0.000190851741648,
                        -0.0016637 0.000412574129176 0.000539029380596,
                        -0.0016637 0.000430908918913 0.000470603013752,
                        -0.0016637 0.000460847275902 0.0004064,
                        -0.0016637 0.000501479538316 0.000348371115423,
                        -0.0016637 0.000551571115423 0.000298279538316,
                        -0.0016637 0.0006096 0.000257647275902,
                        -0.0016637 0.000673803013752 0.000227708918913,
                        -0.0016637 0.000742229380596 0.000209374129176,
                        -0.0016637 1.23482583517e-05 0.000468458761192,
                        -0.0016637 4.90178378252e-05 0.000331606027505,
                        -0.0016637 0.000108894551804 0.0002032,
                        -0.0016637 0.000190159076633 8.71422308468e-05,
                        -0.0016637 0.000290342230847 -1.30409233671e-05,
                        -0.0016637 0.0004064 -9.4305448196e-05,
                        -0.0016637 0.000534806027505 -0.000154182162175,
                        -0.0016637 0.000671658761192 -0.000190851741648,
                        0.0008763 0.000412574129176 0.000539029380596,
                        0.0008763 0.000430908918913 0.000470603013752,
                        0.0008763 0.000460847275902 0.0004064,
                        0.0008763 0.000501479538316 0.000348371115423,
                        0.0008763 0.000551571115423 0.000298279538316,
                        0.0008763 0.0006096 0.000257647275902,
                        0.0008763 0.000673803013752 0.000227708918913,
                        0.0008763 0.000742229380596 0.000209374129176,
                        0.0008763 1.23482583517e-05 0.000468458761192,
                        0.0008763 4.90178378252e-05 0.000331606027505,
                        0.0008763 0.000108894551804 0.0002032,
                        0.0008763 0.000190159076633 8.71422308468e-05,
                        0.0008763 0.000290342230847 -1.30409233671e-05,
                        0.0008763 0.0004064 -9.4305448196e-05,
                        0.0008763 0.000534806027505 -0.000154182162175,
                        0.0008763 0.000671658761192 -0.000190851741648,
                        0.0034163 0.000412574129176 0.000539029380596,
                        0.0034163 0.000430908918913 0.000470603013752,
                        0.0034163 0.000460847275902 0.0004064,
                        0.0034163 0.000501479538316 0.000348371115423,
                        0.0034163 0.000551571115423 0.000298279538316,
                        0.0034163 0.0006096 0.000257647275902,
                        0.0034163 0.000673803013752 0.000227708918913,
                        0.0034163 0.000742229380596 0.000209374129176,
                        0.0034163 1.23482583517e-05 0.000468458761192,
                        0.0034163 4.90178378252e-05 0.000331606027505,
                        0.0034163 0.000108894551804 0.0002032,
                        0.0034163 0.000190159076633 8.71422308468e-05,
                        0.0034163 0.000290342230847 -1.30409233671e-05,
                        0.0034163 0.0004064 -9.4305448196e-05,
                        0.0034163 0.000534806027505 -0.000154182162175,
                        0.0034163 0.000671658761192 -0.000190851741648,
                        0.0059563 0.000412574129176 0.000539029380596,
                        0.0059563 0.000430908918913 0.000470603013752,
                        0.0059563 0.000460847275902 0.0004064,
                        0.0059563 0.000501479538316 0.000348371115423,
                        0.0059563 0.000551571115423 0.000298279538316,
                        0.0059563 0.0006096 0.000257647275902,
                        0.0059563 0.000673803013752 0.000227708918913,
                        0.0059563 0.000742229380596 0.000209374129176,
                        0.0059563 1.23482583517e-05 0.000468458761192,
                        0.0059563 4.90178378252e-05 0.000331606027505,
                        0.0059563 0.000108894551804 0.0002032,
                        0.0059563 0.000190159076633 8.71422308468e-05,
                        0.0059563 0.000290342230847 -1.30409233671e-05,
                        0.0059563 0.0004064 -9.4305448196e-05,
                        0.0059563 0.000534806027505 -0.000154182162175,
                        0.0059563 0.000671658761192 -0.000190851741648

                      ]
                    }
                    normal Normal {
                      vector [
                        0 1 0,
                        0 1 0,
                        0 1 0,
                        0 1 0,
                        -0 -0 1,
                        -0 -0 1,
                        -0 -0 1,
                        -0 -0 1,
                        -1 -0 -0,
                        -1 -0 -0,
                        -1 -0 -0,
                        -1 -0 -0,
                        -0 -0 -1,
                        -0 -0 -1,
                        -0 -0 -1,
                        -0 -0 -1,
                        1 -0 -0,
                        1 -0 -0,
                        1 -0 -0,
                        1 -0 -0,
                        -0 -1 -0,
                        -0 -1 -0,
                        -0 -1 -0,
                        -0 -1 -0,
                        -0 -1 -0,
                        -0 -1 -0,
                        -0 -1 -0,
                        -0 -1 -0,
                        -0 -1 -0,
                        -0 -1 -0,
                        -0 -1 -0,
                        -0 -1 -0,
                        -0 -1 -0,
                        -0 -1 -0,
                        -0 -1 -0,
                        -0 -1 -0,
                        -0 -1 -0,
                        -0 -1 -0,
                        -0 -1 -0,
                        -0 -1 -0,
                        -0 -1 -0,
                        -0 -1 -0,
                        -0 -1 -0,
                        -0 -1 -0,
                        -0 -1 -0,
                        -0 -1 -0,
                        -0 -1 -0,
                        -0 -1 -0,
                        1 0 0,
                        1 0 0,
                        1 0 0,
                        1 0 0,
                        1 0 0,
                        1 0 0,
                        1 0 0,
                        1 0 0,
                        1 0 0,
                        1 0 0,
                        1 0 0,
                        1 0 0,
                        1 0 0,
                        1 0 0,
                        1 0 0,
                        1 0 0,
                        1 0 0,
                        1 0 0,
                        1 0 0,
                        1 0 0,
                        1 0 0,
                        1 0 0,
                        1 0 0,
                        1 0 0,
                        1 0 0,
                        1 0 0,
                        1 0 0,
                        1 0 0,
                        1 0 0,
                        1 0 0,
                        1 0 0,
                        1 0 0,
                        1 0 0,
                        1 0 0,
                        1 0 0,
                        1 0 0,
                        1 0 0,
                        1 0 0,
                        1 0 0,
                        1 0 0,
                        1 0 0,
                        1 0 0,
                        1 0 0,
                        1 0 0,
                        1 0 0,
                        1 0 0,
                        1 0 0,
                        1 0 0,
                        1 0 0,
                        1 0 0,
                        1 0 0,
                        1 0 0,
                        1 0 0,
                        1 0 0,
                        1 0 0,
                        1 0 0,
                        1 0 0,
                        1 0 0,
                        1 0 0,
                        1 0 0,
                        1 0 0,
                        1 0 0,
                        1 0 0,
                        1 0 0,
                        1 0 0,
                        1 0 0,
                        1 0 0,
                        1 0 0,
                        1 0 0,
                        1 0 0,
                        1 0 0,
                        1 0 0,
                        1 0 0,
                        1 0 0,
                        1 0 0,
                        1 0 0,
                        1 0 0,
                        1 0 0,
                        1 0 0,
                        1 0 0,
                        1 0 0,
                        1 0 0,
                        1 0 0,
                        1 0 0,
                        1 0 0,
                        1 0 0,
                        1 0 0,
                        1 0 0,
                        1 0 0,
                        1 0 0,
                        1 0 0,
                        1 0 0,
                        1 0 0,
                        1 0 0,
                        1 0 0,
                        1 0 0,
                        1 0 0,
                        1 0 0,
                        1 0 0,
                        1 0 0,
                        1 0 0,
                        1 0 0,
                        1 0 0,
                        1 0 0,
                        1 0 0,
                        1 0 0,
                        1 0 0,
                        1 0 0,
                        1 0 0,
                        1 0 0,
                        1 0 0,
                        1 0 0,
                        1 0 0,
                        1 0 0,
                        1 0 0,
                        1 0 0,
                        1 0 0,
                        1 0 0,
                        1 0 0,
                        1 0 0,
                        1 0 0,
                        1 0 0,
                        1 0 0,
                        1 0 0,
                        1 0 0,
                        1 0 0,
                        1 0 0,
                        1 0 0,
                        1 0 0,
                        1 0 0,
                        1 0 0,
                        1 0 0,
                        1 0 0,
                        1 0 0,
                        1 0 0,
                        1 0 0,
                        1 0 0,
                        1 0 0,
                        1 0 0,
                        1 0 0,
                        1 0 0,
                        1 0 0,
                        1 0 0,
                        1 0 0,
                        -0 1 2.220446e-16,
                        -0 1 2.220446e-16,
                        -0 0.98480773 0.17364818,
                        -0 0.93969262 0.34202015,
                        -0 0.86602539 0.5,
                        -0 0.76604444 0.64278764,
                        -0 0.64278764 0.76604444,
                        -0 0.5 0.86602539,
                        -0 0.34202015 0.93969262,
                        -0 0.17364818 0.98480773,
                        -0 -1.110223e-16 1,
                        -0 -1.110223e-16 1,
                        -0 0.17364818 0.98480773,
                        -0 0.34202015 0.93969262,
                        -0 0.5 0.86602539,
                        -0 0.64278764 0.76604444,
                        -0 0.76604444 0.64278764,
                        -0 0.86602539 0.5,
                        -0 0.93969262 0.34202015,
                        -0 0.98480773 0.17364818,
                        -0 -0 1,
                        -0 -0 1,
                        -0 -0 1,
                        -0 -0 1,
                        -0 -0 -1,
                        -0 -0 -1,
                        -0 -0 -1,
                        -0 -0 -1,
                        0 -1 -2.220446e-16,
                        0 -0.98480773 -0.17364818,
                        0 -0.93969262 -0.34202015,
                        0 -0.86602539 -0.5,
                        0 -0.76604444 -0.64278764,
                        0 -0.64278764 -0.76604444,
                        0 -0.5 -0.86602539,
                        0 -0.34202015 -0.93969262,
                        0 -0.17364818 -0.98480773,
                        0 1.110223e-16 -1,
                        0 1.110223e-16 -1,
                        0 -0.17364818 -0.98480773,
                        0 -0.34202015 -0.93969262,
                        0 -0.5 -0.86602539,
                        0 -0.64278764 -0.76604444,
                        0 -0.76604444 -0.64278764,
                        0 -0.86602539 -0.5,
                        0 -0.93969262 -0.34202015,
                        0 -0.98480773 -0.17364818,
                        0 -1 -1.110223e-15,
                        -0 -1 -0,
                        -0 -1 -0,
                        -0 -1 -0,
                        -0 -1 -0,
                        -0 -1 -0,
                        -0 -1 -0,
                        0.86602539 0 0.5,
                        0.86602539 0 0.5,
                        0.86602539 0 0.5,
                        0.86602539 0 0.5,
                        -0 1 -0,
                        -0 1 -0,
                        -0 1 -0,
                        -0 1 -0,
                        -0 1 -0,
                        -0 1 -0,
                        -0 1 2.220446e-16,
                        -0 1 2.220446e-16,
                        -0 0.98480773 0.17364818,
                        -0 0.93969262 0.34202015,
                        -0 0.86602539 0.5,
                        -0 0.76604444 0.64278764,
                        -0 0.64278764 0.76604444,
                        -0 0.5 0.86602539,
                        -0 0.34202015 0.93969262,
                        -0 0.17364818 0.98480773,
                        -0 -1.110223e-16 1,
                        -0 -1.110223e-16 1,
                        -0 0.17364818 0.98480773,
                        -0 0.34202015 0.93969262,
                        -0 0.5 0.86602539,
                        -0 0.64278764 0.76604444,
                        -0 0.76604444 0.64278764,
                        -0 0.86602539 0.5,
                        -0 0.93969262 0.34202015,
                        -0 0.98480773 0.17364818,
                        -0 -0 1,
                        -0 -0 1,
                        -0 -0 1,
                        -0 -0 1,
                        -0 -0 -1,
                        -0 -0 -1,
                        -0 -0 -1,
                        -0 -0 -1,
                        0 -1 -2.220446e-16,
                        0 -0.98480773 -0.17364818,
                        0 -0.93969262 -0.34202015,
                        0 -0.86602539 -0.5,
                        0 -0.76604444 -0.64278764,
                        0 -0.64278764 -0.76604444,
                        0 -0.5 -0.86602539,
                        0 -0.34202015 -0.93969262,
                        0 -0.17364818 -0.98480773,
                        0 1.110223e-16 -1,
                        0 1.110223e-16 -1,
                        0 -0.17364818 -0.98480773,
                        0 -0.34202015 -0.93969262,
                        0 -0.5 -0.86602539,
                        0 -0.64278764 -0.76604444,
                        0 -0.76604444 -0.64278764,
                        0 -0.86602539 -0.5,
                        0 -0.93969262 -0.34202015,
                        0 -0.98480773 -0.17364818,
                        0 -1 -1.110223e-15,
                        -0 -1 -0,
                        -0 -1 -0,
                        -0 -1 -0,
                        -0 -1 -0,
                        -0 -1 -0,
                        -0 -1 -0,
                        0.86602539 0 0.5,
                        0.86602539 0 0.5,
                        0.86602539 0 0.5,
                        0.86602539 0 0.5,
                        -0 1 -0,
                        -0 1 -0,
                        -0 1 -0,
                        -0 1 -0,
                        -0 1 -0,
                        -0 1 -0,
                        -0 1 2.220446e-16,
                        -0 1 2.220446e-16,
                        -0 0.98480773 0.17364818,
                        -0 0.93969262 0.34202015,
                        -0 0.86602539 0.5,
                        -0 0.76604444 0.64278764,
                        -0 0.64278764 0.76604444,
                        -0 0.5 0.86602539,
                        -0 0.34202015 0.93969262,
                        -0 0.17364818 0.98480773,
                        -0 -1.110223e-16 1,
                        -0 -1.110223e-16 1,
                        -0 0.17364818 0.98480773,
                        -0 0.34202015 0.93969262,
                        -0 0.5 0.86602539,
                        -0 0.64278764 0.76604444,
                        -0 0.76604444 0.64278764,
                        -0 0.86602539 0.5,
                        -0 0.93969262 0.34202015,
                        -0 0.98480773 0.17364818,
                        -0 -0 1,
                        -0 -0 1,
                        -0 -0 1,
                        -0 -0 1,
                        -0 -0 -1,
                        -0 -0 -1,
                        -0 -0 -1,
                        -0 -0 -1,
                        0 -1 -2.220446e-16,
                        0 -0.98480773 -0.17364818,
                        0 -0.93969262 -0.34202015,
                        0 -0.86602539 -0.5,
                        0 -0.76604444 -0.64278764,
                        0 -0.64278764 -0.76604444,
                        0 -0.5 -0.86602539,
                        0 -0.34202015 -0.93969262,
                        0 -0.17364818 -0.98480773,
                        0 1.110223e-16 -1,
                        0 1.110223e-16 -1,
                        0 -0.17364818 -0.98480773,
                        0 -0.34202015 -0.93969262,
                        0 -0.5 -0.86602539,
                        0 -0.64278764 -0.76604444,
                        0 -0.76604444 -0.64278764,
                        0 -0.86602539 -0.5,
                        0 -0.93969262 -0.34202015,
                        0 -0.98480773 -0.17364818,
                        0 -1 -1.110223e-15,
                        -0 -1 -0,
                        -0 -1 -0,
                        -0 -1 -0,
                        -0 -1 -0,
                        -0 -1 -0,
                        -0 -1 -0,
                        0.86602539 0 0.5,
                        0.86602539 0 0.5,
                        0.86602539 0 0.5,
                        0.86602539 0 0.5,
                        -0 1 -0,
                        -0 1 -0,
                        -0 1 -0,
                        -0 1 -0,
                        -0 1 -0,
                        -0 1 -0,
                        -0 1 2.220446e-16,
                        -0 1 2.220446e-16,
                        -0 0.98480773 0.17364818,
                        -0 0.93969262 0.34202015,
                        -0 0.86602539 0.5,
                        -0 0.76604444 0.64278764,
                        -0 0.64278764 0.76604444,
                        -0 0.5 0.86602539,
                        -0 0.34202015 0.93969262,
                        -0 0.17364818 0.98480773,
                        -0 -1.110223e-16 1,
                        -0 -1.110223e-16 1,
                        -0 0.17364818 0.98480773,
                        -0 0.34202015 0.93969262,
                        -0 0.5 0.86602539,
                        -0 0.64278764 0.76604444,
                        -0 0.76604444 0.64278764,
                        -0 0.86602539 0.5,
                        -0 0.93969262 0.34202015,
                        -0 0.98480773 0.17364818,
                        -0 -0 1,
                        -0 -0 1,
                        -0 -0 1,
                        -0 -0 1,
                        -0 -0 -1,
                        -0 -0 -1,
                        -0 -0 -1,
                        -0 -0 -1,
                        0 -1 -2.220446e-16,
                        0 -0.98480773 -0.17364818,
                        0 -0.93969262 -0.34202015,
                        0 -0.86602539 -0.5,
                        0 -0.76604444 -0.64278764,
                        0 -0.64278764 -0.76604444,
                        0 -0.5 -0.86602539,
                        0 -0.34202015 -0.93969262,
                        0 -0.17364818 -0.98480773,
                        0 1.110223e-16 -1,
                        0 1.110223e-16 -1,
                        0 -0.17364818 -0.98480773,
                        0 -0.34202015 -0.93969262,
                        0 -0.5 -0.86602539,
                        0 -0.64278764 -0.76604444,
                        0 -0.76604444 -0.64278764,
                        0 -0.86602539 -0.5,
                        0 -0.93969262 -0.34202015,
                        0 -0.98480773 -0.17364818,
                        0 -1 -1.110223e-15,
                        -0 -1 -0,
                        -0 -1 -0,
                        -0 -1 -0,
                        -0 -1 -0,
                        -0 -1 -0,
                        -0 -1 -0,
                        0.86602539 0 0.5,
                        0.86602539 0 0.5,
                        0.86602539 0 0.5,
                        0.86602539 0 0.5,
                        -0 1 -0,
                        -0 1 -0,
                        -0 1 -0,
                        -0 1 -0,
                        -0 1 -0,
                        -0 1 -0,
                        -0 1 2.220446e-16,
                        -0 1 2.220446e-16,
                        -0 0.98480773 0.17364818,
                        -0 0.93969262 0.34202015,
                        -0 0.86602539 0.5,
                        -0 0.76604444 0.64278764,
                        -0 0.64278764 0.76604444,
                        -0 0.5 0.86602539,
                        -0 0.34202015 0.93969262,
                        -0 0.17364818 0.98480773,
                        -0 -1.110223e-16 1,
                        -0 -1.110223e-16 1,
                        -0 0.17364818 0.98480773,
                        -0 0.34202015 0.93969262,
                        -0 0.5 0.86602539,
                        -0 0.64278764 0.76604444,
                        -0 0.76604444 0.64278764,
                        -0 0.86602539 0.5,
                        -0 0.93969262 0.34202015,
                        -0 0.98480773 0.17364818,
                        -0 -0 1,
                        -0 -0 1,
                        -0 -0 1,
                        -0 -0 1,
                        -0 -0 -1,
                        -0 -0 -1,
                        -0 -0 -1,
                        -0 -0 -1,
                        0 -1 -2.220446e-16,
                        0 -0.98480773 -0.17364818,
                        0 -0.93969262 -0.34202015,
                        0 -0.86602539 -0.5,
                        0 -0.76604444 -0.64278764,
                        0 -0.64278764 -0.76604444,
                        0 -0.5 -0.86602539,
                        0 -0.34202015 -0.93969262,
                        0 -0.17364818 -0.98480773,
                        0 1.110223e-16 -1,
                        0 1.110223e-16 -1,
                        0 -0.17364818 -0.98480773,
                        0 -0.34202015 -0.93969262,
                        0 -0.5 -0.86602539,
                        0 -0.64278764 -0.76604444,
                        0 -0.76604444 -0.64278764,
                        0 -0.86602539 -0.5,
                        0 -0.93969262 -0.34202015,
                        0 -0.98480773 -0.17364818,
                        0 -1 -1.110223e-15,
                        -0 -1 -0,
                        -0 -1 -0,
                        -0 -1 -0,
                        -0 -1 -0,
                        -0 -1 -0,
                        -0 -1 -0,
                        0.86602539 0 0.5,
                        0.86602539 0 0.5,
                        0.86602539 0 0.5,
                        0.86602539 0 0.5,
                        -0 1 -0,
                        -0 1 -0,
                        -0 1 -0,
                        -0 1 -0,
                        -0 1 -0,
                        -0 1 -0,
                        -0 1 2.220446e-16,
                        -0 1 2.220446e-16,
                        -0 0.98480773 0.17364818,
                        -0 0.93969262 0.34202015,
                        -0 0.86602539 0.5,
                        -0 0.76604444 0.64278764,
                        -0 0.64278764 0.76604444,
                        -0 0.5 0.86602539,
                        -0 0.34202015 0.93969262,
                        -0 0.17364818 0.98480773,
                        -0 -1.110223e-16 1,
                        -0 -1.110223e-16 1,
                        -0 0.17364818 0.98480773,
                        -0 0.34202015 0.93969262,
                        -0 0.5 0.86602539,
                        -0 0.64278764 0.76604444,
                        -0 0.76604444 0.64278764,
                        -0 0.86602539 0.5,
                        -0 0.93969262 0.34202015,
                        -0 0.98480773 0.17364818,
                        -0 -0 1,
                        -0 -0 1,
                        -0 -0 1,
                        -0 -0 1,
                        -0 -0 -1,
                        -0 -0 -1,
                        -0 -0 -1,
                        -0 -0 -1,
                        0 -1 -2.220446e-16,
                        0 -0.98480773 -0.17364818,
                        0 -0.93969262 -0.34202015,
                        0 -0.86602539 -0.5,
                        0 -0.76604444 -0.64278764,
                        0 -0.64278764 -0.76604444,
                        0 -0.5 -0.86602539,
                        0 -0.34202015 -0.93969262,
                        0 -0.17364818 -0.98480773,
                        0 1.110223e-16 -1,
                        0 1.110223e-16 -1,
                        0 -0.17364818 -0.98480773,
                        0 -0.34202015 -0.93969262,
                        0 -0.5 -0.86602539,
                        0 -0.64278764 -0.76604444,
                        0 -0.76604444 -0.64278764,
                        0 -0.86602539 -0.5,
                        0 -0.93969262 -0.34202015,
                        0 -0.98480773 -0.17364818,
                        0 -1 -1.110223e-15,
                        -0 -1 -0,
                        -0 -1 -0,
                        -0 -1 -0,
                        -0 -1 -0,
                        -0 -1 -0,
                        -0 -1 -0,
                        0.86602539 0 0.5,
                        0.86602539 0 0.5,
                        0.86602539 0 0.5,
                        0.86602539 0 0.5,
                        -0 1 -0,
                        -0 1 -0,
                        -0 1 -0,
                        -0 1 -0,
                        -0 1 -0,
                        -0 1 -0,
                        -1 0 0,
                        -1 0 0,
                        -1 0 0,
                        -1 0 0,
                        -1 0 0,
                        -1 0 0,
                        -1 0 0,
                        -1 0 0,
                        -1 0 0,
                        -1 0 0,
                        -1 0 0,
                        -1 0 0,
                        -1 0 0,
                        -1 0 0,
                        -1 0 0,
                        -1 0 0,
                        -1 0 0,
                        -1 0 0,
                        -1 0 0,
                        -1 0 0,
                        -1 0 0,
                        -1 0 0,
                        -1 0 0,
                        -1 0 0,
                        -0.86602539 0 0.5,
                        -0.86602539 0 0.5,
                        -0.86602539 0 0.5,
                        -0.86602539 0 0.5,
                        -0 -0 1,
                        -0 -0 1,
                        -0 -0 1,
                        -0 -0 1,
                        -1 0 0,
                        -1 0 0,
                        -1 0 0,
                        -1 0 0,
                        -1 0 0,
                        -1 0 0,
                        -1 0 0,
                        -1 0 0,
                        -1 0 0,
                        -1 0 0,
                        -1 0 0,
                        -1 0 0,
                        -1 0 0,
                        -1 0 0,
                        -1 0 0,
                        -1 0 0,
                        -1 0 0,
                        -1 0 0,
                        -1 0 0,
                        -1 0 0,
                        -1 0 0,
                        -1 0 0,
                        -1 0 0,
                        -1 0 0,
                        -0 -0 1,
                        -0 -0 1,
                        -0 -0 1,
                        -0 -0 1,
                        -0.86602539 0 0.5,
                        -0.86602539 0 0.5,
                        -0.86602539 0 0.5,
                        -0.86602539 0 0.5,
                        -1 0 0,
                        -1 0 0,
                        -1 0 0,
                        -1 0 0,
                        -1 0 0,
                        -1 0 0,
                        -1 0 0,
                        -1 0 0,
                        -1 0 0,
                        -1 0 0,
                        -1 0 0,
                        -1 0 0,
                        -1 0 0,
                        -1 0 0,
                        -1 0 0,
                        -1 0 0,
                        -1 0 0,
                        -1 0 0,
                        -1 0 0,
                        -1 0 0,
                        -1 0 0,
                        -1 0 0,
                        -1 0 0,
                        -1 0 0,
                        -0 -0 1,
                        -0 -0 1,
                        -0 -0 1,
                        -0 -0 1,
                        -0.86602539 0 0.5,
                        -0.86602539 0 0.5,
                        -0.86602539 0 0.5,
                        -0.86602539 0 0.5,
                        -1 0 0,
                        -1 0 0,
                        -1 0 0,
                        -1 0 0,
                        -1 0 0,
                        -1 0 0,
                        -1 0 0,
                        -1 0 0,
                        -1 0 0,
                        -1 0 0,
                        -1 0 0,
                        -1 0 0,
                        -1 0 0,
                        -1 0 0,
                        -1 0 0,
                        -1 0 0,
                        -1 0 0,
                        -1 0 0,
                        -1 0 0,
                        -1 0 0,
                        -1 0 0,
                        -1 0 0,
                        -1 0 0,
                        -1 0 0,
                        -0 -0 1,
                        -0 -0 1,
                        -0 -0 1,
                        -0 -0 1,
                        -0.86602539 0 0.5,
                        -0.86602539 0 0.5,
                        -0.86602539 0 0.5,
                        -0.86602539 0 0.5,
                        -1 0 0,
                        -1 0 0,
                        -1 0 0,
                        -1 0 0,
                        -1 0 0,
                        -1 0 0,
                        -1 0 0,
                        -1 0 0,
                        -1 0 0,
                        -1 0 0,
                        -1 0 0,
                        -1 0 0,
                        -1 0 0,
                        -1 0 0,
                        -1 0 0,
                        -1 0 0,
                        -1 0 0,
                        -1 0 0,
                        -1 0 0,
                        -1 0 0,
                        -1 0 0,
                        -1 0 0,
                        -1 0 0,
                        -1 0 0,
                        -0 -0 1,
                        -0 -0 1,
                        -0 -0 1,
                        -0 -0 1,
                        -0.86602539 0 0.5,
                        -0.86602539 0 0.5,
                        -0.86602539 0 0.5,
                        -0.86602539 0 0.5,
                        -1 0 0,
                        -1 0 0,
                        -1 0 0,
                        -1 0 0,
                        -1 0 0,
                        -1 0 0,
                        -1 0 0,
                        -1 0 0,
                        -1 0 0,
                        -1 0 0,
                        -1 0 0,
                        -1 0 0,
                        -1 0 0,
                        -1 0 0,
                        -1 0 0,
                        -1 0 0,
                        -1 0 0,
                        -1 0 0,
                        -1 0 0,
                        -1 0 0,
                        -1 0 0,
                        -1 0 0,
                        -1 0 0,
                        -1 0 0,
                        -0 -0 1,
                        -0 -0 1,
                        -0 -0 1,
                        -0 -0 1,
                        -0.86602539 0 0.5,
                        -0.86602539 0 0.5,
                        -0.86602539 0 0.5,
                        -0.86602539 0 0.5

                      ]
                    }
                    coordIndex [
                      2 0 1 -1 
                      3 0 2 -1 
                      1 5 4 -1 
                      2 1 4 -1 
                      0 6 5 -1 
                      1 0 5 -1 
                      3 7 6 -1 
                      0 3 6 -1 
                      2 4 7 -1 
                      3 2 7 -1 
                      14 11 8 -1 
                      14 15 5 -1 
                      5 11 14 -1 
                      6 8 9 -1 
                      18 15 12 -1 
                      13 14 8 -1 
                      22 19 16 -1 
                      17 18 12 -1 
                      26 23 20 -1 
                      21 22 16 -1 
                      25 20 7 -1 
                      30 27 24 -1 
                      30 4 27 -1 
                      26 27 4 -1 
                      25 26 20 -1 
                      29 24 7 -1 
                      4 28 7 -1 
                      30 31 4 -1 
                      7 24 25 -1 
                      29 30 24 -1 
                      5 10 11 -1 
                      6 9 10 -1 
                      6 10 5 -1 
                      4 31 28 -1 
                      5 15 18 -1 
                      23 26 4 -1 
                      5 18 19 -1 
                      22 23 4 -1 
                      5 19 22 -1 
                      5 22 4 -1 
                      7 28 29 -1 
                      7 20 21 -1 
                      13 8 6 -1 
                      7 21 16 -1 
                      12 13 6 -1 
                      6 16 17 -1 
                      17 12 6 -1 
                      7 16 6 -1 
                      140 130 131 -1 
                      139 131 132 -1 
                      138 132 133 -1 
                      137 133 134 -1 
                      34 35 33 -1 
                      36 135 33 -1 
                      136 134 135 -1 
                      36 33 35 -1 
                      141 129 130 -1 
                      136 135 36 -1 
                      142 128 129 -1 
                      137 134 136 -1 
                      143 32 128 -1 
                      138 133 137 -1 
                      37 11 32 -1 
                      139 132 138 -1 
                      140 131 139 -1 
                      141 130 140 -1 
                      142 129 141 -1 
                      143 128 142 -1 
                      37 8 11 -1 
                      37 32 143 -1 
                      156 146 147 -1 
                      155 147 148 -1 
                      154 148 149 -1 
                      153 149 150 -1 
                      40 41 39 -1 
                      42 151 39 -1 
                      152 150 151 -1 
                      42 39 41 -1 
                      157 145 146 -1 
                      152 151 42 -1 
                      158 144 145 -1 
                      153 150 152 -1 
                      159 38 144 -1 
                      154 149 153 -1 
                      43 15 38 -1 
                      155 148 154 -1 
                      156 147 155 -1 
                      157 146 156 -1 
                      158 145 157 -1 
                      159 144 158 -1 
                      43 12 15 -1 
                      43 38 159 -1 
                      172 162 163 -1 
                      171 163 164 -1 
                      170 164 165 -1 
                      169 165 166 -1 
                      46 47 45 -1 
                      48 167 45 -1 
                      168 166 167 -1 
                      48 45 47 -1 
                      173 161 162 -1 
                      168 167 48 -1 
                      174 160 161 -1 
                      169 166 168 -1 
                      175 44 160 -1 
                      170 165 169 -1 
                      49 19 44 -1 
                      171 164 170 -1 
                      172 163 171 -1 
                      173 162 172 -1 
                      174 161 173 -1 
                      175 160 174 -1 
                      49 16 19 -1 
                      49 44 175 -1 
                      188 178 179 -1 
                      187 179 180 -1 
                      186 180 181 -1 
                      185 181 182 -1 
                      52 53 51 -1 
                      54 183 51 -1 
                      184 182 183 -1 
                      54 51 53 -1 
                      189 177 178 -1 
                      184 183 54 -1 
                      190 176 177 -1 
                      185 182 184 -1 
                      191 50 176 -1 
                      186 181 185 -1 
                      55 23 50 -1 
                      187 180 186 -1 
                      188 179 187 -1 
                      189 178 188 -1 
                      190 177 189 -1 
                      191 176 190 -1 
                      55 20 23 -1 
                      55 50 191 -1 
                      204 194 195 -1 
                      203 195 196 -1 
                      202 196 197 -1 
                      201 197 198 -1 
                      58 59 57 -1 
                      60 199 57 -1 
                      200 198 199 -1 
                      60 57 59 -1 
                      205 193 194 -1 
                      200 199 60 -1 
                      206 192 193 -1 
                      201 198 200 -1 
                      207 56 192 -1 
                      202 197 201 -1 
                      61 27 56 -1 
                      203 196 202 -1 
                      204 195 203 -1 
                      205 194 204 -1 
                      206 193 205 -1 
                      207 192 206 -1 
                      61 24 27 -1 
                      61 56 207 -1 
                      220 210 211 -1 
                      219 211 212 -1 
                      218 212 213 -1 
                      217 213 214 -1 
                      64 65 63 -1 
                      66 215 63 -1 
                      216 214 215 -1 
                      66 63 65 -1 
                      221 209 210 -1 
                      216 215 66 -1 
                      222 208 209 -1 
                      217 214 216 -1 
                      223 62 208 -1 
                      218 213 217 -1 
                      67 31 62 -1 
                      219 212 218 -1 
                      220 211 219 -1 
                      221 210 220 -1 
                      222 209 221 -1 
                      223 208 222 -1 
                      67 28 31 -1 
                      67 62 223 -1 
                      224 69 33 -1 
                      135 224 33 -1 
                      134 225 224 -1 
                      133 226 225 -1 
                      132 227 226 -1 
                      131 228 227 -1 
                      130 229 228 -1 
                      129 230 229 -1 
                      128 231 230 -1 
                      32 68 231 -1 
                      128 32 231 -1 
                      129 128 230 -1 
                      130 129 229 -1 
                      131 130 228 -1 
                      132 131 227 -1 
                      133 132 226 -1 
                      134 133 225 -1 
                      135 134 224 -1 
                      68 11 10 -1 
                      68 32 11 -1 
                      9 8 37 -1 
                      70 9 37 -1 
                      136 71 232 -1 
                      137 232 233 -1 
                      138 233 234 -1 
                      139 234 235 -1 
                      140 235 236 -1 
                      141 236 237 -1 
                      70 37 239 -1 
                      142 237 238 -1 
                      143 238 239 -1 
                      143 239 37 -1 
                      142 238 143 -1 
                      141 237 142 -1 
                      140 236 141 -1 
                      139 235 140 -1 
                      138 234 139 -1 
                      137 233 138 -1 
                      136 232 137 -1 
                      36 71 136 -1 
                      73 74 72 -1 
                      35 73 72 -1 
                      36 35 72 -1 
                      71 36 72 -1 
                      34 73 35 -1 
                      75 73 34 -1 
                      34 77 76 -1 
                      33 69 77 -1 
                      34 33 77 -1 
                      75 34 76 -1 
                      240 79 39 -1 
                      151 240 39 -1 
                      150 241 240 -1 
                      149 242 241 -1 
                      148 243 242 -1 
                      147 244 243 -1 
                      146 245 244 -1 
                      145 246 245 -1 
                      144 247 246 -1 
                      38 78 247 -1 
                      144 38 247 -1 
                      145 144 246 -1 
                      146 145 245 -1 
                      147 146 244 -1 
                      148 147 243 -1 
                      149 148 242 -1 
                      150 149 241 -1 
                      151 150 240 -1 
                      78 15 14 -1 
                      78 38 15 -1 
                      13 12 43 -1 
                      80 13 43 -1 
                      152 81 248 -1 
                      153 248 249 -1 
                      154 249 250 -1 
                      155 250 251 -1 
                      156 251 252 -1 
                      157 252 253 -1 
                      80 43 255 -1 
                      158 253 254 -1 
                      159 254 255 -1 
                      159 255 43 -1 
                      158 254 159 -1 
                      157 253 158 -1 
                      156 252 157 -1 
                      155 251 156 -1 
                      154 250 155 -1 
                      153 249 154 -1 
                      152 248 153 -1 
                      42 81 152 -1 
                      81 41 84 -1 
                      84 41 83 -1 
                      81 42 41 -1 
                      82 84 83 -1 
                      40 83 41 -1 
                      85 83 40 -1 
                      85 40 87 -1 
                      86 87 40 -1 
                      79 86 40 -1 
                      39 79 40 -1 
                      256 89 45 -1 
                      167 256 45 -1 
                      166 257 256 -1 
                      165 258 257 -1 
                      164 259 258 -1 
                      163 260 259 -1 
                      162 261 260 -1 
                      161 262 261 -1 
                      160 263 262 -1 
                      44 88 263 -1 
                      160 44 263 -1 
                      161 160 262 -1 
                      162 161 261 -1 
                      163 162 260 -1 
                      164 163 259 -1 
                      165 164 258 -1 
                      166 165 257 -1 
                      167 166 256 -1 
                      88 19 18 -1 
                      88 44 19 -1 
                      17 16 49 -1 
                      90 17 49 -1 
                      168 91 264 -1 
                      169 264 265 -1 
                      170 265 266 -1 
                      171 266 267 -1 
                      172 267 268 -1 
                      271 175 270 -1 
                      90 49 271 -1 
                      173 268 269 -1 
                      174 269 270 -1 
                      175 271 49 -1 
                      174 270 175 -1 
                      173 269 174 -1 
                      172 268 173 -1 
                      171 267 172 -1 
                      170 266 171 -1 
                      169 265 170 -1 
                      168 264 169 -1 
                      48 91 168 -1 
                      91 47 94 -1 
                      94 47 93 -1 
                      91 48 47 -1 
                      92 94 93 -1 
                      46 93 47 -1 
                      95 93 46 -1 
                      95 46 97 -1 
                      96 97 46 -1 
                      89 96 46 -1 
                      45 89 46 -1 
                      272 99 51 -1 
                      183 272 51 -1 
                      182 273 272 -1 
                      181 274 273 -1 
                      180 275 274 -1 
                      179 276 275 -1 
                      178 277 276 -1 
                      177 278 277 -1 
                      176 279 278 -1 
                      50 98 279 -1 
                      176 50 279 -1 
                      177 176 278 -1 
                      178 177 277 -1 
                      179 178 276 -1 
                      180 179 275 -1 
                      181 180 274 -1 
                      182 181 273 -1 
                      183 182 272 -1 
                      98 23 22 -1 
                      98 50 23 -1 
                      21 20 55 -1 
                      100 21 55 -1 
                      184 101 280 -1 
                      185 280 281 -1 
                      186 281 282 -1 
                      187 282 283 -1 
                      286 190 285 -1 
                      287 191 286 -1 
                      100 55 287 -1 
                      188 283 284 -1 
                      189 284 285 -1 
                      191 287 55 -1 
                      190 286 191 -1 
                      189 285 190 -1 
                      188 284 189 -1 
                      187 283 188 -1 
                      186 282 187 -1 
                      185 281 186 -1 
                      184 280 185 -1 
                      54 101 184 -1 
                      101 53 104 -1 
                      104 53 103 -1 
                      101 54 53 -1 
                      102 104 103 -1 
                      52 103 53 -1 
                      105 103 52 -1 
                      105 52 107 -1 
                      106 107 52 -1 
                      99 106 52 -1 
                      51 99 52 -1 
                      288 109 57 -1 
                      199 288 57 -1 
                      198 289 288 -1 
                      197 290 289 -1 
                      196 291 290 -1 
                      195 292 291 -1 
                      194 293 292 -1 
                      193 294 293 -1 
                      192 295 294 -1 
                      56 108 295 -1 
                      192 56 295 -1 
                      193 192 294 -1 
                      194 193 293 -1 
                      195 194 292 -1 
                      196 195 291 -1 
                      197 196 290 -1 
                      198 197 289 -1 
                      199 198 288 -1 
                      108 27 26 -1 
                      108 56 27 -1 
                      25 24 61 -1 
                      110 25 61 -1 
                      200 111 296 -1 
                      201 296 297 -1 
                      202 297 298 -1 
                      301 205 300 -1 
                      302 206 301 -1 
                      303 207 302 -1 
                      110 61 303 -1 
                      203 298 299 -1 
                      204 299 300 -1 
                      207 303 61 -1 
                      206 302 207 -1 
                      205 301 206 -1 
                      204 300 205 -1 
                      203 299 204 -1 
                      202 298 203 -1 
                      201 297 202 -1 
                      200 296 201 -1 
                      60 111 200 -1 
                      111 59 114 -1 
                      114 59 113 -1 
                      111 60 59 -1 
                      112 114 113 -1 
                      58 113 59 -1 
                      115 113 58 -1 
                      115 58 117 -1 
                      116 117 58 -1 
                      109 116 58 -1 
                      57 109 58 -1 
                      304 119 63 -1 
                      215 304 63 -1 
                      214 305 304 -1 
                      213 306 305 -1 
                      212 307 306 -1 
                      211 308 307 -1 
                      210 309 308 -1 
                      209 310 309 -1 
                      208 311 310 -1 
                      62 118 311 -1 
                      208 62 311 -1 
                      209 208 310 -1 
                      210 209 309 -1 
                      211 210 308 -1 
                      212 211 307 -1 
                      213 212 306 -1 
                      214 213 305 -1 
                      215 214 304 -1 
                      118 31 30 -1 
                      118 62 31 -1 
                      29 28 67 -1 
                      120 29 67 -1 
                      312 216 121 -1 
                      313 217 312 -1 
                      314 218 313 -1 
                      315 219 314 -1 
                      316 220 315 -1 
                      317 221 316 -1 
                      318 222 317 -1 
                      319 223 318 -1 
                      120 67 319 -1 
                      223 319 67 -1 
                      222 318 223 -1 
                      221 317 222 -1 
                      220 316 221 -1 
                      219 315 220 -1 
                      218 314 219 -1 
                      217 313 218 -1 
                      216 312 217 -1 
                      66 121 216 -1 
                      121 65 124 -1 
                      124 65 123 -1 
                      121 66 65 -1 
                      122 124 123 -1 
                      64 123 65 -1 
                      125 123 64 -1 
                      127 125 64 -1 
                      126 127 64 -1 
                      119 126 64 -1 
                      63 119 64 -1 
                      228 237 236 -1 
                      227 236 235 -1 
                      226 235 234 -1 
                      225 234 233 -1 
                      224 233 232 -1 
                      77 71 72 -1 
                      69 232 71 -1 
                      69 71 77 -1 
                      229 238 237 -1 
                      224 232 69 -1 
                      230 239 238 -1 
                      225 233 224 -1 
                      231 70 239 -1 
                      226 234 225 -1 
                      227 235 226 -1 
                      228 236 227 -1 
                      229 237 228 -1 
                      230 238 229 -1 
                      68 9 70 -1 
                      231 239 230 -1 
                      68 10 9 -1 
                      68 70 231 -1 
                      76 72 74 -1 
                      77 72 76 -1 
                      75 76 74 -1 
                      73 75 74 -1 
                      244 253 252 -1 
                      243 252 251 -1 
                      242 251 250 -1 
                      241 250 249 -1 
                      240 249 248 -1 
                      86 81 84 -1 
                      79 248 81 -1 
                      79 81 86 -1 
                      245 254 253 -1 
                      240 248 79 -1 
                      246 255 254 -1 
                      241 249 240 -1 
                      247 80 255 -1 
                      242 250 241 -1 
                      243 251 242 -1 
                      244 252 243 -1 
                      245 253 244 -1 
                      246 254 245 -1 
                      78 13 80 -1 
                      247 255 246 -1 
                      78 14 13 -1 
                      78 80 247 -1 
                      82 85 87 -1 
                      82 83 85 -1 
                      87 84 82 -1 
                      86 84 87 -1 
                      260 269 268 -1 
                      259 268 267 -1 
                      258 267 266 -1 
                      257 266 265 -1 
                      256 265 264 -1 
                      96 91 94 -1 
                      89 264 91 -1 
                      89 91 96 -1 
                      261 270 269 -1 
                      256 264 89 -1 
                      262 271 270 -1 
                      257 265 256 -1 
                      263 90 271 -1 
                      258 266 257 -1 
                      259 267 258 -1 
                      260 268 259 -1 
                      261 269 260 -1 
                      262 270 261 -1 
                      88 17 90 -1 
                      263 271 262 -1 
                      88 18 17 -1 
                      88 90 263 -1 
                      92 95 97 -1 
                      92 93 95 -1 
                      97 94 92 -1 
                      96 94 97 -1 
                      276 285 284 -1 
                      275 284 283 -1 
                      274 283 282 -1 
                      273 282 281 -1 
                      272 281 280 -1 
                      106 101 104 -1 
                      99 280 101 -1 
                      99 101 106 -1 
                      277 286 285 -1 
                      272 280 99 -1 
                      278 287 286 -1 
                      273 281 272 -1 
                      279 100 287 -1 
                      274 282 273 -1 
                      275 283 274 -1 
                      276 284 275 -1 
                      277 285 276 -1 
                      278 286 277 -1 
                      98 21 100 -1 
                      279 287 278 -1 
                      98 22 21 -1 
                      98 100 279 -1 
                      102 105 107 -1 
                      102 103 105 -1 
                      107 104 102 -1 
                      106 104 107 -1 
                      292 301 300 -1 
                      291 300 299 -1 
                      290 299 298 -1 
                      289 298 297 -1 
                      288 297 296 -1 
                      116 111 114 -1 
                      109 296 111 -1 
                      109 111 116 -1 
                      293 302 301 -1 
                      288 296 109 -1 
                      294 303 302 -1 
                      289 297 288 -1 
                      295 110 303 -1 
                      290 298 289 -1 
                      291 299 290 -1 
                      292 300 291 -1 
                      293 301 292 -1 
                      294 302 293 -1 
                      108 25 110 -1 
                      295 303 294 -1 
                      108 26 25 -1 
                      108 110 295 -1 
                      112 115 117 -1 
                      112 113 115 -1 
                      117 114 112 -1 
                      116 114 117 -1 
                      308 317 316 -1 
                      307 316 315 -1 
                      306 315 314 -1 
                      305 314 313 -1 
                      304 313 312 -1 
                      126 121 124 -1 
                      119 312 121 -1 
                      119 121 126 -1 
                      309 318 317 -1 
                      304 312 119 -1 
                      310 319 318 -1 
                      305 313 304 -1 
                      311 120 319 -1 
                      306 314 305 -1 
                      307 315 306 -1 
                      308 316 307 -1 
                      309 317 308 -1 
                      310 318 309 -1 
                      118 29 120 -1 
                      311 319 310 -1 
                      118 30 29 -1 
                      118 120 311 -1 
                      122 125 127 -1 
                      122 123 125 -1 
                      127 124 122 -1 
                      126 124 127 -1 
                    ]
                    normalIndex [
                      2 0 1 -1 
                      3 0 2 -1 
                      6 5 4 -1 
                      7 6 4 -1 
                      10 9 8 -1 
                      11 10 8 -1 
                      14 13 12 -1 
                      15 14 12 -1 
                      18 17 16 -1 
                      19 18 16 -1 
                      26 21 20 -1 
                      26 25 45 -1 
                      45 21 26 -1 
                      44 20 23 -1 
                      30 25 24 -1 
                      27 26 20 -1 
                      34 29 28 -1 
                      31 30 24 -1 
                      38 33 32 -1 
                      35 34 28 -1 
                      39 32 47 -1 
                      42 37 36 -1 
                      42 46 37 -1 
                      38 37 46 -1 
                      39 38 32 -1 
                      43 36 47 -1 
                      46 40 47 -1 
                      42 41 46 -1 
                      47 36 39 -1 
                      43 42 36 -1 
                      45 22 21 -1 
                      44 23 22 -1 
                      44 22 45 -1 
                      46 41 40 -1 
                      45 25 30 -1 
                      33 38 46 -1 
                      45 30 29 -1 
                      34 33 46 -1 
                      45 29 34 -1 
                      45 34 46 -1 
                      47 40 43 -1 
                      47 32 35 -1 
                      27 20 44 -1 
                      47 35 28 -1 
                      24 27 44 -1 
                      44 28 31 -1 
                      31 24 44 -1 
                      47 28 44 -1 
                      66 52 53 -1 
                      65 53 54 -1 
                      64 54 55 -1 
                      63 55 56 -1 
                      59 60 58 -1 
                      61 57 58 -1 
                      62 56 57 -1 
                      61 58 60 -1 
                      67 51 52 -1 
                      62 57 61 -1 
                      68 50 51 -1 
                      63 56 62 -1 
                      69 49 50 -1 
                      64 55 63 -1 
                      70 48 49 -1 
                      65 54 64 -1 
                      66 53 65 -1 
                      67 52 66 -1 
                      68 51 67 -1 
                      69 50 68 -1 
                      70 71 48 -1 
                      70 49 69 -1 
                      90 76 77 -1 
                      89 77 78 -1 
                      88 78 79 -1 
                      87 79 80 -1 
                      83 84 82 -1 
                      85 81 82 -1 
                      86 80 81 -1 
                      85 82 84 -1 
                      91 75 76 -1 
                      86 81 85 -1 
                      92 74 75 -1 
                      87 80 86 -1 
                      93 73 74 -1 
                      88 79 87 -1 
                      94 72 73 -1 
                      89 78 88 -1 
                      90 77 89 -1 
                      91 76 90 -1 
                      92 75 91 -1 
                      93 74 92 -1 
                      94 95 72 -1 
                      94 73 93 -1 
                      114 100 101 -1 
                      113 101 102 -1 
                      112 102 103 -1 
                      111 103 104 -1 
                      107 108 106 -1 
                      109 105 106 -1 
                      110 104 105 -1 
                      109 106 108 -1 
                      115 99 100 -1 
                      110 105 109 -1 
                      116 98 99 -1 
                      111 104 110 -1 
                      117 97 98 -1 
                      112 103 111 -1 
                      118 96 97 -1 
                      113 102 112 -1 
                      114 101 113 -1 
                      115 100 114 -1 
                      116 99 115 -1 
                      117 98 116 -1 
                      118 119 96 -1 
                      118 97 117 -1 
                      138 124 125 -1 
                      137 125 126 -1 
                      136 126 127 -1 
                      135 127 128 -1 
                      131 132 130 -1 
                      133 129 130 -1 
                      134 128 129 -1 
                      133 130 132 -1 
                      139 123 124 -1 
                      134 129 133 -1 
                      140 122 123 -1 
                      135 128 134 -1 
                      141 121 122 -1 
                      136 127 135 -1 
                      142 120 121 -1 
                      137 126 136 -1 
                      138 125 137 -1 
                      139 124 138 -1 
                      140 123 139 -1 
                      141 122 140 -1 
                      142 143 120 -1 
                      142 121 141 -1 
                      162 148 149 -1 
                      161 149 150 -1 
                      160 150 151 -1 
                      159 151 152 -1 
                      155 156 154 -1 
                      157 153 154 -1 
                      158 152 153 -1 
                      157 154 156 -1 
                      163 147 148 -1 
                      158 153 157 -1 
                      164 146 147 -1 
                      159 152 158 -1 
                      165 145 146 -1 
                      160 151 159 -1 
                      166 144 145 -1 
                      161 150 160 -1 
                      162 149 161 -1 
                      163 148 162 -1 
                      164 147 163 -1 
                      165 146 164 -1 
                      166 167 144 -1 
                      166 145 165 -1 
                      186 172 173 -1 
                      185 173 174 -1 
                      184 174 175 -1 
                      183 175 176 -1 
                      179 180 178 -1 
                      181 177 178 -1 
                      182 176 177 -1 
                      181 178 180 -1 
                      187 171 172 -1 
                      182 177 181 -1 
                      188 170 171 -1 
                      183 176 182 -1 
                      189 169 170 -1 
                      184 175 183 -1 
                      190 168 169 -1 
                      185 174 184 -1 
                      186 173 185 -1 
                      187 172 186 -1 
                      188 171 187 -1 
                      189 170 188 -1 
                      190 191 168 -1 
                      190 169 189 -1 
                      194 193 192 -1 
                      211 194 192 -1 
                      210 195 194 -1 
                      209 196 195 -1 
                      208 197 196 -1 
                      207 198 197 -1 
                      206 199 198 -1 
                      205 200 199 -1 
                      204 201 200 -1 
                      203 202 201 -1 
                      204 203 201 -1 
                      205 204 200 -1 
                      206 205 199 -1 
                      207 206 198 -1 
                      208 207 197 -1 
                      209 208 196 -1 
                      210 209 195 -1 
                      211 210 194 -1 
                      214 212 215 -1 
                      214 213 212 -1 
                      218 217 216 -1 
                      219 218 216 -1 
                      238 220 221 -1 
                      237 221 222 -1 
                      236 222 223 -1 
                      235 223 224 -1 
                      234 224 225 -1 
                      233 225 226 -1 
                      229 230 228 -1 
                      232 226 227 -1 
                      231 227 228 -1 
                      231 228 230 -1 
                      232 227 231 -1 
                      233 226 232 -1 
                      234 225 233 -1 
                      235 224 234 -1 
                      236 223 235 -1 
                      237 222 236 -1 
                      238 221 237 -1 
                      239 220 238 -1 
                      242 241 240 -1 
                      243 242 240 -1 
                      244 243 240 -1 
                      245 244 240 -1 
                      248 246 247 -1 
                      249 246 248 -1 
                      254 251 250 -1 
                      253 252 251 -1 
                      254 253 251 -1 
                      255 254 250 -1 
                      258 257 256 -1 
                      275 258 256 -1 
                      274 259 258 -1 
                      273 260 259 -1 
                      272 261 260 -1 
                      271 262 261 -1 
                      270 263 262 -1 
                      269 264 263 -1 
                      268 265 264 -1 
                      267 266 265 -1 
                      268 267 265 -1 
                      269 268 264 -1 
                      270 269 263 -1 
                      271 270 262 -1 
                      272 271 261 -1 
                      273 272 260 -1 
                      274 273 259 -1 
                      275 274 258 -1 
                      278 276 279 -1 
                      278 277 276 -1 
                      282 281 280 -1 
                      283 282 280 -1 
                      302 284 285 -1 
                      301 285 286 -1 
                      300 286 287 -1 
                      299 287 288 -1 
                      298 288 289 -1 
                      297 289 290 -1 
                      293 294 292 -1 
                      296 290 291 -1 
                      295 291 292 -1 
                      295 292 294 -1 
                      296 291 295 -1 
                      297 290 296 -1 
                      298 289 297 -1 
                      299 288 298 -1 
                      300 287 299 -1 
                      301 286 300 -1 
                      302 285 301 -1 
                      303 284 302 -1 
                      307 305 308 -1 
                      308 305 304 -1 
                      307 306 305 -1 
                      309 308 304 -1 
                      312 310 311 -1 
                      313 310 312 -1 
                      315 314 316 -1 
                      317 316 314 -1 
                      318 317 314 -1 
                      319 318 314 -1 
                      322 321 320 -1 
                      339 322 320 -1 
                      338 323 322 -1 
                      337 324 323 -1 
                      336 325 324 -1 
                      335 326 325 -1 
                      334 327 326 -1 
                      333 328 327 -1 
                      332 329 328 -1 
                      331 330 329 -1 
                      332 331 329 -1 
                      333 332 328 -1 
                      334 333 327 -1 
                      335 334 326 -1 
                      336 335 325 -1 
                      337 336 324 -1 
                      338 337 323 -1 
                      339 338 322 -1 
                      342 340 343 -1 
                      342 341 340 -1 
                      346 345 344 -1 
                      347 346 344 -1 
                      366 348 349 -1 
                      365 349 350 -1 
                      364 350 351 -1 
                      363 351 352 -1 
                      362 352 353 -1 
                      356 359 355 -1 
                      357 358 356 -1 
                      361 353 354 -1 
                      360 354 355 -1 
                      359 356 358 -1 
                      360 355 359 -1 
                      361 354 360 -1 
                      362 353 361 -1 
                      363 352 362 -1 
                      364 351 363 -1 
                      365 350 364 -1 
                      366 349 365 -1 
                      367 348 366 -1 
                      371 369 372 -1 
                      372 369 368 -1 
                      371 370 369 -1 
                      373 372 368 -1 
                      376 374 375 -1 
                      377 374 376 -1 
                      379 378 380 -1 
                      381 380 378 -1 
                      382 381 378 -1 
                      383 382 378 -1 
                      386 385 384 -1 
                      403 386 384 -1 
                      402 387 386 -1 
                      401 388 387 -1 
                      400 389 388 -1 
                      399 390 389 -1 
                      398 391 390 -1 
                      397 392 391 -1 
                      396 393 392 -1 
                      395 394 393 -1 
                      396 395 393 -1 
                      397 396 392 -1 
                      398 397 391 -1 
                      399 398 390 -1 
                      400 399 389 -1 
                      401 400 388 -1 
                      402 401 387 -1 
                      403 402 386 -1 
                      406 404 407 -1 
                      406 405 404 -1 
                      410 409 408 -1 
                      411 410 408 -1 
                      430 412 413 -1 
                      429 413 414 -1 
                      428 414 415 -1 
                      427 415 416 -1 
                      419 424 418 -1 
                      420 423 419 -1 
                      421 422 420 -1 
                      426 416 417 -1 
                      425 417 418 -1 
                      423 420 422 -1 
                      424 419 423 -1 
                      425 418 424 -1 
                      426 417 425 -1 
                      427 416 426 -1 
                      428 415 427 -1 
                      429 414 428 -1 
                      430 413 429 -1 
                      431 412 430 -1 
                      435 433 436 -1 
                      436 433 432 -1 
                      435 434 433 -1 
                      437 436 432 -1 
                      440 438 439 -1 
                      441 438 440 -1 
                      443 442 444 -1 
                      445 444 442 -1 
                      446 445 442 -1 
                      447 446 442 -1 
                      450 449 448 -1 
                      467 450 448 -1 
                      466 451 450 -1 
                      465 452 451 -1 
                      464 453 452 -1 
                      463 454 453 -1 
                      462 455 454 -1 
                      461 456 455 -1 
                      460 457 456 -1 
                      459 458 457 -1 
                      460 459 457 -1 
                      461 460 456 -1 
                      462 461 455 -1 
                      463 462 454 -1 
                      464 463 453 -1 
                      465 464 452 -1 
                      466 465 451 -1 
                      467 466 450 -1 
                      470 468 471 -1 
                      470 469 468 -1 
                      474 473 472 -1 
                      475 474 472 -1 
                      494 476 477 -1 
                      493 477 478 -1 
                      492 478 479 -1 
                      482 489 481 -1 
                      483 488 482 -1 
                      484 487 483 -1 
                      485 486 484 -1 
                      491 479 480 -1 
                      490 480 481 -1 
                      487 484 486 -1 
                      488 483 487 -1 
                      489 482 488 -1 
                      490 481 489 -1 
                      491 480 490 -1 
                      492 479 491 -1 
                      493 478 492 -1 
                      494 477 493 -1 
                      495 476 494 -1 
                      499 497 500 -1 
                      500 497 496 -1 
                      499 498 497 -1 
                      501 500 496 -1 
                      504 502 503 -1 
                      505 502 504 -1 
                      507 506 508 -1 
                      509 508 506 -1 
                      510 509 506 -1 
                      511 510 506 -1 
                      514 513 512 -1 
                      531 514 512 -1 
                      530 515 514 -1 
                      529 516 515 -1 
                      528 517 516 -1 
                      527 518 517 -1 
                      526 519 518 -1 
                      525 520 519 -1 
                      524 521 520 -1 
                      523 522 521 -1 
                      524 523 521 -1 
                      525 524 520 -1 
                      526 525 519 -1 
                      527 526 518 -1 
                      528 527 517 -1 
                      529 528 516 -1 
                      530 529 515 -1 
                      531 530 514 -1 
                      534 532 535 -1 
                      534 533 532 -1 
                      538 537 536 -1 
                      539 538 536 -1 
                      541 558 540 -1 
                      542 557 541 -1 
                      543 556 542 -1 
                      544 555 543 -1 
                      545 554 544 -1 
                      546 553 545 -1 
                      547 552 546 -1 
                      548 551 547 -1 
                      549 550 548 -1 
                      551 548 550 -1 
                      552 547 551 -1 
                      553 546 552 -1 
                      554 545 553 -1 
                      555 544 554 -1 
                      556 543 555 -1 
                      557 542 556 -1 
                      558 541 557 -1 
                      559 540 558 -1 
                      563 561 564 -1 
                      564 561 560 -1 
                      563 562 561 -1 
                      565 564 560 -1 
                      568 566 567 -1 
                      569 566 568 -1 
                      572 571 570 -1 
                      573 572 570 -1 
                      574 573 570 -1 
                      575 574 570 -1 
                      594 580 581 -1 
                      593 581 582 -1 
                      592 582 583 -1 
                      591 583 584 -1 
                      590 584 585 -1 
                      588 586 587 -1 
                      589 585 586 -1 
                      589 586 588 -1 
                      595 579 580 -1 
                      590 585 589 -1 
                      596 578 579 -1 
                      591 584 590 -1 
                      597 577 578 -1 
                      592 583 591 -1 
                      593 582 592 -1 
                      594 581 593 -1 
                      595 580 594 -1 
                      596 579 595 -1 
                      598 576 577 -1 
                      597 578 596 -1 
                      598 599 576 -1 
                      598 577 597 -1 
                      602 600 601 -1 
                      603 600 602 -1 
                      606 605 604 -1 
                      607 606 604 -1 
                      626 612 613 -1 
                      625 613 614 -1 
                      624 614 615 -1 
                      623 615 616 -1 
                      622 616 617 -1 
                      620 618 619 -1 
                      621 617 618 -1 
                      621 618 620 -1 
                      627 611 612 -1 
                      622 617 621 -1 
                      628 610 611 -1 
                      623 616 622 -1 
                      629 609 610 -1 
                      624 615 623 -1 
                      625 614 624 -1 
                      626 613 625 -1 
                      627 612 626 -1 
                      628 611 627 -1 
                      630 608 609 -1 
                      629 610 628 -1 
                      630 631 608 -1 
                      630 609 629 -1 
                      634 632 635 -1 
                      634 633 632 -1 
                      638 636 637 -1 
                      639 636 638 -1 
                      658 644 645 -1 
                      657 645 646 -1 
                      656 646 647 -1 
                      655 647 648 -1 
                      654 648 649 -1 
                      652 650 651 -1 
                      653 649 650 -1 
                      653 650 652 -1 
                      659 643 644 -1 
                      654 649 653 -1 
                      660 642 643 -1 
                      655 648 654 -1 
                      661 641 642 -1 
                      656 647 655 -1 
                      657 646 656 -1 
                      658 645 657 -1 
                      659 644 658 -1 
                      660 643 659 -1 
                      662 640 641 -1 
                      661 642 660 -1 
                      662 663 640 -1 
                      662 641 661 -1 
                      666 664 667 -1 
                      666 665 664 -1 
                      670 668 669 -1 
                      671 668 670 -1 
                      690 676 677 -1 
                      689 677 678 -1 
                      688 678 679 -1 
                      687 679 680 -1 
                      686 680 681 -1 
                      684 682 683 -1 
                      685 681 682 -1 
                      685 682 684 -1 
                      691 675 676 -1 
                      686 681 685 -1 
                      692 674 675 -1 
                      687 680 686 -1 
                      693 673 674 -1 
                      688 679 687 -1 
                      689 678 688 -1 
                      690 677 689 -1 
                      691 676 690 -1 
                      692 675 691 -1 
                      694 672 673 -1 
                      693 674 692 -1 
                      694 695 672 -1 
                      694 673 693 -1 
                      698 696 699 -1 
                      698 697 696 -1 
                      702 700 701 -1 
                      703 700 702 -1 
                      722 708 709 -1 
                      721 709 710 -1 
                      720 710 711 -1 
                      719 711 712 -1 
                      718 712 713 -1 
                      716 714 715 -1 
                      717 713 714 -1 
                      717 714 716 -1 
                      723 707 708 -1 
                      718 713 717 -1 
                      724 706 707 -1 
                      719 712 718 -1 
                      725 705 706 -1 
                      720 711 719 -1 
                      721 710 720 -1 
                      722 709 721 -1 
                      723 708 722 -1 
                      724 707 723 -1 
                      726 704 705 -1 
                      725 706 724 -1 
                      726 727 704 -1 
                      726 705 725 -1 
                      730 728 731 -1 
                      730 729 728 -1 
                      734 732 733 -1 
                      735 732 734 -1 
                      754 740 741 -1 
                      753 741 742 -1 
                      752 742 743 -1 
                      751 743 744 -1 
                      750 744 745 -1 
                      748 746 747 -1 
                      749 745 746 -1 
                      749 746 748 -1 
                      755 739 740 -1 
                      750 745 749 -1 
                      756 738 739 -1 
                      751 744 750 -1 
                      757 737 738 -1 
                      752 743 751 -1 
                      753 742 752 -1 
                      754 741 753 -1 
                      755 740 754 -1 
                      756 739 755 -1 
                      758 736 737 -1 
                      757 738 756 -1 
                      758 759 736 -1 
                      758 737 757 -1 
                      762 760 763 -1 
                      762 761 760 -1 
                      766 764 765 -1 
                      767 764 766 -1 
                    ]
                  }
                }
              ]
            }
          ]
        }
      ]
    }
  ]
}
