#VRML V2.0 utf8
# META "generator" "CAD Exchanger 3.10.2 (cadexchanger.com)"
DEF __1 Transform {
  children [
    DEF Assem1 Group {
      children [
        DEF base Group {
          children [
            DEF base_1 Shape {
              appearance DEF __5 Appearance {
                material DEF __6 Material {
                  ambientIntensity 0.249999985099
                  shininess 0
                }
              }
              geometry DEF __7 IndexedFaceSet {
                solid FALSE
                coord Coordinate {
                  point [
                    0.00181606557377 0.000366229508197 0.0047,
                    0.00181606557377 0.000252131147541 0.0047,
                    0.00189213114754 0.000366229508197 0.0047,
                    0.00143442622951 -0.000439672131148 0.0047,
                    0.00151704918033 -0.000439672131148 0.0047,
                    0.00180950819672 -0.000234426229508 0.0047,
                    0.00180491803279 -0.000234426229508 0.0047,
                    0.00181344262295 0.000252131147541 0.0047,
                    0.000829180327869 0.000366229508197 0.0047,
                    0.000829180327869 -0.000365573770492 0.0047,
                    0.000903278688525 0.000366229508197 0.0047,
                    0.000903278688525 0.00026393442623 0.0047,
                    0.000905901639344 0.000263278688525 0.0047,
                    0.00128098360656 -0.000365573770492 0.0047,
                    0.00119836065574 -0.000365573770492 0.0047,
                    0.000911803278689 -0.000365573770492 0.0047,
                    0.00058 0.000366229508197 0.0047,
                    0.00058 -0.000365573770492 0.0047,
                    0.000663278688525 0.000366229508197 0.0047,
                    0.000663278688525 -0.000365573770492 0.0047,
                    0.00058 0.000618032786885 0.0047,
                    0.00058 0.000477704918033 0.0047,
                    0.000663278688525 0.000618032786885 0.0047,
                    0.000663278688525 0.000477704918033 0.0047,
                    6.88524590164e-06 0.000618032786885 0.0047,
                    6.88524590164e-06 -0.000365573770492 0.0047,
                    8.95081967213e-05 0.000618032786885 0.0047,
                    8.95081967213e-05 1.6393442623e-06 0.0047,
                    9.2131147541e-05 1.6393442623e-06 0.0047,
                    0.00037606557377 0.000366229508197 0.0047,
                    0.000477704918033 0.000366229508197 0.0047,
                    0.00025737704918 9.40983606557e-05 0.0047,
                    0.000517704918033 -0.000365573770492 0.0047,
                    0.00041606557377 -0.000365573770492 0.0047,
                    0.000198360655738 2e-05 0.0047,
                    8.95081967213e-05 -0.000109836065574 0.0047,
                    8.95081967213e-05 -0.000365573770492 0.0047,
                    -0.000366229508197 0.000366229508197 0.0047,
                    -0.000366229508197 -0.000365573770492 0.0047,
                    -0.000283606557377 0.000366229508197 0.0047,
                    -0.000283606557377 0.000250819672131 0.0047,
                    -0.000280983606557 0.000250819672131 0.0047,
                    -6.72131147541e-05 0.00037737704918 0.0047,
                    -6.72131147541e-05 0.000294754098361 0.0047,
                    -0.000283606557377 -0.000365573770492 0.0047,
                    -0.000968196721311 0.000147868852459 0.0047,
                    -0.000885573770492 0.000147868852459 0.0047,
                    -0.000469180327869 -0.000305245901639 0.0047,
                    -0.000469180327869 -0.000366229508197 0.0047,
                    -0.000614754098361 -0.000259344262295 0.0047,
                    -0.00061737704918 -0.000259344262295 0.0047,
                    0.0031 0.0023 0.0047,
                    0.0023 0.0031 0.0047,
                    -0.0023 0.0031 0.0047,
                    -0.0031 0.0023 0.0047,
                    -0.0031 -0.0023 0.0047,
                    -0.0023 -0.0031 0.0047,
                    0.0023 -0.0031 0.0047,
                    0.0031 -0.0023 0.0047,
                    -0.00189213114754 0.000618032786885 0.0047,
                    -0.00189213114754 -0.000365573770492 0.0047,
                    -0.00173868852459 0.000618032786885 0.0047,
                    -0.00150262295082 -0.000255409836066 0.0047,
                    -0.0014993442623 -0.000255409836066 0.0047,
                    -0.00126262295082 0.000618032786885 0.0047,
                    -0.00111836065574 0.000618032786885 0.0047,
                    -0.00111836065574 -0.000365573770492 0.0047,
                    -0.0012062295082 -0.000365573770492 0.0047,
                    -0.0012062295082 0.000535409836066 0.0047,
                    -0.00120885245902 0.000535409836066 0.0047,
                    -0.00146393442623 -0.000365573770492 0.0047,
                    -0.00154655737705 -0.000365573770492 0.0047,
                    -0.00180098360656 0.000535409836066 0.0047,
                    -0.00180360655738 0.000535409836066 0.0047,
                    -0.00180360655738 -0.000365573770492 0.0047,
                    -0.0023 -0.0033 0.0046,
                    0.0023 -0.0033 0.0046,
                    0.00145 0.00225 0.0002,
                    0.00095 0.00175 0.0002,
                    0.00145 0.00225 0,
                    0.00095 0.00175 0,
                    0.00095 -0.00175 0,
                    0.00145 -0.00225 0,
                    0.00145 -0.00225 0.0002,
                    0.00095 -0.00175 0.0002,
                    -0.00145 -0.00225 0,
                    -0.00095 -0.00175 0,
                    -0.00145 -0.00225 0.0002,
                    -0.00095 -0.00175 0.0002,
                    -0.00095 0.00175 0.0002,
                    -0.00095 0.00175 0,
                    -0.00145 0.00225 0,
                    -0.00145 0.00225 0.0002,
                    0.0033 0.00225 0.0002,
                    0.0033 -0.00225 0.0002,
                    -0.0033 -0.00225 0.0002,
                    -0.0033 0.00225 0.0002,
                    0.0033 0.00225 0,
                    0.0033 -0.00225 0,
                    0.0033 -0.0023 0,
                    0.0023 -0.0033 0,
                    -0.0023 -0.0033 0,
                    -0.0033 -0.0023 0,
                    -0.0033 -0.00225 0,
                    -0.0033 0.00225 0,
                    -0.0033 0.0023 0,
                    -0.0023 0.0033 0,
                    0.0023 0.0033 0,
                    0.0033 0.0023 0,
                    0.0023 0.0033 0.0046,
                    -0.0023 0.0033 0.0046,
                    -0.0033 -0.0023 0.0046,
                    -0.0033 0.0023 0.0046,
                    -0.00062131147541 4.81967213115e-05 0.0047,
                    -0.00061868852459 4.81967213115e-05 0.0047,
                    -0.00061868852459 -0.000107213114754 0.0047,
                    0.00149803278689 8.85245901639e-06 0.0047,
                    0.0033 -0.0023 0.0046,
                    0.0033 0.0023 0.0046,
                    0.00143550957351 -0.000458749039447 0.0047,
                    0.00143826716189 -0.000477082479508 0.0047,
                    0.00144269803407 -0.000494605212602 0.0047,
                    0.00144880122951 -0.00051125 0.0047,
                    0.00145657578765 -0.000526949602971 0.0047,
                    0.00146602074795 -0.000541636782787 0.0047,
                    0.00147713514985 -0.000555244300717 0.0047,
                    0.00148991803279 -0.000567704918033 0.0047,
                    0.00150436843622 -0.000578951396004 0.0047,
                    0.00152048539959 -0.000588916495902 0.0047,
                    0.00153826796235 -0.000597532978996 0.0047,
                    0.00155771516393 -0.000604733606557 0.0047,
                    0.0015788260438 -0.000610451139857 0.0047,
                    0.00160159964139 -0.000614618340164 0.0047,
                    0.00165213114754 -0.000618032786885 0.0047,
                    0.00168227426998 -0.00061683449667 0.0047,
                    0.00171026383197 -0.000613241547131 0.0047,
                    0.0017361286501 -0.000607256819928 0.0047,
                    0.00175989754098 -0.000598883196721 0.0047,
                    0.00178159932121 -0.00058812355917 0.0047,
                    0.00180126280738 -0.000574980788934 0.0047,
                    0.00181891681609 -0.000559457767674 0.0047,
                    0.00183459016393 -0.000541557377049 0.0047,
                    0.00184831166752 -0.000521282498719 0.0047,
                    0.00186011014344 -0.000498636014344 0.0047,
                    0.0018700144083 -0.000473620805584 0.0047,
                    0.00187805327869 -0.000446239754098 0.0047,
                    0.00188865010246 -0.00038439164959 0.0047,
                    0.00189213114754 -0.000313114754098 0.0047,
                    0.0018070005123 -0.00039627817623 0.0047,
                    0.00179952868852 -0.000436209016393 0.0047,
                    0.00179395523822 -0.000453954597848 0.0047,
                    0.00178716956967 -0.000470207479508 0.0047,
                    0.00177918128842 -0.00048495805584 0.0047,
                    0.00177 -0.000498196721311 0.0047,
                    0.00175963530994 -0.000509913870389 0.0047,
                    0.00174809682377 -0.000520099897541 0.0047,
                    0.00173539414703 -0.000528745197234 0.0047,
                    0.00172153688525 -0.000535840163934 0.0047,
                    0.00170653464395 -0.000541375192111 0.0047,
                    0.00169039702869 -0.00054534067623 0.0047,
                    0.00167313364498 -0.000547727010758 0.0047,
                    0.00165475409836 -0.000548524590164 0.0047,
                    0.00162793929303 -0.000546698258197 0.0047,
                    0.0016025307377 -0.000541290983607 0.0047,
                    0.00157919697746 -0.000532410348361 0.0047,
                    0.00156851706583 -0.000526701139857 0.0047,
                    0.00155860655738 -0.000520163934426 0.0047,
                    0.00154954902024 -0.000512812179816 0.0047,
                    0.00154142802254 -0.00050465932377 0.0047,
                    0.00153432713243 -0.000495718814037 0.0047,
                    0.00152832991803 -0.000486004098361 0.0047,
                    0.00152351994749 -0.000475528624488 0.0047,
                    0.00151998078893 -0.000464305840164 0.0047,
                    0.0015177960105 -0.000452349193135 0.0047,
                    0.00180192110656 0.000281431864754 0.0047,
                    0.00178717213115 0.000307274590164 0.0047,
                    0.00176941086066 0.000329521004098 0.0047,
                    0.00174885245902 0.000348032786885 0.0047,
                    0.00172571209016 0.000362671618852 0.0047,
                    0.00170020491803 0.000373299180328 0.0047,
                    0.00167254610656 0.000379777151639 0.0047,
                    0.00164295081967 0.000381967213115 0.0047,
                    0.00161396196209 0.000380469390369 0.0047,
                    0.00158698258197 0.000375978483607 0.0047,
                    0.00156199346824 0.000368498335041 0.0047,
                    0.00153897540984 0.000358032786885 0.0047,
                    0.0015179091957 0.000344585681352 0.0047,
                    0.00149877561475 0.000328160860656 0.0047,
                    0.00148155545594 0.000308762167008 0.0047,
                    0.0014662295082 0.000286393442623 0.0047,
                    0.00145277856045 0.000261058529713 0.0047,
                    0.00144118340164 0.000232761270492 0.0047,
                    0.00142348360656 0.000167295081967 0.0047,
                    0.00141297643443 9.00256147541e-05 0.0047,
                    0.00140950819672 9.83606557376e-07 0.0047,
                    0.0014145210041 -9.91111680328e-05 0.0047,
                    0.00142870901639 -0.000180225409836 0.0047,
                    0.00143884509477 -0.000214207543545 0.0047,
                    0.00145079661885 -0.00024409579918 0.0047,
                    0.00146440413678 -0.000270107261783 0.0047,
                    0.00147950819672 -0.000292459016393 0.0047,
                    0.00149594934682 -0.000311368148053 0.0047,
                    0.00151356813525 -0.000327051741803 0.0047,
                    0.00153220511014 -0.000339726882684 0.0047,
                    0.00155170081967 -0.000349610655738 0.0047,
                    0.00157189581199 -0.000356920146004 0.0047,
                    0.00159263063525 -0.000361872438525 0.0047,
                    0.0016137458376 -0.00036468461834 0.0047,
                    0.00163508196721 -0.000365573770492 0.0047,
                    0.00166335809426 -0.000363623206967 0.0047,
                    0.00169038934426 -0.000357715163934 0.0047,
                    0.0017157914959 -0.000347765112705 0.0047,
                    0.00172776159068 -0.000341247918801 0.0047,
                    0.00173918032787 -0.00033368852459 0.0047,
                    0.00174999967982 -0.000325076363986 0.0047,
                    0.00176017161885 -0.000315400870902 0.0047,
                    0.00176964811732 -0.000304651479252 0.0047,
                    0.00177838114754 -0.000292817622951 0.0047,
                    0.00179342469262 -0.000265854252049 0.0047,
                    0.00127749743852 0.000234490266393 0.0047,
                    0.00127322905994 0.000255725858094 0.0047,
                    0.00126735655738 0.00027518442623 0.0047,
                    0.00125993948514 0.000292898629611 0.0047,
                    0.00125103739754 0.000308901127049 0.0047,
                    0.00124070984887 0.000323224577357 0.0047,
                    0.00122901639344 0.000335901639344 0.0047,
                    0.00121601658555 0.000346964971824 0.0047,
                    0.00120176997951 0.000356447233607 0.0047,
                    0.00118633612961 0.000364381083504 0.0047,
                    0.00116977459016 0.000370799180328 0.0047,
                    0.00115214491547 0.000375734182889 0.0047,
                    0.00113350665984 0.00037921875 0.0047,
                    0.00111391937756 0.000381285540471 0.0047,
                    0.00109344262295 0.000381967213115 0.0047,
                    0.00106550845287 0.000380256147541 0.0047,
                    0.00103841188525 0.000375040983607 0.0047,
                    0.00101237576844 0.000366198770492 0.0047,
                    0.00098762295082 0.000353606557377 0.0047,
                    0.000964376280738 0.000337141393443 0.0047,
                    0.000942858606557 0.000316680327869 0.0047,
                    0.000923292776639 0.000292100409836 0.0047,
                    0.000914727202869 0.000166390881148 0.0047,
                    0.000918317270748 0.000185250064037 0.0047,
                    0.000923268442623 0.000203012295082 0.0047,
                    0.000929537493596 0.000219629546619 0.0047,
                    0.00093708119877 0.000235053790984 0.0047,
                    0.000945856333248 0.000249237000512 0.0047,
                    0.000955819672131 0.000262131147541 0.0047,
                    0.000966927990523 0.000273688204406 0.0047,
                    0.000979138063525 0.000283860143443 0.0047,
                    0.00099240666624 0.000292598936988 0.0047,
                    0.00100669057377 0.000299856557377 0.0047,
                    0.00102194656122 0.000305584976947 0.0047,
                    0.00103813140369 0.000309736168033 0.0047,
                    0.00105520187628 0.000312262102971 0.0047,
                    0.0010731147541 0.000313114754098 0.0047,
                    0.0010883532915 0.000312530577613 0.0047,
                    0.00110259477459 0.000310777407787 0.0047,
                    0.00111584112449 0.000307854284068 0.0047,
                    0.0011280942623 0.000303760245902 0.0047,
                    0.00113935610912 0.000298494332736 0.0047,
                    0.00114962858607 0.000292055584016 0.0047,
                    0.00115891361424 0.000284443039191 0.0047,
                    0.00116721311475 0.000275655737705 0.0047,
                    0.00117452900871 0.000265692719006 0.0047,
                    0.00118086321721 0.000254553022541 0.0047,
                    0.00118621766137 0.000242235687756 0.0047,
                    0.0011905942623 0.000228739754098 0.0047,
                    0.00119642161885 0.000198208247951 0.0047,
                    0.00119836065574 0.000162950819672 0.0047,
                    -8.16393442623e-05 0.000380901639344 0.0047,
                    -9.60655737705e-05 0.000381967213115 0.0047,
                    -0.00012754482582 0.00037972079918 0.0047,
                    -0.000156956967213 0.000373094262295 0.0047,
                    -0.000184140625 0.000362256659836 0.0047,
                    -0.00020893442623 0.00034737704918 0.0047,
                    -0.000231176997951 0.000328624487705 0.0047,
                    -0.000250706967213 0.000306168032787 0.0047,
                    -0.000267362961066 0.000280176741803 0.0047,
                    -0.000279819415984 0.000140417520492 0.0047,
                    -0.000275251184682 0.000162598936988 0.0047,
                    -0.000269047131148 0.000183053278689 0.0047,
                    -0.000261317719006 0.00020179399334 0.0047,
                    -0.000252173411885 0.000218834528689 0.0047,
                    -0.000241724673412 0.00023418833248 0.0047,
                    -0.000230081967213 0.000247868852459 0.0047,
                    -0.000217355756916 0.000259889536373 0.0047,
                    -0.000203656506148 0.000270263831967 0.0047,
                    -0.000189094678535 0.000279005186988 0.0047,
                    -0.000173780737705 0.00028612704918 0.0047,
                    -0.000157825147285 0.000291642866291 0.0047,
                    -0.000141338370902 0.000295566086066 0.0047,
                    -0.000124430872182 0.00029791015625 0.0047,
                    -0.000107213114754 0.00029868852459 0.0047,
                    -8.77049180328e-05 0.000297704918033 0.0047,
                    -0.000498020299693 -0.000305008004611 0.0047,
                    -0.000502902151639 -0.000304295594262 0.0047,
                    -0.000507434362193 -0.000303110591701 0.0047,
                    -0.000511618852459 -0.000301454918033 0.0047,
                    -0.000515457543545 -0.000299330494365 0.0047,
                    -0.000518952356557 -0.000296739241803 0.0047,
                    -0.000522105212602 -0.000293683081455 0.0047,
                    -0.000524918032787 -0.000290163934426 0.0047,
                    -0.000527392738217 -0.000286183721824 0.0047,
                    -0.00052953125 -0.000281744364754 0.0047,
                    -0.000531335489242 -0.000276847784324 0.0047,
                    -0.000532807377049 -0.000271495901639 0.0047,
                    -0.000534761782787 -0.000259433913934 0.0047,
                    -0.000535409836066 -0.000245573770492 0.0047,
                    -0.000538154456967 0.000229344262295 0.0047,
                    -0.00054166447874 0.000248637295082 0.0047,
                    -0.000546670081967 0.000266885245902 0.0047,
                    -0.00055322409708 0.000284026639344 0.0047,
                    -0.000561379354508 0.0003 0.0047,
                    -0.000571188684682 0.000314743852459 0.0047,
                    -0.000582704918033 0.000328196721311 0.0047,
                    -0.00059598088499 0.000340297131148 0.0047,
                    -0.000611069415984 0.000350983606557 0.0047,
                    -0.000628023341445 0.000360194672131 0.0047,
                    -0.000646895491803 0.000367868852459 0.0047,
                    -0.00066773869749 0.000373944672131 0.0047,
                    -0.000690605788934 0.000378360655738 0.0047,
                    -0.00074262295082 0.000381967213115 0.0047,
                    -0.000796935194672 0.000378067366803 0.0047,
                    -0.000821149622182 0.000373231461322 0.0047,
                    -0.000843432377049 0.000366506147541 0.0047,
                    -0.000863805551998 0.0003579173604 0.0047,
                    -0.000882291239754 0.000347491034836 0.0047,
                    -0.000898911533043 0.000335253105789 0.0047,
                    -0.00091368852459 0.000321229508197 0.0047,
                    -0.000926644307121 0.000305446176998 0.0047,
                    -0.000937800973361 0.000287929047131 0.0047,
                    -0.000947180616035 0.000268704053535 0.0047,
                    -0.000954805327869 0.000247797131148 0.0047,
                    -0.000960697201588 0.000225234214908 0.0047,
                    -0.000964878329918 0.000201041239754 0.0047,
                    -0.000614266937756 -0.000297057345031 0.0047,
                    -0.000612824026639 -0.00030917392418 0.0047,
                    -0.000610453221055 -0.000320020651895 0.0047,
                    -0.000607182377049 -0.000329661885246 0.0047,
                    -0.000603039350666 -0.000338161981301 0.0047,
                    -0.000598051997951 -0.000345585297131 0.0047,
                    -0.000592248174949 -0.000351996189805 0.0047,
                    -0.000585655737705 -0.000357459016393 0.0047,
                    -0.000578302542264 -0.000362038133965 0.0047,
                    -0.000570216444672 -0.00036579789959 0.0047,
                    -0.000561425300973 -0.000368802670338 0.0047,
                    -0.000551956967213 -0.000371116803279 0.0047,
                    -0.000531100153689 -0.000373930584016 0.0047,
                    -0.000519767386014 -0.000374558945953 0.0047,
                    -0.000513887098969 -0.000374706651031 0.0047,
                    -0.000507868852459 -0.000374754098361 0.0047,
                    -0.000504216188525 -0.000374602971311 0.0047,
                    -0.000500163934426 -0.000374159836066 0.0047,
                    -0.000490983606557 -0.000372459016393 0.0047,
                    -0.000883605276639 0.00018546875 0.0047,
                    -0.000877571721311 0.000218504098361 0.0047,
                    -0.000872970511014 0.000233266841701 0.0047,
                    -0.000867280993852 0.000246836577869 0.0047,
                    -0.000860479155994 0.000259196016906 0.0047,
                    -0.000852540983607 0.000270327868852 0.0047,
                    -0.000843442462859 0.00028021484375 0.0047,
                    -0.000833159579918 0.000288839651639 0.0047,
                    -0.000821668320953 0.000296185002561 0.0047,
                    -0.000808944672131 0.000302233606557 0.0047,
                    -0.000794964619621 0.000306968173668 0.0047,
                    -0.00077970414959 0.000310371413934 0.0047,
                    -0.000763139248207 0.000312426037398 0.0047,
                    -0.000745245901639 0.000313114754098 0.0047,
                    -0.00071796875 0.000311522797131 0.0047,
                    -0.000705320504611 0.000309470895236 0.0047,
                    -0.000693381147541 0.000306526639344 0.0047,
                    -0.000682187179816 0.000302648725666 0.0047,
                    -0.000671775102459 0.00029779585041 0.0047,
                    -0.000662181416496 0.000291926709785 0.0047,
                    -0.000653442622951 0.000285 0.0047,
                    -0.000645595222848 0.000276974417264 0.0047,
                    -0.000638675717213 0.000267808657787 0.0047,
                    -0.00063272060707 0.000257461417777 0.0047,
                    -0.000627766393443 0.000245891393443 0.0047,
                    -0.000623849577357 0.000233057280994 0.0047,
                    -0.000621006659836 0.000218917776639 0.0047,
                    -0.00061868852459 0.000186557377049 0.0047,
                    -0.000619282786885 0.000158118596311 0.0047,
                    -0.000621352459016 0.000135235655738 0.0047,
                    -0.00062307505123 0.000125635085809 0.0047,
                    -0.000625327868852 0.000117132428279 0.0047,
                    -0.000628164702869 0.000109630667264 0.0047,
                    -0.000631639344262 0.000103032786885 0.0047,
                    -0.000635805584016 9.72417712602e-05 0.0047,
                    -0.000640717213115 9.21606045082e-05 0.0047,
                    -0.000646428022541 8.7692270748e-05 0.0047,
                    -0.000652991803279 8.37397540984e-05 0.0047,
                    -0.000660462346311 8.02060386783e-05 0.0047,
                    -0.000668893442623 7.69941086066e-05 0.0047,
                    -0.000688852459016 7.11475409836e-05 0.0047,
                    -0.00076668387576 4.96753228249e-05 0.0047,
                    -0.000805457273082 3.838234442e-05 0.0047,
                    -0.000844262295082 2.72131147541e-05 0.0047,
                    -0.000880489839775 1.40634873998e-05 0.0047,
                    -0.000896534162752 5.95428967943e-06 0.0047,
                    -0.000911232477849 -3.13254042822e-06 0.0047,
                    -0.000924610003843 -1.31630351919e-05 0.0047,
                    -0.000936691959509 -2.41032268805e-05 0.0047,
                    -0.000947503563621 -3.59191477627e-05 0.0047,
                    -0.000957070034955 -4.85768301074e-05 0.0047,
                    -0.000965416592288 -6.20423061834e-05 0.0047,
                    -0.000972568454394 -7.62816082594e-05 0.0047,
                    -0.000983388968026 -0.000106945819487 0.0047,
                    -0.000989733326057 -0.000140297721941 0.0047,
                    -0.000991803278689 -0.00017606557377 0.0047,
                    -0.00098904585041 -0.00022103227459 0.0047,
                    -0.000985574570953 -0.000241758773053 0.0047,
                    -0.00098068647541 -0.00026125 0.0047,
                    -0.000974365234375 -0.000279457927766 0.0047,
                    -0.000966594518443 -0.000296334528689 0.0047,
                    -0.000957357998207 -0.000311831775102 0.0047,
                    -0.000946639344262 -0.000325901639344 0.0047,
                    -0.000934422227203 -0.00033849609375 0.0047,
                    -0.000920690317623 -0.000349567110656 0.0047,
                    -0.000905427286117 -0.000359066662398 0.0047,
                    -0.000888616803279 -0.000366946721311 0.0047,
                    -0.000870242539703 -0.000373159259734 0.0047,
                    -0.000850288165984 -0.00037765625 0.0047,
                    -0.000828737352715 -0.000380389664447 0.0047,
                    -0.000805573770492 -0.00038131147541 0.0047,
                    -0.000775110143443 -0.000379943647541 0.0047,
                    -0.000745922131148 -0.000375532786885 0.0047,
                    -0.000718363217213 -0.000367617827869 0.0047,
                    -0.000705305135758 -0.000362202228484 0.0047,
                    -0.000692786885246 -0.000355737704918 0.0047,
                    -0.000680852651127 -0.000348166623975 0.0047,
                    -0.000669546618852 -0.000339431352459 0.0047,
                    -0.000658912973873 -0.000329474257172 0.0047,
                    -0.000648995901639 -0.000318237704918 0.0047,
                    -0.000639839587602 -0.0003056640625 0.0047,
                    -0.000631488217213 -0.000291695696721 0.0047,
                    0.00308784620241 0.00243891854213 0.0047,
                    0.00305175409663 0.00257361611466 0.0047,
                    0.00299282032303 0.0027 0.0047,
                    0.0029128355545 0.00281423008775 0.0047,
                    0.00281423008775 0.0029128355545 0.0047,
                    0.0027 0.00299282032303 0.0047,
                    0.00257361611466 0.00305175409663 0.0047,
                    0.00243891854213 0.00308784620241 0.0047,
                    -0.00243891854213 0.00308784620241 0.0047,
                    -0.00257361611466 0.00305175409663 0.0047,
                    -0.0027 0.00299282032303 0.0047,
                    -0.00281423008775 0.0029128355545 0.0047,
                    -0.0029128355545 0.00281423008775 0.0047,
                    -0.00299282032303 0.0027 0.0047,
                    -0.00305175409663 0.00257361611466 0.0047,
                    -0.00308784620241 0.00243891854213 0.0047,
                    -0.00308784620241 -0.00243891854213 0.0047,
                    -0.00305175409663 -0.00257361611466 0.0047,
                    -0.00299282032303 -0.0027 0.0047,
                    -0.0029128355545 -0.00281423008775 0.0047,
                    -0.00281423008775 -0.0029128355545 0.0047,
                    -0.0027 -0.00299282032303 0.0047,
                    -0.00257361611466 -0.00305175409663 0.0047,
                    -0.00243891854213 -0.00308784620241 0.0047,
                    0.00243891854213 -0.00308784620241 0.0047,
                    0.00257361611466 -0.00305175409663 0.0047,
                    0.0027 -0.00299282032303 0.0047,
                    0.00281423008775 -0.0029128355545 0.0047,
                    0.0029128355545 -0.00281423008775 0.0047,
                    0.00299282032303 -0.0027 0.0047,
                    0.00305175409663 -0.00257361611466 0.0047,
                    0.00308784620241 -0.00243891854213 0.0047,
                    0.00144240387651 0.00233682408883 0.0002,
                    0.00141984631039 0.00242101007166 0.0002,
                    0.00138301270189 0.0025 0.0002,
                    0.00133302222156 0.00257139380484 0.0002,
                    0.00127139380484 0.00263302222156 0.0002,
                    0.0012 0.00268301270189 0.0002,
                    0.00112101007166 0.00271984631039 0.0002,
                    0.00103682408883 0.00274240387651 0.0002,
                    0.00095 0.00275 0.0002,
                    0.000863175911167 0.00274240387651 0.0002,
                    0.000778989928337 0.00271984631039 0.0002,
                    0.0007 0.00268301270189 0.0002,
                    0.000628606195157 0.00263302222156 0.0002,
                    0.000566977778441 0.00257139380484 0.0002,
                    0.000516987298108 0.0025 0.0002,
                    0.000480153689607 0.00242101007166 0.0002,
                    0.000457596123494 0.00233682408883 0.0002,
                    0.00045 0.00225 0.0002,
                    0.000457596123494 0.00216317591117 0.0002,
                    0.000480153689607 0.00207898992834 0.0002,
                    0.000516987298108 0.002 0.0002,
                    0.000566977778441 0.00192860619516 0.0002,
                    0.000628606195157 0.00186697777844 0.0002,
                    0.0007 0.00181698729811 0.0002,
                    0.000778989928337 0.00178015368961 0.0002,
                    0.000863175911167 0.00175759612349 0.0002,
                    0.00144240387651 0.00233682408883 0,
                    0.00141984631039 0.00242101007166 0,
                    0.00138301270189 0.0025 0,
                    0.00133302222156 0.00257139380484 0,
                    0.00127139380484 0.00263302222156 0,
                    0.0012 0.00268301270189 0,
                    0.00112101007166 0.00271984631039 0,
                    0.00103682408883 0.00274240387651 0,
                    0.00095 0.00275 0,
                    0.000863175911167 0.00274240387651 0,
                    0.000778989928337 0.00271984631039 0,
                    0.0007 0.00268301270189 0,
                    0.000628606195157 0.00263302222156 0,
                    0.000566977778441 0.00257139380484 0,
                    0.000516987298108 0.0025 0,
                    0.000480153689607 0.00242101007166 0,
                    0.000457596123494 0.00233682408883 0,
                    0.00045 0.00225 0,
                    0.000457596123494 0.00216317591117 0,
                    0.000480153689607 0.00207898992834 0,
                    0.000516987298108 0.002 0,
                    0.000566977778441 0.00192860619516 0,
                    0.000628606195157 0.00186697777844 0,
                    0.0007 0.00181698729811 0,
                    0.000778989928337 0.00178015368961 0,
                    0.000863175911167 0.00175759612349 0,
                    0.000863175911167 -0.00175759612349 0,
                    0.000778989928337 -0.00178015368961 0,
                    0.0007 -0.00181698729811 0,
                    0.000628606195157 -0.00186697777844 0,
                    0.000566977778441 -0.00192860619516 0,
                    0.000516987298108 -0.002 0,
                    0.000480153689607 -0.00207898992834 0,
                    0.000457596123494 -0.00216317591117 0,
                    0.00045 -0.00225 0,
                    0.000457596123494 -0.00233682408883 0,
                    0.000480153689607 -0.00242101007166 0,
                    0.000516987298108 -0.0025 0,
                    0.000566977778441 -0.00257139380484 0,
                    0.000628606195157 -0.00263302222156 0,
                    0.0007 -0.00268301270189 0,
                    0.000778989928337 -0.00271984631039 0,
                    0.000863175911167 -0.00274240387651 0,
                    0.00095 -0.00275 0,
                    0.00103682408883 -0.00274240387651 0,
                    0.00112101007166 -0.00271984631039 0,
                    0.0012 -0.00268301270189 0,
                    0.00127139380484 -0.00263302222156 0,
                    0.00133302222156 -0.00257139380484 0,
                    0.00138301270189 -0.0025 0,
                    0.00141984631039 -0.00242101007166 0,
                    0.00144240387651 -0.00233682408883 0,
                    0.000863175911167 -0.00175759612349 0.0002,
                    0.000778989928337 -0.00178015368961 0.0002,
                    0.0007 -0.00181698729811 0.0002,
                    0.000628606195157 -0.00186697777844 0.0002,
                    0.000566977778441 -0.00192860619516 0.0002,
                    0.000516987298108 -0.002 0.0002,
                    0.000480153689607 -0.00207898992834 0.0002,
                    0.000457596123494 -0.00216317591117 0.0002,
                    0.00045 -0.00225 0.0002,
                    0.000457596123494 -0.00233682408883 0.0002,
                    0.000480153689607 -0.00242101007166 0.0002,
                    0.000516987298108 -0.0025 0.0002,
                    0.000566977778441 -0.00257139380484 0.0002,
                    0.000628606195157 -0.00263302222156 0.0002,
                    0.0007 -0.00268301270189 0.0002,
                    0.000778989928337 -0.00271984631039 0.0002,
                    0.000863175911167 -0.00274240387651 0.0002,
                    0.00095 -0.00275 0.0002,
                    0.00103682408883 -0.00274240387651 0.0002,
                    0.00112101007166 -0.00271984631039 0.0002,
                    0.0012 -0.00268301270189 0.0002,
                    0.00127139380484 -0.00263302222156 0.0002,
                    0.00133302222156 -0.00257139380484 0.0002,
                    0.00138301270189 -0.0025 0.0002,
                    0.00141984631039 -0.00242101007166 0.0002,
                    0.00144240387651 -0.00233682408883 0.0002,
                    -0.00144240387651 -0.00233682408883 0,
                    -0.00141984631039 -0.00242101007166 0,
                    -0.00138301270189 -0.0025 0,
                    -0.00133302222156 -0.00257139380484 0,
                    -0.00127139380484 -0.00263302222156 0,
                    -0.0012 -0.00268301270189 0,
                    -0.00112101007166 -0.00271984631039 0,
                    -0.00103682408883 -0.00274240387651 0,
                    -0.00095 -0.00275 0,
                    -0.000863175911167 -0.00274240387651 0,
                    -0.000778989928337 -0.00271984631039 0,
                    -0.0007 -0.00268301270189 0,
                    -0.000628606195157 -0.00263302222156 0,
                    -0.000566977778441 -0.00257139380484 0,
                    -0.000516987298108 -0.0025 0,
                    -0.000480153689607 -0.00242101007166 0,
                    -0.000457596123494 -0.00233682408883 0,
                    -0.00045 -0.00225 0,
                    -0.000457596123494 -0.00216317591117 0,
                    -0.000480153689607 -0.00207898992834 0,
                    -0.000516987298108 -0.002 0,
                    -0.000566977778441 -0.00192860619516 0,
                    -0.000628606195157 -0.00186697777844 0,
                    -0.0007 -0.00181698729811 0,
                    -0.000778989928337 -0.00178015368961 0,
                    -0.000863175911167 -0.00175759612349 0,
                    -0.00144240387651 -0.00233682408883 0.0002,
                    -0.00141984631039 -0.00242101007166 0.0002,
                    -0.00138301270189 -0.0025 0.0002,
                    -0.00133302222156 -0.00257139380484 0.0002,
                    -0.00127139380484 -0.00263302222156 0.0002,
                    -0.0012 -0.00268301270189 0.0002,
                    -0.00112101007166 -0.00271984631039 0.0002,
                    -0.00103682408883 -0.00274240387651 0.0002,
                    -0.00095 -0.00275 0.0002,
                    -0.000863175911167 -0.00274240387651 0.0002,
                    -0.000778989928337 -0.00271984631039 0.0002,
                    -0.0007 -0.00268301270189 0.0002,
                    -0.000628606195157 -0.00263302222156 0.0002,
                    -0.000566977778441 -0.00257139380484 0.0002,
                    -0.000516987298108 -0.0025 0.0002,
                    -0.000480153689607 -0.00242101007166 0.0002,
                    -0.000457596123494 -0.00233682408883 0.0002,
                    -0.00045 -0.00225 0.0002,
                    -0.000457596123494 -0.00216317591117 0.0002,
                    -0.000480153689607 -0.00207898992834 0.0002,
                    -0.000516987298108 -0.002 0.0002,
                    -0.000566977778441 -0.00192860619516 0.0002,
                    -0.000628606195157 -0.00186697777844 0.0002,
                    -0.0007 -0.00181698729811 0.0002,
                    -0.000778989928337 -0.00178015368961 0.0002,
                    -0.000863175911167 -0.00175759612349 0.0002,
                    -0.000863175911167 0.00175759612349 0,
                    -0.000778989928337 0.00178015368961 0,
                    -0.0007 0.00181698729811 0,
                    -0.000628606195157 0.00186697777844 0,
                    -0.000566977778441 0.00192860619516 0,
                    -0.000516987298108 0.002 0,
                    -0.000480153689607 0.00207898992834 0,
                    -0.000457596123494 0.00216317591117 0,
                    -0.00045 0.00225 0,
                    -0.000457596123494 0.00233682408883 0,
                    -0.000480153689607 0.00242101007166 0,
                    -0.000516987298108 0.0025 0,
                    -0.000566977778441 0.00257139380484 0,
                    -0.000628606195157 0.00263302222156 0,
                    -0.0007 0.00268301270189 0,
                    -0.000778989928337 0.00271984631039 0,
                    -0.000863175911167 0.00274240387651 0,
                    -0.00095 0.00275 0,
                    -0.00103682408883 0.00274240387651 0,
                    -0.00112101007166 0.00271984631039 0,
                    -0.0012 0.00268301270189 0,
                    -0.00127139380484 0.00263302222156 0,
                    -0.00133302222156 0.00257139380484 0,
                    -0.00138301270189 0.0025 0,
                    -0.00141984631039 0.00242101007166 0,
                    -0.00144240387651 0.00233682408883 0,
                    -0.000863175911167 0.00175759612349 0.0002,
                    -0.000778989928337 0.00178015368961 0.0002,
                    -0.0007 0.00181698729811 0.0002,
                    -0.000628606195157 0.00186697777844 0.0002,
                    -0.000566977778441 0.00192860619516 0.0002,
                    -0.000516987298108 0.002 0.0002,
                    -0.000480153689607 0.00207898992834 0.0002,
                    -0.000457596123494 0.00216317591117 0.0002,
                    -0.00045 0.00225 0.0002,
                    -0.000457596123494 0.00233682408883 0.0002,
                    -0.000480153689607 0.00242101007166 0.0002,
                    -0.000516987298108 0.0025 0.0002,
                    -0.000566977778441 0.00257139380484 0.0002,
                    -0.000628606195157 0.00263302222156 0.0002,
                    -0.0007 0.00268301270189 0.0002,
                    -0.000778989928337 0.00271984631039 0.0002,
                    -0.000863175911167 0.00274240387651 0.0002,
                    -0.00095 0.00275 0.0002,
                    -0.00103682408883 0.00274240387651 0.0002,
                    -0.00112101007166 0.00271984631039 0.0002,
                    -0.0012 0.00268301270189 0.0002,
                    -0.00127139380484 0.00263302222156 0.0002,
                    -0.00133302222156 0.00257139380484 0.0002,
                    -0.00138301270189 0.0025 0.0002,
                    -0.00141984631039 0.00242101007166 0.0002,
                    -0.00144240387651 0.00233682408883 0.0002,
                    0.00247364817767 -0.00328480775301 0,
                    0.00264202014333 -0.00323969262079 0,
                    0.0028 -0.00316602540378 0,
                    0.00294278760969 -0.00306604444312 0,
                    0.00306604444312 -0.00294278760969 0,
                    0.00316602540378 -0.0028 0,
                    0.00323969262079 -0.00264202014333 0,
                    0.00328480775301 -0.00247364817767 0,
                    -0.00328480775301 -0.00247364817767 0,
                    -0.00323969262079 -0.00264202014333 0,
                    -0.00316602540378 -0.0028 0,
                    -0.00306604444312 -0.00294278760969 0,
                    -0.00294278760969 -0.00306604444312 0,
                    -0.0028 -0.00316602540378 0,
                    -0.00264202014333 -0.00323969262079 0,
                    -0.00247364817767 -0.00328480775301 0,
                    -0.00247364817767 0.00328480775301 0,
                    -0.00264202014333 0.00323969262079 0,
                    -0.0028 0.00316602540378 0,
                    -0.00294278760969 0.00306604444312 0,
                    -0.00306604444312 0.00294278760969 0,
                    -0.00316602540378 0.0028 0,
                    -0.00323969262079 0.00264202014333 0,
                    -0.00328480775301 0.00247364817767 0,
                    0.00328480775301 0.00247364817767 0,
                    0.00323969262079 0.00264202014333 0,
                    0.00316602540378 0.0028 0,
                    0.00306604444312 0.00294278760969 0,
                    0.00294278760969 0.00306604444312 0,
                    0.0028 0.00316602540378 0,
                    0.00264202014333 0.00323969262079 0,
                    0.00247364817767 0.00328480775301 0,
                    -0.000621842981557 -0.0001540625 0.0047,
                    -0.000625703925461 -0.000175341316598 0.0047,
                    -0.000631014344262 -0.000195163934426 0.0047,
                    -0.000637719486424 -0.000213511142418 0.0047,
                    -0.00064576460041 -0.000230363729508 0.0047,
                    -0.000655094934682 -0.000245702484631 0.0047,
                    -0.000665655737705 -0.000259508196721 0.0047,
                    -0.000677392257941 -0.000271761654713 0.0047,
                    -0.000690249743852 -0.000282443647541 0.0047,
                    -0.000704173443904 -0.000291534964139 0.0047,
                    -0.000719108606557 -0.000299016393443 0.0047,
                    -0.000735000480277 -0.000304868724385 0.0047,
                    -0.000751794313525 -0.000309072745902 0.0047,
                    -0.000769435354764 -0.000311609246926 0.0047,
                    -0.000787868852459 -0.000312459016393 0.0047,
                    -0.000800943743596 -0.000311826492059 0.0047,
                    -0.000813349129098 -0.00030995005123 0.0047,
                    -0.000825060995133 -0.000306861392162 0.0047,
                    -0.000836055327869 -0.000302592213115 0.0047,
                    -0.000846308113473 -0.000297174212346 0.0047,
                    -0.000855795338115 -0.000290639088115 0.0047,
                    -0.000864492987961 -0.000283018538678 0.0047,
                    -0.00087237704918 -0.000274344262295 0.0047,
                    -0.000879423507941 -0.000264647957223 0.0047,
                    -0.00088560835041 -0.000253961321721 0.0047,
                    -0.000890907562756 -0.000242316054047 0.0047,
                    -0.000895297131148 -0.000229743852459 0.0047,
                    -0.000901251280738 -0.000201945440574 0.0047,
                    -0.000903278688525 -0.000170819672131 0.0047,
                    -0.000901285860656 -0.000139754098361 0.0047,
                    -0.000898800589139 -0.000125762038934 0.0047,
                    -0.000895327868852 -0.000112745901639 0.0047,
                    -0.000890871542008 -0.000100667264344 0.0047,
                    -0.00088543545082 -8.9487704918e-05 0.0047,
                    -0.0008790234375 -7.91688012295e-05 0.0047,
                    -0.000871639344262 -6.96721311475e-05 0.0047,
                    -0.00086328701332 -6.0959272541e-05 0.0047,
                    -0.000853970286885 -5.29918032787e-05 0.0047,
                    -0.000843693007172 -4.57313012295e-05 0.0047,
                    -0.000832459016393 -3.91393442623e-05 0.0047,
                    -0.000807136270492 -2.78073770492e-05 0.0047,
                    -0.000778032786885 -1.86885245902e-05 0.0047,
                    -0.000709180327869 -3.27868852459e-07 0.0047,
                    -0.000682887261071 7.28470852323e-06 0.0047,
                    -0.000669443697495 1.19837298483e-05 0.0047,
                    -0.000656537310387 1.74042582137e-05 0.0047,
                    -0.000644719497186 2.36410575811e-05 0.0047,
                    -0.000639391117499 2.70951726286e-05 0.0047,
                    -0.00063454165533 3.07888919121e-05 0.0047,
                    -0.000630240035356 3.4734060927e-05 0.0047,
                    -0.000626555182258 3.89425251684e-05 0.0047,
                    -0.000623556020716 4.34261301315e-05 0.0047,
                    0.00150064933402 8.83849897541e-05 0.0047,
                    0.00150839139344 0.000154047131148 0.0047,
                    0.00152109759221 0.000206845543033 0.0047,
                    0.00152926181481 0.000228735431609 0.0047,
                    0.00153860655738 0.000247786885246 0.0047,
                    0.00154911164831 0.000264125736424 0.0047,
                    0.00156075691598 0.000277877817623 0.0047,
                    0.00157352218878 0.000289168961322 0.0047,
                    0.00158738729508 0.000298125 0.0047,
                    0.00160233206327 0.000304871766137 0.0047,
                    0.00161833632172 0.000309535092213 0.0047,
                    0.00163537989882 0.000312240810707 0.0047,
                    0.00165344262295 0.000313114754098 0.0047,
                    0.00167151271132 0.000312240810707 0.0047,
                    0.00168857710041 0.000309535092213 0.0047,
                    0.00170461369749 0.000304871766137 0.0047,
                    0.00171960040984 0.000298125 0.0047,
                    0.00173351514472 0.000289168961322 0.0047,
                    0.00174633580943 0.000277877817623 0.0047,
                    0.00175804031122 0.000264125736424 0.0047,
                    0.00176860655738 0.000247786885246 0.0047,
                    0.00177801245517 0.000228735431609 0.0047,
                    0.00178623591189 0.000206845543033 0.0047,
                    0.00179904713115 0.000154047131148 0.0047,
                    0.00180686347336 8.83849897541e-05 0.0047,
                    0.00180950819672 8.85245901639e-06 0.0047,
                    0.00180686347336 -7.13012295082e-05 0.0047,
                    0.00179904713115 -0.00013737704918 0.0047,
                    0.00178623591189 -0.000190420081967 0.0047,
                    0.00177801245517 -0.000212380891393 0.0047,
                    0.00176860655738 -0.000231475409836 0.0047,
                    0.00175804031122 -0.000247834272541 0.0047,
                    0.00174633580943 -0.000261588114754 0.0047,
                    0.00173351514472 -0.000272867571721 0.0047,
                    0.00171960040984 -0.000281803278689 0.0047,
                    0.00170461369749 -0.000288525870902 0.0047,
                    0.00168857710041 -0.000293165983607 0.0047,
                    0.00167151271132 -0.000295854252049 0.0047,
                    0.00165344262295 -0.000296721311475 0.0047,
                    0.00163537989882 -0.000295854252049 0.0047,
                    0.00161833632172 -0.000293165983607 0.0047,
                    0.00160233206327 -0.000288525870902 0.0047,
                    0.00158738729508 -0.000281803278689 0.0047,
                    0.00157352218878 -0.000272867571721 0.0047,
                    0.00156075691598 -0.000261588114754 0.0047,
                    0.00154911164831 -0.000247834272541 0.0047,
                    0.00153860655738 -0.000231475409836 0.0047,
                    0.00152926181481 -0.000212380891393 0.0047,
                    0.00152109759221 -0.000190420081967 0.0047,
                    0.00150839139344 -0.00013737704918 0.0047,
                    0.00150064933402 -7.13012295082e-05 0.0047,
                    0.00247364817767 -0.00328480775301 0.0046,
                    0.00264202014333 -0.00323969262079 0.0046,
                    0.0028 -0.00316602540378 0.0046,
                    0.00294278760969 -0.00306604444312 0.0046,
                    0.00306604444312 -0.00294278760969 0.0046,
                    0.00316602540378 -0.0028 0.0046,
                    0.00323969262079 -0.00264202014333 0.0046,
                    0.00328480775301 -0.00247364817767 0.0046,
                    0.00328480775301 0.00247364817767 0.0046,
                    0.00323969262079 0.00264202014333 0.0046,
                    0.00316602540378 0.0028 0.0046,
                    0.00306604444312 0.00294278760969 0.0046,
                    0.00294278760969 0.00306604444312 0.0046,
                    0.0028 0.00316602540378 0.0046,
                    0.00264202014333 0.00323969262079 0.0046,
                    0.00247364817767 0.00328480775301 0.0046,
                    -0.00247364817767 0.00328480775301 0.0046,
                    -0.00264202014333 0.00323969262079 0.0046,
                    -0.0028 0.00316602540378 0.0046,
                    -0.00294278760969 0.00306604444312 0.0046,
                    -0.00306604444312 0.00294278760969 0.0046,
                    -0.00316602540378 0.0028 0.0046,
                    -0.00323969262079 0.00264202014333 0.0046,
                    -0.00328480775301 0.00247364817767 0.0046,
                    -0.00328480775301 -0.00247364817767 0.0046,
                    -0.00323969262079 -0.00264202014333 0.0046,
                    -0.00316602540378 -0.0028 0.0046,
                    -0.00306604444312 -0.00294278760969 0.0046,
                    -0.00294278760969 -0.00306604444312 0.0046,
                    -0.0028 -0.00316602540378 0.0046,
                    -0.00264202014333 -0.00323969262079 0.0046,
                    -0.00247364817767 -0.00328480775301 0.0046

                  ]
                }
                normal Normal {
                  vector [
                    0 0 1,
                    0 0 1,
                    0 0 1,
                    0 0 1,
                    0 0 1,
                    0 0 1,
                    0 0 1,
                    0 0 1,
                    0 0 1,
                    0 0 1,
                    0 0 1,
                    0 0 1,
                    0 0 1,
                    0 0 1,
                    0 0 1,
                    0 0 1,
                    0 0 1,
                    0 0 1,
                    0 0 1,
                    0 0 1,
                    0 0 1,
                    0 0 1,
                    0 0 1,
                    0 0 1,
                    0 0 1,
                    0 0 1,
                    0 0 1,
                    0 0 1,
                    0 0 1,
                    0 0 1,
                    0 0 1,
                    0 0 1,
                    0 0 1,
                    0 0 1,
                    0 0 1,
                    0 0 1,
                    0 0 1,
                    0 0 1,
                    0 0 1,
                    0 0 1,
                    0 0 1,
                    0 0 1,
                    0 0 1,
                    0 0 1,
                    0 0 1,
                    0 0 1,
                    0 0 1,
                    0 0 1,
                    0 0 1,
                    0 0 1,
                    0 0 1,
                    0 0 1,
                    0 0 1,
                    0 0 1,
                    0 0 1,
                    0 0 1,
                    0 0 1,
                    0 0 1,
                    0 0 1,
                    0 0 1,
                    0 0 1,
                    0 0 1,
                    0 0 1,
                    0 0 1,
                    0 0 1,
                    0 0 1,
                    0 0 1,
                    0 0 1,
                    0 0 1,
                    0 0 1,
                    0 0 1,
                    0 0 1,
                    0 0 1,
                    0 0 1,
                    0 0 1,
                    0 0 1,
                    0 0 1,
                    0 0 1,
                    0 0 1,
                    0 0 1,
                    0 0 1,
                    0 0 1,
                    0 0 1,
                    0 0 1,
                    0 0 1,
                    0 0 1,
                    0 0 1,
                    0 0 1,
                    0 0 1,
                    0 0 1,
                    0 0 1,
                    0 0 1,
                    0 0 1,
                    0 0 1,
                    0 0 1,
                    0 0 1,
                    0 0 1,
                    0 0 1,
                    0 0 1,
                    0 0 1,
                    0 0 1,
                    0 0 1,
                    0 0 1,
                    0 0 1,
                    0 0 1,
                    0 0 1,
                    0 0 1,
                    0 0 1,
                    0 0 1,
                    0 0 1,
                    0 0 1,
                    0 0 1,
                    0 0 1,
                    0 0 1,
                    0 0 1,
                    0 0 1,
                    0 0 1,
                    0 0 1,
                    0 0 1,
                    0 0 1,
                    0 0 1,
                    0 0 1,
                    0 0 1,
                    0 0 1,
                    0 0 1,
                    0 0 1,
                    0 0 1,
                    0 0 1,
                    0 0 1,
                    0 0 1,
                    0 0 1,
                    0 0 1,
                    0 0 1,
                    0 0 1,
                    0 0 1,
                    0 0 1,
                    0 0 1,
                    0 0 1,
                    0 0 1,
                    0 0 1,
                    0 0 1,
                    0 0 1,
                    0 0 1,
                    0 0 1,
                    0 0 1,
                    0 0 1,
                    0 0 1,
                    0 0 1,
                    0 0 1,
                    0 0 1,
                    0 0 1,
                    0 0 1,
                    0 0 1,
                    0 0 1,
                    0 0 1,
                    0 0 1,
                    0 0 1,
                    0 0 1,
                    0 0 1,
                    0 0 1,
                    0 0 1,
                    0 0 1,
                    0 0 1,
                    0 0 1,
                    0 0 1,
                    0 0 1,
                    0 0 1,
                    0 0 1,
                    0 0 1,
                    0 0 1,
                    0 0 1,
                    0 0 1,
                    0 0 1,
                    0 0 1,
                    0 0 1,
                    0 0 1,
                    0 0 1,
                    0 0 1,
                    0 0 1,
                    0 0 1,
                    0 0 1,
                    0 0 1,
                    0 0 1,
                    0 0 1,
                    0 0 1,
                    0 0 1,
                    0 0 1,
                    0 0 1,
                    0 0 1,
                    0 0 1,
                    0 0 1,
                    0 0 1,
                    0 0 1,
                    0 0 1,
                    0 0 1,
                    0 0 1,
                    0 0 1,
                    0 0 1,
                    0 0 1,
                    0 0 1,
                    0 0 1,
                    0 0 1,
                    0 0 1,
                    0 0 1,
                    0 0 1,
                    0 0 1,
                    0 0 1,
                    0 0 1,
                    0 0 1,
                    0 0 1,
                    0 0 1,
                    0 0 1,
                    0 0 1,
                    0 0 1,
                    0 0 1,
                    0 0 1,
                    0 0 1,
                    0 0 1,
                    0 0 1,
                    0 0 1,
                    0 0 1,
                    0 0 1,
                    0 0 1,
                    0 0 1,
                    0 0 1,
                    0 0 1,
                    0 0 1,
                    0 0 1,
                    0 0 1,
                    0 0 1,
                    0 0 1,
                    0 0 1,
                    0 0 1,
                    0 0 1,
                    0 0 1,
                    0 0 1,
                    0 0 1,
                    0 0 1,
                    0 0 1,
                    0 0 1,
                    0 0 1,
                    0 0 1,
                    0 0 1,
                    0 0 1,
                    0 0 1,
                    0 0 1,
                    0 0 1,
                    0 0 1,
                    0 0 1,
                    0 0 1,
                    0 0 1,
                    0 0 1,
                    0 0 1,
                    0 0 1,
                    0 0 1,
                    0 0 1,
                    0 0 1,
                    0 0 1,
                    0 0 1,
                    0 0 1,
                    0 0 1,
                    0 0 1,
                    0 0 1,
                    0 0 1,
                    0 0 1,
                    0 0 1,
                    0 0 1,
                    0 0 1,
                    0 0 1,
                    0 0 1,
                    0 0 1,
                    0 0 1,
                    0 0 1,
                    0 0 1,
                    0 0 1,
                    0 0 1,
                    0 0 1,
                    0 0 1,
                    0 0 1,
                    0 0 1,
                    0 0 1,
                    0 0 1,
                    0 0 1,
                    0 0 1,
                    0 0 1,
                    0 0 1,
                    0 0 1,
                    0 0 1,
                    0 0 1,
                    0 0 1,
                    0 0 1,
                    0 0 1,
                    0 0 1,
                    0 0 1,
                    0 0 1,
                    0 0 1,
                    0 0 1,
                    0 0 1,
                    0 0 1,
                    0 0 1,
                    0 0 1,
                    0 0 1,
                    0 0 1,
                    0 0 1,
                    0 0 1,
                    0 0 1,
                    0 0 1,
                    0 0 1,
                    0 0 1,
                    0 0 1,
                    0 0 1,
                    0 0 1,
                    0 0 1,
                    0 0 1,
                    0 0 1,
                    0 0 1,
                    0 0 1,
                    0 0 1,
                    0 0 1,
                    0 0 1,
                    0 0 1,
                    0 0 1,
                    0 0 1,
                    0 0 1,
                    0 0 1,
                    0 0 1,
                    0 0 1,
                    0 0 1,
                    0 0 1,
                    0 0 1,
                    0 0 1,
                    0 0 1,
                    0 0 1,
                    0 0 1,
                    0 0 1,
                    0 0 1,
                    0 0 1,
                    0 0 1,
                    0 0 1,
                    0 0 1,
                    0 0 1,
                    0 0 1,
                    0 0 1,
                    0 0 1,
                    0 0 1,
                    0 0 1,
                    0 0 1,
                    0 0 1,
                    0 0 1,
                    0 0 1,
                    0 0 1,
                    0 0 1,
                    0 0 1,
                    0 0 1,
                    0 0 1,
                    0 0 1,
                    0 0 1,
                    0 0 1,
                    0 0 1,
                    0 0 1,
                    0 0 1,
                    0 0 1,
                    0 0 1,
                    0 0 1,
                    0 0 1,
                    0 0 1,
                    0 0 1,
                    0 0 1,
                    0 0 1,
                    0 0 1,
                    0 0 1,
                    0 0 1,
                    0 0 1,
                    0 0 1,
                    0 0 1,
                    0 0 1,
                    0 0 1,
                    0 0 1,
                    0 0 1,
                    0 0 1,
                    0 0 1,
                    0 0 1,
                    0 0 1,
                    0 0 1,
                    0 0 1,
                    0 0 1,
                    0 0 1,
                    0 0 1,
                    0 0 1,
                    0 0 1,
                    0 0 1,
                    0 0 1,
                    0 0 1,
                    0 0 1,
                    0 0 1,
                    0 0 1,
                    0 0 1,
                    0 0 1,
                    0 0 1,
                    0 0 1,
                    0 0 1,
                    0 0 1,
                    0 0 1,
                    0 0 1,
                    0 0 1,
                    0 0 1,
                    0 0 1,
                    0 0 1,
                    0 0 1,
                    0 0 1,
                    0 0 1,
                    0 0 1,
                    0 0 1,
                    0 0 1,
                    0 0 1,
                    0 0 1,
                    0 0 1,
                    0 0 1,
                    0 0 1,
                    0 0 1,
                    0 0 1,
                    0 0 1,
                    0 0 1,
                    0 0 1,
                    0 0 1,
                    -8.815817e-17 -0.44721359 0.89442718,
                    -8.815817e-17 -0.44721359 0.89442718,
                    -8.815817e-17 -0.44721359 0.89442718,
                    -8.815817e-17 -0.44721359 0.89442718,
                    3.3306691e-16 1 -0,
                    0.17364818 0.98480773 -0,
                    0.34202015 0.93969262 -0,
                    0.5 0.86602539 -0,
                    0.64278764 0.76604444 -0,
                    0.76604444 0.64278764 -0,
                    0.86602539 0.5 -0,
                    0.93969262 0.34202015 -0,
                    0.98480773 0.17364818 -0,
                    1 -4.4408921e-16 -0,
                    0.98480773 -0.17364818 -0,
                    0.93969262 -0.34202015 -0,
                    0.86602539 -0.5 -0,
                    0.76604444 -0.64278764 -0,
                    0.64278764 -0.76604444 -0,
                    0.5 -0.86602539 -0,
                    0.34202015 -0.93969262 -0,
                    0.17364818 -0.98480773 -0,
                    -2.220446e-16 -1 -0,
                    -0.17364818 -0.98480773 -0,
                    -0.34202015 -0.93969262 -0,
                    -0.5 -0.86602539 -0,
                    -0.64278764 -0.76604444 -0,
                    -0.76604444 -0.64278764 -0,
                    -0.86602539 -0.5 -0,
                    -0.93969262 -0.34202015 -0,
                    -0.98480773 -0.17364818 -0,
                    -1 -0 -0,
                    -1 -0 -0,
                    -0.98480773 -0.17364818 -0,
                    -0.93969262 -0.34202015 -0,
                    -0.86602539 -0.5 -0,
                    -0.76604444 -0.64278764 -0,
                    -0.64278764 -0.76604444 -0,
                    -0.5 -0.86602539 -0,
                    -0.34202015 -0.93969262 -0,
                    -0.17364818 -0.98480773 -0,
                    -2.220446e-16 -1 -0,
                    0.17364818 -0.98480773 -0,
                    0.34202015 -0.93969262 -0,
                    0.5 -0.86602539 -0,
                    0.64278764 -0.76604444 -0,
                    0.76604444 -0.64278764 -0,
                    0.86602539 -0.5 -0,
                    0.93969262 -0.34202015 -0,
                    0.98480773 -0.17364818 -0,
                    1 -4.4408921e-16 -0,
                    0.98480773 0.17364818 -0,
                    0.93969262 0.34202015 -0,
                    0.86602539 0.5 -0,
                    0.76604444 0.64278764 -0,
                    0.64278764 0.76604444 -0,
                    0.5 0.86602539 -0,
                    0.34202015 0.93969262 -0,
                    0.17364818 0.98480773 -0,
                    3.3306691e-16 1 -0,
                    1.110223e-16 -1 -0,
                    0.17364818 -0.98480773 -0,
                    0.34202015 -0.93969262 -0,
                    0.5 -0.86602539 -0,
                    0.64278764 -0.76604444 -0,
                    0.76604444 -0.64278764 -0,
                    0.86602539 -0.5 -0,
                    0.93969262 -0.34202015 -0,
                    0.98480773 -0.17364818 -0,
                    1 -0 -0,
                    0.98480773 0.17364818 -0,
                    0.93969262 0.34202015 -0,
                    0.86602539 0.5 -0,
                    0.76604444 0.64278764 -0,
                    0.64278764 0.76604444 -0,
                    0.5 0.86602539 -0,
                    0.34202015 0.93969262 -0,
                    0.17364818 0.98480773 -0,
                    1.110223e-16 1 -0,
                    -0.17364818 0.98480773 -0,
                    -0.34202015 0.93969262 -0,
                    -0.5 0.86602539 -0,
                    -0.64278764 0.76604444 -0,
                    -0.76604444 0.64278764 -0,
                    -0.86602539 0.5 -0,
                    -0.93969262 0.34202015 -0,
                    -0.98480773 0.17364818 -0,
                    -1 -0 -0,
                    -1 -0 -0,
                    -0.98480773 0.17364818 -0,
                    -0.93969262 0.34202015 -0,
                    -0.86602539 0.5 -0,
                    -0.76604444 0.64278764 -0,
                    -0.64278764 0.76604444 -0,
                    -0.5 0.86602539 -0,
                    -0.34202015 0.93969262 -0,
                    -0.17364818 0.98480773 -0,
                    1.110223e-16 1 -0,
                    0.17364818 0.98480773 -0,
                    0.34202015 0.93969262 -0,
                    0.5 0.86602539 -0,
                    0.64278764 0.76604444 -0,
                    0.76604444 0.64278764 -0,
                    0.86602539 0.5 -0,
                    0.93969262 0.34202015 -0,
                    0.98480773 0.17364818 -0,
                    1 -0 -0,
                    0.98480773 -0.17364818 -0,
                    0.93969262 -0.34202015 -0,
                    0.86602539 -0.5 -0,
                    0.76604444 -0.64278764 -0,
                    0.64278764 -0.76604444 -0,
                    0.5 -0.86602539 -0,
                    0.34202015 -0.93969262 -0,
                    0.17364818 -0.98480773 -0,
                    1.110223e-16 -1 -0,
                    -2.220446e-16 -1 -0,
                    -2.220446e-16 -1 -0,
                    -0.17364818 -0.98480773 -0,
                    -0.34202015 -0.93969262 -0,
                    -0.5 -0.86602539 -0,
                    -0.64278764 -0.76604444 -0,
                    -0.76604444 -0.64278764 -0,
                    -0.86602539 -0.5 -0,
                    -0.93969262 -0.34202015 -0,
                    -0.98480773 -0.17364818 -0,
                    -1 -0 -0,
                    -0.98480773 0.17364818 -0,
                    -0.93969262 0.34202015 -0,
                    -0.86602539 0.5 -0,
                    -0.76604444 0.64278764 -0,
                    -0.64278764 0.76604444 -0,
                    -0.5 0.86602539 -0,
                    -0.34202015 0.93969262 -0,
                    -0.17364818 0.98480773 -0,
                    1.110223e-16 1 -0,
                    0.17364818 0.98480773 -0,
                    0.34202015 0.93969262 -0,
                    0.5 0.86602539 -0,
                    0.64278764 0.76604444 -0,
                    0.76604444 0.64278764 -0,
                    0.86602539 0.5 -0,
                    0.93969262 0.34202015 -0,
                    0.98480773 0.17364818 -0,
                    1 -0 -0,
                    1 -0 -0,
                    0.98480773 0.17364818 -0,
                    0.93969262 0.34202015 -0,
                    0.86602539 0.5 -0,
                    0.76604444 0.64278764 -0,
                    0.64278764 0.76604444 -0,
                    0.5 0.86602539 -0,
                    0.34202015 0.93969262 -0,
                    0.17364818 0.98480773 -0,
                    1.110223e-16 1 -0,
                    -0.17364818 0.98480773 -0,
                    -0.34202015 0.93969262 -0,
                    -0.5 0.86602539 -0,
                    -0.64278764 0.76604444 -0,
                    -0.76604444 0.64278764 -0,
                    -0.86602539 0.5 -0,
                    -0.93969262 0.34202015 -0,
                    -0.98480773 0.17364818 -0,
                    -1 -0 -0,
                    -0.98480773 -0.17364818 -0,
                    -0.93969262 -0.34202015 -0,
                    -0.86602539 -0.5 -0,
                    -0.76604444 -0.64278764 -0,
                    -0.64278764 -0.76604444 -0,
                    -0.5 -0.86602539 -0,
                    -0.34202015 -0.93969262 -0,
                    -0.17364818 -0.98480773 -0,
                    1.110223e-16 1 -0,
                    1.110223e-16 1 -0,
                    -0.17364818 0.98480773 -0,
                    -0.34202015 0.93969262 -0,
                    -0.5 0.86602539 -0,
                    -0.64278764 0.76604444 -0,
                    -0.76604444 0.64278764 -0,
                    -0.86602539 0.5 -0,
                    -0.93969262 0.34202015 -0,
                    -0.98480773 0.17364818 -0,
                    -1 -0 -0,
                    -0.98480773 -0.17364818 -0,
                    -0.93969262 -0.34202015 -0,
                    -0.86602539 -0.5 -0,
                    -0.76604444 -0.64278764 -0,
                    -0.64278764 -0.76604444 -0,
                    -0.5 -0.86602539 -0,
                    -0.34202015 -0.93969262 -0,
                    -0.17364818 -0.98480773 -0,
                    -2.220446e-16 -1 -0,
                    0.17364818 -0.98480773 -0,
                    0.34202015 -0.93969262 -0,
                    0.5 -0.86602539 -0,
                    0.64278764 -0.76604444 -0,
                    0.76604444 -0.64278764 -0,
                    0.86602539 -0.5 -0,
                    0.93969262 -0.34202015 -0,
                    0.98480773 -0.17364818 -0,
                    1 -4.4408921e-16 -0,
                    1 -4.4408921e-16 -0,
                    0.98480773 -0.17364818 -0,
                    0.93969262 -0.34202015 -0,
                    0.86602539 -0.5 -0,
                    0.76604444 -0.64278764 -0,
                    0.64278764 -0.76604444 -0,
                    0.5 -0.86602539 -0,
                    0.34202015 -0.93969262 -0,
                    0.17364818 -0.98480773 -0,
                    -2.220446e-16 -1 -0,
                    -0.17364818 -0.98480773 -0,
                    -0.34202015 -0.93969262 -0,
                    -0.5 -0.86602539 -0,
                    -0.64278764 -0.76604444 -0,
                    -0.76604444 -0.64278764 -0,
                    -0.86602539 -0.5 -0,
                    -0.93969262 -0.34202015 -0,
                    -0.98480773 -0.17364818 -0,
                    -1 -0 -0,
                    -0.98480773 0.17364818 -0,
                    -0.93969262 0.34202015 -0,
                    -0.86602539 0.5 -0,
                    -0.76604444 0.64278764 -0,
                    -0.64278764 0.76604444 -0,
                    -0.5 0.86602539 -0,
                    -0.34202015 0.93969262 -0,
                    -0.17364818 0.98480773 -0,
                    -0 -0 -1,
                    -0 -0 -1,
                    -0 -0 -1,
                    -0 -0 -1,
                    -0 -0 -1,
                    -0 -0 -1,
                    -0 -0 -1,
                    -0 -0 -1,
                    -0 -0 -1,
                    -0 -0 -1,
                    -0 -0 -1,
                    -0 -0 -1,
                    -0 -0 -1,
                    -0 -0 -1,
                    -0 -0 -1,
                    -0 -0 -1,
                    -0 -0 -1,
                    -0 -0 -1,
                    -0 -0 -1,
                    -0 -0 -1,
                    -0 -0 -1,
                    -0 -0 -1,
                    -0 -0 -1,
                    -0 -0 -1,
                    -0 -0 -1,
                    -0 -0 -1,
                    -0 -0 -1,
                    -0 -0 -1,
                    -0 -0 -1,
                    -0 -0 -1,
                    -0 -0 -1,
                    -0 -0 -1,
                    -0 -0 -1,
                    -0 -0 -1,
                    -0 -0 -1,
                    -0 -0 -1,
                    -0 -0 -1,
                    -0 -0 -1,
                    -0 -0 -1,
                    -0 -0 -1,
                    -0 -0 -1,
                    -0 -0 -1,
                    -0 -0 -1,
                    -0 -0 -1,
                    -0 -0 -1,
                    -0 -0 -1,
                    -0 -0 -1,
                    -0 -0 -1,
                    -0 -0 -1,
                    -0 -0 -1,
                    -0 -0 -1,
                    -0 -0 -1,
                    -0 -0 -1,
                    -0 -0 -1,
                    -0 -0 -1,
                    -0 -0 -1,
                    -0 -0 -1,
                    -0 -0 -1,
                    0 0 -1,
                    0 0 -1,
                    0 0 -1,
                    0 0 -1,
                    0 0 -1,
                    0 0 -1,
                    0 0 -1,
                    0 0 -1,
                    0 0 -1,
                    0 0 -1,
                    0 0 -1,
                    0 0 -1,
                    0 0 -1,
                    0 0 -1,
                    0 0 -1,
                    0 0 -1,
                    0 0 -1,
                    0 0 -1,
                    0 0 -1,
                    0 0 -1,
                    0 0 -1,
                    0 0 -1,
                    0 0 -1,
                    0 0 -1,
                    0 0 -1,
                    0 0 -1,
                    0 0 -1,
                    0 0 -1,
                    0 0 -1,
                    0 0 -1,
                    0 0 -1,
                    0 0 -1,
                    0 0 -1,
                    0 0 -1,
                    0 0 -1,
                    0 0 -1,
                    0 0 -1,
                    0 0 -1,
                    0 0 -1,
                    0 0 -1,
                    0 0 -1,
                    0 0 -1,
                    0 0 -1,
                    0 0 -1,
                    0 0 -1,
                    0 0 -1,
                    0 0 -1,
                    0 0 -1,
                    0 0 -1,
                    0 0 -1,
                    0 0 -1,
                    0 0 -1,
                    0 0 -1,
                    0 0 -1,
                    0 0 -1,
                    0 0 -1,
                    0 0 -1,
                    0 0 -1,
                    -5.5363513e-16 -1 -0,
                    -5.5363513e-16 -1 -0,
                    -5.5363513e-16 -1 -0,
                    -5.5363513e-16 -1 -0,
                    -9.2272529e-16 1 -0,
                    -9.2272529e-16 1 -0,
                    -9.2272529e-16 1 -0,
                    -9.2272529e-16 1 -0,
                    1 1.4456029e-16 -0,
                    1 1.4456029e-16 -0,
                    1 1.4456029e-16 -0,
                    1 1.4456029e-16 -0,
                    -1 -9.6373529e-17 0,
                    -1 -9.6373529e-17 0,
                    -1 -9.6373529e-17 0,
                    -1 -9.6373529e-17 0,
                    -0 -0 -1,
                    -0 -0 -1,
                    -0 -0 -1,
                    -0 -0 -1,
                    -0 -0 -1,
                    -0 -0 -1,
                    -0 -0 -1,
                    -0 -0 -1,
                    -0 -0 -1,
                    -0 -0 -1,
                    -0 -0 -1,
                    -0 -0 -1,
                    -0 -0 -1,
                    -0 -0 -1,
                    -0 -0 -1,
                    -0 -0 -1,
                    -0 -0 -1,
                    -0 -0 -1,
                    -0 -0 -1,
                    -0 -0 -1,
                    -0 -0 -1,
                    -0 -0 -1,
                    -0 -0 -1,
                    -0 -0 -1,
                    -0 -0 -1,
                    -0 -0 -1,
                    -0 -0 -1,
                    -0 -0 -1,
                    -0 -0 -1,
                    -0 -0 -1,
                    -0 -0 -1,
                    -0 -0 -1,
                    -0 -0 -1,
                    -0 -0 -1,
                    -0 -0 -1,
                    -0 -0 -1,
                    -0 -0 -1,
                    -0 -0 -1,
                    -0 -0 -1,
                    -0 -0 -1,
                    -0 -0 -1,
                    -0 -0 -1,
                    -0 -0 -1,
                    -0 -0 -1,
                    -0 -0 -1,
                    -0 -0 -1,
                    -0 -0 -1,
                    -0 -0 -1,
                    -0 -0 -1,
                    -0 -0 -1,
                    -0 -0 -1,
                    -0 -0 -1,
                    -0 -0 -1,
                    -0 -0 -1,
                    -0 -0 -1,
                    -0 -0 -1,
                    -0 -0 -1,
                    -0 -0 -1,
                    -0 -0 -1,
                    -0 -0 -1,
                    -0 -0 -1,
                    -0 -0 -1,
                    -0 -0 -1,
                    -0 -0 -1,
                    -0 -0 -1,
                    -0 -0 -1,
                    -0 -0 -1,
                    -0 -0 -1,
                    -0 -0 -1,
                    -0 -0 -1,
                    -0 -0 -1,
                    -0 -0 -1,
                    -0 -0 -1,
                    -0 -0 -1,
                    -0 -0 -1,
                    -0 -0 -1,
                    -0 -0 -1,
                    -0 -0 -1,
                    -0 -0 -1,
                    -0 -0 -1,
                    -0 -0 -1,
                    -0 -0 -1,
                    -0 -0 -1,
                    -0 -0 -1,
                    -0 -0 -1,
                    -0 -0 -1,
                    -0 -0 -1,
                    -0 -0 -1,
                    -0 -0 -1,
                    -0 -0 -1,
                    -0 -0 -1,
                    -0 -0 -1,
                    -0 -0 -1,
                    -0 -0 -1,
                    -0 -0 -1,
                    -0 -0 -1,
                    -0 -0 -1,
                    -0 -0 -1,
                    -0 -0 -1,
                    -0 -0 -1,
                    -0 -0 -1,
                    -0 -0 -1,
                    -0 -0 -1,
                    -0 -0 -1,
                    -0 -0 -1,
                    -0 -0 -1,
                    -0 -0 -1,
                    -0 -0 -1,
                    -0 -0 -1,
                    -0 -0 -1,
                    -0 -0 -1,
                    -0 -0 -1,
                    -0 -0 -1,
                    -0 -0 -1,
                    -0 -0 -1,
                    -0 -0 -1,
                    -0 -0 -1,
                    -0 -0 -1,
                    -0 -0 -1,
                    -0 -0 -1,
                    -0 -0 -1,
                    -0 -0 -1,
                    -0 -0 -1,
                    -0 -0 -1,
                    -0 -0 -1,
                    -0 -0 -1,
                    -0 -0 -1,
                    -0 -0 -1,
                    -0 -0 -1,
                    -0 -0 -1,
                    -0 -0 -1,
                    -0 -0 -1,
                    -0 -0 -1,
                    -0 -0 -1,
                    -0 -0 -1,
                    -0 -0 -1,
                    -0 -0 -1,
                    -0 -0 -1,
                    -0 -0 -1,
                    -0 -0 -1,
                    -0 -0 -1,
                    -0 -0 -1,
                    -0 -0 -1,
                    -0 -0 -1,
                    -0 -0 -1,
                    -0 -0 -1,
                    -0 -0 -1,
                    -0 -0 -1,
                    -0 -0 -1,
                    -0 -0 -1,
                    -0 -0 -1,
                    -0 -0 -1,
                    -0 -0 -1,
                    -0 -0 -1,
                    -0 -0 -1,
                    -0 -0 -1,
                    -2.9386058e-17 0.44721359 0.89442718,
                    -2.9386058e-17 0.44721359 0.89442718,
                    -2.9386058e-17 0.44721359 0.89442718,
                    -2.9386058e-17 0.44721359 0.89442718,
                    0 -1 0,
                    0 -1 0,
                    0 -1 0,
                    0 -1 0,
                    -1 -0 -0,
                    -1 -0 -0,
                    -1 -0 -0,
                    -1 -0 -0,
                    -1 -0 -0,
                    -1 -0 -0,
                    -1 -0 -0,
                    -1 -0 -0,
                    0 1 0,
                    0 1 0,
                    0 1 0,
                    0 1 0,
                    0 0 1,
                    0 0 1,
                    0 0 1,
                    0 0 1,
                    0 0 1,
                    0 0 1,
                    0 0 1,
                    0 0 1,
                    0 0 1,
                    0 0 1,
                    0 0 1,
                    0 0 1,
                    0 0 1,
                    0 0 1,
                    0 0 1,
                    0 0 1,
                    0 0 1,
                    0 0 1,
                    0 0 1,
                    0 0 1,
                    0 0 1,
                    0 0 1,
                    0 0 1,
                    0 0 1,
                    0 0 1,
                    0 0 1,
                    0 0 1,
                    0 0 1,
                    0 0 1,
                    0 0 1,
                    0 0 1,
                    0 0 1,
                    0 0 1,
                    0 0 1,
                    0 0 1,
                    0 0 1,
                    0 0 1,
                    0 0 1,
                    0 0 1,
                    0 0 1,
                    0 0 1,
                    0 0 1,
                    0 0 1,
                    0 0 1,
                    0 0 1,
                    0 0 1,
                    0 0 1,
                    0 0 1,
                    0 0 1,
                    0 0 1,
                    0 0 1,
                    0 0 1,
                    0 0 1,
                    0 0 1,
                    0 0 1,
                    0 0 1,
                    0 0 1,
                    0 0 1,
                    0 0 1,
                    0 0 1,
                    0 0 1,
                    0 0 1,
                    0 0 1,
                    0 0 1,
                    0 0 1,
                    0 0 1,
                    0 0 1,
                    0 0 1,
                    0 0 1,
                    0 0 1,
                    0 0 1,
                    0 0 1,
                    0 0 1,
                    0 0 1,
                    0 0 1,
                    0 0 1,
                    0 0 1,
                    0 0 1,
                    0 0 1,
                    0 0 1,
                    0 0 1,
                    0 0 1,
                    0 0 1,
                    0 0 1,
                    0 0 1,
                    0 0 1,
                    0 0 1,
                    0 0 1,
                    0 0 1,
                    0 0 1,
                    0 0 1,
                    0 0 1,
                    0 0 1,
                    0 0 1,
                    0 0 1,
                    0 0 1,
                    0 0 1,
                    0 0 1,
                    0 0 1,
                    0 0 1,
                    0 0 1,
                    0 0 1,
                    0 0 1,
                    0 0 1,
                    0 0 1,
                    0 0 1,
                    0 0 1,
                    -1.9712766e-16 -1 -0,
                    -1.9712766e-16 -1 -0,
                    -1.9712766e-16 -1 -0,
                    -1.9712766e-16 -1 -0,
                    1 0 0,
                    1 0 0,
                    0.98480773 -0.17364818 0,
                    0.93969262 -0.34202015 0,
                    0.86602539 -0.5 0,
                    0.76604444 -0.64278764 0,
                    0.64278764 -0.76604444 0,
                    0.5 -0.86602539 0,
                    0.34202015 -0.93969262 0,
                    0.17364818 -0.98480773 0,
                    0 -1 0,
                    0 -1 0,
                    0.17364818 -0.98480773 0,
                    0.34202015 -0.93969262 0,
                    0.5 -0.86602539 0,
                    0.64278764 -0.76604444 0,
                    0.76604444 -0.64278764 0,
                    0.86602539 -0.5 0,
                    0.93969262 -0.34202015 0,
                    0.98480773 -0.17364818 0,
                    -6.5709223e-17 1 -0,
                    -6.5709223e-17 1 -0,
                    -6.5709223e-17 1 -0,
                    -6.5709223e-17 1 -0,
                    1 -0 -0,
                    1 -0 -0,
                    1 -0 -0,
                    1 -0 -0,
                    1 -0 -0,
                    1 -0 -0,
                    1 -0 -0,
                    1 -0 -0,
                    0 1 0,
                    0 1 0,
                    0.17364818 0.98480773 0,
                    0.34202015 0.93969262 0,
                    0.5 0.86602539 0,
                    0.64278764 0.76604444 0,
                    0.76604444 0.64278764 0,
                    0.86602539 0.5 0,
                    0.93969262 0.34202015 0,
                    0.98480773 0.17364818 0,
                    1 0 0,
                    1 0 0,
                    0.98480773 0.17364818 0,
                    0.93969262 0.34202015 0,
                    0.86602539 0.5 0,
                    0.76604444 0.64278764 0,
                    0.64278764 0.76604444 0,
                    0.5 0.86602539 0,
                    0.34202015 0.93969262 0,
                    0.17364818 0.98480773 0,
                    -1 4.4408921e-16 0,
                    -1 4.4408921e-16 0,
                    -0.98480773 0.17364818 0,
                    -0.93969262 0.34202015 0,
                    -0.86602539 0.5 0,
                    -0.76604444 0.64278764 0,
                    -0.64278764 0.76604444 0,
                    -0.5 0.86602539 0,
                    -0.34202015 0.93969262 0,
                    -0.17364818 0.98480773 0,
                    0 1 0,
                    0 1 0,
                    -0.17364818 0.98480773 0,
                    -0.34202015 0.93969262 0,
                    -0.5 0.86602539 0,
                    -0.64278764 0.76604444 0,
                    -0.76604444 0.64278764 0,
                    -0.86602539 0.5 0,
                    -0.93969262 0.34202015 0,
                    -0.98480773 0.17364818 0,
                    0 -1 0,
                    0 -1 0,
                    -0.17364818 -0.98480773 0,
                    -0.34202015 -0.93969262 0,
                    -0.5 -0.86602539 0,
                    -0.64278764 -0.76604444 0,
                    -0.76604444 -0.64278764 0,
                    -0.86602539 -0.5 0,
                    -0.93969262 -0.34202015 0,
                    -0.98480773 -0.17364818 0,
                    -1 0 0,
                    -1 0 0,
                    -0.98480773 -0.17364818 0,
                    -0.93969262 -0.34202015 0,
                    -0.86602539 -0.5 0,
                    -0.76604444 -0.64278764 0,
                    -0.64278764 -0.76604444 0,
                    -0.5 -0.86602539 0,
                    -0.34202015 -0.93969262 0,
                    -0.17364818 -0.98480773 0,
                    -0.44721359 0 0.89442718,
                    -0.44721359 0 0.89442718,
                    -0.44041941 0.077657826 0.89442718,
                    -0.42024332 0.15295605 0.89442718,
                    -0.38729835 0.2236068 0.89442718,
                    -0.3425855 0.28746337 0.89442718,
                    -0.28746337 0.3425855 0.89442718,
                    -0.2236068 0.38729835 0.89442718,
                    -0.15295605 0.42024332 0.89442718,
                    -0.077657826 0.44041941 0.89442718,
                    0 0.44721359 0.89442718,
                    0 0.44721359 0.89442718,
                    -0.077657826 0.44041941 0.89442718,
                    -0.15295605 0.42024332 0.89442718,
                    -0.2236068 0.38729835 0.89442718,
                    -0.28746337 0.3425855 0.89442718,
                    -0.3425855 0.28746337 0.89442718,
                    -0.38729835 0.2236068 0.89442718,
                    -0.42024332 0.15295605 0.89442718,
                    -0.44041941 0.077657826 0.89442718,
                    0.44721359 0 0.89442718,
                    0.44721359 0 0.89442718,
                    0.44041941 0.077657826 0.89442718,
                    0.42024332 0.15295605 0.89442718,
                    0.38729835 0.2236068 0.89442718,
                    0.3425855 0.28746337 0.89442718,
                    0.28746337 0.3425855 0.89442718,
                    0.2236068 0.38729835 0.89442718,
                    0.15295605 0.42024332 0.89442718,
                    0.077657826 0.44041941 0.89442718,
                    0 0.44721359 0.89442718,
                    0 0.44721359 0.89442718,
                    0.077657826 0.44041941 0.89442718,
                    0.15295605 0.42024332 0.89442718,
                    0.2236068 0.38729835 0.89442718,
                    0.28746337 0.3425855 0.89442718,
                    0.3425855 0.28746337 0.89442718,
                    0.38729835 0.2236068 0.89442718,
                    0.42024332 0.15295605 0.89442718,
                    0.44041941 0.077657826 0.89442718,
                    -0.44721359 0 0.89442718,
                    -0.44721359 0 0.89442718,
                    -0.44721359 0 0.89442718,
                    -0.44721359 0 0.89442718,
                    0.44721359 0 0.89442718,
                    0.44721359 0 0.89442718,
                    0.44721359 0 0.89442718,
                    0.44721359 0 0.89442718,
                    0 -0.44721359 0.89442718,
                    0 -0.44721359 0.89442718,
                    -0.077657826 -0.44041941 0.89442718,
                    -0.15295605 -0.42024332 0.89442718,
                    -0.2236068 -0.38729835 0.89442718,
                    -0.28746337 -0.3425855 0.89442718,
                    -0.3425855 -0.28746337 0.89442718,
                    -0.38729835 -0.2236068 0.89442718,
                    -0.42024332 -0.15295605 0.89442718,
                    -0.44041941 -0.077657826 0.89442718,
                    -0.44721359 0 0.89442718,
                    -0.44721359 -1.9860273e-16 0.89442718,
                    -0.44041941 -0.077657826 0.89442718,
                    -0.42024332 -0.15295605 0.89442718,
                    -0.38729835 -0.2236068 0.89442718,
                    -0.3425855 -0.28746337 0.89442718,
                    -0.28746337 -0.3425855 0.89442718,
                    -0.2236068 -0.38729835 0.89442718,
                    -0.15295605 -0.42024332 0.89442718,
                    -0.077657826 -0.44041941 0.89442718,
                    0 -0.44721359 0.89442718,
                    0 -0.44721359 0.89442718,
                    0.077657826 -0.44041941 0.89442718,
                    0.15295605 -0.42024332 0.89442718,
                    0.2236068 -0.38729835 0.89442718,
                    0.28746337 -0.3425855 0.89442718,
                    0.3425855 -0.28746337 0.89442718,
                    0.38729835 -0.2236068 0.89442718,
                    0.42024332 -0.15295605 0.89442718,
                    0.44041941 -0.077657826 0.89442718,
                    0.44721359 0 0.89442718,
                    0.44721359 0 0.89442718,
                    0.44041941 -0.077657826 0.89442718,
                    0.42024332 -0.15295605 0.89442718,
                    0.38729835 -0.2236068 0.89442718,
                    0.3425855 -0.28746337 0.89442718,
                    0.28746337 -0.3425855 0.89442718,
                    0.2236068 -0.38729835 0.89442718,
                    0.15295605 -0.42024332 0.89442718,
                    0.077657826 -0.44041941 0.89442718

                  ]
                }
                coordIndex [
                  2 147 51 -1 
                  58 135 57 -1 
                  58 51 147 -1 
                  58 147 146 -1 
                  207 165 164 -1 
                  58 146 145 -1 
                  58 145 144 -1 
                  58 144 143 -1 
                  58 143 142 -1 
                  207 167 166 -1 
                  58 142 141 -1 
                  58 141 140 -1 
                  58 140 139 -1 
                  58 139 138 -1 
                  57 134 133 -1 
                  57 133 132 -1 
                  57 132 131 -1 
                  57 131 130 -1 
                  57 33 36 -1 
                  57 129 128 -1 
                  207 173 172 -1 
                  19 128 127 -1 
                  9 127 15 -1 
                  235 234 22 -1 
                  127 126 15 -1 
                  207 171 170 -1 
                  15 126 125 -1 
                  125 124 15 -1 
                  209 155 154 -1 
                  14 122 13 -1 
                  123 122 14 -1 
                  122 121 13 -1 
                  121 120 13 -1 
                  207 4 173 -1 
                  207 172 171 -1 
                  207 170 169 -1 
                  207 169 168 -1 
                  207 168 167 -1 
                  207 166 165 -1 
                  209 161 160 -1 
                  209 160 159 -1 
                  209 159 158 -1 
                  209 158 157 -1 
                  209 157 156 -1 
                  209 156 155 -1 
                  210 154 153 -1 
                  210 153 152 -1 
                  210 152 151 -1 
                  210 151 150 -1 
                  218 5 6 -1 
                  218 148 5 -1 
                  217 148 218 -1 
                  211 149 148 -1 
                  216 148 217 -1 
                  210 150 149 -1 
                  215 148 216 -1 
                  208 162 161 -1 
                  214 148 215 -1 
                  213 148 214 -1 
                  208 163 162 -1 
                  212 148 213 -1 
                  208 164 163 -1 
                  211 148 212 -1 
                  202 3 4 -1 
                  210 149 211 -1 
                  209 154 210 -1 
                  208 161 209 -1 
                  207 164 208 -1 
                  206 4 207 -1 
                  205 4 206 -1 
                  204 4 205 -1 
                  203 4 204 -1 
                  202 4 203 -1 
                  201 3 202 -1 
                  120 119 13 -1 
                  200 3 201 -1 
                  13 3 200 -1 
                  13 200 199 -1 
                  13 199 198 -1 
                  13 119 3 -1 
                  13 197 196 -1 
                  13 196 195 -1 
                  10 22 8 -1 
                  260 263 261 -1 
                  18 21 16 -1 
                  52 182 181 -1 
                  184 183 229 -1 
                  180 0 2 -1 
                  22 182 52 -1 
                  179 0 180 -1 
                  178 0 179 -1 
                  177 0 178 -1 
                  176 0 177 -1 
                  174 7 1 -1 
                  175 0 176 -1 
                  174 1 0 -1 
                  174 0 175 -1 
                  259 265 264 -1 
                  240 10 11 -1 
                  240 11 12 -1 
                  239 10 240 -1 
                  238 10 239 -1 
                  237 10 238 -1 
                  236 10 237 -1 
                  22 232 231 -1 
                  235 10 236 -1 
                  22 234 233 -1 
                  23 8 22 -1 
                  22 230 183 -1 
                  10 235 22 -1 
                  227 186 185 -1 
                  228 185 184 -1 
                  225 187 186 -1 
                  22 233 232 -1 
                  224 188 187 -1 
                  230 22 231 -1 
                  223 189 188 -1 
                  229 183 230 -1 
                  221 190 189 -1 
                  228 184 229 -1 
                  220 191 190 -1 
                  227 185 228 -1 
                  261 263 262 -1 
                  226 186 227 -1 
                  219 192 191 -1 
                  225 186 226 -1 
                  219 193 192 -1 
                  224 187 225 -1 
                  223 188 224 -1 
                  219 194 193 -1 
                  222 189 223 -1 
                  256 267 257 -1 
                  221 189 222 -1 
                  220 190 221 -1 
                  219 191 220 -1 
                  13 198 197 -1 
                  13 195 194 -1 
                  219 13 194 -1 
                  14 124 123 -1 
                  248 269 268 -1 
                  255 268 267 -1 
                  257 267 266 -1 
                  258 266 265 -1 
                  260 264 263 -1 
                  259 264 260 -1 
                  258 265 259 -1 
                  257 266 258 -1 
                  255 267 256 -1 
                  254 268 255 -1 
                  253 268 254 -1 
                  252 268 253 -1 
                  251 268 252 -1 
                  250 268 251 -1 
                  249 268 250 -1 
                  248 268 249 -1 
                  15 14 269 -1 
                  247 269 248 -1 
                  246 269 247 -1 
                  245 269 246 -1 
                  244 269 245 -1 
                  243 269 244 -1 
                  242 269 243 -1 
                  241 269 242 -1 
                  15 124 14 -1 
                  15 269 241 -1 
                  19 57 128 -1 
                  18 9 8 -1 
                  19 127 9 -1 
                  19 9 18 -1 
                  183 182 22 -1 
                  181 180 52 -1 
                  22 52 20 -1 
                  52 26 20 -1 
                  23 21 18 -1 
                  23 18 8 -1 
                  57 130 129 -1 
                  30 16 21 -1 
                  29 21 20 -1 
                  26 52 24 -1 
                  31 17 16 -1 
                  29 26 27 -1 
                  29 20 26 -1 
                  29 27 28 -1 
                  30 21 29 -1 
                  31 32 17 -1 
                  31 16 30 -1 
                  57 19 17 -1 
                  57 17 32 -1 
                  35 33 34 -1 
                  57 32 33 -1 
                  36 33 35 -1 
                  44 56 25 -1 
                  39 24 37 -1 
                  278 39 40 -1 
                  278 40 41 -1 
                  273 24 39 -1 
                  277 39 278 -1 
                  276 39 277 -1 
                  275 39 276 -1 
                  274 39 275 -1 
                  273 39 274 -1 
                  272 24 273 -1 
                  280 43 294 -1 
                  271 24 272 -1 
                  270 24 271 -1 
                  43 25 24 -1 
                  42 24 270 -1 
                  43 24 42 -1 
                  279 25 43 -1 
                  281 294 293 -1 
                  282 293 292 -1 
                  283 292 291 -1 
                  283 291 290 -1 
                  284 290 289 -1 
                  285 289 288 -1 
                  286 288 287 -1 
                  285 288 286 -1 
                  284 289 285 -1 
                  283 290 284 -1 
                  282 292 283 -1 
                  281 293 282 -1 
                  280 294 281 -1 
                  279 43 280 -1 
                  57 36 25 -1 
                  44 25 279 -1 
                  64 61 63 -1 
                  65 332 331 -1 
                  65 331 330 -1 
                  374 377 376 -1 
                  65 330 329 -1 
                  443 51 442 -1 
                  326 65 327 -1 
                  320 37 24 -1 
                  325 324 65 -1 
                  65 323 322 -1 
                  386 392 387 -1 
                  320 24 321 -1 
                  319 37 320 -1 
                  384 394 385 -1 
                  318 37 319 -1 
                  383 395 384 -1 
                  317 37 318 -1 
                  316 37 317 -1 
                  315 37 316 -1 
                  314 37 315 -1 
                  313 37 314 -1 
                  369 382 381 -1 
                  312 37 313 -1 
                  309 38 37 -1 
                  311 37 312 -1 
                  310 37 311 -1 
                  309 47 38 -1 
                  309 37 310 -1 
                  47 308 307 -1 
                  295 307 306 -1 
                  295 306 305 -1 
                  295 305 304 -1 
                  295 304 303 -1 
                  296 303 302 -1 
                  297 302 301 -1 
                  298 301 300 -1 
                  298 300 299 -1 
                  297 301 298 -1 
                  296 302 297 -1 
                  47 48 38 -1 
                  295 303 296 -1 
                  47 309 308 -1 
                  47 307 295 -1 
                  352 44 38 -1 
                  354 38 48 -1 
                  353 38 354 -1 
                  352 38 353 -1 
                  56 44 352 -1 
                  56 352 351 -1 
                  56 351 350 -1 
                  56 350 349 -1 
                  426 349 348 -1 
                  427 348 347 -1 
                  427 347 346 -1 
                  428 346 345 -1 
                  429 345 344 -1 
                  432 342 341 -1 
                  436 435 336 -1 
                  433 340 339 -1 
                  336 435 337 -1 
                  50 436 336 -1 
                  50 336 49 -1 
                  434 339 338 -1 
                  435 338 337 -1 
                  432 341 340 -1 
                  431 343 342 -1 
                  434 338 435 -1 
                  430 344 343 -1 
                  433 339 434 -1 
                  432 340 433 -1 
                  431 342 432 -1 
                  430 343 431 -1 
                  429 344 430 -1 
                  428 345 429 -1 
                  427 346 428 -1 
                  426 348 427 -1 
                  56 349 426 -1 
                  56 426 425 -1 
                  56 425 424 -1 
                  56 424 423 -1 
                  56 423 66 -1 
                  423 422 66 -1 
                  74 55 56 -1 
                  66 421 420 -1 
                  66 420 419 -1 
                  66 419 418 -1 
                  66 418 417 -1 
                  66 416 415 -1 
                  66 415 414 -1 
                  412 411 66 -1 
                  63 61 62 -1 
                  400 46 45 -1 
                  406 45 407 -1 
                  405 45 406 -1 
                  404 45 405 -1 
                  403 45 404 -1 
                  402 45 403 -1 
                  401 45 402 -1 
                  400 45 401 -1 
                  399 46 400 -1 
                  398 46 399 -1 
                  397 46 398 -1 
                  396 46 397 -1 
                  355 46 396 -1 
                  355 396 395 -1 
                  384 395 394 -1 
                  385 394 393 -1 
                  386 393 392 -1 
                  387 392 391 -1 
                  388 391 390 -1 
                  388 390 389 -1 
                  387 391 388 -1 
                  385 393 386 -1 
                  382 395 383 -1 
                  368 395 382 -1 
                  370 381 380 -1 
                  371 380 379 -1 
                  372 379 378 -1 
                  373 378 377 -1 
                  374 376 375 -1 
                  373 377 374 -1 
                  372 378 373 -1 
                  371 379 372 -1 
                  370 380 371 -1 
                  369 381 370 -1 
                  368 382 369 -1 
                  367 395 368 -1 
                  356 395 367 -1 
                  356 367 366 -1 
                  357 366 365 -1 
                  358 365 364 -1 
                  359 364 363 -1 
                  360 363 362 -1 
                  360 362 361 -1 
                  359 363 360 -1 
                  358 364 359 -1 
                  357 365 358 -1 
                  356 366 357 -1 
                  355 395 356 -1 
                  51 180 2 -1 
                  52 180 51 -1 
                  438 51 437 -1 
                  439 51 438 -1 
                  440 51 439 -1 
                  441 51 440 -1 
                  65 321 24 -1 
                  442 51 441 -1 
                  65 328 327 -1 
                  444 51 443 -1 
                  52 51 444 -1 
                  65 329 328 -1 
                  53 24 52 -1 
                  325 65 326 -1 
                  446 53 445 -1 
                  447 53 446 -1 
                  448 53 447 -1 
                  449 53 448 -1 
                  450 53 449 -1 
                  451 53 450 -1 
                  452 53 451 -1 
                  54 53 452 -1 
                  66 417 416 -1 
                  411 410 66 -1 
                  74 60 55 -1 
                  57 135 134 -1 
                  454 55 453 -1 
                  455 55 454 -1 
                  58 136 135 -1 
                  456 55 455 -1 
                  457 55 456 -1 
                  58 137 136 -1 
                  458 55 457 -1 
                  459 55 458 -1 
                  460 55 459 -1 
                  56 55 460 -1 
                  58 138 137 -1 
                  57 25 56 -1 
                  462 57 461 -1 
                  463 57 462 -1 
                  464 57 463 -1 
                  465 57 464 -1 
                  466 57 465 -1 
                  467 57 466 -1 
                  468 57 467 -1 
                  58 57 468 -1 
                  60 54 55 -1 
                  59 53 54 -1 
                  59 54 60 -1 
                  65 24 53 -1 
                  61 53 59 -1 
                  66 410 409 -1 
                  66 414 413 -1 
                  66 413 412 -1 
                  64 53 61 -1 
                  324 323 65 -1 
                  65 53 64 -1 
                  65 322 321 -1 
                  66 422 421 -1 
                  65 333 332 -1 
                  45 408 407 -1 
                  408 66 409 -1 
                  65 334 333 -1 
                  45 66 408 -1 
                  65 335 334 -1 
                  65 66 45 -1 
                  65 45 335 -1 
                  67 56 66 -1 
                  70 56 67 -1 
                  69 67 68 -1 
                  69 70 67 -1 
                  71 56 70 -1 
                  73 74 72 -1 
                  74 56 71 -1 
                  74 71 72 -1 
                  76 56 75 -1 
                  57 56 76 -1 
                  494 78 520 -1 
                  493 494 519 -1 
                  492 493 518 -1 
                  491 492 517 -1 
                  490 491 516 -1 
                  489 490 515 -1 
                  488 489 514 -1 
                  487 488 513 -1 
                  486 487 512 -1 
                  485 486 511 -1 
                  484 485 510 -1 
                  483 484 509 -1 
                  482 483 508 -1 
                  481 482 507 -1 
                  480 481 506 -1 
                  479 480 505 -1 
                  478 479 504 -1 
                  477 478 503 -1 
                  476 477 502 -1 
                  475 476 501 -1 
                  474 475 500 -1 
                  473 474 499 -1 
                  472 473 498 -1 
                  471 472 497 -1 
                  470 471 496 -1 
                  469 470 495 -1 
                  77 469 79 -1 
                  495 79 469 -1 
                  496 495 470 -1 
                  497 496 471 -1 
                  498 497 472 -1 
                  499 498 473 -1 
                  500 499 474 -1 
                  501 500 475 -1 
                  502 501 476 -1 
                  503 502 477 -1 
                  504 503 478 -1 
                  505 504 479 -1 
                  506 505 480 -1 
                  507 506 481 -1 
                  508 507 482 -1 
                  509 508 483 -1 
                  510 509 484 -1 
                  511 510 485 -1 
                  512 511 486 -1 
                  513 512 487 -1 
                  514 513 488 -1 
                  515 514 489 -1 
                  516 515 490 -1 
                  517 516 491 -1 
                  518 517 492 -1 
                  519 518 493 -1 
                  520 519 494 -1 
                  80 520 78 -1 
                  567 541 540 -1 
                  568 542 541 -1 
                  569 543 542 -1 
                  570 544 543 -1 
                  571 545 544 -1 
                  572 546 545 -1 
                  83 82 546 -1 
                  566 540 539 -1 
                  572 83 546 -1 
                  565 539 538 -1 
                  571 572 545 -1 
                  564 538 537 -1 
                  570 571 544 -1 
                  563 537 536 -1 
                  569 570 543 -1 
                  568 569 542 -1 
                  562 536 535 -1 
                  567 568 541 -1 
                  561 535 534 -1 
                  566 567 540 -1 
                  560 534 533 -1 
                  565 566 539 -1 
                  559 533 532 -1 
                  564 565 538 -1 
                  558 532 531 -1 
                  563 564 537 -1 
                  557 531 530 -1 
                  562 563 536 -1 
                  556 530 529 -1 
                  561 562 535 -1 
                  555 529 528 -1 
                  560 561 534 -1 
                  554 528 527 -1 
                  559 560 533 -1 
                  553 527 526 -1 
                  558 559 532 -1 
                  552 526 525 -1 
                  557 558 531 -1 
                  551 525 524 -1 
                  556 557 530 -1 
                  550 524 523 -1 
                  555 556 529 -1 
                  549 523 522 -1 
                  554 555 528 -1 
                  548 522 521 -1 
                  553 554 527 -1 
                  547 521 81 -1 
                  552 553 526 -1 
                  551 552 525 -1 
                  550 551 524 -1 
                  549 550 523 -1 
                  548 549 522 -1 
                  547 548 521 -1 
                  84 547 81 -1 
                  624 88 86 -1 
                  598 624 86 -1 
                  597 623 624 -1 
                  596 622 623 -1 
                  595 621 622 -1 
                  594 620 621 -1 
                  593 619 620 -1 
                  592 618 619 -1 
                  591 617 618 -1 
                  590 616 617 -1 
                  589 615 616 -1 
                  588 614 615 -1 
                  587 613 614 -1 
                  585 611 612 -1 
                  584 610 611 -1 
                  583 609 610 -1 
                  582 608 609 -1 
                  581 607 608 -1 
                  579 605 606 -1 
                  578 604 605 -1 
                  601 602 575 -1 
                  85 599 573 -1 
                  87 599 85 -1 
                  574 600 601 -1 
                  573 599 600 -1 
                  577 603 604 -1 
                  576 602 603 -1 
                  580 606 607 -1 
                  574 573 600 -1 
                  586 612 613 -1 
                  575 574 601 -1 
                  576 575 602 -1 
                  577 576 603 -1 
                  578 577 604 -1 
                  579 578 605 -1 
                  580 579 606 -1 
                  581 580 607 -1 
                  582 581 608 -1 
                  583 582 609 -1 
                  584 583 610 -1 
                  585 584 611 -1 
                  586 585 612 -1 
                  587 586 613 -1 
                  588 587 614 -1 
                  589 588 615 -1 
                  590 589 616 -1 
                  591 590 617 -1 
                  592 591 618 -1 
                  593 592 619 -1 
                  594 593 620 -1 
                  595 594 621 -1 
                  596 595 622 -1 
                  597 596 623 -1 
                  598 597 624 -1 
                  625 90 89 -1 
                  651 625 89 -1 
                  652 626 625 -1 
                  653 627 626 -1 
                  654 628 627 -1 
                  655 629 628 -1 
                  656 630 629 -1 
                  657 631 630 -1 
                  670 644 643 -1 
                  671 645 644 -1 
                  672 646 645 -1 
                  673 647 646 -1 
                  674 648 647 -1 
                  675 649 648 -1 
                  676 650 649 -1 
                  92 91 650 -1 
                  669 643 642 -1 
                  676 92 650 -1 
                  668 642 641 -1 
                  675 676 649 -1 
                  667 641 640 -1 
                  674 675 648 -1 
                  666 640 639 -1 
                  673 674 647 -1 
                  665 639 638 -1 
                  672 673 646 -1 
                  664 638 637 -1 
                  671 672 645 -1 
                  663 637 636 -1 
                  670 671 644 -1 
                  669 670 643 -1 
                  662 636 635 -1 
                  668 669 642 -1 
                  661 635 634 -1 
                  667 668 641 -1 
                  660 634 633 -1 
                  666 667 640 -1 
                  659 633 632 -1 
                  665 666 639 -1 
                  658 632 631 -1 
                  664 665 638 -1 
                  663 664 637 -1 
                  662 663 636 -1 
                  661 662 635 -1 
                  660 661 634 -1 
                  659 660 633 -1 
                  658 659 632 -1 
                  657 658 631 -1 
                  656 657 630 -1 
                  655 656 629 -1 
                  654 655 628 -1 
                  653 654 627 -1 
                  652 653 626 -1 
                  651 652 625 -1 
                  487 486 77 -1 
                  486 485 77 -1 
                  548 547 84 -1 
                  549 548 84 -1 
                  550 549 84 -1 
                  551 550 84 -1 
                  552 551 84 -1 
                  553 552 84 -1 
                  554 553 84 -1 
                  555 554 84 -1 
                  556 555 84 -1 
                  557 556 84 -1 
                  558 557 84 -1 
                  559 558 84 -1 
                  560 559 84 -1 
                  561 560 84 -1 
                  562 561 84 -1 
                  563 562 84 -1 
                  564 563 84 -1 
                  565 564 84 -1 
                  566 565 84 -1 
                  567 566 84 -1 
                  568 567 84 -1 
                  569 568 84 -1 
                  570 569 84 -1 
                  571 570 84 -1 
                  572 571 84 -1 
                  83 572 84 -1 
                  94 83 84 -1 
                  93 94 84 -1 
                  470 469 77 -1 
                  471 470 77 -1 
                  472 471 77 -1 
                  473 472 77 -1 
                  474 473 77 -1 
                  475 474 77 -1 
                  476 475 77 -1 
                  477 476 77 -1 
                  478 477 77 -1 
                  479 478 77 -1 
                  480 479 77 -1 
                  481 480 77 -1 
                  482 481 77 -1 
                  483 482 77 -1 
                  484 483 77 -1 
                  485 484 77 -1 
                  488 487 77 -1 
                  489 488 77 -1 
                  490 489 77 -1 
                  491 490 77 -1 
                  492 491 77 -1 
                  78 77 93 -1 
                  493 492 77 -1 
                  494 493 77 -1 
                  78 93 84 -1 
                  78 494 77 -1 
                  659 89 660 -1 
                  623 88 624 -1 
                  622 88 623 -1 
                  621 88 622 -1 
                  620 88 621 -1 
                  619 88 620 -1 
                  618 88 619 -1 
                  617 88 618 -1 
                  616 88 617 -1 
                  615 88 616 -1 
                  614 88 615 -1 
                  613 88 614 -1 
                  612 88 613 -1 
                  611 88 612 -1 
                  610 88 611 -1 
                  609 88 610 -1 
                  608 88 609 -1 
                  607 88 608 -1 
                  606 88 607 -1 
                  605 88 606 -1 
                  95 89 88 -1 
                  604 88 605 -1 
                  603 88 604 -1 
                  602 88 603 -1 
                  601 88 602 -1 
                  600 88 601 -1 
                  599 88 600 -1 
                  87 88 599 -1 
                  95 96 89 -1 
                  95 88 87 -1 
                  92 89 96 -1 
                  676 89 92 -1 
                  675 89 676 -1 
                  674 89 675 -1 
                  673 89 674 -1 
                  672 89 673 -1 
                  671 89 672 -1 
                  670 89 671 -1 
                  669 89 670 -1 
                  668 89 669 -1 
                  667 89 668 -1 
                  666 89 667 -1 
                  665 89 666 -1 
                  664 89 665 -1 
                  663 89 664 -1 
                  662 89 663 -1 
                  661 89 662 -1 
                  660 89 661 -1 
                  658 89 659 -1 
                  657 89 658 -1 
                  656 89 657 -1 
                  655 89 656 -1 
                  654 89 655 -1 
                  653 89 654 -1 
                  652 89 653 -1 
                  651 89 652 -1 
                  97 77 79 -1 
                  97 93 77 -1 
                  94 98 82 -1 
                  83 94 82 -1 
                  84 81 80 -1 
                  78 84 80 -1 
                  88 90 86 -1 
                  89 90 88 -1 
                  108 97 79 -1 
                  701 108 79 -1 
                  702 701 79 -1 
                  703 702 79 -1 
                  704 703 79 -1 
                  705 704 79 -1 
                  495 705 79 -1 
                  495 706 705 -1 
                  495 707 706 -1 
                  495 708 707 -1 
                  650 693 106 -1 
                  650 694 693 -1 
                  650 695 694 -1 
                  650 696 695 -1 
                  91 697 696 -1 
                  91 698 697 -1 
                  91 699 698 -1 
                  91 700 699 -1 
                  91 105 700 -1 
                  91 104 105 -1 
                  650 91 696 -1 
                  649 650 106 -1 
                  648 649 106 -1 
                  647 648 106 -1 
                  646 647 106 -1 
                  645 646 106 -1 
                  644 645 106 -1 
                  641 106 107 -1 
                  643 644 106 -1 
                  642 643 106 -1 
                  641 642 106 -1 
                  518 519 627 -1 
                  633 634 512 -1 
                  626 627 519 -1 
                  514 631 632 -1 
                  631 515 630 -1 
                  518 627 628 -1 
                  625 626 598 -1 
                  90 625 86 -1 
                  598 86 625 -1 
                  597 598 626 -1 
                  522 597 626 -1 
                  523 596 597 -1 
                  529 530 590 -1 
                  531 532 588 -1 
                  101 582 100 -1 
                  101 577 578 -1 
                  101 576 577 -1 
                  101 575 576 -1 
                  101 574 575 -1 
                  101 573 574 -1 
                  689 85 573 -1 
                  102 103 85 -1 
                  101 578 579 -1 
                  685 102 85 -1 
                  686 685 85 -1 
                  101 579 580 -1 
                  687 686 85 -1 
                  688 687 85 -1 
                  101 580 581 -1 
                  689 688 85 -1 
                  690 689 573 -1 
                  101 581 582 -1 
                  691 690 573 -1 
                  692 691 573 -1 
                  584 536 583 -1 
                  101 692 573 -1 
                  536 537 583 -1 
                  546 677 100 -1 
                  546 678 677 -1 
                  546 679 678 -1 
                  546 680 679 -1 
                  82 681 680 -1 
                  82 682 681 -1 
                  82 683 682 -1 
                  82 684 683 -1 
                  82 99 684 -1 
                  82 98 99 -1 
                  546 82 680 -1 
                  545 546 100 -1 
                  528 591 592 -1 
                  544 545 100 -1 
                  529 590 591 -1 
                  543 544 100 -1 
                  588 532 587 -1 
                  542 543 100 -1 
                  537 538 100 -1 
                  541 542 100 -1 
                  585 535 584 -1 
                  540 541 100 -1 
                  537 582 583 -1 
                  539 540 100 -1 
                  537 100 582 -1 
                  538 539 100 -1 
                  533 586 587 -1 
                  534 585 586 -1 
                  530 589 590 -1 
                  531 588 589 -1 
                  535 536 584 -1 
                  527 592 593 -1 
                  534 535 585 -1 
                  533 534 586 -1 
                  526 593 594 -1 
                  532 533 587 -1 
                  525 594 595 -1 
                  530 531 589 -1 
                  524 595 596 -1 
                  528 529 591 -1 
                  527 528 592 -1 
                  526 527 593 -1 
                  525 526 594 -1 
                  524 525 595 -1 
                  523 524 596 -1 
                  522 523 597 -1 
                  519 522 626 -1 
                  520 521 522 -1 
                  516 629 630 -1 
                  80 81 521 -1 
                  517 628 629 -1 
                  520 80 521 -1 
                  519 520 522 -1 
                  513 632 633 -1 
                  510 635 636 -1 
                  511 634 635 -1 
                  517 518 628 -1 
                  516 517 629 -1 
                  509 636 637 -1 
                  515 516 630 -1 
                  514 515 631 -1 
                  508 637 638 -1 
                  513 514 632 -1 
                  512 513 633 -1 
                  507 638 639 -1 
                  511 512 634 -1 
                  510 511 635 -1 
                  506 639 640 -1 
                  509 510 636 -1 
                  508 509 637 -1 
                  507 508 638 -1 
                  505 640 641 -1 
                  506 507 639 -1 
                  504 641 107 -1 
                  505 506 640 -1 
                  504 505 641 -1 
                  503 504 107 -1 
                  502 503 107 -1 
                  501 502 107 -1 
                  500 501 107 -1 
                  499 500 107 -1 
                  498 499 107 -1 
                  497 498 107 -1 
                  496 497 107 -1 
                  495 107 708 -1 
                  495 496 107 -1 
                  109 110 52 -1 
                  53 52 110 -1 
                  92 104 91 -1 
                  96 104 92 -1 
                  105 104 96 -1 
                  112 96 95 -1 
                  105 96 112 -1 
                  111 112 95 -1 
                  111 95 102 -1 
                  103 102 95 -1 
                  85 95 87 -1 
                  103 95 85 -1 
                  760 114 113 -1 
                  759 114 760 -1 
                  115 114 759 -1 
                  115 759 758 -1 
                  115 758 757 -1 
                  115 753 752 -1 
                  115 752 751 -1 
                  115 751 750 -1 
                  710 750 749 -1 
                  712 749 748 -1 
                  739 748 747 -1 
                  740 747 746 -1 
                  741 746 745 -1 
                  742 745 744 -1 
                  115 754 753 -1 
                  742 744 743 -1 
                  741 745 742 -1 
                  740 746 741 -1 
                  115 755 754 -1 
                  739 747 740 -1 
                  738 748 739 -1 
                  115 756 755 -1 
                  712 748 738 -1 
                  115 757 756 -1 
                  713 738 737 -1 
                  719 737 736 -1 
                  722 736 735 -1 
                  723 735 734 -1 
                  723 734 733 -1 
                  724 733 732 -1 
                  725 732 731 -1 
                  726 731 730 -1 
                  727 730 729 -1 
                  727 729 728 -1 
                  726 730 727 -1 
                  725 731 726 -1 
                  724 732 725 -1 
                  723 733 724 -1 
                  722 735 723 -1 
                  721 736 722 -1 
                  720 736 721 -1 
                  719 736 720 -1 
                  718 737 719 -1 
                  717 737 718 -1 
                  716 737 717 -1 
                  715 737 716 -1 
                  714 737 715 -1 
                  713 737 714 -1 
                  712 738 713 -1 
                  711 749 712 -1 
                  710 749 711 -1 
                  709 750 710 -1 
                  115 750 709 -1 
                  787 116 811 -1 
                  788 811 810 -1 
                  789 810 809 -1 
                  790 809 808 -1 
                  799 808 807 -1 
                  800 807 806 -1 
                  801 806 805 -1 
                  802 805 804 -1 
                  802 804 803 -1 
                  801 805 802 -1 
                  800 806 801 -1 
                  799 807 800 -1 
                  790 808 799 -1 
                  791 799 798 -1 
                  792 798 797 -1 
                  793 797 796 -1 
                  794 796 795 -1 
                  793 796 794 -1 
                  792 797 793 -1 
                  791 798 792 -1 
                  790 799 791 -1 
                  789 809 790 -1 
                  788 810 789 -1 
                  787 811 788 -1 
                  786 116 787 -1 
                  785 116 786 -1 
                  761 116 785 -1 
                  761 785 784 -1 
                  762 784 783 -1 
                  763 783 782 -1 
                  764 782 781 -1 
                  774 781 780 -1 
                  775 780 779 -1 
                  776 779 778 -1 
                  776 778 777 -1 
                  775 779 776 -1 
                  774 780 775 -1 
                  773 781 774 -1 
                  764 781 773 -1 
                  765 773 772 -1 
                  766 772 771 -1 
                  767 771 770 -1 
                  768 770 769 -1 
                  767 770 768 -1 
                  766 771 767 -1 
                  765 772 766 -1 
                  764 773 765 -1 
                  763 782 764 -1 
                  762 783 763 -1 
                  761 784 762 -1 
                  75 101 100 -1 
                  76 75 100 -1 
                  819 99 117 -1 
                  684 99 819 -1 
                  683 819 818 -1 
                  682 818 817 -1 
                  681 817 816 -1 
                  680 816 815 -1 
                  679 815 814 -1 
                  678 814 813 -1 
                  677 813 812 -1 
                  100 812 76 -1 
                  677 812 100 -1 
                  678 813 677 -1 
                  679 814 678 -1 
                  680 815 679 -1 
                  681 816 680 -1 
                  682 817 681 -1 
                  683 818 682 -1 
                  684 819 683 -1 
                  109 107 106 -1 
                  110 109 106 -1 
                  93 108 118 -1 
                  93 118 117 -1 
                  93 97 108 -1 
                  94 117 99 -1 
                  94 93 117 -1 
                  98 94 99 -1 
                  827 107 109 -1 
                  708 107 827 -1 
                  707 827 826 -1 
                  706 826 825 -1 
                  705 825 824 -1 
                  704 824 823 -1 
                  703 823 822 -1 
                  702 822 821 -1 
                  701 821 820 -1 
                  108 820 118 -1 
                  701 820 108 -1 
                  702 821 701 -1 
                  703 822 702 -1 
                  704 823 703 -1 
                  705 824 704 -1 
                  706 825 705 -1 
                  707 826 706 -1 
                  708 827 707 -1 
                  835 105 112 -1 
                  700 105 835 -1 
                  699 835 834 -1 
                  698 834 833 -1 
                  697 833 832 -1 
                  696 832 831 -1 
                  695 831 830 -1 
                  694 830 829 -1 
                  693 829 828 -1 
                  106 828 110 -1 
                  693 828 106 -1 
                  694 829 693 -1 
                  695 830 694 -1 
                  696 831 695 -1 
                  697 832 696 -1 
                  698 833 697 -1 
                  699 834 698 -1 
                  700 835 699 -1 
                  843 101 75 -1 
                  692 101 843 -1 
                  691 843 842 -1 
                  690 842 841 -1 
                  689 841 840 -1 
                  688 840 839 -1 
                  687 839 838 -1 
                  686 838 837 -1 
                  685 837 836 -1 
                  102 836 111 -1 
                  685 836 102 -1 
                  686 837 685 -1 
                  687 838 686 -1 
                  688 839 687 -1 
                  689 840 688 -1 
                  690 841 689 -1 
                  691 842 690 -1 
                  692 843 691 -1 
                  452 112 54 -1 
                  835 112 452 -1 
                  834 452 451 -1 
                  833 451 450 -1 
                  830 448 447 -1 
                  829 447 446 -1 
                  828 446 445 -1 
                  110 445 53 -1 
                  831 449 448 -1 
                  828 445 110 -1 
                  832 450 449 -1 
                  829 446 828 -1 
                  830 447 829 -1 
                  831 448 830 -1 
                  832 449 831 -1 
                  833 450 832 -1 
                  834 451 833 -1 
                  835 452 834 -1 
                  820 51 118 -1 
                  437 51 820 -1 
                  438 820 821 -1 
                  439 821 822 -1 
                  440 822 823 -1 
                  441 823 824 -1 
                  442 824 825 -1 
                  443 825 826 -1 
                  109 52 827 -1 
                  444 826 827 -1 
                  444 827 52 -1 
                  443 826 444 -1 
                  442 825 443 -1 
                  441 824 442 -1 
                  440 823 441 -1 
                  439 822 440 -1 
                  438 821 439 -1 
                  437 820 438 -1 
                  54 111 55 -1 
                  112 111 54 -1 
                  118 58 117 -1 
                  51 58 118 -1 
                  460 75 56 -1 
                  843 460 842 -1 
                  841 458 840 -1 
                  839 456 838 -1 
                  837 454 836 -1 
                  836 453 111 -1 
                  838 456 455 -1 
                  837 455 454 -1 
                  836 454 453 -1 
                  111 453 55 -1 
                  839 457 456 -1 
                  838 455 837 -1 
                  840 458 457 -1 
                  840 457 839 -1 
                  841 459 458 -1 
                  842 459 841 -1 
                  842 460 459 -1 
                  843 75 460 -1 
                  812 57 76 -1 
                  461 57 812 -1 
                  462 812 813 -1 
                  463 813 814 -1 
                  464 814 815 -1 
                  465 815 816 -1 
                  466 816 817 -1 
                  467 817 818 -1 
                  468 818 819 -1 
                  58 819 117 -1 
                  468 819 58 -1 
                  467 818 468 -1 
                  466 817 467 -1 
                  465 816 466 -1 
                  464 815 465 -1 
                  463 814 464 -1 
                  462 813 463 -1 
                  461 812 462 -1 
                ]
                normalIndex [
                  2 3 369 -1 
                  408 15 399 -1 
                  408 369 3 -1 
                  408 3 4 -1 
                  73 42 43 -1 
                  408 4 5 -1 
                  408 5 6 -1 
                  408 6 7 -1 
                  408 7 8 -1 
                  73 40 41 -1 
                  408 8 9 -1 
                  408 9 10 -1 
                  408 10 11 -1 
                  408 11 12 -1 
                  399 16 17 -1 
                  399 17 18 -1 
                  399 18 19 -1 
                  399 19 20 -1 
                  399 184 187 -1 
                  399 21 22 -1 
                  73 34 35 -1 
                  170 22 23 -1 
                  108 23 166 -1 
                  118 119 173 -1 
                  23 24 166 -1 
                  73 36 37 -1 
                  166 24 25 -1 
                  25 26 166 -1 
                  71 52 53 -1 
                  136 28 135 -1 
                  27 28 136 -1 
                  28 29 135 -1 
                  29 30 135 -1 
                  73 33 34 -1 
                  73 35 36 -1 
                  73 37 38 -1 
                  73 38 39 -1 
                  73 39 40 -1 
                  73 41 42 -1 
                  71 46 47 -1 
                  71 47 48 -1 
                  71 48 49 -1 
                  71 49 50 -1 
                  71 50 51 -1 
                  71 51 52 -1 
                  70 53 54 -1 
                  70 54 55 -1 
                  70 55 56 -1 
                  70 56 57 -1 
                  62 60 61 -1 
                  62 59 60 -1 
                  63 59 62 -1 
                  69 58 59 -1 
                  64 59 63 -1 
                  70 57 58 -1 
                  65 59 64 -1 
                  72 45 46 -1 
                  66 59 65 -1 
                  67 59 66 -1 
                  72 44 45 -1 
                  68 59 67 -1 
                  72 43 44 -1 
                  69 59 68 -1 
                  78 32 33 -1 
                  70 58 69 -1 
                  71 53 70 -1 
                  72 46 71 -1 
                  73 43 72 -1 
                  74 33 73 -1 
                  75 33 74 -1 
                  76 33 75 -1 
                  77 33 76 -1 
                  78 33 77 -1 
                  79 32 78 -1 
                  30 31 135 -1 
                  80 32 79 -1 
                  135 32 80 -1 
                  135 80 81 -1 
                  135 81 82 -1 
                  135 31 32 -1 
                  135 83 84 -1 
                  135 84 85 -1 
                  110 173 109 -1 
                  146 143 145 -1 
                  169 171 168 -1 
                  378 98 99 -1 
                  96 97 124 -1 
                  100 1 2 -1 
                  173 98 378 -1 
                  101 1 100 -1 
                  102 1 101 -1 
                  103 1 102 -1 
                  104 1 103 -1 
                  106 107 0 -1 
                  105 1 104 -1 
                  106 0 1 -1 
                  106 1 105 -1 
                  147 141 142 -1 
                  113 110 111 -1 
                  113 111 112 -1 
                  114 110 113 -1 
                  115 110 114 -1 
                  116 110 115 -1 
                  117 110 116 -1 
                  173 121 122 -1 
                  118 110 117 -1 
                  173 119 120 -1 
                  174 109 173 -1 
                  173 123 97 -1 
                  110 118 173 -1 
                  126 94 95 -1 
                  125 95 96 -1 
                  128 93 94 -1 
                  173 120 121 -1 
                  129 92 93 -1 
                  123 173 122 -1 
                  130 91 92 -1 
                  124 97 123 -1 
                  132 90 91 -1 
                  125 96 124 -1 
                  133 89 90 -1 
                  126 95 125 -1 
                  145 143 144 -1 
                  127 94 126 -1 
                  134 88 89 -1 
                  128 94 127 -1 
                  134 87 88 -1 
                  129 93 128 -1 
                  130 92 129 -1 
                  134 86 87 -1 
                  131 91 130 -1 
                  150 139 149 -1 
                  132 91 131 -1 
                  133 90 132 -1 
                  134 89 133 -1 
                  135 82 83 -1 
                  135 85 86 -1 
                  134 135 86 -1 
                  136 26 27 -1 
                  158 137 138 -1 
                  151 138 139 -1 
                  149 139 140 -1 
                  148 140 141 -1 
                  146 142 143 -1 
                  147 142 146 -1 
                  148 141 147 -1 
                  149 140 148 -1 
                  151 139 150 -1 
                  152 138 151 -1 
                  153 138 152 -1 
                  154 138 153 -1 
                  155 138 154 -1 
                  156 138 155 -1 
                  157 138 156 -1 
                  158 138 157 -1 
                  166 136 137 -1 
                  159 137 158 -1 
                  160 137 159 -1 
                  161 137 160 -1 
                  162 137 161 -1 
                  163 137 162 -1 
                  164 137 163 -1 
                  165 137 164 -1 
                  166 26 136 -1 
                  166 137 165 -1 
                  170 399 22 -1 
                  169 108 109 -1 
                  170 23 108 -1 
                  170 108 169 -1 
                  97 98 173 -1 
                  99 100 378 -1 
                  173 378 172 -1 
                  378 177 172 -1 
                  174 171 169 -1 
                  174 169 109 -1 
                  399 20 21 -1 
                  181 168 171 -1 
                  180 171 172 -1 
                  177 378 176 -1 
                  182 167 168 -1 
                  180 177 178 -1 
                  180 172 177 -1 
                  180 178 179 -1 
                  181 171 180 -1 
                  182 183 167 -1 
                  182 168 181 -1 
                  399 170 167 -1 
                  399 167 183 -1 
                  186 184 185 -1 
                  399 183 184 -1 
                  187 184 186 -1 
                  220 398 175 -1 
                  190 176 189 -1 
                  193 190 191 -1 
                  193 191 192 -1 
                  198 176 190 -1 
                  194 190 193 -1 
                  195 190 194 -1 
                  196 190 195 -1 
                  197 190 196 -1 
                  198 190 197 -1 
                  199 176 198 -1 
                  218 203 204 -1 
                  200 176 199 -1 
                  201 176 200 -1 
                  203 175 176 -1 
                  202 176 201 -1 
                  203 176 202 -1 
                  219 175 203 -1 
                  217 204 205 -1 
                  216 205 206 -1 
                  215 206 207 -1 
                  215 207 208 -1 
                  214 208 209 -1 
                  213 209 210 -1 
                  212 210 211 -1 
                  213 210 212 -1 
                  214 209 213 -1 
                  215 208 214 -1 
                  216 206 215 -1 
                  217 205 216 -1 
                  218 204 217 -1 
                  219 203 218 -1 
                  399 187 175 -1 
                  220 175 219 -1 
                  414 411 413 -1 
                  415 226 227 -1 
                  415 227 228 -1 
                  349 346 347 -1 
                  415 228 229 -1 
                  376 369 375 -1 
                  232 415 231 -1 
                  238 189 176 -1 
                  233 234 415 -1 
                  415 235 236 -1 
                  337 331 336 -1 
                  238 176 237 -1 
                  239 189 238 -1 
                  339 329 338 -1 
                  240 189 239 -1 
                  340 328 339 -1 
                  241 189 240 -1 
                  242 189 241 -1 
                  243 189 242 -1 
                  244 189 243 -1 
                  245 189 244 -1 
                  354 341 342 -1 
                  246 189 245 -1 
                  249 188 189 -1 
                  247 189 246 -1 
                  248 189 247 -1 
                  249 264 188 -1 
                  249 189 248 -1 
                  264 250 251 -1 
                  263 251 252 -1 
                  263 252 253 -1 
                  263 253 254 -1 
                  263 254 255 -1 
                  262 255 256 -1 
                  261 256 257 -1 
                  260 257 258 -1 
                  260 258 259 -1 
                  261 257 260 -1 
                  262 256 261 -1 
                  264 265 188 -1 
                  263 255 262 -1 
                  264 249 250 -1 
                  264 251 263 -1 
                  268 220 188 -1 
                  266 188 265 -1 
                  267 188 266 -1 
                  268 188 267 -1 
                  398 220 268 -1 
                  398 268 269 -1 
                  398 269 270 -1 
                  398 270 271 -1 
                  297 271 272 -1 
                  296 272 273 -1 
                  296 273 274 -1 
                  295 274 275 -1 
                  294 275 276 -1 
                  291 278 279 -1 
                  287 288 284 -1 
                  290 280 281 -1 
                  284 288 283 -1 
                  286 287 284 -1 
                  286 284 285 -1 
                  289 281 282 -1 
                  288 282 283 -1 
                  291 279 280 -1 
                  292 277 278 -1 
                  289 282 288 -1 
                  293 276 277 -1 
                  290 281 289 -1 
                  291 280 290 -1 
                  292 278 291 -1 
                  293 277 292 -1 
                  294 276 293 -1 
                  295 275 294 -1 
                  296 274 295 -1 
                  297 272 296 -1 
                  398 271 297 -1 
                  398 297 298 -1 
                  398 298 299 -1 
                  398 299 300 -1 
                  398 300 416 -1 
                  300 301 416 -1 
                  424 389 398 -1 
                  416 302 303 -1 
                  416 303 304 -1 
                  416 304 305 -1 
                  416 305 306 -1 
                  416 307 308 -1 
                  416 308 309 -1 
                  311 312 416 -1 
                  413 411 412 -1 
                  323 221 222 -1 
                  317 222 316 -1 
                  318 222 317 -1 
                  319 222 318 -1 
                  320 222 319 -1 
                  321 222 320 -1 
                  322 222 321 -1 
                  323 222 322 -1 
                  324 221 323 -1 
                  325 221 324 -1 
                  326 221 325 -1 
                  327 221 326 -1 
                  368 221 327 -1 
                  368 327 328 -1 
                  339 328 329 -1 
                  338 329 330 -1 
                  337 330 331 -1 
                  336 331 332 -1 
                  335 332 333 -1 
                  335 333 334 -1 
                  336 332 335 -1 
                  338 330 337 -1 
                  341 328 340 -1 
                  355 328 341 -1 
                  353 342 343 -1 
                  352 343 344 -1 
                  351 344 345 -1 
                  350 345 346 -1 
                  349 347 348 -1 
                  350 346 349 -1 
                  351 345 350 -1 
                  352 344 351 -1 
                  353 343 352 -1 
                  354 342 353 -1 
                  355 341 354 -1 
                  356 328 355 -1 
                  367 328 356 -1 
                  367 356 357 -1 
                  366 357 358 -1 
                  365 358 359 -1 
                  364 359 360 -1 
                  363 360 361 -1 
                  363 361 362 -1 
                  364 360 363 -1 
                  365 359 364 -1 
                  366 358 365 -1 
                  367 357 366 -1 
                  368 328 367 -1 
                  369 100 2 -1 
                  378 100 369 -1 
                  371 369 370 -1 
                  372 369 371 -1 
                  373 369 372 -1 
                  374 369 373 -1 
                  415 237 176 -1 
                  375 369 374 -1 
                  415 230 231 -1 
                  377 369 376 -1 
                  378 369 377 -1 
                  415 229 230 -1 
                  379 176 378 -1 
                  233 415 232 -1 
                  381 379 380 -1 
                  382 379 381 -1 
                  383 379 382 -1 
                  384 379 383 -1 
                  385 379 384 -1 
                  386 379 385 -1 
                  387 379 386 -1 
                  388 379 387 -1 
                  416 306 307 -1 
                  312 313 416 -1 
                  424 409 389 -1 
                  399 15 16 -1 
                  391 389 390 -1 
                  392 389 391 -1 
                  408 14 15 -1 
                  393 389 392 -1 
                  394 389 393 -1 
                  408 13 14 -1 
                  395 389 394 -1 
                  396 389 395 -1 
                  397 389 396 -1 
                  398 389 397 -1 
                  408 12 13 -1 
                  399 175 398 -1 
                  401 399 400 -1 
                  402 399 401 -1 
                  403 399 402 -1 
                  404 399 403 -1 
                  405 399 404 -1 
                  406 399 405 -1 
                  407 399 406 -1 
                  408 399 407 -1 
                  409 388 389 -1 
                  410 379 388 -1 
                  410 388 409 -1 
                  415 176 379 -1 
                  411 379 410 -1 
                  416 313 314 -1 
                  416 309 310 -1 
                  416 310 311 -1 
                  414 379 411 -1 
                  234 235 415 -1 
                  415 379 414 -1 
                  415 236 237 -1 
                  416 301 302 -1 
                  415 225 226 -1 
                  222 315 316 -1 
                  315 416 314 -1 
                  415 224 225 -1 
                  222 416 315 -1 
                  415 223 224 -1 
                  415 416 222 -1 
                  415 222 223 -1 
                  417 398 416 -1 
                  420 398 417 -1 
                  419 417 418 -1 
                  419 420 417 -1 
                  421 398 420 -1 
                  423 424 422 -1 
                  424 398 421 -1 
                  424 421 422 -1 
                  427 425 426 -1 
                  428 425 427 -1 
                  430 429 483 -1 
                  431 430 482 -1 
                  432 431 481 -1 
                  433 432 480 -1 
                  434 433 479 -1 
                  435 434 478 -1 
                  436 435 477 -1 
                  437 436 476 -1 
                  438 437 475 -1 
                  439 438 474 -1 
                  440 439 473 -1 
                  441 440 472 -1 
                  442 441 471 -1 
                  443 442 470 -1 
                  444 443 469 -1 
                  445 444 468 -1 
                  446 445 467 -1 
                  447 446 466 -1 
                  448 447 465 -1 
                  449 448 464 -1 
                  450 449 463 -1 
                  451 450 462 -1 
                  452 451 461 -1 
                  453 452 460 -1 
                  454 453 459 -1 
                  455 454 458 -1 
                  456 455 457 -1 
                  458 457 455 -1 
                  459 458 454 -1 
                  460 459 453 -1 
                  461 460 452 -1 
                  462 461 451 -1 
                  463 462 450 -1 
                  464 463 449 -1 
                  465 464 448 -1 
                  466 465 447 -1 
                  467 466 446 -1 
                  468 467 445 -1 
                  469 468 444 -1 
                  470 469 443 -1 
                  471 470 442 -1 
                  472 471 441 -1 
                  473 472 440 -1 
                  474 473 439 -1 
                  475 474 438 -1 
                  476 475 437 -1 
                  477 476 436 -1 
                  478 477 435 -1 
                  479 478 434 -1 
                  480 479 433 -1 
                  481 480 432 -1 
                  482 481 431 -1 
                  483 482 430 -1 
                  484 483 429 -1 
                  519 506 505 -1 
                  518 507 506 -1 
                  517 508 507 -1 
                  516 509 508 -1 
                  515 510 509 -1 
                  514 511 510 -1 
                  513 512 511 -1 
                  520 505 504 -1 
                  514 513 511 -1 
                  521 504 503 -1 
                  515 514 510 -1 
                  522 503 502 -1 
                  516 515 509 -1 
                  523 502 501 -1 
                  517 516 508 -1 
                  518 517 507 -1 
                  524 501 500 -1 
                  519 518 506 -1 
                  525 500 499 -1 
                  520 519 505 -1 
                  526 499 498 -1 
                  521 520 504 -1 
                  527 498 497 -1 
                  522 521 503 -1 
                  528 497 496 -1 
                  523 522 502 -1 
                  529 496 495 -1 
                  524 523 501 -1 
                  530 495 494 -1 
                  525 524 500 -1 
                  531 494 493 -1 
                  526 525 499 -1 
                  532 493 492 -1 
                  527 526 498 -1 
                  533 492 491 -1 
                  528 527 497 -1 
                  534 491 490 -1 
                  529 528 496 -1 
                  535 490 489 -1 
                  530 529 495 -1 
                  536 489 488 -1 
                  531 530 494 -1 
                  537 488 487 -1 
                  532 531 493 -1 
                  538 487 486 -1 
                  533 532 492 -1 
                  539 486 485 -1 
                  534 533 491 -1 
                  535 534 490 -1 
                  536 535 489 -1 
                  537 536 488 -1 
                  538 537 487 -1 
                  539 538 486 -1 
                  540 539 485 -1 
                  543 542 541 -1 
                  596 543 541 -1 
                  595 544 543 -1 
                  594 545 544 -1 
                  593 546 545 -1 
                  592 547 546 -1 
                  591 548 547 -1 
                  590 549 548 -1 
                  589 550 549 -1 
                  588 551 550 -1 
                  587 552 551 -1 
                  586 553 552 -1 
                  585 554 553 -1 
                  583 556 555 -1 
                  582 557 556 -1 
                  581 558 557 -1 
                  580 559 558 -1 
                  579 560 559 -1 
                  577 562 561 -1 
                  576 563 562 -1 
                  566 565 573 -1 
                  570 568 571 -1 
                  569 568 570 -1 
                  572 567 566 -1 
                  571 568 567 -1 
                  575 564 563 -1 
                  574 565 564 -1 
                  578 561 560 -1 
                  572 571 567 -1 
                  584 555 554 -1 
                  573 572 566 -1 
                  574 573 565 -1 
                  575 574 564 -1 
                  576 575 563 -1 
                  577 576 562 -1 
                  578 577 561 -1 
                  579 578 560 -1 
                  580 579 559 -1 
                  581 580 558 -1 
                  582 581 557 -1 
                  583 582 556 -1 
                  584 583 555 -1 
                  585 584 554 -1 
                  586 585 553 -1 
                  587 586 552 -1 
                  588 587 551 -1 
                  589 588 550 -1 
                  590 589 549 -1 
                  591 590 548 -1 
                  592 591 547 -1 
                  593 592 546 -1 
                  594 593 545 -1 
                  595 594 544 -1 
                  596 595 543 -1 
                  599 598 597 -1 
                  652 599 597 -1 
                  651 600 599 -1 
                  650 601 600 -1 
                  649 602 601 -1 
                  648 603 602 -1 
                  647 604 603 -1 
                  646 605 604 -1 
                  633 618 617 -1 
                  632 619 618 -1 
                  631 620 619 -1 
                  630 621 620 -1 
                  629 622 621 -1 
                  628 623 622 -1 
                  627 624 623 -1 
                  626 625 624 -1 
                  634 617 616 -1 
                  627 626 624 -1 
                  635 616 615 -1 
                  628 627 623 -1 
                  636 615 614 -1 
                  629 628 622 -1 
                  637 614 613 -1 
                  630 629 621 -1 
                  638 613 612 -1 
                  631 630 620 -1 
                  639 612 611 -1 
                  632 631 619 -1 
                  640 611 610 -1 
                  633 632 618 -1 
                  634 633 617 -1 
                  641 610 609 -1 
                  635 634 616 -1 
                  642 609 608 -1 
                  636 635 615 -1 
                  643 608 607 -1 
                  637 636 614 -1 
                  644 607 606 -1 
                  638 637 613 -1 
                  645 606 605 -1 
                  639 638 612 -1 
                  640 639 611 -1 
                  641 640 610 -1 
                  642 641 609 -1 
                  643 642 608 -1 
                  644 643 607 -1 
                  645 644 606 -1 
                  646 645 605 -1 
                  647 646 604 -1 
                  648 647 603 -1 
                  649 648 602 -1 
                  650 649 601 -1 
                  651 650 600 -1 
                  652 651 599 -1 
                  702 701 683 -1 
                  701 700 683 -1 
                  655 654 653 -1 
                  656 655 653 -1 
                  657 656 653 -1 
                  658 657 653 -1 
                  659 658 653 -1 
                  660 659 653 -1 
                  661 660 653 -1 
                  662 661 653 -1 
                  663 662 653 -1 
                  664 663 653 -1 
                  665 664 653 -1 
                  666 665 653 -1 
                  667 666 653 -1 
                  668 667 653 -1 
                  669 668 653 -1 
                  670 669 653 -1 
                  671 670 653 -1 
                  672 671 653 -1 
                  673 672 653 -1 
                  674 673 653 -1 
                  675 674 653 -1 
                  676 675 653 -1 
                  677 676 653 -1 
                  678 677 653 -1 
                  679 678 653 -1 
                  680 679 653 -1 
                  681 680 653 -1 
                  682 681 653 -1 
                  685 684 683 -1 
                  686 685 683 -1 
                  687 686 683 -1 
                  688 687 683 -1 
                  689 688 683 -1 
                  690 689 683 -1 
                  691 690 683 -1 
                  692 691 683 -1 
                  693 692 683 -1 
                  694 693 683 -1 
                  695 694 683 -1 
                  696 695 683 -1 
                  697 696 683 -1 
                  698 697 683 -1 
                  699 698 683 -1 
                  700 699 683 -1 
                  703 702 683 -1 
                  704 703 683 -1 
                  705 704 683 -1 
                  706 705 683 -1 
                  707 706 683 -1 
                  710 683 682 -1 
                  708 707 683 -1 
                  709 708 683 -1 
                  710 682 653 -1 
                  710 709 683 -1 
                  760 711 759 -1 
                  714 712 713 -1 
                  715 712 714 -1 
                  716 712 715 -1 
                  717 712 716 -1 
                  718 712 717 -1 
                  719 712 718 -1 
                  720 712 719 -1 
                  721 712 720 -1 
                  722 712 721 -1 
                  723 712 722 -1 
                  724 712 723 -1 
                  725 712 724 -1 
                  726 712 725 -1 
                  727 712 726 -1 
                  728 712 727 -1 
                  729 712 728 -1 
                  730 712 729 -1 
                  731 712 730 -1 
                  732 712 731 -1 
                  740 711 712 -1 
                  733 712 732 -1 
                  734 712 733 -1 
                  735 712 734 -1 
                  736 712 735 -1 
                  737 712 736 -1 
                  738 712 737 -1 
                  739 712 738 -1 
                  740 741 711 -1 
                  740 712 739 -1 
                  742 711 741 -1 
                  743 711 742 -1 
                  744 711 743 -1 
                  745 711 744 -1 
                  746 711 745 -1 
                  747 711 746 -1 
                  748 711 747 -1 
                  749 711 748 -1 
                  750 711 749 -1 
                  751 711 750 -1 
                  752 711 751 -1 
                  753 711 752 -1 
                  754 711 753 -1 
                  755 711 754 -1 
                  756 711 755 -1 
                  757 711 756 -1 
                  758 711 757 -1 
                  759 711 758 -1 
                  761 711 760 -1 
                  762 711 761 -1 
                  763 711 762 -1 
                  764 711 763 -1 
                  765 711 764 -1 
                  766 711 765 -1 
                  767 711 766 -1 
                  768 711 767 -1 
                  771 769 772 -1 
                  771 770 769 -1 
                  775 774 773 -1 
                  776 775 773 -1 
                  779 778 777 -1 
                  780 779 777 -1 
                  783 781 782 -1 
                  784 781 783 -1 
                  787 786 785 -1 
                  788 787 785 -1 
                  789 788 785 -1 
                  790 789 785 -1 
                  791 790 785 -1 
                  792 791 785 -1 
                  940 792 785 -1 
                  940 793 792 -1 
                  940 794 793 -1 
                  940 795 794 -1 
                  809 798 797 -1 
                  809 799 798 -1 
                  809 800 799 -1 
                  809 801 800 -1 
                  808 802 801 -1 
                  808 803 802 -1 
                  808 804 803 -1 
                  808 805 804 -1 
                  808 806 805 -1 
                  808 807 806 -1 
                  809 808 801 -1 
                  810 809 797 -1 
                  811 810 797 -1 
                  812 811 797 -1 
                  813 812 797 -1 
                  814 813 797 -1 
                  815 814 797 -1 
                  818 797 796 -1 
                  816 815 797 -1 
                  817 816 797 -1 
                  818 817 797 -1 
                  917 916 832 -1 
                  826 825 923 -1 
                  833 832 916 -1 
                  921 828 827 -1 
                  828 920 829 -1 
                  917 832 831 -1 
                  834 833 837 -1 
                  835 834 836 -1 
                  837 836 834 -1 
                  838 837 833 -1 
                  911 838 833 -1 
                  910 839 838 -1 
                  904 903 845 -1 
                  902 901 847 -1 
                  874 853 875 -1 
                  874 858 857 -1 
                  874 859 858 -1 
                  874 860 859 -1 
                  874 861 860 -1 
                  874 862 861 -1 
                  870 863 862 -1 
                  865 864 863 -1 
                  874 857 856 -1 
                  866 865 863 -1 
                  867 866 863 -1 
                  874 856 855 -1 
                  868 867 863 -1 
                  869 868 863 -1 
                  874 855 854 -1 
                  870 869 863 -1 
                  871 870 862 -1 
                  874 854 853 -1 
                  872 871 862 -1 
                  873 872 862 -1 
                  851 897 852 -1 
                  874 873 862 -1 
                  897 896 852 -1 
                  887 876 875 -1 
                  887 877 876 -1 
                  887 878 877 -1 
                  887 879 878 -1 
                  886 880 879 -1 
                  886 881 880 -1 
                  886 882 881 -1 
                  886 883 882 -1 
                  886 884 883 -1 
                  886 885 884 -1 
                  887 886 879 -1 
                  888 887 875 -1 
                  905 844 843 -1 
                  889 888 875 -1 
                  904 845 844 -1 
                  890 889 875 -1 
                  847 901 848 -1 
                  891 890 875 -1 
                  896 895 875 -1 
                  892 891 875 -1 
                  850 898 851 -1 
                  893 892 875 -1 
                  896 853 852 -1 
                  894 893 875 -1 
                  896 875 853 -1 
                  895 894 875 -1 
                  900 849 848 -1 
                  899 850 849 -1 
                  903 846 845 -1 
                  902 847 846 -1 
                  898 897 851 -1 
                  906 843 842 -1 
                  899 898 850 -1 
                  900 899 849 -1 
                  907 842 841 -1 
                  901 900 848 -1 
                  908 841 840 -1 
                  903 902 846 -1 
                  909 840 839 -1 
                  905 904 844 -1 
                  906 905 843 -1 
                  907 906 842 -1 
                  908 907 841 -1 
                  909 908 840 -1 
                  910 909 839 -1 
                  911 910 838 -1 
                  916 911 833 -1 
                  915 912 911 -1 
                  919 830 829 -1 
                  914 913 912 -1 
                  918 831 830 -1 
                  915 914 912 -1 
                  916 915 911 -1 
                  922 827 826 -1 
                  925 824 823 -1 
                  924 825 824 -1 
                  918 917 831 -1 
                  919 918 830 -1 
                  926 823 822 -1 
                  920 919 829 -1 
                  921 920 828 -1 
                  927 822 821 -1 
                  922 921 827 -1 
                  923 922 826 -1 
                  928 821 820 -1 
                  924 923 825 -1 
                  925 924 824 -1 
                  929 820 819 -1 
                  926 925 823 -1 
                  927 926 822 -1 
                  928 927 821 -1 
                  930 819 818 -1 
                  929 928 820 -1 
                  931 818 796 -1 
                  930 929 819 -1 
                  931 930 818 -1 
                  932 931 796 -1 
                  933 932 796 -1 
                  934 933 796 -1 
                  935 934 796 -1 
                  936 935 796 -1 
                  937 936 796 -1 
                  938 937 796 -1 
                  939 938 796 -1 
                  940 796 795 -1 
                  940 939 796 -1 
                  942 943 941 -1 
                  944 941 943 -1 
                  947 945 946 -1 
                  948 945 947 -1 
                  952 951 950 -1 
                  953 950 949 -1 
                  952 950 953 -1 
                  954 953 949 -1 
                  954 949 955 -1 
                  956 955 949 -1 
                  959 957 958 -1 
                  960 957 959 -1 
                  963 961 962 -1 
                  964 961 963 -1 
                  1015 961 964 -1 
                  1015 964 965 -1 
                  1015 965 966 -1 
                  1015 970 971 -1 
                  1015 971 972 -1 
                  1015 972 973 -1 
                  1013 973 974 -1 
                  1011 974 975 -1 
                  984 975 976 -1 
                  983 976 977 -1 
                  982 977 978 -1 
                  981 978 979 -1 
                  1015 969 970 -1 
                  981 979 980 -1 
                  982 978 981 -1 
                  983 977 982 -1 
                  1015 968 969 -1 
                  984 976 983 -1 
                  985 975 984 -1 
                  1015 967 968 -1 
                  1011 975 985 -1 
                  1015 966 967 -1 
                  1010 985 986 -1 
                  1004 986 987 -1 
                  1001 987 988 -1 
                  1000 988 989 -1 
                  1000 989 990 -1 
                  999 990 991 -1 
                  998 991 992 -1 
                  997 992 993 -1 
                  996 993 994 -1 
                  996 994 995 -1 
                  997 993 996 -1 
                  998 992 997 -1 
                  999 991 998 -1 
                  1000 990 999 -1 
                  1001 988 1000 -1 
                  1002 987 1001 -1 
                  1003 987 1002 -1 
                  1004 987 1003 -1 
                  1005 986 1004 -1 
                  1006 986 1005 -1 
                  1007 986 1006 -1 
                  1008 986 1007 -1 
                  1009 986 1008 -1 
                  1010 986 1009 -1 
                  1011 985 1010 -1 
                  1012 974 1011 -1 
                  1013 974 1012 -1 
                  1014 973 1013 -1 
                  1015 973 1014 -1 
                  1041 1016 1017 -1 
                  1040 1017 1018 -1 
                  1039 1018 1019 -1 
                  1038 1019 1020 -1 
                  1029 1020 1021 -1 
                  1028 1021 1022 -1 
                  1027 1022 1023 -1 
                  1026 1023 1024 -1 
                  1026 1024 1025 -1 
                  1027 1023 1026 -1 
                  1028 1022 1027 -1 
                  1029 1021 1028 -1 
                  1038 1020 1029 -1 
                  1037 1029 1030 -1 
                  1036 1030 1031 -1 
                  1035 1031 1032 -1 
                  1034 1032 1033 -1 
                  1035 1032 1034 -1 
                  1036 1031 1035 -1 
                  1037 1030 1036 -1 
                  1038 1029 1037 -1 
                  1039 1019 1038 -1 
                  1040 1018 1039 -1 
                  1041 1017 1040 -1 
                  1042 1016 1041 -1 
                  1043 1016 1042 -1 
                  1067 1016 1043 -1 
                  1067 1043 1044 -1 
                  1066 1044 1045 -1 
                  1065 1045 1046 -1 
                  1064 1046 1047 -1 
                  1054 1047 1048 -1 
                  1053 1048 1049 -1 
                  1052 1049 1050 -1 
                  1052 1050 1051 -1 
                  1053 1049 1052 -1 
                  1054 1048 1053 -1 
                  1055 1047 1054 -1 
                  1064 1047 1055 -1 
                  1063 1055 1056 -1 
                  1062 1056 1057 -1 
                  1061 1057 1058 -1 
                  1060 1058 1059 -1 
                  1061 1058 1060 -1 
                  1062 1057 1061 -1 
                  1063 1056 1062 -1 
                  1064 1055 1063 -1 
                  1065 1046 1064 -1 
                  1066 1045 1065 -1 
                  1067 1044 1066 -1 
                  1070 1069 1068 -1 
                  1071 1070 1068 -1 
                  1074 1072 1073 -1 
                  1091 1072 1074 -1 
                  1090 1074 1075 -1 
                  1089 1075 1076 -1 
                  1088 1076 1077 -1 
                  1087 1077 1078 -1 
                  1086 1078 1079 -1 
                  1085 1079 1080 -1 
                  1084 1080 1081 -1 
                  1083 1081 1082 -1 
                  1084 1081 1083 -1 
                  1085 1080 1084 -1 
                  1086 1079 1085 -1 
                  1087 1078 1086 -1 
                  1088 1077 1087 -1 
                  1089 1076 1088 -1 
                  1090 1075 1089 -1 
                  1091 1074 1090 -1 
                  1094 1093 1092 -1 
                  1095 1094 1092 -1 
                  1101 1099 1098 -1 
                  1101 1098 1097 -1 
                  1101 1100 1099 -1 
                  1102 1097 1096 -1 
                  1102 1101 1097 -1 
                  1103 1102 1096 -1 
                  1106 1104 1105 -1 
                  1123 1104 1106 -1 
                  1122 1106 1107 -1 
                  1121 1107 1108 -1 
                  1120 1108 1109 -1 
                  1119 1109 1110 -1 
                  1118 1110 1111 -1 
                  1117 1111 1112 -1 
                  1116 1112 1113 -1 
                  1115 1113 1114 -1 
                  1116 1113 1115 -1 
                  1117 1112 1116 -1 
                  1118 1111 1117 -1 
                  1119 1110 1118 -1 
                  1120 1109 1119 -1 
                  1121 1108 1120 -1 
                  1122 1107 1121 -1 
                  1123 1106 1122 -1 
                  1126 1124 1125 -1 
                  1143 1124 1126 -1 
                  1142 1126 1127 -1 
                  1141 1127 1128 -1 
                  1140 1128 1129 -1 
                  1139 1129 1130 -1 
                  1138 1130 1131 -1 
                  1137 1131 1132 -1 
                  1136 1132 1133 -1 
                  1135 1133 1134 -1 
                  1136 1133 1135 -1 
                  1137 1132 1136 -1 
                  1138 1131 1137 -1 
                  1139 1130 1138 -1 
                  1140 1129 1139 -1 
                  1141 1128 1140 -1 
                  1142 1127 1141 -1 
                  1143 1126 1142 -1 
                  1146 1144 1145 -1 
                  1163 1144 1146 -1 
                  1162 1146 1147 -1 
                  1161 1147 1148 -1 
                  1160 1148 1149 -1 
                  1159 1149 1150 -1 
                  1158 1150 1151 -1 
                  1157 1151 1152 -1 
                  1156 1152 1153 -1 
                  1155 1153 1154 -1 
                  1156 1153 1155 -1 
                  1157 1152 1156 -1 
                  1158 1151 1157 -1 
                  1159 1150 1158 -1 
                  1160 1149 1159 -1 
                  1161 1148 1160 -1 
                  1162 1147 1161 -1 
                  1163 1146 1162 -1 
                  1166 1164 1165 -1 
                  1183 1164 1166 -1 
                  1182 1166 1167 -1 
                  1181 1167 1168 -1 
                  1178 1170 1171 -1 
                  1177 1171 1172 -1 
                  1176 1172 1173 -1 
                  1175 1173 1174 -1 
                  1179 1169 1170 -1 
                  1176 1173 1175 -1 
                  1180 1168 1169 -1 
                  1177 1172 1176 -1 
                  1178 1171 1177 -1 
                  1179 1170 1178 -1 
                  1180 1169 1179 -1 
                  1181 1168 1180 -1 
                  1182 1167 1181 -1 
                  1183 1166 1182 -1 
                  1186 1184 1185 -1 
                  1203 1184 1186 -1 
                  1202 1186 1187 -1 
                  1201 1187 1188 -1 
                  1200 1188 1189 -1 
                  1199 1189 1190 -1 
                  1198 1190 1191 -1 
                  1197 1191 1192 -1 
                  1194 1195 1193 -1 
                  1196 1192 1193 -1 
                  1196 1193 1195 -1 
                  1197 1192 1196 -1 
                  1198 1191 1197 -1 
                  1199 1190 1198 -1 
                  1200 1189 1199 -1 
                  1201 1188 1200 -1 
                  1202 1187 1201 -1 
                  1203 1186 1202 -1 
                  1206 1204 1205 -1 
                  1207 1204 1206 -1 
                  1210 1208 1209 -1 
                  1211 1208 1210 -1 
                  1214 1212 1213 -1 
                  1231 1214 1230 -1 
                  1229 1216 1228 -1 
                  1227 1218 1226 -1 
                  1225 1220 1224 -1 
                  1224 1221 1223 -1 
                  1226 1218 1219 -1 
                  1225 1219 1220 -1 
                  1224 1220 1221 -1 
                  1223 1221 1222 -1 
                  1227 1217 1218 -1 
                  1226 1219 1225 -1 
                  1228 1216 1217 -1 
                  1228 1217 1227 -1 
                  1229 1215 1216 -1 
                  1230 1215 1229 -1 
                  1230 1214 1215 -1 
                  1231 1212 1214 -1 
                  1234 1232 1233 -1 
                  1251 1232 1234 -1 
                  1250 1234 1235 -1 
                  1249 1235 1236 -1 
                  1248 1236 1237 -1 
                  1247 1237 1238 -1 
                  1246 1238 1239 -1 
                  1245 1239 1240 -1 
                  1244 1240 1241 -1 
                  1243 1241 1242 -1 
                  1244 1241 1243 -1 
                  1245 1240 1244 -1 
                  1246 1239 1245 -1 
                  1247 1238 1246 -1 
                  1248 1237 1247 -1 
                  1249 1236 1248 -1 
                  1250 1235 1249 -1 
                  1251 1234 1250 -1 
                ]
              }
            }
            DEF base_2 Shape {
              appearance DEF __9 Appearance {
                material DEF __10 Material {
                  ambientIntensity 1
                  diffuseColor 0.20000000298 0.20000000298 0.20000000298
                  shininess 0
                }
              }
              geometry DEF __11 IndexedFaceSet {
                solid FALSE
                coord Coordinate {
                  point [
                    0.00181606557377 0.000366229508197 0.0047,
                    0.00181606557377 0.000252131147541 0.0047,
                    0.00181606557377 0.000252131147541 0.00469,
                    0.00181606557377 0.000366229508197 0.00469,
                    0.00181344262295 0.000252131147541 0.0047,
                    0.00181344262295 0.000252131147541 0.00469,
                    0.00149803278689 8.85245901639e-06 0.00469,
                    0.00180491803279 -0.000234426229508 0.00469,
                    0.00180950819672 -0.000234426229508 0.00469,
                    0.00151704918033 -0.000439672131148 0.00469,
                    0.00143442622951 -0.000439672131148 0.00469,
                    0.00189213114754 0.000366229508197 0.00469,
                    0.00149803278689 8.85245901639e-06 0.0047,
                    0.00189213114754 0.000366229508197 0.0047,
                    0.00143442622951 -0.000439672131148 0.0047,
                    0.00151704918033 -0.000439672131148 0.0047,
                    0.00180950819672 -0.000234426229508 0.0047,
                    0.00180491803279 -0.000234426229508 0.0047,
                    0.000911803278689 -0.000365573770492 0.0047,
                    0.00119836065574 -0.000365573770492 0.0047,
                    0.00119836065574 -0.000365573770492 0.00469,
                    0.000911803278689 -0.000365573770492 0.00469,
                    0.00128098360656 -0.000365573770492 0.0047,
                    0.00128098360656 -0.000365573770492 0.00469,
                    0.000829180327869 -0.000365573770492 0.0047,
                    0.000829180327869 -0.000365573770492 0.00469,
                    0.000829180327869 0.000366229508197 0.0047,
                    0.000829180327869 0.000366229508197 0.00469,
                    0.00058 0.000366229508197 0.00469,
                    0.00058 -0.000365573770492 0.00469,
                    0.000663278688525 -0.000365573770492 0.00469,
                    0.000663278688525 0.000366229508197 0.00469,
                    0.000663278688525 0.000366229508197 0.0047,
                    0.00058 0.000366229508197 0.0047,
                    0.000663278688525 -0.000365573770492 0.0047,
                    0.00058 -0.000365573770492 0.0047,
                    0.00058 0.000618032786885 0.00469,
                    0.00058 0.000477704918033 0.00469,
                    0.000663278688525 0.000477704918033 0.00469,
                    0.000663278688525 0.000618032786885 0.00469,
                    0.000663278688525 0.000618032786885 0.0047,
                    0.00058 0.000618032786885 0.0047,
                    0.000663278688525 0.000477704918033 0.0047,
                    0.00058 0.000477704918033 0.0047,
                    6.88524590164e-06 0.000618032786885 0.00469,
                    6.88524590164e-06 -0.000365573770492 0.00469,
                    8.95081967213e-05 -0.000365573770492 0.00469,
                    8.95081967213e-05 -0.000109836065574 0.00469,
                    0.000198360655738 2e-05 0.00469,
                    0.00041606557377 -0.000365573770492 0.00469,
                    0.000517704918033 -0.000365573770492 0.00469,
                    0.00025737704918 9.40983606557e-05 0.00469,
                    0.000477704918033 0.000366229508197 0.00469,
                    0.00037606557377 0.000366229508197 0.00469,
                    9.2131147541e-05 1.6393442623e-06 0.00469,
                    8.95081967213e-05 1.6393442623e-06 0.00469,
                    8.95081967213e-05 0.000618032786885 0.00469,
                    8.95081967213e-05 0.000618032786885 0.0047,
                    6.88524590164e-06 0.000618032786885 0.0047,
                    8.95081967213e-05 1.6393442623e-06 0.0047,
                    9.2131147541e-05 1.6393442623e-06 0.0047,
                    0.00037606557377 0.000366229508197 0.0047,
                    0.000477704918033 0.000366229508197 0.0047,
                    0.00025737704918 9.40983606557e-05 0.0047,
                    0.000517704918033 -0.000365573770492 0.0047,
                    0.00041606557377 -0.000365573770492 0.0047,
                    0.000198360655738 2e-05 0.0047,
                    8.95081967213e-05 -0.000109836065574 0.0047,
                    8.95081967213e-05 -0.000365573770492 0.0047,
                    6.88524590164e-06 -0.000365573770492 0.0047,
                    -0.000366229508197 0.000366229508197 0.00469,
                    -0.000366229508197 -0.000365573770492 0.00469,
                    -0.000283606557377 -0.000365573770492 0.00469,
                    -6.72131147541e-05 0.000294754098361 0.00469,
                    -6.72131147541e-05 0.00037737704918 0.00469,
                    -0.000280983606557 0.000250819672131 0.00469,
                    -0.000283606557377 0.000250819672131 0.00469,
                    -0.000283606557377 0.000366229508197 0.00469,
                    -0.000283606557377 0.000366229508197 0.0047,
                    -0.000366229508197 0.000366229508197 0.0047,
                    -0.000283606557377 0.000250819672131 0.0047,
                    -0.000280983606557 0.000250819672131 0.0047,
                    -6.72131147541e-05 0.00037737704918 0.0047,
                    -6.72131147541e-05 0.000294754098361 0.0047,
                    -0.000885573770492 0.000147868852459 0.0047,
                    -0.00061737704918 -0.000259344262295 0.0047,
                    -0.00061737704918 -0.000259344262295 0.00469,
                    -0.000885573770492 0.000147868852459 0.00469,
                    -0.000614754098361 -0.000259344262295 0.0047,
                    -0.000614754098361 -0.000259344262295 0.00469,
                    -0.000968196721311 0.000147868852459 0.0047,
                    -0.000968196721311 0.000147868852459 0.00469,
                    -0.00061868852459 4.81967213115e-05 0.0047,
                    -0.00061868852459 -0.000107213114754 0.0047,
                    -0.00061868852459 -0.000107213114754 0.00469,
                    -0.00061868852459 4.81967213115e-05 0.00469,
                    -0.00189213114754 0.000618032786885 0.00469,
                    -0.00189213114754 -0.000365573770492 0.00469,
                    -0.00180360655738 -0.000365573770492 0.00469,
                    -0.00180360655738 0.000535409836066 0.00469,
                    -0.00180098360656 0.000535409836066 0.00469,
                    -0.00154655737705 -0.000365573770492 0.00469,
                    -0.00146393442623 -0.000365573770492 0.00469,
                    -0.00120885245902 0.000535409836066 0.00469,
                    -0.0012062295082 0.000535409836066 0.00469,
                    -0.0012062295082 -0.000365573770492 0.00469,
                    -0.00111836065574 -0.000365573770492 0.00469,
                    -0.00111836065574 0.000618032786885 0.00469,
                    -0.00126262295082 0.000618032786885 0.00469,
                    -0.0014993442623 -0.000255409836066 0.00469,
                    -0.00150262295082 -0.000255409836066 0.00469,
                    -0.00173868852459 0.000618032786885 0.00469,
                    -0.00062131147541 4.81967213115e-05 0.0047,
                    -0.00062131147541 4.81967213115e-05 0.00469,
                    -0.00173868852459 0.000618032786885 0.0047,
                    -0.00189213114754 0.000618032786885 0.0047,
                    -0.00150262295082 -0.000255409836066 0.0047,
                    -0.0014993442623 -0.000255409836066 0.0047,
                    -0.00126262295082 0.000618032786885 0.0047,
                    -0.00111836065574 0.000618032786885 0.0047,
                    -0.00111836065574 -0.000365573770492 0.0047,
                    -0.0012062295082 -0.000365573770492 0.0047,
                    -0.0012062295082 0.000535409836066 0.0047,
                    -0.00120885245902 0.000535409836066 0.0047,
                    -0.00146393442623 -0.000365573770492 0.0047,
                    -0.00154655737705 -0.000365573770492 0.0047,
                    -0.00180098360656 0.000535409836066 0.0047,
                    -0.00180360655738 0.000535409836066 0.0047,
                    -0.00180360655738 -0.000365573770492 0.0047,
                    -0.00189213114754 -0.000365573770492 0.0047,
                    -0.000366229508197 -0.000365573770492 0.0047,
                    -0.000469180327869 -0.000366229508197 0.00469,
                    -0.000469180327869 -0.000305245901639 0.00469,
                    0.000905901639344 0.000263278688525 0.00469,
                    0.000903278688525 0.00026393442623 0.00469,
                    0.000903278688525 0.000366229508197 0.00469,
                    0.000903278688525 0.000366229508197 0.0047,
                    0.000903278688525 0.00026393442623 0.0047,
                    0.000905901639344 0.000263278688525 0.0047,
                    -0.000283606557377 -0.000365573770492 0.0047,
                    -0.000469180327869 -0.000305245901639 0.0047,
                    -0.000469180327869 -0.000366229508197 0.0047,
                    0.00150064933402 8.83849897541e-05 0.00469,
                    0.00150839139344 0.000154047131148 0.00469,
                    0.00152109759221 0.000206845543033 0.00469,
                    0.00152926181481 0.000228735431609 0.00469,
                    0.00153860655738 0.000247786885246 0.00469,
                    0.00154911164831 0.000264125736424 0.00469,
                    0.00156075691598 0.000277877817623 0.00469,
                    0.00157352218878 0.000289168961322 0.00469,
                    0.00158738729508 0.000298125 0.00469,
                    0.00160233206327 0.000304871766137 0.00469,
                    0.00161833632172 0.000309535092213 0.00469,
                    0.00163537989882 0.000312240810707 0.00469,
                    0.00165344262295 0.000313114754098 0.00469,
                    0.00167151271132 0.000312240810707 0.00469,
                    0.00168857710041 0.000309535092213 0.00469,
                    0.00170461369749 0.000304871766137 0.00469,
                    0.00171960040984 0.000298125 0.00469,
                    0.00173351514472 0.000289168961322 0.00469,
                    0.00174633580943 0.000277877817623 0.00469,
                    0.00175804031122 0.000264125736424 0.00469,
                    0.00176860655738 0.000247786885246 0.00469,
                    0.00177801245517 0.000228735431609 0.00469,
                    0.00178623591189 0.000206845543033 0.00469,
                    0.00179904713115 0.000154047131148 0.00469,
                    0.00180686347336 8.83849897541e-05 0.00469,
                    0.00180950819672 8.85245901639e-06 0.00469,
                    0.00180686347336 -7.13012295082e-05 0.00469,
                    0.00179904713115 -0.00013737704918 0.00469,
                    0.00178623591189 -0.000190420081967 0.00469,
                    0.00177801245517 -0.000212380891393 0.00469,
                    0.00176860655738 -0.000231475409836 0.00469,
                    0.00175804031122 -0.000247834272541 0.00469,
                    0.00174633580943 -0.000261588114754 0.00469,
                    0.00173351514472 -0.000272867571721 0.00469,
                    0.00171960040984 -0.000281803278689 0.00469,
                    0.00170461369749 -0.000288525870902 0.00469,
                    0.00168857710041 -0.000293165983607 0.00469,
                    0.00167151271132 -0.000295854252049 0.00469,
                    0.00165344262295 -0.000296721311475 0.00469,
                    0.00163537989882 -0.000295854252049 0.00469,
                    0.00161833632172 -0.000293165983607 0.00469,
                    0.00160233206327 -0.000288525870902 0.00469,
                    0.00158738729508 -0.000281803278689 0.00469,
                    0.00157352218878 -0.000272867571721 0.00469,
                    0.00156075691598 -0.000261588114754 0.00469,
                    0.00154911164831 -0.000247834272541 0.00469,
                    0.00153860655738 -0.000231475409836 0.00469,
                    0.00152926181481 -0.000212380891393 0.00469,
                    0.00152109759221 -0.000190420081967 0.00469,
                    0.00150839139344 -0.00013737704918 0.00469,
                    0.00150064933402 -7.13012295082e-05 0.00469,
                    0.00180192110656 0.000281431864754 0.00469,
                    0.00178717213115 0.000307274590164 0.00469,
                    0.00176941086066 0.000329521004098 0.00469,
                    0.00174885245902 0.000348032786885 0.00469,
                    0.00172571209016 0.000362671618852 0.00469,
                    0.00170020491803 0.000373299180328 0.00469,
                    0.00167254610656 0.000379777151639 0.00469,
                    0.00164295081967 0.000381967213115 0.00469,
                    0.00161396196209 0.000380469390369 0.00469,
                    0.00158698258197 0.000375978483607 0.00469,
                    0.00156199346824 0.000368498335041 0.00469,
                    0.00153897540984 0.000358032786885 0.00469,
                    0.0015179091957 0.000344585681352 0.00469,
                    0.00149877561475 0.000328160860656 0.00469,
                    0.00148155545594 0.000308762167008 0.00469,
                    0.0014662295082 0.000286393442623 0.00469,
                    0.00145277856045 0.000261058529713 0.00469,
                    0.00144118340164 0.000232761270492 0.00469,
                    0.00142348360656 0.000167295081967 0.00469,
                    0.00141297643443 9.00256147541e-05 0.00469,
                    0.00140950819672 9.83606557376e-07 0.00469,
                    0.0014145210041 -9.91111680328e-05 0.00469,
                    0.00142870901639 -0.000180225409836 0.00469,
                    0.00143884509477 -0.000214207543545 0.00469,
                    0.00145079661885 -0.00024409579918 0.00469,
                    0.00146440413678 -0.000270107261783 0.00469,
                    0.00147950819672 -0.000292459016393 0.00469,
                    0.00149594934682 -0.000311368148053 0.00469,
                    0.00151356813525 -0.000327051741803 0.00469,
                    0.00153220511014 -0.000339726882684 0.00469,
                    0.00155170081967 -0.000349610655738 0.00469,
                    0.00157189581199 -0.000356920146004 0.00469,
                    0.00159263063525 -0.000361872438525 0.00469,
                    0.0016137458376 -0.00036468461834 0.00469,
                    0.00163508196721 -0.000365573770492 0.00469,
                    0.00166335809426 -0.000363623206967 0.00469,
                    0.00169038934426 -0.000357715163934 0.00469,
                    0.0017157914959 -0.000347765112705 0.00469,
                    0.00172776159068 -0.000341247918801 0.00469,
                    0.00173918032787 -0.00033368852459 0.00469,
                    0.00174999967982 -0.000325076363986 0.00469,
                    0.00176017161885 -0.000315400870902 0.00469,
                    0.00176964811732 -0.000304651479252 0.00469,
                    0.00177838114754 -0.000292817622951 0.00469,
                    0.00179342469262 -0.000265854252049 0.00469,
                    0.0018070005123 -0.00039627817623 0.00469,
                    0.00179952868852 -0.000436209016393 0.00469,
                    0.00179395523822 -0.000453954597848 0.00469,
                    0.00178716956967 -0.000470207479508 0.00469,
                    0.00177918128842 -0.00048495805584 0.00469,
                    0.00177 -0.000498196721311 0.00469,
                    0.00175963530994 -0.000509913870389 0.00469,
                    0.00174809682377 -0.000520099897541 0.00469,
                    0.00173539414703 -0.000528745197234 0.00469,
                    0.00172153688525 -0.000535840163934 0.00469,
                    0.00170653464395 -0.000541375192111 0.00469,
                    0.00169039702869 -0.00054534067623 0.00469,
                    0.00167313364498 -0.000547727010758 0.00469,
                    0.00165475409836 -0.000548524590164 0.00469,
                    0.00162793929303 -0.000546698258197 0.00469,
                    0.0016025307377 -0.000541290983607 0.00469,
                    0.00157919697746 -0.000532410348361 0.00469,
                    0.00156851706583 -0.000526701139857 0.00469,
                    0.00155860655738 -0.000520163934426 0.00469,
                    0.00154954902024 -0.000512812179816 0.00469,
                    0.00154142802254 -0.00050465932377 0.00469,
                    0.00153432713243 -0.000495718814037 0.00469,
                    0.00152832991803 -0.000486004098361 0.00469,
                    0.00152351994749 -0.000475528624488 0.00469,
                    0.00151998078893 -0.000464305840164 0.00469,
                    0.0015177960105 -0.000452349193135 0.00469,
                    0.00143550957351 -0.000458749039447 0.00469,
                    0.00143826716189 -0.000477082479508 0.00469,
                    0.00144269803407 -0.000494605212602 0.00469,
                    0.00144880122951 -0.00051125 0.00469,
                    0.00145657578765 -0.000526949602971 0.00469,
                    0.00146602074795 -0.000541636782787 0.00469,
                    0.00147713514985 -0.000555244300717 0.00469,
                    0.00148991803279 -0.000567704918033 0.00469,
                    0.00150436843622 -0.000578951396004 0.00469,
                    0.00152048539959 -0.000588916495902 0.00469,
                    0.00153826796235 -0.000597532978996 0.00469,
                    0.00155771516393 -0.000604733606557 0.00469,
                    0.0015788260438 -0.000610451139857 0.00469,
                    0.00160159964139 -0.000614618340164 0.00469,
                    0.00165213114754 -0.000618032786885 0.00469,
                    0.00168227426998 -0.00061683449667 0.00469,
                    0.00171026383197 -0.000613241547131 0.00469,
                    0.0017361286501 -0.000607256819928 0.00469,
                    0.00175989754098 -0.000598883196721 0.00469,
                    0.00178159932121 -0.00058812355917 0.00469,
                    0.00180126280738 -0.000574980788934 0.00469,
                    0.00181891681609 -0.000559457767674 0.00469,
                    0.00183459016393 -0.000541557377049 0.00469,
                    0.00184831166752 -0.000521282498719 0.00469,
                    0.00186011014344 -0.000498636014344 0.00469,
                    0.0018700144083 -0.000473620805584 0.00469,
                    0.00187805327869 -0.000446239754098 0.00469,
                    0.00188865010246 -0.00038439164959 0.00469,
                    0.00189213114754 -0.000313114754098 0.00469,
                    0.00150064933402 8.83849897541e-05 0.0047,
                    0.00150839139344 0.000154047131148 0.0047,
                    0.00152109759221 0.000206845543033 0.0047,
                    0.00152926181481 0.000228735431609 0.0047,
                    0.00153860655738 0.000247786885246 0.0047,
                    0.00154911164831 0.000264125736424 0.0047,
                    0.00156075691598 0.000277877817623 0.0047,
                    0.00157352218878 0.000289168961322 0.0047,
                    0.00158738729508 0.000298125 0.0047,
                    0.00160233206327 0.000304871766137 0.0047,
                    0.00161833632172 0.000309535092213 0.0047,
                    0.00163537989882 0.000312240810707 0.0047,
                    0.00165344262295 0.000313114754098 0.0047,
                    0.00167151271132 0.000312240810707 0.0047,
                    0.00168857710041 0.000309535092213 0.0047,
                    0.00170461369749 0.000304871766137 0.0047,
                    0.00171960040984 0.000298125 0.0047,
                    0.00173351514472 0.000289168961322 0.0047,
                    0.00174633580943 0.000277877817623 0.0047,
                    0.00175804031122 0.000264125736424 0.0047,
                    0.00176860655738 0.000247786885246 0.0047,
                    0.00177801245517 0.000228735431609 0.0047,
                    0.00178623591189 0.000206845543033 0.0047,
                    0.00179904713115 0.000154047131148 0.0047,
                    0.00180686347336 8.83849897541e-05 0.0047,
                    0.00180950819672 8.85245901639e-06 0.0047,
                    0.00180686347336 -7.13012295082e-05 0.0047,
                    0.00179904713115 -0.00013737704918 0.0047,
                    0.00178623591189 -0.000190420081967 0.0047,
                    0.00177801245517 -0.000212380891393 0.0047,
                    0.00176860655738 -0.000231475409836 0.0047,
                    0.00175804031122 -0.000247834272541 0.0047,
                    0.00174633580943 -0.000261588114754 0.0047,
                    0.00173351514472 -0.000272867571721 0.0047,
                    0.00171960040984 -0.000281803278689 0.0047,
                    0.00170461369749 -0.000288525870902 0.0047,
                    0.00168857710041 -0.000293165983607 0.0047,
                    0.00167151271132 -0.000295854252049 0.0047,
                    0.00165344262295 -0.000296721311475 0.0047,
                    0.00163537989882 -0.000295854252049 0.0047,
                    0.00161833632172 -0.000293165983607 0.0047,
                    0.00160233206327 -0.000288525870902 0.0047,
                    0.00158738729508 -0.000281803278689 0.0047,
                    0.00157352218878 -0.000272867571721 0.0047,
                    0.00156075691598 -0.000261588114754 0.0047,
                    0.00154911164831 -0.000247834272541 0.0047,
                    0.00153860655738 -0.000231475409836 0.0047,
                    0.00152926181481 -0.000212380891393 0.0047,
                    0.00152109759221 -0.000190420081967 0.0047,
                    0.00150839139344 -0.00013737704918 0.0047,
                    0.00150064933402 -7.13012295082e-05 0.0047,
                    0.00143550957351 -0.000458749039447 0.0047,
                    0.00143826716189 -0.000477082479508 0.0047,
                    0.00144269803407 -0.000494605212602 0.0047,
                    0.00144880122951 -0.00051125 0.0047,
                    0.00145657578765 -0.000526949602971 0.0047,
                    0.00146602074795 -0.000541636782787 0.0047,
                    0.00147713514985 -0.000555244300717 0.0047,
                    0.00148991803279 -0.000567704918033 0.0047,
                    0.00150436843622 -0.000578951396004 0.0047,
                    0.00152048539959 -0.000588916495902 0.0047,
                    0.00153826796235 -0.000597532978996 0.0047,
                    0.00155771516393 -0.000604733606557 0.0047,
                    0.0015788260438 -0.000610451139857 0.0047,
                    0.00160159964139 -0.000614618340164 0.0047,
                    0.00165213114754 -0.000618032786885 0.0047,
                    0.00168227426998 -0.00061683449667 0.0047,
                    0.00171026383197 -0.000613241547131 0.0047,
                    0.0017361286501 -0.000607256819928 0.0047,
                    0.00175989754098 -0.000598883196721 0.0047,
                    0.00178159932121 -0.00058812355917 0.0047,
                    0.00180126280738 -0.000574980788934 0.0047,
                    0.00181891681609 -0.000559457767674 0.0047,
                    0.00183459016393 -0.000541557377049 0.0047,
                    0.00184831166752 -0.000521282498719 0.0047,
                    0.00186011014344 -0.000498636014344 0.0047,
                    0.0018700144083 -0.000473620805584 0.0047,
                    0.00187805327869 -0.000446239754098 0.0047,
                    0.00188865010246 -0.00038439164959 0.0047,
                    0.00189213114754 -0.000313114754098 0.0047,
                    0.0018070005123 -0.00039627817623 0.0047,
                    0.00179952868852 -0.000436209016393 0.0047,
                    0.00179395523822 -0.000453954597848 0.0047,
                    0.00178716956967 -0.000470207479508 0.0047,
                    0.00177918128842 -0.00048495805584 0.0047,
                    0.00177 -0.000498196721311 0.0047,
                    0.00175963530994 -0.000509913870389 0.0047,
                    0.00174809682377 -0.000520099897541 0.0047,
                    0.00173539414703 -0.000528745197234 0.0047,
                    0.00172153688525 -0.000535840163934 0.0047,
                    0.00170653464395 -0.000541375192111 0.0047,
                    0.00169039702869 -0.00054534067623 0.0047,
                    0.00167313364498 -0.000547727010758 0.0047,
                    0.00165475409836 -0.000548524590164 0.0047,
                    0.00162793929303 -0.000546698258197 0.0047,
                    0.0016025307377 -0.000541290983607 0.0047,
                    0.00157919697746 -0.000532410348361 0.0047,
                    0.00156851706583 -0.000526701139857 0.0047,
                    0.00155860655738 -0.000520163934426 0.0047,
                    0.00154954902024 -0.000512812179816 0.0047,
                    0.00154142802254 -0.00050465932377 0.0047,
                    0.00153432713243 -0.000495718814037 0.0047,
                    0.00152832991803 -0.000486004098361 0.0047,
                    0.00152351994749 -0.000475528624488 0.0047,
                    0.00151998078893 -0.000464305840164 0.0047,
                    0.0015177960105 -0.000452349193135 0.0047,
                    0.00180192110656 0.000281431864754 0.0047,
                    0.00178717213115 0.000307274590164 0.0047,
                    0.00176941086066 0.000329521004098 0.0047,
                    0.00174885245902 0.000348032786885 0.0047,
                    0.00172571209016 0.000362671618852 0.0047,
                    0.00170020491803 0.000373299180328 0.0047,
                    0.00167254610656 0.000379777151639 0.0047,
                    0.00164295081967 0.000381967213115 0.0047,
                    0.00161396196209 0.000380469390369 0.0047,
                    0.00158698258197 0.000375978483607 0.0047,
                    0.00156199346824 0.000368498335041 0.0047,
                    0.00153897540984 0.000358032786885 0.0047,
                    0.0015179091957 0.000344585681352 0.0047,
                    0.00149877561475 0.000328160860656 0.0047,
                    0.00148155545594 0.000308762167008 0.0047,
                    0.0014662295082 0.000286393442623 0.0047,
                    0.00145277856045 0.000261058529713 0.0047,
                    0.00144118340164 0.000232761270492 0.0047,
                    0.00142348360656 0.000167295081967 0.0047,
                    0.00141297643443 9.00256147541e-05 0.0047,
                    0.00140950819672 9.83606557376e-07 0.0047,
                    0.0014145210041 -9.91111680328e-05 0.0047,
                    0.00142870901639 -0.000180225409836 0.0047,
                    0.00143884509477 -0.000214207543545 0.0047,
                    0.00145079661885 -0.00024409579918 0.0047,
                    0.00146440413678 -0.000270107261783 0.0047,
                    0.00147950819672 -0.000292459016393 0.0047,
                    0.00149594934682 -0.000311368148053 0.0047,
                    0.00151356813525 -0.000327051741803 0.0047,
                    0.00153220511014 -0.000339726882684 0.0047,
                    0.00155170081967 -0.000349610655738 0.0047,
                    0.00157189581199 -0.000356920146004 0.0047,
                    0.00159263063525 -0.000361872438525 0.0047,
                    0.0016137458376 -0.00036468461834 0.0047,
                    0.00163508196721 -0.000365573770492 0.0047,
                    0.00166335809426 -0.000363623206967 0.0047,
                    0.00169038934426 -0.000357715163934 0.0047,
                    0.0017157914959 -0.000347765112705 0.0047,
                    0.00172776159068 -0.000341247918801 0.0047,
                    0.00173918032787 -0.00033368852459 0.0047,
                    0.00174999967982 -0.000325076363986 0.0047,
                    0.00176017161885 -0.000315400870902 0.0047,
                    0.00176964811732 -0.000304651479252 0.0047,
                    0.00177838114754 -0.000292817622951 0.0047,
                    0.00179342469262 -0.000265854252049 0.0047,
                    0.000914727202869 0.000166390881148 0.0047,
                    0.000918317270748 0.000185250064037 0.0047,
                    0.000923268442623 0.000203012295082 0.0047,
                    0.000929537493596 0.000219629546619 0.0047,
                    0.00093708119877 0.000235053790984 0.0047,
                    0.000945856333248 0.000249237000512 0.0047,
                    0.000955819672131 0.000262131147541 0.0047,
                    0.000966927990523 0.000273688204406 0.0047,
                    0.000979138063525 0.000283860143443 0.0047,
                    0.00099240666624 0.000292598936988 0.0047,
                    0.00100669057377 0.000299856557377 0.0047,
                    0.00102194656122 0.000305584976947 0.0047,
                    0.00103813140369 0.000309736168033 0.0047,
                    0.00105520187628 0.000312262102971 0.0047,
                    0.0010731147541 0.000313114754098 0.0047,
                    0.0010883532915 0.000312530577613 0.0047,
                    0.00110259477459 0.000310777407787 0.0047,
                    0.00111584112449 0.000307854284068 0.0047,
                    0.0011280942623 0.000303760245902 0.0047,
                    0.00113935610912 0.000298494332736 0.0047,
                    0.00114962858607 0.000292055584016 0.0047,
                    0.00115891361424 0.000284443039191 0.0047,
                    0.00116721311475 0.000275655737705 0.0047,
                    0.00117452900871 0.000265692719006 0.0047,
                    0.00118086321721 0.000254553022541 0.0047,
                    0.00118621766137 0.000242235687756 0.0047,
                    0.0011905942623 0.000228739754098 0.0047,
                    0.00119642161885 0.000198208247951 0.0047,
                    0.00119836065574 0.000162950819672 0.0047,
                    0.000914727202869 0.000166390881148 0.00469,
                    0.000918317270748 0.000185250064037 0.00469,
                    0.000923268442623 0.000203012295082 0.00469,
                    0.000929537493596 0.000219629546619 0.00469,
                    0.00093708119877 0.000235053790984 0.00469,
                    0.000945856333248 0.000249237000512 0.00469,
                    0.000955819672131 0.000262131147541 0.00469,
                    0.000966927990523 0.000273688204406 0.00469,
                    0.000979138063525 0.000283860143443 0.00469,
                    0.00099240666624 0.000292598936988 0.00469,
                    0.00100669057377 0.000299856557377 0.00469,
                    0.00102194656122 0.000305584976947 0.00469,
                    0.00103813140369 0.000309736168033 0.00469,
                    0.00105520187628 0.000312262102971 0.00469,
                    0.0010731147541 0.000313114754098 0.00469,
                    0.0010883532915 0.000312530577613 0.00469,
                    0.00110259477459 0.000310777407787 0.00469,
                    0.00111584112449 0.000307854284068 0.00469,
                    0.0011280942623 0.000303760245902 0.00469,
                    0.00113935610912 0.000298494332736 0.00469,
                    0.00114962858607 0.000292055584016 0.00469,
                    0.00115891361424 0.000284443039191 0.00469,
                    0.00116721311475 0.000275655737705 0.00469,
                    0.00117452900871 0.000265692719006 0.00469,
                    0.00118086321721 0.000254553022541 0.00469,
                    0.00118621766137 0.000242235687756 0.00469,
                    0.0011905942623 0.000228739754098 0.00469,
                    0.00119642161885 0.000198208247951 0.00469,
                    0.00119836065574 0.000162950819672 0.00469,
                    -0.000279819415984 0.000140417520492 0.00469,
                    -0.000275251184682 0.000162598936988 0.00469,
                    -0.000269047131148 0.000183053278689 0.00469,
                    -0.000261317719006 0.00020179399334 0.00469,
                    -0.000252173411885 0.000218834528689 0.00469,
                    -0.000241724673412 0.00023418833248 0.00469,
                    -0.000230081967213 0.000247868852459 0.00469,
                    -0.000217355756916 0.000259889536373 0.00469,
                    -0.000203656506148 0.000270263831967 0.00469,
                    -0.000189094678535 0.000279005186988 0.00469,
                    -0.000173780737705 0.00028612704918 0.00469,
                    -0.000157825147285 0.000291642866291 0.00469,
                    -0.000141338370902 0.000295566086066 0.00469,
                    -0.000124430872182 0.00029791015625 0.00469,
                    -0.000107213114754 0.00029868852459 0.00469,
                    -8.77049180328e-05 0.000297704918033 0.00469,
                    -8.16393442623e-05 0.000380901639344 0.00469,
                    -9.60655737705e-05 0.000381967213115 0.00469,
                    -0.00012754482582 0.00037972079918 0.00469,
                    -0.000156956967213 0.000373094262295 0.00469,
                    -0.000184140625 0.000362256659836 0.00469,
                    -0.00020893442623 0.00034737704918 0.00469,
                    -0.000231176997951 0.000328624487705 0.00469,
                    -0.000250706967213 0.000306168032787 0.00469,
                    -0.000267362961066 0.000280176741803 0.00469,
                    -8.16393442623e-05 0.000380901639344 0.0047,
                    -9.60655737705e-05 0.000381967213115 0.0047,
                    -0.00012754482582 0.00037972079918 0.0047,
                    -0.000156956967213 0.000373094262295 0.0047,
                    -0.000184140625 0.000362256659836 0.0047,
                    -0.00020893442623 0.00034737704918 0.0047,
                    -0.000231176997951 0.000328624487705 0.0047,
                    -0.000250706967213 0.000306168032787 0.0047,
                    -0.000267362961066 0.000280176741803 0.0047,
                    -0.000883605276639 0.00018546875 0.0047,
                    -0.000877571721311 0.000218504098361 0.0047,
                    -0.000872970511014 0.000233266841701 0.0047,
                    -0.000867280993852 0.000246836577869 0.0047,
                    -0.000860479155994 0.000259196016906 0.0047,
                    -0.000852540983607 0.000270327868852 0.0047,
                    -0.000843442462859 0.00028021484375 0.0047,
                    -0.000833159579918 0.000288839651639 0.0047,
                    -0.000821668320953 0.000296185002561 0.0047,
                    -0.000808944672131 0.000302233606557 0.0047,
                    -0.000794964619621 0.000306968173668 0.0047,
                    -0.00077970414959 0.000310371413934 0.0047,
                    -0.000763139248207 0.000312426037398 0.0047,
                    -0.000745245901639 0.000313114754098 0.0047,
                    -0.00071796875 0.000311522797131 0.0047,
                    -0.000705320504611 0.000309470895236 0.0047,
                    -0.000693381147541 0.000306526639344 0.0047,
                    -0.000682187179816 0.000302648725666 0.0047,
                    -0.000671775102459 0.00029779585041 0.0047,
                    -0.000662181416496 0.000291926709785 0.0047,
                    -0.000653442622951 0.000285 0.0047,
                    -0.000645595222848 0.000276974417264 0.0047,
                    -0.000638675717213 0.000267808657787 0.0047,
                    -0.00063272060707 0.000257461417777 0.0047,
                    -0.000627766393443 0.000245891393443 0.0047,
                    -0.000623849577357 0.000233057280994 0.0047,
                    -0.000621006659836 0.000218917776639 0.0047,
                    -0.00061868852459 0.000186557377049 0.0047,
                    -0.000619282786885 0.000158118596311 0.0047,
                    -0.000621352459016 0.000135235655738 0.0047,
                    -0.00062307505123 0.000125635085809 0.0047,
                    -0.000625327868852 0.000117132428279 0.0047,
                    -0.000628164702869 0.000109630667264 0.0047,
                    -0.000631639344262 0.000103032786885 0.0047,
                    -0.000635805584016 9.72417712602e-05 0.0047,
                    -0.000640717213115 9.21606045082e-05 0.0047,
                    -0.000646428022541 8.7692270748e-05 0.0047,
                    -0.000652991803279 8.37397540984e-05 0.0047,
                    -0.000660462346311 8.02060386783e-05 0.0047,
                    -0.000668893442623 7.69941086066e-05 0.0047,
                    -0.000688852459016 7.11475409836e-05 0.0047,
                    -0.00076668387576 4.96753228249e-05 0.0047,
                    -0.000805457273082 3.838234442e-05 0.0047,
                    -0.000844262295082 2.72131147541e-05 0.0047,
                    -0.000880489839775 1.40634873998e-05 0.0047,
                    -0.000896534162752 5.95428967943e-06 0.0047,
                    -0.000911232477849 -3.13254042822e-06 0.0047,
                    -0.000924610003843 -1.31630351919e-05 0.0047,
                    -0.000936691959509 -2.41032268805e-05 0.0047,
                    -0.000947503563621 -3.59191477627e-05 0.0047,
                    -0.000957070034955 -4.85768301074e-05 0.0047,
                    -0.000965416592288 -6.20423061834e-05 0.0047,
                    -0.000972568454394 -7.62816082594e-05 0.0047,
                    -0.000983388968026 -0.000106945819487 0.0047,
                    -0.000989733326057 -0.000140297721941 0.0047,
                    -0.000991803278689 -0.00017606557377 0.0047,
                    -0.00098904585041 -0.00022103227459 0.0047,
                    -0.000985574570953 -0.000241758773053 0.0047,
                    -0.00098068647541 -0.00026125 0.0047,
                    -0.000974365234375 -0.000279457927766 0.0047,
                    -0.000966594518443 -0.000296334528689 0.0047,
                    -0.000957357998207 -0.000311831775102 0.0047,
                    -0.000946639344262 -0.000325901639344 0.0047,
                    -0.000934422227203 -0.00033849609375 0.0047,
                    -0.000920690317623 -0.000349567110656 0.0047,
                    -0.000905427286117 -0.000359066662398 0.0047,
                    -0.000888616803279 -0.000366946721311 0.0047,
                    -0.000870242539703 -0.000373159259734 0.0047,
                    -0.000850288165984 -0.00037765625 0.0047,
                    -0.000828737352715 -0.000380389664447 0.0047,
                    -0.000805573770492 -0.00038131147541 0.0047,
                    -0.000775110143443 -0.000379943647541 0.0047,
                    -0.000745922131148 -0.000375532786885 0.0047,
                    -0.000718363217213 -0.000367617827869 0.0047,
                    -0.000705305135758 -0.000362202228484 0.0047,
                    -0.000692786885246 -0.000355737704918 0.0047,
                    -0.000680852651127 -0.000348166623975 0.0047,
                    -0.000669546618852 -0.000339431352459 0.0047,
                    -0.000658912973873 -0.000329474257172 0.0047,
                    -0.000648995901639 -0.000318237704918 0.0047,
                    -0.000639839587602 -0.0003056640625 0.0047,
                    -0.000631488217213 -0.000291695696721 0.0047,
                    -0.000883605276639 0.00018546875 0.00469,
                    -0.000877571721311 0.000218504098361 0.00469,
                    -0.000872970511014 0.000233266841701 0.00469,
                    -0.000867280993852 0.000246836577869 0.00469,
                    -0.000860479155994 0.000259196016906 0.00469,
                    -0.000852540983607 0.000270327868852 0.00469,
                    -0.000843442462859 0.00028021484375 0.00469,
                    -0.000833159579918 0.000288839651639 0.00469,
                    -0.000821668320953 0.000296185002561 0.00469,
                    -0.000808944672131 0.000302233606557 0.00469,
                    -0.000794964619621 0.000306968173668 0.00469,
                    -0.00077970414959 0.000310371413934 0.00469,
                    -0.000763139248207 0.000312426037398 0.00469,
                    -0.000745245901639 0.000313114754098 0.00469,
                    -0.00071796875 0.000311522797131 0.00469,
                    -0.000705320504611 0.000309470895236 0.00469,
                    -0.000693381147541 0.000306526639344 0.00469,
                    -0.000682187179816 0.000302648725666 0.00469,
                    -0.000671775102459 0.00029779585041 0.00469,
                    -0.000662181416496 0.000291926709785 0.00469,
                    -0.000653442622951 0.000285 0.00469,
                    -0.000645595222848 0.000276974417264 0.00469,
                    -0.000638675717213 0.000267808657787 0.00469,
                    -0.00063272060707 0.000257461417777 0.00469,
                    -0.000627766393443 0.000245891393443 0.00469,
                    -0.000623849577357 0.000233057280994 0.00469,
                    -0.000621006659836 0.000218917776639 0.00469,
                    -0.00061868852459 0.000186557377049 0.00469,
                    -0.000619282786885 0.000158118596311 0.00469,
                    -0.000621352459016 0.000135235655738 0.00469,
                    -0.00062307505123 0.000125635085809 0.00469,
                    -0.000625327868852 0.000117132428279 0.00469,
                    -0.000628164702869 0.000109630667264 0.00469,
                    -0.000631639344262 0.000103032786885 0.00469,
                    -0.000635805584016 9.72417712602e-05 0.00469,
                    -0.000640717213115 9.21606045082e-05 0.00469,
                    -0.000646428022541 8.7692270748e-05 0.00469,
                    -0.000652991803279 8.37397540984e-05 0.00469,
                    -0.000660462346311 8.02060386783e-05 0.00469,
                    -0.000668893442623 7.69941086066e-05 0.00469,
                    -0.000688852459016 7.11475409836e-05 0.00469,
                    -0.00076668387576 4.96753228249e-05 0.00469,
                    -0.000805457273082 3.838234442e-05 0.00469,
                    -0.000844262295082 2.72131147541e-05 0.00469,
                    -0.000880489839775 1.40634873998e-05 0.00469,
                    -0.000896534162752 5.95428967943e-06 0.00469,
                    -0.000911232477849 -3.13254042822e-06 0.00469,
                    -0.000924610003843 -1.31630351919e-05 0.00469,
                    -0.000936691959509 -2.41032268805e-05 0.00469,
                    -0.000947503563621 -3.59191477627e-05 0.00469,
                    -0.000957070034955 -4.85768301074e-05 0.00469,
                    -0.000965416592288 -6.20423061834e-05 0.00469,
                    -0.000972568454394 -7.62816082594e-05 0.00469,
                    -0.000983388968026 -0.000106945819487 0.00469,
                    -0.000989733326057 -0.000140297721941 0.00469,
                    -0.000991803278689 -0.00017606557377 0.00469,
                    -0.00098904585041 -0.00022103227459 0.00469,
                    -0.000985574570953 -0.000241758773053 0.00469,
                    -0.00098068647541 -0.00026125 0.00469,
                    -0.000974365234375 -0.000279457927766 0.00469,
                    -0.000966594518443 -0.000296334528689 0.00469,
                    -0.000957357998207 -0.000311831775102 0.00469,
                    -0.000946639344262 -0.000325901639344 0.00469,
                    -0.000934422227203 -0.00033849609375 0.00469,
                    -0.000920690317623 -0.000349567110656 0.00469,
                    -0.000905427286117 -0.000359066662398 0.00469,
                    -0.000888616803279 -0.000366946721311 0.00469,
                    -0.000870242539703 -0.000373159259734 0.00469,
                    -0.000850288165984 -0.00037765625 0.00469,
                    -0.000828737352715 -0.000380389664447 0.00469,
                    -0.000805573770492 -0.00038131147541 0.00469,
                    -0.000775110143443 -0.000379943647541 0.00469,
                    -0.000745922131148 -0.000375532786885 0.00469,
                    -0.000718363217213 -0.000367617827869 0.00469,
                    -0.000705305135758 -0.000362202228484 0.00469,
                    -0.000692786885246 -0.000355737704918 0.00469,
                    -0.000680852651127 -0.000348166623975 0.00469,
                    -0.000669546618852 -0.000339431352459 0.00469,
                    -0.000658912973873 -0.000329474257172 0.00469,
                    -0.000648995901639 -0.000318237704918 0.00469,
                    -0.000639839587602 -0.0003056640625 0.00469,
                    -0.000631488217213 -0.000291695696721 0.00469,
                    -0.000614266937756 -0.000297057345031 0.00469,
                    -0.000612824026639 -0.00030917392418 0.00469,
                    -0.000610453221055 -0.000320020651895 0.00469,
                    -0.000607182377049 -0.000329661885246 0.00469,
                    -0.000603039350666 -0.000338161981301 0.00469,
                    -0.000598051997951 -0.000345585297131 0.00469,
                    -0.000592248174949 -0.000351996189805 0.00469,
                    -0.000585655737705 -0.000357459016393 0.00469,
                    -0.000578302542264 -0.000362038133965 0.00469,
                    -0.000570216444672 -0.00036579789959 0.00469,
                    -0.000561425300973 -0.000368802670338 0.00469,
                    -0.000551956967213 -0.000371116803279 0.00469,
                    -0.000531100153689 -0.000373930584016 0.00469,
                    -0.000519767386014 -0.000374558945953 0.00469,
                    -0.000513887098969 -0.000374706651031 0.00469,
                    -0.000507868852459 -0.000374754098361 0.00469,
                    -0.000504216188525 -0.000374602971311 0.00469,
                    -0.000500163934426 -0.000374159836066 0.00469,
                    -0.000490983606557 -0.000372459016393 0.00469,
                    -0.000498020299693 -0.000305008004611 0.00469,
                    -0.000502902151639 -0.000304295594262 0.00469,
                    -0.000507434362193 -0.000303110591701 0.00469,
                    -0.000511618852459 -0.000301454918033 0.00469,
                    -0.000515457543545 -0.000299330494365 0.00469,
                    -0.000518952356557 -0.000296739241803 0.00469,
                    -0.000522105212602 -0.000293683081455 0.00469,
                    -0.000524918032787 -0.000290163934426 0.00469,
                    -0.000527392738217 -0.000286183721824 0.00469,
                    -0.00052953125 -0.000281744364754 0.00469,
                    -0.000531335489242 -0.000276847784324 0.00469,
                    -0.000532807377049 -0.000271495901639 0.00469,
                    -0.000534761782787 -0.000259433913934 0.00469,
                    -0.000535409836066 -0.000245573770492 0.00469,
                    -0.000538154456967 0.000229344262295 0.00469,
                    -0.00054166447874 0.000248637295082 0.00469,
                    -0.000546670081967 0.000266885245902 0.00469,
                    -0.00055322409708 0.000284026639344 0.00469,
                    -0.000561379354508 0.0003 0.00469,
                    -0.000571188684682 0.000314743852459 0.00469,
                    -0.000582704918033 0.000328196721311 0.00469,
                    -0.00059598088499 0.000340297131148 0.00469,
                    -0.000611069415984 0.000350983606557 0.00469,
                    -0.000628023341445 0.000360194672131 0.00469,
                    -0.000646895491803 0.000367868852459 0.00469,
                    -0.00066773869749 0.000373944672131 0.00469,
                    -0.000690605788934 0.000378360655738 0.00469,
                    -0.00074262295082 0.000381967213115 0.00469,
                    -0.000796935194672 0.000378067366803 0.00469,
                    -0.000821149622182 0.000373231461322 0.00469,
                    -0.000843432377049 0.000366506147541 0.00469,
                    -0.000863805551998 0.0003579173604 0.00469,
                    -0.000882291239754 0.000347491034836 0.00469,
                    -0.000898911533043 0.000335253105789 0.00469,
                    -0.00091368852459 0.000321229508197 0.00469,
                    -0.000926644307121 0.000305446176998 0.00469,
                    -0.000937800973361 0.000287929047131 0.00469,
                    -0.000947180616035 0.000268704053535 0.00469,
                    -0.000954805327869 0.000247797131148 0.00469,
                    -0.000960697201588 0.000225234214908 0.00469,
                    -0.000964878329918 0.000201041239754 0.00469,
                    -0.000621842981557 -0.0001540625 0.00469,
                    -0.000625703925461 -0.000175341316598 0.00469,
                    -0.000631014344262 -0.000195163934426 0.00469,
                    -0.000637719486424 -0.000213511142418 0.00469,
                    -0.00064576460041 -0.000230363729508 0.00469,
                    -0.000655094934682 -0.000245702484631 0.00469,
                    -0.000665655737705 -0.000259508196721 0.00469,
                    -0.000677392257941 -0.000271761654713 0.00469,
                    -0.000690249743852 -0.000282443647541 0.00469,
                    -0.000704173443904 -0.000291534964139 0.00469,
                    -0.000719108606557 -0.000299016393443 0.00469,
                    -0.000735000480277 -0.000304868724385 0.00469,
                    -0.000751794313525 -0.000309072745902 0.00469,
                    -0.000769435354764 -0.000311609246926 0.00469,
                    -0.000787868852459 -0.000312459016393 0.00469,
                    -0.000800943743596 -0.000311826492059 0.00469,
                    -0.000813349129098 -0.00030995005123 0.00469,
                    -0.000825060995133 -0.000306861392162 0.00469,
                    -0.000836055327869 -0.000302592213115 0.00469,
                    -0.000846308113473 -0.000297174212346 0.00469,
                    -0.000855795338115 -0.000290639088115 0.00469,
                    -0.000864492987961 -0.000283018538678 0.00469,
                    -0.00087237704918 -0.000274344262295 0.00469,
                    -0.000879423507941 -0.000264647957223 0.00469,
                    -0.00088560835041 -0.000253961321721 0.00469,
                    -0.000890907562756 -0.000242316054047 0.00469,
                    -0.000895297131148 -0.000229743852459 0.00469,
                    -0.000901251280738 -0.000201945440574 0.00469,
                    -0.000903278688525 -0.000170819672131 0.00469,
                    -0.000901285860656 -0.000139754098361 0.00469,
                    -0.000898800589139 -0.000125762038934 0.00469,
                    -0.000895327868852 -0.000112745901639 0.00469,
                    -0.000890871542008 -0.000100667264344 0.00469,
                    -0.00088543545082 -8.9487704918e-05 0.00469,
                    -0.0008790234375 -7.91688012295e-05 0.00469,
                    -0.000871639344262 -6.96721311475e-05 0.00469,
                    -0.00086328701332 -6.0959272541e-05 0.00469,
                    -0.000853970286885 -5.29918032787e-05 0.00469,
                    -0.000843693007172 -4.57313012295e-05 0.00469,
                    -0.000832459016393 -3.91393442623e-05 0.00469,
                    -0.000807136270492 -2.78073770492e-05 0.00469,
                    -0.000778032786885 -1.86885245902e-05 0.00469,
                    -0.000709180327869 -3.27868852459e-07 0.00469,
                    -0.000682887261071 7.28470852323e-06 0.00469,
                    -0.000669443697495 1.19837298483e-05 0.00469,
                    -0.000656537310387 1.74042582137e-05 0.00469,
                    -0.000644719497186 2.36410575811e-05 0.00469,
                    -0.000639391117499 2.70951726286e-05 0.00469,
                    -0.00063454165533 3.07888919121e-05 0.00469,
                    -0.000630240035356 3.4734060927e-05 0.00469,
                    -0.000626555182258 3.89425251684e-05 0.00469,
                    -0.000623556020716 4.34261301315e-05 0.00469,
                    0.00127749743852 0.000234490266393 0.00469,
                    0.00127322905994 0.000255725858094 0.00469,
                    0.00126735655738 0.00027518442623 0.00469,
                    0.00125993948514 0.000292898629611 0.00469,
                    0.00125103739754 0.000308901127049 0.00469,
                    0.00124070984887 0.000323224577357 0.00469,
                    0.00122901639344 0.000335901639344 0.00469,
                    0.00121601658555 0.000346964971824 0.00469,
                    0.00120176997951 0.000356447233607 0.00469,
                    0.00118633612961 0.000364381083504 0.00469,
                    0.00116977459016 0.000370799180328 0.00469,
                    0.00115214491547 0.000375734182889 0.00469,
                    0.00113350665984 0.00037921875 0.00469,
                    0.00111391937756 0.000381285540471 0.00469,
                    0.00109344262295 0.000381967213115 0.00469,
                    0.00106550845287 0.000380256147541 0.00469,
                    0.00103841188525 0.000375040983607 0.00469,
                    0.00101237576844 0.000366198770492 0.00469,
                    0.00098762295082 0.000353606557377 0.00469,
                    0.000964376280738 0.000337141393443 0.00469,
                    0.000942858606557 0.000316680327869 0.00469,
                    0.000923292776639 0.000292100409836 0.00469,
                    0.00127749743852 0.000234490266393 0.0047,
                    0.00127322905994 0.000255725858094 0.0047,
                    0.00126735655738 0.00027518442623 0.0047,
                    0.00125993948514 0.000292898629611 0.0047,
                    0.00125103739754 0.000308901127049 0.0047,
                    0.00124070984887 0.000323224577357 0.0047,
                    0.00122901639344 0.000335901639344 0.0047,
                    0.00121601658555 0.000346964971824 0.0047,
                    0.00120176997951 0.000356447233607 0.0047,
                    0.00118633612961 0.000364381083504 0.0047,
                    0.00116977459016 0.000370799180328 0.0047,
                    0.00115214491547 0.000375734182889 0.0047,
                    0.00113350665984 0.00037921875 0.0047,
                    0.00111391937756 0.000381285540471 0.0047,
                    0.00109344262295 0.000381967213115 0.0047,
                    0.00106550845287 0.000380256147541 0.0047,
                    0.00103841188525 0.000375040983607 0.0047,
                    0.00101237576844 0.000366198770492 0.0047,
                    0.00098762295082 0.000353606557377 0.0047,
                    0.000964376280738 0.000337141393443 0.0047,
                    0.000942858606557 0.000316680327869 0.0047,
                    0.000923292776639 0.000292100409836 0.0047,
                    -0.000279819415984 0.000140417520492 0.0047,
                    -0.000275251184682 0.000162598936988 0.0047,
                    -0.000269047131148 0.000183053278689 0.0047,
                    -0.000261317719006 0.00020179399334 0.0047,
                    -0.000252173411885 0.000218834528689 0.0047,
                    -0.000241724673412 0.00023418833248 0.0047,
                    -0.000230081967213 0.000247868852459 0.0047,
                    -0.000217355756916 0.000259889536373 0.0047,
                    -0.000203656506148 0.000270263831967 0.0047,
                    -0.000189094678535 0.000279005186988 0.0047,
                    -0.000173780737705 0.00028612704918 0.0047,
                    -0.000157825147285 0.000291642866291 0.0047,
                    -0.000141338370902 0.000295566086066 0.0047,
                    -0.000124430872182 0.00029791015625 0.0047,
                    -0.000107213114754 0.00029868852459 0.0047,
                    -8.77049180328e-05 0.000297704918033 0.0047,
                    -0.000621842981557 -0.0001540625 0.0047,
                    -0.000625703925461 -0.000175341316598 0.0047,
                    -0.000631014344262 -0.000195163934426 0.0047,
                    -0.000637719486424 -0.000213511142418 0.0047,
                    -0.00064576460041 -0.000230363729508 0.0047,
                    -0.000655094934682 -0.000245702484631 0.0047,
                    -0.000665655737705 -0.000259508196721 0.0047,
                    -0.000677392257941 -0.000271761654713 0.0047,
                    -0.000690249743852 -0.000282443647541 0.0047,
                    -0.000704173443904 -0.000291534964139 0.0047,
                    -0.000719108606557 -0.000299016393443 0.0047,
                    -0.000735000480277 -0.000304868724385 0.0047,
                    -0.000751794313525 -0.000309072745902 0.0047,
                    -0.000769435354764 -0.000311609246926 0.0047,
                    -0.000787868852459 -0.000312459016393 0.0047,
                    -0.000800943743596 -0.000311826492059 0.0047,
                    -0.000813349129098 -0.00030995005123 0.0047,
                    -0.000825060995133 -0.000306861392162 0.0047,
                    -0.000836055327869 -0.000302592213115 0.0047,
                    -0.000846308113473 -0.000297174212346 0.0047,
                    -0.000855795338115 -0.000290639088115 0.0047,
                    -0.000864492987961 -0.000283018538678 0.0047,
                    -0.00087237704918 -0.000274344262295 0.0047,
                    -0.000879423507941 -0.000264647957223 0.0047,
                    -0.00088560835041 -0.000253961321721 0.0047,
                    -0.000890907562756 -0.000242316054047 0.0047,
                    -0.000895297131148 -0.000229743852459 0.0047,
                    -0.000901251280738 -0.000201945440574 0.0047,
                    -0.000903278688525 -0.000170819672131 0.0047,
                    -0.000901285860656 -0.000139754098361 0.0047,
                    -0.000898800589139 -0.000125762038934 0.0047,
                    -0.000895327868852 -0.000112745901639 0.0047,
                    -0.000890871542008 -0.000100667264344 0.0047,
                    -0.00088543545082 -8.9487704918e-05 0.0047,
                    -0.0008790234375 -7.91688012295e-05 0.0047,
                    -0.000871639344262 -6.96721311475e-05 0.0047,
                    -0.00086328701332 -6.0959272541e-05 0.0047,
                    -0.000853970286885 -5.29918032787e-05 0.0047,
                    -0.000843693007172 -4.57313012295e-05 0.0047,
                    -0.000832459016393 -3.91393442623e-05 0.0047,
                    -0.000807136270492 -2.78073770492e-05 0.0047,
                    -0.000778032786885 -1.86885245902e-05 0.0047,
                    -0.000709180327869 -3.27868852459e-07 0.0047,
                    -0.000682887261071 7.28470852323e-06 0.0047,
                    -0.000669443697495 1.19837298483e-05 0.0047,
                    -0.000656537310387 1.74042582137e-05 0.0047,
                    -0.000644719497186 2.36410575811e-05 0.0047,
                    -0.000639391117499 2.70951726286e-05 0.0047,
                    -0.00063454165533 3.07888919121e-05 0.0047,
                    -0.000630240035356 3.4734060927e-05 0.0047,
                    -0.000626555182258 3.89425251684e-05 0.0047,
                    -0.000623556020716 4.34261301315e-05 0.0047,
                    -0.000498020299693 -0.000305008004611 0.0047,
                    -0.000502902151639 -0.000304295594262 0.0047,
                    -0.000507434362193 -0.000303110591701 0.0047,
                    -0.000511618852459 -0.000301454918033 0.0047,
                    -0.000515457543545 -0.000299330494365 0.0047,
                    -0.000518952356557 -0.000296739241803 0.0047,
                    -0.000522105212602 -0.000293683081455 0.0047,
                    -0.000524918032787 -0.000290163934426 0.0047,
                    -0.000527392738217 -0.000286183721824 0.0047,
                    -0.00052953125 -0.000281744364754 0.0047,
                    -0.000531335489242 -0.000276847784324 0.0047,
                    -0.000532807377049 -0.000271495901639 0.0047,
                    -0.000534761782787 -0.000259433913934 0.0047,
                    -0.000535409836066 -0.000245573770492 0.0047,
                    -0.000538154456967 0.000229344262295 0.0047,
                    -0.00054166447874 0.000248637295082 0.0047,
                    -0.000546670081967 0.000266885245902 0.0047,
                    -0.00055322409708 0.000284026639344 0.0047,
                    -0.000561379354508 0.0003 0.0047,
                    -0.000571188684682 0.000314743852459 0.0047,
                    -0.000582704918033 0.000328196721311 0.0047,
                    -0.00059598088499 0.000340297131148 0.0047,
                    -0.000611069415984 0.000350983606557 0.0047,
                    -0.000628023341445 0.000360194672131 0.0047,
                    -0.000646895491803 0.000367868852459 0.0047,
                    -0.00066773869749 0.000373944672131 0.0047,
                    -0.000690605788934 0.000378360655738 0.0047,
                    -0.00074262295082 0.000381967213115 0.0047,
                    -0.000796935194672 0.000378067366803 0.0047,
                    -0.000821149622182 0.000373231461322 0.0047,
                    -0.000843432377049 0.000366506147541 0.0047,
                    -0.000863805551998 0.0003579173604 0.0047,
                    -0.000882291239754 0.000347491034836 0.0047,
                    -0.000898911533043 0.000335253105789 0.0047,
                    -0.00091368852459 0.000321229508197 0.0047,
                    -0.000926644307121 0.000305446176998 0.0047,
                    -0.000937800973361 0.000287929047131 0.0047,
                    -0.000947180616035 0.000268704053535 0.0047,
                    -0.000954805327869 0.000247797131148 0.0047,
                    -0.000960697201588 0.000225234214908 0.0047,
                    -0.000964878329918 0.000201041239754 0.0047,
                    -0.000614266937756 -0.000297057345031 0.0047,
                    -0.000612824026639 -0.00030917392418 0.0047,
                    -0.000610453221055 -0.000320020651895 0.0047,
                    -0.000607182377049 -0.000329661885246 0.0047,
                    -0.000603039350666 -0.000338161981301 0.0047,
                    -0.000598051997951 -0.000345585297131 0.0047,
                    -0.000592248174949 -0.000351996189805 0.0047,
                    -0.000585655737705 -0.000357459016393 0.0047,
                    -0.000578302542264 -0.000362038133965 0.0047,
                    -0.000570216444672 -0.00036579789959 0.0047,
                    -0.000561425300973 -0.000368802670338 0.0047,
                    -0.000551956967213 -0.000371116803279 0.0047,
                    -0.000531100153689 -0.000373930584016 0.0047,
                    -0.000519767386014 -0.000374558945953 0.0047,
                    -0.000513887098969 -0.000374706651031 0.0047,
                    -0.000507868852459 -0.000374754098361 0.0047,
                    -0.000504216188525 -0.000374602971311 0.0047,
                    -0.000500163934426 -0.000374159836066 0.0047,
                    -0.000490983606557 -0.000372459016393 0.0047

                  ]
                }
                normal Normal {
                  vector [
                    1 -0 -0,
                    1 -0 -0,
                    1 -0 -0,
                    1 -0 -0,
                    -0 -1 -0,
                    -0 -1 -0,
                    -0 -1 -0,
                    -0 -1 -0,
                    -0 -0 1,
                    -0 -0 1,
                    -0 -0 1,
                    -0 -0 1,
                    -0 -0 1,
                    -0 -0 1,
                    -0 -0 1,
                    -0 -0 1,
                    -0 -0 1,
                    -0 -0 1,
                    -0 -0 1,
                    -0 -0 1,
                    -0 -0 1,
                    -0 -0 1,
                    -0 -0 1,
                    -0 -0 1,
                    -0 -0 1,
                    -0 -0 1,
                    -0 -0 1,
                    -0 -0 1,
                    -0 -0 1,
                    -0 -0 1,
                    -0 -0 1,
                    -0 -0 1,
                    -0 -0 1,
                    -0 -0 1,
                    -0 -0 1,
                    -0 -0 1,
                    -0 -0 1,
                    -0 -0 1,
                    -0 -0 1,
                    -0 -0 1,
                    -0 -0 1,
                    -0 -0 1,
                    -0 -0 1,
                    -0 -0 1,
                    -0 -0 1,
                    -0 -0 1,
                    -0 -0 1,
                    -0 -0 1,
                    -0 -0 1,
                    -0 -0 1,
                    -0 -0 1,
                    -0 -0 1,
                    -0 -0 1,
                    -0 -0 1,
                    -0 -0 1,
                    -0 -0 1,
                    -0 -0 1,
                    -0 -0 1,
                    -0 -0 1,
                    -0 -0 1,
                    -0 -0 1,
                    -0 -0 1,
                    -0 -0 1,
                    -0 -0 1,
                    -0 -0 1,
                    -0 -0 1,
                    -0 -0 1,
                    -0 -0 1,
                    -0 -0 1,
                    -0 -0 1,
                    -0 -0 1,
                    -0 -0 1,
                    -0 -0 1,
                    -0 -0 1,
                    -0 -0 1,
                    -0 -0 1,
                    -0 -0 1,
                    -0 -0 1,
                    -0 -0 1,
                    -0 -0 1,
                    -0 -0 1,
                    -0 -0 1,
                    -0 -0 1,
                    -0 -0 1,
                    -0 -0 1,
                    -0 -0 1,
                    -0 -0 1,
                    -0 -0 1,
                    -0 -0 1,
                    -0 -0 1,
                    -0 -0 1,
                    -0 -0 1,
                    -0 -0 1,
                    -0 -0 1,
                    -0 -0 1,
                    -0 -0 1,
                    -0 -0 1,
                    -0 -0 1,
                    -0 -0 1,
                    -0 -0 1,
                    -0 -0 1,
                    -0 -0 1,
                    -0 -0 1,
                    -0 -0 1,
                    -0 -0 1,
                    -0 -0 1,
                    -0 -0 1,
                    -0 -0 1,
                    -0 -0 1,
                    -0 -0 1,
                    -0 -0 1,
                    -0 -0 1,
                    -0 -0 1,
                    -0 -0 1,
                    -0 -0 1,
                    -0 -0 1,
                    -0 -0 1,
                    -0 -0 1,
                    -0 -0 1,
                    -0 -0 1,
                    -0 -0 1,
                    -0 -0 1,
                    -0 -0 1,
                    -0 -0 1,
                    -0 -0 1,
                    -0 -0 1,
                    -0 -0 1,
                    -0 -0 1,
                    -0 -0 1,
                    -0 -0 1,
                    -0 -0 1,
                    -0 -0 1,
                    -0 -0 1,
                    -0 -0 1,
                    -0 -0 1,
                    -0 -0 1,
                    -0 -0 1,
                    -0 -0 1,
                    -0 -0 1,
                    -0 -0 1,
                    -0 -0 1,
                    -0 -0 1,
                    -0 -0 1,
                    -0 -0 1,
                    -0 -0 1,
                    -0 -0 1,
                    -0 -0 1,
                    -0 -0 1,
                    -0 -0 1,
                    -0 -0 1,
                    -0 -0 1,
                    -0 -0 1,
                    -0 -0 1,
                    -0 -0 1,
                    -0 -0 1,
                    -0 -0 1,
                    -0 -0 1,
                    -0 -0 1,
                    -0 -0 1,
                    -0 -0 1,
                    -0 -0 1,
                    -0 -0 1,
                    -0 -0 1,
                    -0 -0 1,
                    -0 -0 1,
                    -0 -0 1,
                    -0 -0 1,
                    -0 -0 1,
                    -1 -0 -0,
                    -0.99742663 0.071694501 -0,
                    -0.98527002 0.17100576 -0,
                    -0.95129544 0.30828077 -0,
                    -0.91924775 0.39367956 -0,
                    -0.87185884 0.48975724 -0,
                    -0.80485469 0.59347194 -0,
                    -0.71541321 0.69870156 -0,
                    -0.60434437 0.79672325 -0,
                    -0.47750545 0.87862879 -0,
                    -0.3447279 0.93870264 -0,
                    -0.21641374 0.97630173 -0,
                    -0.10024478 0.99496281 -0,
                    -0 1 -0,
                    0.10016341 0.99497098 -0,
                    0.21607856 0.976376 -0,
                    0.34399414 0.93897182 -0,
                    0.47632831 0.87926751 -0,
                    0.6028254 0.79787314 -0,
                    0.71376634 0.7003839 -0,
                    0.80330646 0.59556586 -0,
                    0.87056285 0.49205726 -0,
                    0.91826147 0.39597452 -0,
                    0.95060498 0.31040323 -0,
                    0.98500979 0.17249846 -0,
                    0.9973734 0.072431393 -0,
                    1 -0 -0,
                    0.99740994 -0.071926579 -0,
                    0.9851687 -0.17158864 -0,
                    0.9509424 -0.30936804 -0,
                    0.91865575 -0.39505899 -0,
                    0.8709287 -0.49140942 -0,
                    0.80349761 -0.59530795 -0,
                    0.71360487 -0.70054841 -0,
                    0.60218626 -0.79835564 -0,
                    0.47524306 -0.87985456 -0,
                    0.34268621 -0.93944991 -0,
                    0.21488988 -0.97663826 -0,
                    0.099436395 -0.99504393 -0,
                    -0 -1 0,
                    -0.099517196 -0.99503583 0,
                    -0.2152234 -0.97656482 0,
                    -0.34341791 -0.9391827 0,
                    -0.47641909 -0.87921834 0,
                    -0.60370547 -0.79720742 0,
                    -0.71525216 -0.69886649 0,
                    -0.80504483 -0.59321398 0,
                    -0.87222183 -0.4891105 0,
                    -0.91963786 -0.3927674 0,
                    -0.95162845 -0.30725119 0,
                    -0.98542625 -0.17010334 0,
                    -0.99746245 -0.071194775 0,
                    -1 -0 -0,
                    -1 -0 -0,
                    -0.99746245 -0.071194775 0,
                    -0.98542625 -0.17010334 0,
                    -0.95162845 -0.30725119 0,
                    -0.91963786 -0.3927674 0,
                    -0.87222183 -0.4891105 0,
                    -0.80504483 -0.59321398 0,
                    -0.71525216 -0.69886649 0,
                    -0.60370547 -0.79720742 0,
                    -0.47641909 -0.87921834 0,
                    -0.34341791 -0.9391827 0,
                    -0.2152234 -0.97656482 0,
                    -0.099517196 -0.99503583 0,
                    -0 -1 0,
                    0.099436395 -0.99504393 -0,
                    0.21488988 -0.97663826 -0,
                    0.34268621 -0.93944991 -0,
                    0.47524306 -0.87985456 -0,
                    0.60218626 -0.79835564 -0,
                    0.71360487 -0.70054841 -0,
                    0.80349761 -0.59530795 -0,
                    0.8709287 -0.49140942 -0,
                    0.91865575 -0.39505899 -0,
                    0.9509424 -0.30936804 -0,
                    0.9851687 -0.17158864 -0,
                    0.99740994 -0.071926579 -0,
                    1 -0 -0,
                    0.9973734 0.072431393 -0,
                    0.98500979 0.17249846 -0,
                    0.95060498 0.31040323 -0,
                    0.91826147 0.39597452 -0,
                    0.87056285 0.49205726 -0,
                    0.80330646 0.59556586 -0,
                    0.71376634 0.7003839 -0,
                    0.6028254 0.79787314 -0,
                    0.47632831 0.87926751 -0,
                    0.34399414 0.93897182 -0,
                    0.21607856 0.976376 -0,
                    0.10016341 0.99497098 -0,
                    -0 1 -0,
                    -0.10024478 0.99496281 -0,
                    -0.21641374 0.97630173 -0,
                    -0.3447279 0.93870264 -0,
                    -0.47750545 0.87862879 -0,
                    -0.60434437 0.79672325 -0,
                    -0.71541321 0.69870156 -0,
                    -0.80485469 0.59347194 -0,
                    -0.87185884 0.48975724 -0,
                    -0.91924775 0.39367956 -0,
                    -0.95129544 0.30828077 -0,
                    -0.98527002 0.17100576 -0,
                    -0.99742663 0.071694501 -0,
                    -1 -0 -0,
                    -0 -1 -0,
                    -0 -1 -0,
                    -0 -1 -0,
                    -0 -1 -0,
                    0.99991989 0.012657214 -0,
                    0.99991989 0.012657214 -0,
                    0.99477607 0.10208133 -0,
                    0.98051196 0.1964594 -0,
                    0.95566571 0.29445374 -0,
                    0.91907728 0.3940773 -0,
                    0.87016994 0.49275178 -0,
                    0.80920589 0.58752519 -0,
                    0.73741776 0.67543691 -0,
                    0.65693682 0.75394565 -0,
                    0.57051235 0.821289 -0,
                    0.4811061 0.87666237 -0,
                    0.391491 0.92018193 -0,
                    0.30396348 0.95268369 -0,
                    0.22021173 0.97545213 -0,
                    0.14131984 0.98996401 -0,
                    -0 1 -0,
                    -0.08217036 0.99661827 -0,
                    -0.17514381 0.98454285 -0,
                    -0.27795875 0.96059299 -0,
                    -0.38793162 0.92168814 -0,
                    -0.50041866 0.86578357 -0,
                    -0.60928839 0.79294872 -0,
                    -0.7082355 0.70597625 -0,
                    -0.79243422 0.6099574 -0,
                    -0.85963273 0.51091254 -0,
                    -0.91016287 0.41425064 -0,
                    -0.94611883 0.32381967 -0,
                    -0.9703418 0.24173702 -0,
                    -0.99451554 0.10458916 -0,
                    -1 -0 -0,
                    -1 -0 -0,
                    -1 -0 -0,
                    -1 -0 -0,
                    -0.99451554 0.10458916 -0,
                    -0.9703418 0.24173702 -0,
                    -0.94611883 0.32381967 -0,
                    -0.91016287 0.41425064 -0,
                    -0.85963273 0.51091254 -0,
                    -0.79243422 0.6099574 -0,
                    -0.7082355 0.70597625 -0,
                    -0.60928839 0.79294872 -0,
                    -0.50041866 0.86578357 -0,
                    -0.38793162 0.92168814 -0,
                    -0.27795875 0.96059299 -0,
                    -0.17514381 0.98454285 -0,
                    -0.08217036 0.99661827 -0,
                    -0 1 -0,
                    0.14131984 0.98996401 -0,
                    0.22021173 0.97545213 -0,
                    0.30396348 0.95268369 -0,
                    0.391491 0.92018193 -0,
                    0.4811061 0.87666237 -0,
                    0.57051235 0.821289 -0,
                    0.65693682 0.75394565 -0,
                    0.73741776 0.67543691 -0,
                    0.80920589 0.58752519 -0,
                    0.87016994 0.49275178 -0,
                    0.91907728 0.3940773 -0,
                    0.95566571 0.29445374 -0,
                    0.98051196 0.1964594 -0,
                    0.99477607 0.10208133 -0,
                    -0 -1 -0,
                    -0 -1 -0,
                    -0 -1 -0,
                    -0 -1 -0,
                    1 -0 -0,
                    1 -0 -0,
                    0.99326074 -0.11590119 -0,
                    0.96579379 -0.25931123 -0,
                    0.93981045 -0.34169617 -0,
                    0.90272403 -0.43022013 -0,
                    0.8523826 -0.52291864 -0,
                    0.78725946 -0.61662191 -0,
                    0.70710677 -0.70710677 -0,
                    0.61348999 -0.78970253 -0,
                    0.50985867 -0.86025816 -0,
                    0.40097237 -0.91609013 -0,
                    0.29187524 -0.95645642 -0,
                    0.18689403 -0.98238009 -0,
                    0.089054614 -0.99602675 -0,
                    -0 -1 0,
                    -0.13729545 -0.99053013 0,
                    -0.28076339 -0.959777 0,
                    -0.43227175 -0.90174335 0,
                    -0.51080984 -0.85969371 0,
                    -0.59034401 -0.80715173 0,
                    -0.66952127 -0.7427929 0,
                    -0.74628866 -0.66562241 0,
                    -0.81790841 -0.57534844 0,
                    -0.8811807 -0.4727796 0,
                    -0.93291605 -0.36009389 0,
                    -0.97057617 -0.24079426 0,
                    -0.99286312 -0.11925969 0,
                    -1 1.709883e-16 -0,
                    -1 1.709883e-16 -0,
                    -0.99286312 -0.11925969 0,
                    -0.97057617 -0.24079426 0,
                    -0.93291605 -0.36009389 0,
                    -0.8811807 -0.4727796 0,
                    -0.81790841 -0.57534844 0,
                    -0.74628866 -0.66562241 0,
                    -0.66952127 -0.7427929 0,
                    -0.59034401 -0.80715173 0,
                    -0.51080984 -0.85969371 0,
                    -0.43227175 -0.90174335 0,
                    -0.28076339 -0.959777 0,
                    -0.13729545 -0.99053013 0,
                    -0 -1 0,
                    0.089054614 -0.99602675 -0,
                    0.18689403 -0.98238009 -0,
                    0.29187524 -0.95645642 -0,
                    0.40097237 -0.91609013 -0,
                    0.50985867 -0.86025816 -0,
                    0.61348999 -0.78970253 -0,
                    0.70710677 -0.70710677 -0,
                    0.78725946 -0.61662191 -0,
                    0.8523826 -0.52291864 -0,
                    0.90272403 -0.43022013 -0,
                    0.93981045 -0.34169617 -0,
                    0.96579379 -0.25931123 -0,
                    0.99326074 -0.11590119 -0,
                    -0 1 -0,
                    -0 1 -0,
                    -0 1 -0,
                    -0 1 -0,
                    -0.95312428 -0.30257913 0,
                    -0.95312428 -0.30257913 0,
                    -0.90246993 -0.43075284 0,
                    -0.82812458 -0.56054407 0,
                    -0.72831273 -0.68524492 0,
                    -0.60428852 -0.79676557 0,
                    -0.46104422 -0.88737714 0,
                    -0.30664951 -0.95182252 0,
                    -0.15028431 -0.98864281 0,
                    1.9863837e-16 -1 -0,
                    0.10642947 -0.99432027 -0,
                    0.22452269 -0.97446889 -0,
                    0.35021123 -0.93667072 -0,
                    0.47687542 -0.87897092 -0,
                    0.5965203 -0.80259794 -0,
                    0.70196879 -0.71220773 -0,
                    0.78886747 -0.61456335 -0,
                    0.85632229 -0.51644182 -0,
                    0.90611351 -0.4230347 -0,
                    0.94135106 -0.33742881 -0,
                    0.98109728 -0.1935153 -0,
                    0.9965139 -0.083426505 -0,
                    1 -0 -0,
                    0.99414903 0.10801738 -0,
                    0.96918857 0.24631995 -0,
                    0.94472569 0.32786182 -0,
                    0.90891272 0.41698638 -0,
                    0.85913509 0.51174879 -0,
                    0.79341573 0.60868013 -0,
                    0.71129024 0.70289838 -0,
                    0.6145646 0.78886652 -0,
                    0.50742739 0.86169451 -0,
                    0.3956331 0.91840863 -0,
                    0.28508407 0.95850253 -0,
                    0.18055181 0.98356545 -0,
                    0.085069038 0.99637508 -0,
                    -0 1 -0,
                    -0.13986468 0.9901706 -0,
                    -0.28837517 0.9575175 -0,
                    -0.44043142 0.89778626 -0,
                    -0.51530761 0.8570053 -0,
                    -0.58777297 0.80902594 -0,
                    -0.65652448 0.75430471 -0,
                    -0.72033024 0.69363129 -0,
                    -0.77814215 0.62808818 -0,
                    -0.82918864 0.5589689 -0,
                    -0.90956503 0.41556165 -0,
                    -0.96178842 0.27379379 -0,
                    -0.96178842 0.27379379 -0,
                    -0.90956503 0.41556165 -0,
                    -0.82918864 0.5589689 -0,
                    -0.77814215 0.62808818 -0,
                    -0.72033024 0.69363129 -0,
                    -0.65652448 0.75430471 -0,
                    -0.58777297 0.80902594 -0,
                    -0.51530761 0.8570053 -0,
                    -0.44043142 0.89778626 -0,
                    -0.28837517 0.9575175 -0,
                    -0.13986468 0.9901706 -0,
                    -0 1 -0,
                    0.085069038 0.99637508 -0,
                    0.18055181 0.98356545 -0,
                    0.28508407 0.95850253 -0,
                    0.3956331 0.91840863 -0,
                    0.50742739 0.86169451 -0,
                    0.6145646 0.78886652 -0,
                    0.71129024 0.70289838 -0,
                    0.79341573 0.60868013 -0,
                    0.85913509 0.51174879 -0,
                    0.90891272 0.41698638 -0,
                    0.94472569 0.32786182 -0,
                    0.96918857 0.24631995 -0,
                    0.99414903 0.10801738 -0,
                    1 -0 -0,
                    0.9965139 -0.083426505 -0,
                    0.98109728 -0.1935153 -0,
                    0.94135106 -0.33742881 -0,
                    0.90611351 -0.4230347 -0,
                    0.85632229 -0.51644182 -0,
                    0.78886747 -0.61456335 -0,
                    0.70196879 -0.71220773 -0,
                    0.5965203 -0.80259794 -0,
                    0.47687542 -0.87897092 -0,
                    0.35021123 -0.93667072 -0,
                    0.22452269 -0.97446889 -0,
                    0.10642947 -0.99432027 -0,
                    1.9863837e-16 -1 -0,
                    -0.15028431 -0.98864281 0,
                    -0.30664951 -0.95182252 0,
                    -0.46104422 -0.88737714 0,
                    -0.60428852 -0.79676557 0,
                    -0.72831273 -0.68524492 0,
                    -0.82812458 -0.56054407 0,
                    -0.90246993 -0.43075284 0,
                    -1 -0 -0,
                    -1 -0 -0,
                    -0.98903817 0.14766005 -0,
                    -0.97380054 0.22740394 -0,
                    -0.95057732 0.31048796 -0,
                    -0.91822749 0.39605337 -0,
                    -0.87571186 0.4828341 -0,
                    -0.82224989 0.56912661 -0,
                    -0.75750732 0.65282667 -0,
                    -0.68177724 0.73155981 -0,
                    -0.59610116 0.80290931 -0,
                    -0.50227219 0.86470962 -0,
                    -0.40269077 0.91533607 -0,
                    -0.30009398 0.95390964 -0,
                    -0.19722642 0.98035794 -0,
                    -0.096541584 0.99532896 -0,
                    -0 1 -0,
                    0.079028688 0.99687237 -0,
                    0.16770531 0.98583716 -0,
                    0.26532024 0.96416032 -0,
                    0.36981964 0.92910355 -0,
                    0.47755277 0.87860304 -0,
                    0.58348483 0.81212407 -0,
                    0.68204921 0.73130631 -0,
                    0.76842773 0.63993657 -0,
                    0.83966142 0.54311025 -0,
                    0.89504212 0.44598165 -0,
                    0.93572533 0.35272944 -0,
                    0.9639461 0.26609752 -0,
                    0.99311256 0.11716431 -0,
                    1 -0 -0,
                    1 -0 -0,
                    1 -0 -0,
                    1 -0 -0,
                    0.99311256 0.11716431 -0,
                    0.9639461 0.26609752 -0,
                    0.93572533 0.35272944 -0,
                    0.89504212 0.44598165 -0,
                    0.83966142 0.54311025 -0,
                    0.76842773 0.63993657 -0,
                    0.68204921 0.73130631 -0,
                    0.58348483 0.81212407 -0,
                    0.47755277 0.87860304 -0,
                    0.36981964 0.92910355 -0,
                    0.26532024 0.96416032 -0,
                    0.16770531 0.98583716 -0,
                    0.079028688 0.99687237 -0,
                    -0 1 -0,
                    -0.096541584 0.99532896 -0,
                    -0.19722642 0.98035794 -0,
                    -0.30009398 0.95390964 -0,
                    -0.40269077 0.91533607 -0,
                    -0.50227219 0.86470962 -0,
                    -0.59610116 0.80290931 -0,
                    -0.68177724 0.73155981 -0,
                    -0.75750732 0.65282667 -0,
                    -0.82224989 0.56912661 -0,
                    -0.87571186 0.4828341 -0,
                    -0.91822749 0.39605337 -0,
                    -0.95057732 0.31048796 -0,
                    -0.97380054 0.22740394 -0,
                    -0.98903817 0.14766005 -0,
                    -0 1 -0,
                    -0 1 -0,
                    -0 1 -0,
                    -0 1 -0,
                    -0 1 -0,
                    -0 1 -0,
                    -0 1 -0,
                    -0 1 -0,
                    1 -0 -0,
                    1 -0 -0,
                    1 -0 -0,
                    1 -0 -0,
                    -0 -0 1,
                    -0 -0 1,
                    -0 -0 1,
                    -0 -0 1,
                    -0 -1 -0,
                    -0 -1 -0,
                    -0 -1 -0,
                    -0 -1 -0,
                    -1 -0 -0,
                    -1 -0 -0,
                    -1 -0 -0,
                    -1 -0 -0,
                    -0 1 -0,
                    -0 1 -0,
                    -0 1 -0,
                    -0 1 -0,
                    1 -0 -0,
                    1 -0 -0,
                    1 -0 -0,
                    1 -0 -0,
                    -0 -0 1,
                    -0 -0 1,
                    -0 -0 1,
                    -0 -0 1,
                    -0 -1 -0,
                    -0 -1 -0,
                    -0 -1 -0,
                    -0 -1 -0,
                    -1 -0 -0,
                    -1 -0 -0,
                    -1 -0 -0,
                    -1 -0 -0,
                    -0 1 -0,
                    -0 1 -0,
                    -0 1 -0,
                    -0 1 -0,
                    1 -0 -0,
                    1 -0 -0,
                    1 -0 -0,
                    1 -0 -0,
                    -0 -0 1,
                    -0 -0 1,
                    -0 -0 1,
                    -0 -0 1,
                    -0 -0 1,
                    -0 -0 1,
                    -0 -0 1,
                    -0 -0 1,
                    -0 -0 1,
                    -0 -0 1,
                    -0 -0 1,
                    -0 -0 1,
                    -0 -0 1,
                    -0 -1 -0,
                    -0 -1 -0,
                    -0 -1 -0,
                    -0 -1 -0,
                    -1 -0 -0,
                    -1 -0 -0,
                    -1 -0 -0,
                    -1 -0 -0,
                    -0 -1 -0,
                    -0 -1 -0,
                    -0 -1 -0,
                    -0 -1 -0,
                    0.78896999 -0.61443168 -0,
                    0.78896999 -0.61443168 -0,
                    0.78896999 -0.61443168 -0,
                    0.78896999 -0.61443168 -0,
                    -0 -1 -0,
                    -0 -1 -0,
                    -0 -1 -0,
                    -0 -1 -0,
                    -0.77720124 0.62925208 -0,
                    -0.77720124 0.62925208 -0,
                    -0.77720124 0.62925208 -0,
                    -0.77720124 0.62925208 -0,
                    -0.87014639 -0.49279332 -0,
                    -0.87014639 -0.49279332 -0,
                    -0.87014639 -0.49279332 -0,
                    -0.87014639 -0.49279332 -0,
                    -0 1 -0,
                    -0 1 -0,
                    -0 1 -0,
                    -0 1 -0,
                    0.87078339 0.49166682 -0,
                    0.87078339 0.49166682 -0,
                    0.87078339 0.49166682 -0,
                    0.87078339 0.49166682 -0,
                    -0.76631445 0.64246565 -0,
                    -0.76631445 0.64246565 -0,
                    -0.76631445 0.64246565 -0,
                    -0.76631445 0.64246565 -0,
                    -1 -0 -0,
                    -1 -0 -0,
                    -1 -0 -0,
                    -1 -0 -0,
                    -0 1 -0,
                    -0 1 -0,
                    -0 1 -0,
                    -0 1 -0,
                    1 -0 -0,
                    1 -0 -0,
                    1 -0 -0,
                    1 -0 -0,
                    0 0 1,
                    0 0 1,
                    0 0 1,
                    0 0 1,
                    0 0 1,
                    0 0 1,
                    0 0 1,
                    0 0 1,
                    0 0 1,
                    0 0 1,
                    0 0 1,
                    0 0 1,
                    0 0 1,
                    0 0 1,
                    0 0 1,
                    0 0 1,
                    0 0 1,
                    0 0 1,
                    0 0 1,
                    0 0 1,
                    0 0 1,
                    0 0 1,
                    0 0 1,
                    0 0 1,
                    0 0 1,
                    0 0 1,
                    0 0 1,
                    0 0 1,
                    0 0 1,
                    0 0 1,
                    0 0 1,
                    0 0 1,
                    0 0 1,
                    -0 -1 -0,
                    -0 -1 -0,
                    -0 -1 -0,
                    -0 -1 -0,
                    -1 -0 -0,
                    -1 -0 -0,
                    -1 -0 -0,
                    -1 -0 -0,
                    -0 -1 -0,
                    -0 -1 -0,
                    -0 -1 -0,
                    -0 -1 -0,
                    -0.31622776 -0.94868332 0,
                    -0.31622776 -0.94868332 0,
                    -0.15333733 -0.9881739 0,
                    -0 -1 0,
                    0.14496601 -0.98943663 -0,
                    0.29546973 -0.95535213 -0,
                    0.44387546 -0.89608848 -0,
                    0.58184063 -0.81330281 -0,
                    0.702317 -0.71186435 -0,
                    0.80109525 -0.59853691 -0,
                    0.8771646 -0.48018983 -0,
                    0.93200469 -0.36244625 -0,
                    0.93200469 -0.36244625 -0,
                    0.8771646 -0.48018983 -0,
                    0.80109525 -0.59853691 -0,
                    0.702317 -0.71186435 -0,
                    0.58184063 -0.81330281 -0,
                    0.44387546 -0.89608848 -0,
                    0.29546973 -0.95535213 -0,
                    0.14496601 -0.98943663 -0,
                    -0 -1 0,
                    -0.15333733 -0.9881739 0,
                    -1 -0 -0,
                    -1 -0 -0,
                    -1 -0 -0,
                    -1 -0 -0,
                    -1 9.5391329e-18 -0,
                    -1 9.5391329e-18 -0,
                    -0.9937526 0.1116054 -0,
                    -0.96669114 0.25594574 -0,
                    -0.94002855 0.34109572 -0,
                    -0.90105385 0.43370724 -0,
                    -0.84724635 0.53120011 -0,
                    -0.77708608 0.62939429 -0,
                    -0.69095892 0.72289401 -0,
                    -0.59170294 0.8061561 -0,
                    -0.48430118 0.87490135 -0,
                    -0.37470132 0.9271456 -0,
                    -0.2683605 0.96331859 -0,
                    -0.16924129 0.98557466 -0,
                    -0.079546377 0.99683118 -0,
                    -0 1 -0,
                    0.12370962 0.99231845 -0,
                    0.19850744 0.98009938 -0,
                    0.28220081 0.95935535 -0,
                    0.37396833 0.92744148 -0,
                    0.47168592 0.88176662 -0,
                    0.5716849 0.82047325 -0,
                    0.66896474 0.74329412 -0,
                    0.75804645 0.65220058 -0,
                    0.83426917 0.55135739 -0,
                    0.89492112 0.44622433 -0,
                    0.93962044 0.3422184 -0,
                    0.96987158 0.24361686 -0,
                    0.98821104 0.1530977 -0,
                    1 -0 -0,
                    0.99878401 -0.049300399 -0,
                    0.98966366 -0.14340787 -0,
                    0.9768495 -0.2139276 -0,
                    0.95310324 -0.30264527 -0,
                    0.91281152 -0.4083811 -0,
                    0.85107625 -0.52504206 -0,
                    0.76728976 -0.64130056 -0,
                    0.66792125 -0.744232 -0,
                    0.56479287 -0.82523268 -0,
                    0.4695327 -0.88291508 -0,
                    0.38930923 -0.92110711 -0,
                    0.32639802 -0.94523239 -0,
                    0.24759826 -0.96886277 -0,
                    0.27811858 -0.96054673 -0,
                    0.27963647 -0.96010596 -0,
                    0.27203876 -0.96228629 -0,
                    0.41409397 -0.91023415 -0,
                    0.48852083 -0.87255222 -0,
                    0.56317121 -0.82634026 -0,
                    0.63611001 -0.7715984 -0,
                    0.70528114 -0.70892775 -0,
                    0.76875275 -0.6395461 -0,
                    0.82496679 -0.56518126 -0,
                    0.87292194 -0.48785985 -0,
                    0.91224313 -0.40964922 -0,
                    0.96622556 -0.25769788 -0,
                    0.99280572 -0.11973659 -0,
                    1 -0 -0,
                    0.9916814 0.12871671 -0,
                    0.97911674 0.20329891 -0,
                    0.95859689 0.28476655 -0,
                    0.92805398 0.37244573 -0,
                    0.88543034 0.46477214 -0,
                    0.82909387 0.55910939 -0,
                    0.75839251 0.65179813 -0,
                    0.67417407 0.73857254 -0,
                    0.57899737 0.81532943 -0,
                    0.47682166 0.87900007 -0,
                    0.37222946 0.92814076 -0,
                    0.26951444 0.96299636 -0,
                    0.17201085 0.98509502 -0,
                    0.081838638 0.99664557 -0,
                    -0 1 -0,
                    -0.09369757 0.9956007 -0,
                    -0.2093125 0.97784883 -0,
                    -0.34604412 0.93821824 -0,
                    -0.42050886 0.90728843 -0,
                    -0.49707779 0.867706 -0,
                    -0.57366669 0.81908882 -0,
                    -0.6478883 0.76173532 -0,
                    -0.7173472 0.69671583 -0,
                    -0.77998316 0.62580049 -0,
                    -0.83435816 0.55122268 -0,
                    -0.87979758 0.4753485 -0,
                    -0.94467366 0.32801169 -0,
                    -0.94467366 0.32801169 -0,
                    -0.87979758 0.4753485 -0,
                    -0.83435816 0.55122268 -0,
                    -0.77998316 0.62580049 -0,
                    -0.7173472 0.69671583 -0,
                    -0.6478883 0.76173532 -0,
                    -0.57366669 0.81908882 -0,
                    -0.49707779 0.867706 -0,
                    -0.42050886 0.90728843 -0,
                    -0.34604412 0.93821824 -0,
                    -0.2093125 0.97784883 -0,
                    -0.09369757 0.9956007 -0,
                    -0 1 -0,
                    0.081838638 0.99664557 -0,
                    0.17201085 0.98509502 -0,
                    0.26951444 0.96299636 -0,
                    0.37222946 0.92814076 -0,
                    0.47682166 0.87900007 -0,
                    0.57899737 0.81532943 -0,
                    0.67417407 0.73857254 -0,
                    0.75839251 0.65179813 -0,
                    0.82909387 0.55910939 -0,
                    0.88543034 0.46477214 -0,
                    0.92805398 0.37244573 -0,
                    0.95859689 0.28476655 -0,
                    0.97911674 0.20329891 -0,
                    0.9916814 0.12871671 -0,
                    1 -0 -0,
                    0.99280572 -0.11973659 -0,
                    0.96622556 -0.25769788 -0,
                    0.91224313 -0.40964922 -0,
                    0.87292194 -0.48785985 -0,
                    0.82496679 -0.56518126 -0,
                    0.76875275 -0.6395461 -0,
                    0.70528114 -0.70892775 -0,
                    0.63611001 -0.7715984 -0,
                    0.56317121 -0.82634026 -0,
                    0.48852083 -0.87255222 -0,
                    0.41409397 -0.91023415 -0,
                    0.27203876 -0.96228629 -0,
                    0.27963647 -0.96010596 -0,
                    0.27811858 -0.96054673 -0,
                    0.24759826 -0.96886277 -0,
                    0.32639802 -0.94523239 -0,
                    0.38930923 -0.92110711 -0,
                    0.4695327 -0.88291508 -0,
                    0.56479287 -0.82523268 -0,
                    0.66792125 -0.744232 -0,
                    0.76728976 -0.64130056 -0,
                    0.85107625 -0.52504206 -0,
                    0.91281152 -0.4083811 -0,
                    0.95310324 -0.30264527 -0,
                    0.9768495 -0.2139276 -0,
                    0.98966366 -0.14340787 -0,
                    0.99878401 -0.049300399 -0,
                    1 -0 -0,
                    0.98821104 0.1530977 -0,
                    0.96987158 0.24361686 -0,
                    0.93962044 0.3422184 -0,
                    0.89492112 0.44622433 -0,
                    0.83426917 0.55135739 -0,
                    0.75804645 0.65220058 -0,
                    0.66896474 0.74329412 -0,
                    0.5716849 0.82047325 -0,
                    0.47168592 0.88176662 -0,
                    0.37396833 0.92744148 -0,
                    0.28220081 0.95935535 -0,
                    0.19850744 0.98009938 -0,
                    0.12370962 0.99231845 -0,
                    -0 1 -0,
                    -0.079546377 0.99683118 -0,
                    -0.16924129 0.98557466 -0,
                    -0.2683605 0.96331859 -0,
                    -0.37470132 0.9271456 -0,
                    -0.48430118 0.87490135 -0,
                    -0.59170294 0.8061561 -0,
                    -0.69095892 0.72289401 -0,
                    -0.77708608 0.62939429 -0,
                    -0.84724635 0.53120011 -0,
                    -0.90105385 0.43370724 -0,
                    -0.94002855 0.34109572 -0,
                    -0.96669114 0.25594574 -0,
                    -0.9937526 0.1116054 -0,
                    -0 1 -0,
                    -0 1 -0,
                    -0 1 -0,
                    -0 1 -0,
                    -0 1 -0,
                    -0 1 -0,
                    -0 1 -0,
                    -0 1 -0,
                    1 -0 -0,
                    1 -0 -0,
                    1 -0 -0,
                    1 -0 -0,
                    -0 -0 1,
                    -0 -0 1,
                    -0 -0 1,
                    -0 -0 1,
                    -0 -0 1,
                    -0 -0 1,
                    -0 -0 1,
                    -0 -0 1,
                    -0 -0 1,
                    -0 -0 1,
                    -0 -0 1,
                    -0 -0 1,
                    -0 -0 1,
                    -0 -0 1,
                    -0 -0 1,
                    -0 -0 1,
                    -0 1 -0,
                    -0 1 -0,
                    -0 1 -0,
                    -0 1 -0,
                    -0 -1 -0,
                    -0 -1 -0,
                    -0 -1 -0,
                    -0 -1 -0,
                    -0.96536338 -0.26090902 -0,
                    -0.96536338 -0.26090902 -0,
                    -0.96536338 -0.26090902 -0,
                    -0.96536338 -0.26090902 -0,
                    -0 -1 -0,
                    -0 -1 -0,
                    -0 -1 -0,
                    -0 -1 -0,
                    0.96518064 -0.26158425 -0,
                    0.96518064 -0.26158425 -0,
                    0.96518064 -0.26158425 -0,
                    0.96518064 -0.26158425 -0,
                    -0 -1 -0,
                    -0 -1 -0,
                    -0 -1 -0,
                    -0 -1 -0,
                    -1 -0 -0,
                    -1 -0 -0,
                    -1 -0 -0,
                    -1 -0 -0,
                    -0 1 -0,
                    -0 1 -0,
                    -0 1 -0,
                    -0 1 -0,
                    1 -0 -0,
                    1 -0 -0,
                    1 -0 -0,
                    1 -0 -0,
                    -0 1 -0,
                    -0 1 -0,
                    -0 1 -0,
                    -0 1 -0,
                    -0.96218181 0.2724081 -0,
                    -0.96218181 0.2724081 -0,
                    -0.96218181 0.2724081 -0,
                    -0.96218181 0.2724081 -0,
                    -0 1 -0,
                    -0 1 -0,
                    -0 1 -0,
                    -0 1 -0,
                    0.96236515 0.2717596 -0,
                    0.96236515 0.2717596 -0,
                    0.96236515 0.2717596 -0,
                    0.96236515 0.2717596 -0,
                    -0 1 -0,
                    -0 1 -0,
                    -0 1 -0,
                    -0 1 -0,
                    -1 -0 -0,
                    -1 -0 -0,
                    -1 -0 -0,
                    -1 -0 -0,
                    -0 1 -0,
                    -0 1 -0,
                    -0 1 -0,
                    -0 1 -0,
                    1 -0 -0,
                    1 -0 -0,
                    1 -0 -0,
                    1 -0 -0,
                    1 -0 -0,
                    1 -0 -0,
                    1 -0 -0,
                    1 -0 -0,
                    0 0 1,
                    0 0 1,
                    0 0 1,
                    0 0 1,
                    0 0 1,
                    0 0 1,
                    0 0 1,
                    0 0 1,
                    0 0 1,
                    0 0 1,
                    0 0 1,
                    0 0 1,
                    0 0 1,
                    0 0 1,
                    0 0 1,
                    0 0 1,
                    0 0 1,
                    0 0 1,
                    0 0 1,
                    0 0 1,
                    0 0 1,
                    0 0 1,
                    0 0 1,
                    0 0 1,
                    0 0 1,
                    0 0 1,
                    0 0 1,
                    0 0 1,
                    0 0 1,
                    0 0 1,
                    0 0 1,
                    0 0 1,
                    0 0 1,
                    0 0 1,
                    0 0 1,
                    0 0 1,
                    0 0 1,
                    0 0 1,
                    0 0 1,
                    0 0 1,
                    0 0 1,
                    0 0 1,
                    0 0 1,
                    0 0 1,
                    0 0 1,
                    0 0 1,
                    0 0 1,
                    0 0 1,
                    0 0 1,
                    0 0 1,
                    0 0 1,
                    0 0 1,
                    0 0 1,
                    0 0 1,
                    0 0 1,
                    0 0 1,
                    0 0 1,
                    0 0 1,
                    0 0 1,
                    0 0 1,
                    0 0 1,
                    0 0 1,
                    0 0 1,
                    0 0 1,
                    0 0 1,
                    0 0 1,
                    0 0 1,
                    0 0 1,
                    0 0 1,
                    0 0 1,
                    0 0 1,
                    0 0 1,
                    0 0 1,
                    0 0 1,
                    0 0 1,
                    0 0 1,
                    0 0 1,
                    0 0 1,
                    0 0 1,
                    0 0 1,
                    0 0 1,
                    0 0 1,
                    0 0 1,
                    0 0 1,
                    0 0 1,
                    0 0 1,
                    0 0 1,
                    0 0 1,
                    0 0 1,
                    0 0 1,
                    0 0 1,
                    0 0 1,
                    0 0 1,
                    0 0 1,
                    0 0 1,
                    0 0 1,
                    0 0 1,
                    0 0 1,
                    0 0 1,
                    0 0 1,
                    0 0 1,
                    0 0 1,
                    0 0 1,
                    0 0 1,
                    0 0 1,
                    0 0 1,
                    0 0 1,
                    0 0 1,
                    0 0 1,
                    0 0 1,
                    0 0 1,
                    0 0 1,
                    0 0 1,
                    0 0 1,
                    0 0 1,
                    0 0 1,
                    0 0 1,
                    0 0 1,
                    0 0 1,
                    0 0 1,
                    0 0 1,
                    0 0 1,
                    0 0 1,
                    0 0 1,
                    0 0 1,
                    0 0 1,
                    0 0 1,
                    0 0 1,
                    0 0 1,
                    0 0 1,
                    0 0 1,
                    0 0 1,
                    0 0 1,
                    0 0 1,
                    0 0 1,
                    0 0 1,
                    0 0 1,
                    0 0 1,
                    0 0 1,
                    0 0 1,
                    0 0 1,
                    0 0 1,
                    0 0 1,
                    0 0 1,
                    0 0 1,
                    0 0 1,
                    0 0 1,
                    0 0 1,
                    0 0 1,
                    0 0 1,
                    0 0 1,
                    0 0 1,
                    0 0 1,
                    0 0 1,
                    0 0 1,
                    0 0 1,
                    0 0 1,
                    0 0 1,
                    0 0 1,
                    0 0 1,
                    0 0 1,
                    0 0 1,
                    0 0 1,
                    0 0 1,
                    0 0 1,
                    0 0 1,
                    0 0 1,
                    0 0 1,
                    0 0 1,
                    0 0 1,
                    0 0 1,
                    0 0 1,
                    0 0 1,
                    0 0 1,
                    0 0 1,
                    0 0 1,
                    0 0 1,
                    0 0 1,
                    0 0 1,
                    0 0 1,
                    0 0 1,
                    0 0 1,
                    0 0 1,
                    0 0 1,
                    0 0 1,
                    0 0 1,
                    0 0 1,
                    0 0 1,
                    0 0 1,
                    0 0 1,
                    0 0 1,
                    0 0 1,
                    0 0 1,
                    0 0 1,
                    0 0 1,
                    0 0 1,
                    0 0 1,
                    0 0 1,
                    0 0 1,
                    0 0 1,
                    0 0 1,
                    0 0 1,
                    0 0 1,
                    0 0 1,
                    0 0 1,
                    0 0 1,
                    0 0 1,
                    0 0 1,
                    0 0 1,
                    0 0 1,
                    0 0 1,
                    0 0 1,
                    0 0 1,
                    0 0 1,
                    0 0 1,
                    0 0 1,
                    0 0 1,
                    0 0 1,
                    0 0 1,
                    0 0 1,
                    0 0 1,
                    0 0 1,
                    0 0 1,
                    0 0 1,
                    0 0 1,
                    0 0 1,
                    0 0 1,
                    0 0 1,
                    0 0 1,
                    0 0 1,
                    0 0 1,
                    0 0 1,
                    0 0 1,
                    0 0 1,
                    0 0 1,
                    0 0 1,
                    0 0 1,
                    0 0 1,
                    0 0 1,
                    0 0 1,
                    0 0 1,
                    0 0 1,
                    0 0 1,
                    0 0 1,
                    0 0 1,
                    0 0 1,
                    0 0 1,
                    0 0 1,
                    0 0 1,
                    0 0 1,
                    0 0 1,
                    0 0 1,
                    0 0 1,
                    0 0 1,
                    0 0 1,
                    0 0 1,
                    0 0 1,
                    0 0 1,
                    0 0 1,
                    0 0 1,
                    0 0 1,
                    0 0 1,
                    -0 -1 -0,
                    -0 -1 -0,
                    -0 -1 -0,
                    -0 -1 -0,
                    -1 -0 -0,
                    -1 -0 -0,
                    -1 -0 -0,
                    -1 -0 -0,
                    -0.24253562 -0.97014248 -0,
                    -0.24253562 -0.97014248 -0,
                    -0.24253562 -0.97014248 -0,
                    -0.24253562 -0.97014248 -0,
                    -1 -0 -0,
                    -1 -0 -0,
                    -0.98809445 -0.15384842 0,
                    -0.97019905 -0.24230924 0,
                    -0.94144201 -0.33717486 0,
                    -0.89984769 -0.43620428 0,
                    -0.84418976 -0.53604442 0,
                    -0.77454156 -0.632523 0,
                    -0.69260651 -0.72131562 0,
                    -0.60159272 -0.79880297 0,
                    -0.50560492 -0.86276513 0,
                    -0.4088043 -0.91262209 0,
                    -0.31469226 -0.94919378 0,
                    -0.22574082 -0.97418737 0,
                    -0.14336979 -0.9896692 0,
                    -0.068137467 -0.99767596 0,
                    -0 -1 0,
                    0.12398364 -0.99228424 -0,
                    0.25474077 -0.96700937 -0,
                    0.38770834 -0.92178214 -0,
                    0.51674801 -0.85613757 -0,
                    0.63528961 -0.77227396 -0,
                    0.73790687 -0.67490256 -0,
                    0.82154852 -0.57013857 -0,
                    0.88583153 -0.46400699 -0,
                    0.88583153 -0.46400699 -0,
                    0.82154852 -0.57013857 -0,
                    0.73790687 -0.67490256 -0,
                    0.63528961 -0.77227396 -0,
                    0.51674801 -0.85613757 -0,
                    0.38770834 -0.92178214 -0,
                    0.25474077 -0.96700937 -0,
                    0.12398364 -0.99228424 -0,
                    -0 -1 0,
                    -0.068137467 -0.99767596 0,
                    -0.14336979 -0.9896692 0,
                    -0.22574082 -0.97418737 0,
                    -0.31469226 -0.94919378 0,
                    -0.4088043 -0.91262209 0,
                    -0.50560492 -0.86276513 0,
                    -0.60159272 -0.79880297 0,
                    -0.69260651 -0.72131562 0,
                    -0.77454156 -0.632523 0,
                    -0.84418976 -0.53604442 0,
                    -0.89984769 -0.43620428 0,
                    -0.94144201 -0.33717486 0,
                    -0.97019905 -0.24230924 0,
                    -0.98809445 -0.15384842 0,
                    -1 -0 -0,
                    -1 -0 -0,
                    -0.98726904 0.15905911 -0,
                    -0.96932769 0.24577181 -0,
                    -0.94194233 0.33577472 -0,
                    -0.90409291 0.42733598 -0,
                    -0.8552019 0.51829499 -0,
                    -0.79529577 0.60622162 -0,
                    -0.72508603 0.6886583 -0,
                    -0.64593107 0.76339573 -0,
                    -0.55967575 0.82871169 -0,
                    -0.46841037 0.88351101 -0,
                    -0.37421465 0.92734212 -0,
                    -0.27894962 0.96030575 -0,
                    -0.18413167 0.98290157 -0,
                    -0.090891719 0.99586076 -0,
                    -0 1 -0,
                    0.097099967 0.99527466 -0,
                    0.18711211 0.98233855 -0,
                    0.18711211 0.98233855 -0,
                    0.097099967 0.99527466 -0,
                    -0 1 -0,
                    -0.090891719 0.99586076 -0,
                    -0.18413167 0.98290157 -0,
                    -0.27894962 0.96030575 -0,
                    -0.37421465 0.92734212 -0,
                    -0.46841037 0.88351101 -0,
                    -0.55967575 0.82871169 -0,
                    -0.64593107 0.76339573 -0,
                    -0.72508603 0.6886583 -0,
                    -0.79529577 0.60622162 -0,
                    -0.8552019 0.51829499 -0,
                    -0.90409291 0.42733598 -0,
                    -0.94194233 0.33577472 -0,
                    -0.96932769 0.24577181 -0,
                    -0.98726904 0.15905911 -0,
                    -0 1 -0,
                    -0 1 -0,
                    -0 1 -0,
                    -0 1 -0,
                    1 1.3863928e-18 -0,
                    1 1.3863928e-18 -0,
                    0.99010623 -0.14031981 -0,
                    0.97591209 -0.2181641 -0,
                    0.95373923 -0.30063519 -0,
                    0.92215127 -0.38682953 -0,
                    0.87982637 -0.47529522 -0,
                    0.82578152 -0.56399018 -0,
                    0.75963587 -0.65034866 -0,
                    0.68184817 -0.73149371 -0,
                    0.59383631 -0.80458587 -0,
                    0.49790248 -0.86723304 -0,
                    0.39695281 -0.91783905 -0,
                    0.29408586 -0.95577902 -0,
                    0.19217888 -0.9813599 -0,
                    0.093586124 -0.99561119 -0,
                    -0 -1 0,
                    -0.098371126 -0.99514979 0,
                    -0.2019918 -0.97938722 0,
                    -0.30856666 -0.95120269 0,
                    -0.41509116 -0.90977985 0,
                    -0.51814955 -0.85529 0,
                    -0.61437887 -0.78901112 0,
                    -0.7009688 -0.71319193 0,
                    -0.77603459 -0.63069034 0,
                    -0.83875304 -0.54451197 0,
                    -0.88926113 -0.45739985 0,
                    -0.92840308 -0.3715747 0,
                    -0.95743674 -0.28864318 0,
                    -0.99083251 -0.13509592 0,
                    -1 -0 -0,
                    -0.99070185 0.13605079 -0,
                    -0.9764902 0.21556167 -0,
                    -0.95347667 0.30146688 -0,
                    -0.92012548 0.39162365 -0,
                    -0.87565988 0.48292831 -0,
                    -0.82048643 0.571666 -0,
                    -0.75636315 0.65415192 -0,
                    -0.6861636 0.72744727 -0,
                    -0.6132971 0.78985232 -0,
                    -0.54103845 0.84099787 -0,
                    -0.47202876 0.88158315 -0,
                    -0.35013789 0.9366982 -0,
                    -0.25335938 0.96737224 -0,
                    -0.25766265 0.96623492 -0,
                    -0.3073768 0.95158786 -0,
                    -0.35537589 0.9347235 -0,
                    -0.42294541 0.90615517 -0,
                    -0.51578385 0.85671872 -0,
                    -0.57364094 0.81910688 -0,
                    -0.6396845 0.7686376 -0,
                    -0.71321654 0.70094377 -0,
                    -0.791574 0.61107332 -0,
                    -0.86901802 0.49478042 -0,
                    -0.93632919 0.35112345 -0,
                    -0.93632919 0.35112345 -0,
                    -0.86901802 0.49478042 -0,
                    -0.791574 0.61107332 -0,
                    -0.71321654 0.70094377 -0,
                    -0.6396845 0.7686376 -0,
                    -0.57364094 0.81910688 -0,
                    -0.51578385 0.85671872 -0,
                    -0.42294541 0.90615517 -0,
                    -0.35537589 0.9347235 -0,
                    -0.3073768 0.95158786 -0,
                    -0.25766265 0.96623492 -0,
                    -0.25335938 0.96737224 -0,
                    -0.35013789 0.9366982 -0,
                    -0.47202876 0.88158315 -0,
                    -0.54103845 0.84099787 -0,
                    -0.6132971 0.78985232 -0,
                    -0.6861636 0.72744727 -0,
                    -0.75636315 0.65415192 -0,
                    -0.82048643 0.571666 -0,
                    -0.87565988 0.48292831 -0,
                    -0.92012548 0.39162365 -0,
                    -0.95347667 0.30146688 -0,
                    -0.9764902 0.21556167 -0,
                    -0.99070185 0.13605079 -0,
                    -1 -0 -0,
                    -0.99083251 -0.13509592 0,
                    -0.95743674 -0.28864318 0,
                    -0.92840308 -0.3715747 0,
                    -0.88926113 -0.45739985 0,
                    -0.83875304 -0.54451197 0,
                    -0.77603459 -0.63069034 0,
                    -0.7009688 -0.71319193 0,
                    -0.61437887 -0.78901112 0,
                    -0.51814955 -0.85529 0,
                    -0.41509116 -0.90977985 0,
                    -0.30856666 -0.95120269 0,
                    -0.2019918 -0.97938722 0,
                    -0.098371126 -0.99514979 0,
                    -0 -1 0,
                    0.093586124 -0.99561119 -0,
                    0.19217888 -0.9813599 -0,
                    0.29408586 -0.95577902 -0,
                    0.39695281 -0.91783905 -0,
                    0.49790248 -0.86723304 -0,
                    0.59383631 -0.80458587 -0,
                    0.68184817 -0.73149371 -0,
                    0.75963587 -0.65034866 -0,
                    0.82578152 -0.56399018 -0,
                    0.87982637 -0.47529522 -0,
                    0.92215127 -0.38682953 -0,
                    0.95373923 -0.30063519 -0,
                    0.97591209 -0.2181641 -0,
                    0.99010623 -0.14031981 -0,
                    -0 -1 0,
                    -0 -1 0,
                    -0.093604311 -0.99560946 0,
                    -0.19765478 -0.9802717 0,
                    -0.30993414 -0.95075804 0,
                    -0.42629769 -0.90458292 0,
                    -0.5409469 -0.84105676 0,
                    -0.64752054 -0.76204801 0,
                    -0.74067396 -0.67186463 0,
                    -0.817339 -0.57615703 0,
                    -0.87703001 -0.48043558 0,
                    -0.92124957 -0.38897204 0,
                    -0.95253807 -0.3044194 0,
                    -0.97366285 -0.22799268 0,
                    -0.99501967 -0.099678911 0,
                    -1 -0 -0,
                    -0.99028307 -0.13906634 0,
                    -0.97534949 -0.22066583 0,
                    -0.95076686 -0.30990708 0,
                    -0.91417074 -0.40532935 0,
                    -0.86357522 -0.50422001 0,
                    -0.79802668 -0.60262209 0,
                    -0.7182402 -0.69579524 0,
                    -0.62686908 -0.77912456 0,
                    -0.5281387 -0.84915817 0,
                    -0.42692751 -0.90428585 0,
                    -0.32772607 -0.94477278 0,
                    -0.23392102 -0.97225559 0,
                    -0.14757445 -0.98905092 0,
                    -0 -1 0,
                    0.15234607 -0.98832721 -0,
                    0.24150233 -0.97040021 -0,
                    0.33811894 -0.9411034 -0,
                    0.43976402 -0.89811337 -0,
                    0.54261059 -0.83998436 -0,
                    0.64179641 -0.76687503 -0,
                    0.73230928 -0.68097216 -0,
                    0.81011891 -0.58626562 -0,
                    0.87302691 -0.48767203 -0,
                    0.92084831 -0.38992104 -0,
                    0.95496523 -0.29671773 -0,
                    0.97761071 -0.21042174 -0,
                    0.99122858 -0.13215873 -0,
                    1 -0 -0,
                    1 -0 -0,
                    0.99122858 -0.13215873 -0,
                    0.97761071 -0.21042174 -0,
                    0.95496523 -0.29671773 -0,
                    0.92084831 -0.38992104 -0,
                    0.87302691 -0.48767203 -0,
                    0.81011891 -0.58626562 -0,
                    0.73230928 -0.68097216 -0,
                    0.64179641 -0.76687503 -0,
                    0.54261059 -0.83998436 -0,
                    0.43976402 -0.89811337 -0,
                    0.33811894 -0.9411034 -0,
                    0.24150233 -0.97040021 -0,
                    0.15234607 -0.98832721 -0,
                    -0 -1 0,
                    -0.14757445 -0.98905092 0,
                    -0.23392102 -0.97225559 0,
                    -0.32772607 -0.94477278 0,
                    -0.42692751 -0.90428585 0,
                    -0.5281387 -0.84915817 0,
                    -0.62686908 -0.77912456 0,
                    -0.7182402 -0.69579524 0,
                    -0.79802668 -0.60262209 0,
                    -0.86357522 -0.50422001 0,
                    -0.91417074 -0.40532935 0,
                    -0.95076686 -0.30990708 0,
                    -0.97534949 -0.22066583 0,
                    -0.99028307 -0.13906634 0,
                    -1 -0 -0,
                    -0.99501967 -0.099678911 0,
                    -0.97366285 -0.22799268 0,
                    -0.95253807 -0.3044194 0,
                    -0.92124957 -0.38897204 0,
                    -0.87703001 -0.48043558 0,
                    -0.817339 -0.57615703 0,
                    -0.74067396 -0.67186463 0,
                    -0.64752054 -0.76204801 0,
                    -0.5409469 -0.84105676 0,
                    -0.42629769 -0.90458292 0,
                    -0.30993414 -0.95075804 0,
                    -0.19765478 -0.9802717 0,
                    -0.093604311 -0.99560946 0,
                    -1 -0 -0,
                    -1 -0 -0,
                    -1 -0 -0,
                    -1 -0 -0,
                    1 -0 -0,
                    1 -0 -0,
                    0.99713075 0.075698704 -0,
                    0.9863984 0.16437221 -0,
                    0.96393222 0.26614788 -0,
                    0.92535931 0.3790912 -0,
                    0.86699963 0.49830878 -0,
                    0.78776848 0.61597145 -0,
                    0.69079924 0.7230466 -0,
                    0.58326733 0.81228024 -0,
                    0.47405413 0.88049573 -0,
                    0.37084413 0.92869514 -0,
                    0.27850071 0.96043605 -0,
                    0.19907145 0.979985 -0,
                    0.078235194 0.99693495 -0,
                    0.034490731 0.99940503 -0,
                    0.016172322 0.99986923 -0,
                    -0 1 -0,
                    -0.077455848 0.99699581 -0,
                    -0.13639447 0.99065459 -0,
                    -0.21951219 0.97560978 -0,
                    -0.31622776 0.94868332 -0,
                    -0.31622776 0.94868332 -0,
                    -0.21951219 0.97560978 -0,
                    -0.13639447 0.99065459 -0,
                    -0.077455848 0.99699581 -0,
                    -0 1 -0,
                    0.016172322 0.99986923 -0,
                    0.034490731 0.99940503 -0,
                    0.078235194 0.99693495 -0,
                    0.19907145 0.979985 -0,
                    0.27850071 0.96043605 -0,
                    0.37084413 0.92869514 -0,
                    0.47405413 0.88049573 -0,
                    0.58326733 0.81228024 -0,
                    0.69079924 0.7230466 -0,
                    0.78776848 0.61597145 -0,
                    0.86699963 0.49830878 -0,
                    0.92535931 0.3790912 -0,
                    0.96393222 0.26614788 -0,
                    0.9863984 0.16437221 -0,
                    0.99713075 0.075698704 -0

                  ]
                }
                coordIndex [
                  3 0 2 -1 
                  1 2 0 -1 
                  5 1 4 -1 
                  5 2 1 -1 
                  218 188 189 -1 
                  219 187 188 -1 
                  226 227 181 -1 
                  226 181 182 -1 
                  234 175 176 -1 
                  237 7 172 -1 
                  237 172 173 -1 
                  7 171 172 -1 
                  167 168 292 -1 
                  11 167 292 -1 
                  11 166 167 -1 
                  11 165 166 -1 
                  206 207 147 -1 
                  193 161 162 -1 
                  196 157 158 -1 
                  197 156 157 -1 
                  198 155 156 -1 
                  199 154 155 -1 
                  200 153 154 -1 
                  202 151 152 -1 
                  203 150 151 -1 
                  204 149 150 -1 
                  205 148 149 -1 
                  207 146 147 -1 
                  216 217 190 -1 
                  2 164 165 -1 
                  164 5 163 -1 
                  8 169 170 -1 
                  292 168 169 -1 
                  177 232 176 -1 
                  225 182 183 -1 
                  225 226 182 -1 
                  224 225 183 -1 
                  217 189 190 -1 
                  215 190 191 -1 
                  214 191 192 -1 
                  250 251 278 -1 
                  218 219 188 -1 
                  256 272 273 -1 
                  224 183 184 -1 
                  258 270 271 -1 
                  259 269 270 -1 
                  260 268 269 -1 
                  266 267 261 -1 
                  265 266 262 -1 
                  264 265 263 -1 
                  10 264 9 -1 
                  257 271 272 -1 
                  260 267 268 -1 
                  255 273 274 -1 
                  263 9 264 -1 
                  254 274 275 -1 
                  262 263 265 -1 
                  253 275 276 -1 
                  261 262 266 -1 
                  253 276 277 -1 
                  260 261 267 -1 
                  245 283 284 -1 
                  259 260 269 -1 
                  252 277 278 -1 
                  258 259 270 -1 
                  246 282 283 -1 
                  257 258 271 -1 
                  250 278 279 -1 
                  256 257 272 -1 
                  249 279 280 -1 
                  255 256 273 -1 
                  248 280 281 -1 
                  254 255 274 -1 
                  247 281 282 -1 
                  253 254 275 -1 
                  252 253 277 -1 
                  243 285 286 -1 
                  244 284 285 -1 
                  251 252 278 -1 
                  242 286 287 -1 
                  249 250 279 -1 
                  241 287 288 -1 
                  248 249 280 -1 
                  240 288 289 -1 
                  247 248 281 -1 
                  239 289 290 -1 
                  246 247 282 -1 
                  245 246 283 -1 
                  238 290 291 -1 
                  244 245 284 -1 
                  243 244 285 -1 
                  242 243 286 -1 
                  241 242 287 -1 
                  235 236 175 -1 
                  240 241 288 -1 
                  238 291 292 -1 
                  239 240 289 -1 
                  238 292 8 -1 
                  238 239 290 -1 
                  7 170 171 -1 
                  8 292 169 -1 
                  7 8 170 -1 
                  237 173 174 -1 
                  236 174 175 -1 
                  236 237 174 -1 
                  230 177 178 -1 
                  229 178 179 -1 
                  234 235 175 -1 
                  233 234 176 -1 
                  228 179 180 -1 
                  232 233 176 -1 
                  227 180 181 -1 
                  231 232 177 -1 
                  230 231 177 -1 
                  229 230 178 -1 
                  228 229 179 -1 
                  227 228 180 -1 
                  222 184 185 -1 
                  221 185 186 -1 
                  220 186 187 -1 
                  223 224 184 -1 
                  222 223 184 -1 
                  221 222 185 -1 
                  220 221 186 -1 
                  219 220 187 -1 
                  213 192 6 -1 
                  212 6 142 -1 
                  217 218 189 -1 
                  211 142 143 -1 
                  215 216 190 -1 
                  210 143 144 -1 
                  214 215 191 -1 
                  209 144 145 -1 
                  213 214 192 -1 
                  208 145 146 -1 
                  212 213 6 -1 
                  206 147 148 -1 
                  211 212 142 -1 
                  210 211 143 -1 
                  209 210 144 -1 
                  208 209 145 -1 
                  201 152 153 -1 
                  207 208 146 -1 
                  205 206 148 -1 
                  204 205 149 -1 
                  203 204 150 -1 
                  202 203 151 -1 
                  201 202 152 -1 
                  200 201 153 -1 
                  199 200 154 -1 
                  198 199 155 -1 
                  195 158 159 -1 
                  197 198 156 -1 
                  195 159 160 -1 
                  196 197 157 -1 
                  194 160 161 -1 
                  195 196 158 -1 
                  5 162 163 -1 
                  194 195 160 -1 
                  193 194 161 -1 
                  5 193 162 -1 
                  2 165 11 -1 
                  2 5 164 -1 
                  2 11 3 -1 
                  309 158 157 -1 
                  311 160 159 -1 
                  313 162 161 -1 
                  334 183 182 -1 
                  336 185 184 -1 
                  338 187 186 -1 
                  340 189 188 -1 
                  341 190 189 -1 
                  342 191 190 -1 
                  343 192 191 -1 
                  12 6 192 -1 
                  339 188 187 -1 
                  343 12 192 -1 
                  337 186 185 -1 
                  342 343 191 -1 
                  335 184 183 -1 
                  341 342 190 -1 
                  333 182 181 -1 
                  340 341 189 -1 
                  332 181 180 -1 
                  339 340 188 -1 
                  331 180 179 -1 
                  338 339 187 -1 
                  330 179 178 -1 
                  337 338 186 -1 
                  329 178 177 -1 
                  336 337 185 -1 
                  328 177 176 -1 
                  335 336 184 -1 
                  327 176 175 -1 
                  334 335 183 -1 
                  326 175 174 -1 
                  333 334 182 -1 
                  325 174 173 -1 
                  332 333 181 -1 
                  324 173 172 -1 
                  331 332 180 -1 
                  330 331 179 -1 
                  323 172 171 -1 
                  329 330 178 -1 
                  322 171 170 -1 
                  328 329 177 -1 
                  321 170 169 -1 
                  327 328 176 -1 
                  326 327 175 -1 
                  320 169 168 -1 
                  325 326 174 -1 
                  324 325 173 -1 
                  319 168 167 -1 
                  323 324 172 -1 
                  322 323 171 -1 
                  318 167 166 -1 
                  321 322 170 -1 
                  317 166 165 -1 
                  320 321 169 -1 
                  316 165 164 -1 
                  319 320 168 -1 
                  315 164 163 -1 
                  318 319 167 -1 
                  314 163 162 -1 
                  317 318 166 -1 
                  312 161 160 -1 
                  316 317 165 -1 
                  310 159 158 -1 
                  315 316 164 -1 
                  308 157 156 -1 
                  314 315 163 -1 
                  307 156 155 -1 
                  313 314 162 -1 
                  306 155 154 -1 
                  312 313 161 -1 
                  305 154 153 -1 
                  311 312 160 -1 
                  304 153 152 -1 
                  310 311 159 -1 
                  303 152 151 -1 
                  309 310 158 -1 
                  302 151 150 -1 
                  308 309 157 -1 
                  301 150 149 -1 
                  307 308 156 -1 
                  300 149 148 -1 
                  306 307 155 -1 
                  299 148 147 -1 
                  305 306 154 -1 
                  298 147 146 -1 
                  304 305 153 -1 
                  303 304 152 -1 
                  297 146 145 -1 
                  302 303 151 -1 
                  296 145 144 -1 
                  301 302 150 -1 
                  295 144 143 -1 
                  300 301 149 -1 
                  299 300 148 -1 
                  294 143 142 -1 
                  298 299 147 -1 
                  297 298 146 -1 
                  293 142 6 -1 
                  296 297 145 -1 
                  295 296 144 -1 
                  294 295 143 -1 
                  293 294 142 -1 
                  12 293 6 -1 
                  11 13 3 -1 
                  0 3 13 -1 
                  264 10 14 -1 
                  344 264 14 -1 
                  345 265 264 -1 
                  346 266 265 -1 
                  347 267 266 -1 
                  348 268 267 -1 
                  349 269 268 -1 
                  350 270 269 -1 
                  351 271 270 -1 
                  352 272 271 -1 
                  353 273 272 -1 
                  354 274 273 -1 
                  355 275 274 -1 
                  356 276 275 -1 
                  357 277 276 -1 
                  358 278 277 -1 
                  359 279 278 -1 
                  360 280 279 -1 
                  361 281 280 -1 
                  362 282 281 -1 
                  363 283 282 -1 
                  364 284 283 -1 
                  365 285 284 -1 
                  366 286 285 -1 
                  367 287 286 -1 
                  368 288 287 -1 
                  369 289 288 -1 
                  370 290 289 -1 
                  371 291 290 -1 
                  13 11 292 -1 
                  372 292 291 -1 
                  372 13 292 -1 
                  371 372 291 -1 
                  370 371 290 -1 
                  369 370 289 -1 
                  368 369 288 -1 
                  367 368 287 -1 
                  366 367 286 -1 
                  365 366 285 -1 
                  364 365 284 -1 
                  363 364 283 -1 
                  362 363 282 -1 
                  361 362 281 -1 
                  360 361 280 -1 
                  359 360 279 -1 
                  358 359 278 -1 
                  357 358 277 -1 
                  356 357 276 -1 
                  355 356 275 -1 
                  354 355 274 -1 
                  353 354 273 -1 
                  352 353 272 -1 
                  351 352 271 -1 
                  350 351 270 -1 
                  349 350 269 -1 
                  348 349 268 -1 
                  347 348 267 -1 
                  346 347 266 -1 
                  345 346 265 -1 
                  344 345 264 -1 
                  9 15 10 -1 
                  14 10 15 -1 
                  238 8 16 -1 
                  381 382 246 -1 
                  384 385 249 -1 
                  386 387 251 -1 
                  387 388 252 -1 
                  389 390 254 -1 
                  392 393 257 -1 
                  395 396 260 -1 
                  398 15 263 -1 
                  381 246 245 -1 
                  382 247 246 -1 
                  383 248 247 -1 
                  384 249 248 -1 
                  385 250 249 -1 
                  386 251 250 -1 
                  387 252 251 -1 
                  388 253 252 -1 
                  389 254 253 -1 
                  390 255 254 -1 
                  391 256 255 -1 
                  392 257 256 -1 
                  393 258 257 -1 
                  394 259 258 -1 
                  395 260 259 -1 
                  396 261 260 -1 
                  397 262 261 -1 
                  398 263 262 -1 
                  15 9 263 -1 
                  397 398 262 -1 
                  396 397 261 -1 
                  380 245 244 -1 
                  394 395 259 -1 
                  393 394 258 -1 
                  379 244 243 -1 
                  391 392 256 -1 
                  390 391 255 -1 
                  378 243 242 -1 
                  388 389 253 -1 
                  377 242 241 -1 
                  376 241 240 -1 
                  385 386 250 -1 
                  375 240 239 -1 
                  383 384 248 -1 
                  382 383 247 -1 
                  374 239 238 -1 
                  380 381 245 -1 
                  379 380 244 -1 
                  378 379 243 -1 
                  377 378 242 -1 
                  376 377 241 -1 
                  375 376 240 -1 
                  374 375 239 -1 
                  373 374 238 -1 
                  373 238 16 -1 
                  8 7 17 -1 
                  16 8 17 -1 
                  193 5 4 -1 
                  399 193 4 -1 
                  400 194 193 -1 
                  401 195 194 -1 
                  402 196 195 -1 
                  403 197 196 -1 
                  404 198 197 -1 
                  405 199 198 -1 
                  406 200 199 -1 
                  408 202 201 -1 
                  410 204 203 -1 
                  412 206 205 -1 
                  414 208 207 -1 
                  416 210 209 -1 
                  426 220 219 -1 
                  432 226 225 -1 
                  435 229 228 -1 
                  436 230 229 -1 
                  437 231 230 -1 
                  438 232 231 -1 
                  439 233 232 -1 
                  440 234 233 -1 
                  441 235 234 -1 
                  442 236 235 -1 
                  443 237 236 -1 
                  17 7 237 -1 
                  434 228 227 -1 
                  443 17 237 -1 
                  433 227 226 -1 
                  442 443 236 -1 
                  441 442 235 -1 
                  431 225 224 -1 
                  440 441 234 -1 
                  439 440 233 -1 
                  430 224 223 -1 
                  438 439 232 -1 
                  429 223 222 -1 
                  437 438 231 -1 
                  436 437 230 -1 
                  428 222 221 -1 
                  435 436 229 -1 
                  427 221 220 -1 
                  434 435 228 -1 
                  425 219 218 -1 
                  433 434 227 -1 
                  424 218 217 -1 
                  432 433 226 -1 
                  423 217 216 -1 
                  431 432 225 -1 
                  422 216 215 -1 
                  430 431 224 -1 
                  429 430 223 -1 
                  421 215 214 -1 
                  428 429 222 -1 
                  427 428 221 -1 
                  420 214 213 -1 
                  426 427 220 -1 
                  425 426 219 -1 
                  419 213 212 -1 
                  424 425 218 -1 
                  423 424 217 -1 
                  418 212 211 -1 
                  422 423 216 -1 
                  421 422 215 -1 
                  417 211 210 -1 
                  420 421 214 -1 
                  415 209 208 -1 
                  419 420 213 -1 
                  413 207 206 -1 
                  418 419 212 -1 
                  411 205 204 -1 
                  417 418 211 -1 
                  409 203 202 -1 
                  416 417 210 -1 
                  407 201 200 -1 
                  415 416 209 -1 
                  414 415 208 -1 
                  413 414 207 -1 
                  412 413 206 -1 
                  411 412 205 -1 
                  410 411 204 -1 
                  409 410 203 -1 
                  408 409 202 -1 
                  407 408 201 -1 
                  406 407 200 -1 
                  405 406 199 -1 
                  404 405 198 -1 
                  403 404 197 -1 
                  402 403 196 -1 
                  401 402 195 -1 
                  400 401 194 -1 
                  399 400 193 -1 
                  473 21 18 -1 
                  453 482 481 -1 
                  455 484 483 -1 
                  457 486 485 -1 
                  458 487 486 -1 
                  459 488 487 -1 
                  460 489 488 -1 
                  461 490 489 -1 
                  462 491 490 -1 
                  463 492 491 -1 
                  464 493 492 -1 
                  465 494 493 -1 
                  466 495 494 -1 
                  467 496 495 -1 
                  468 497 496 -1 
                  469 498 497 -1 
                  470 499 498 -1 
                  471 500 499 -1 
                  19 20 501 -1 
                  472 501 500 -1 
                  472 19 501 -1 
                  456 485 484 -1 
                  471 472 500 -1 
                  454 483 482 -1 
                  470 471 499 -1 
                  469 470 498 -1 
                  452 481 480 -1 
                  468 469 497 -1 
                  451 480 479 -1 
                  467 468 496 -1 
                  450 479 478 -1 
                  466 467 495 -1 
                  449 478 477 -1 
                  465 466 494 -1 
                  464 465 493 -1 
                  448 477 476 -1 
                  463 464 492 -1 
                  447 476 475 -1 
                  462 463 491 -1 
                  446 475 474 -1 
                  461 462 490 -1 
                  445 474 473 -1 
                  460 461 489 -1 
                  459 460 488 -1 
                  458 459 487 -1 
                  457 458 486 -1 
                  456 457 485 -1 
                  455 456 484 -1 
                  454 455 483 -1 
                  453 454 482 -1 
                  452 453 481 -1 
                  444 473 18 -1 
                  451 452 480 -1 
                  450 451 479 -1 
                  449 450 478 -1 
                  448 449 477 -1 
                  447 448 476 -1 
                  446 447 475 -1 
                  445 446 474 -1 
                  444 445 473 -1 
                  23 20 19 -1 
                  22 23 19 -1 
                  21 25 24 -1 
                  18 21 24 -1 
                  27 26 25 -1 
                  24 25 26 -1 
                  31 28 30 -1 
                  29 30 28 -1 
                  31 32 28 -1 
                  33 28 32 -1 
                  31 30 34 -1 
                  32 31 34 -1 
                  30 29 35 -1 
                  34 30 35 -1 
                  28 33 29 -1 
                  35 29 33 -1 
                  39 36 38 -1 
                  37 38 36 -1 
                  39 40 36 -1 
                  41 36 40 -1 
                  39 38 42 -1 
                  40 39 42 -1 
                  38 37 43 -1 
                  42 38 43 -1 
                  36 41 37 -1 
                  43 37 41 -1 
                  56 44 55 -1 
                  51 52 53 -1 
                  51 53 54 -1 
                  47 54 55 -1 
                  48 54 47 -1 
                  49 50 51 -1 
                  48 51 54 -1 
                  48 49 51 -1 
                  45 55 44 -1 
                  45 47 55 -1 
                  45 46 47 -1 
                  56 57 44 -1 
                  58 44 57 -1 
                  56 55 59 -1 
                  57 56 59 -1 
                  55 60 59 -1 
                  55 54 60 -1 
                  54 53 61 -1 
                  60 54 61 -1 
                  52 62 53 -1 
                  61 53 62 -1 
                  52 51 63 -1 
                  62 52 63 -1 
                  51 50 64 -1 
                  63 51 64 -1 
                  50 49 65 -1 
                  64 50 65 -1 
                  49 48 66 -1 
                  65 49 66 -1 
                  48 47 67 -1 
                  66 48 67 -1 
                  47 46 68 -1 
                  67 47 68 -1 
                  46 45 69 -1 
                  68 46 69 -1 
                  44 58 45 -1 
                  69 45 58 -1 
                  502 70 71 -1 
                  502 71 72 -1 
                  76 70 502 -1 
                  76 504 505 -1 
                  522 512 513 -1 
                  522 513 514 -1 
                  521 514 515 -1 
                  520 515 516 -1 
                  519 516 517 -1 
                  74 517 73 -1 
                  518 517 74 -1 
                  519 517 518 -1 
                  523 511 512 -1 
                  520 516 519 -1 
                  524 510 511 -1 
                  521 515 520 -1 
                  525 509 510 -1 
                  522 514 521 -1 
                  526 508 509 -1 
                  523 512 522 -1 
                  526 507 508 -1 
                  524 511 523 -1 
                  75 506 507 -1 
                  525 510 524 -1 
                  75 505 506 -1 
                  526 509 525 -1 
                  76 503 504 -1 
                  75 507 526 -1 
                  76 502 503 -1 
                  76 505 75 -1 
                  76 77 70 -1 
                  77 78 70 -1 
                  79 70 78 -1 
                  77 76 80 -1 
                  78 77 80 -1 
                  76 81 80 -1 
                  76 75 81 -1 
                  518 74 82 -1 
                  527 528 518 -1 
                  528 529 519 -1 
                  530 531 521 -1 
                  532 533 523 -1 
                  534 535 525 -1 
                  535 81 526 -1 
                  533 524 523 -1 
                  534 525 524 -1 
                  535 526 525 -1 
                  81 75 526 -1 
                  532 523 522 -1 
                  533 534 524 -1 
                  531 522 521 -1 
                  531 532 522 -1 
                  530 521 520 -1 
                  529 530 520 -1 
                  529 520 519 -1 
                  528 519 518 -1 
                  527 518 82 -1 
                  74 73 83 -1 
                  82 74 83 -1 
                  618 87 84 -1 
                  536 618 84 -1 
                  537 619 618 -1 
                  538 620 619 -1 
                  539 621 620 -1 
                  540 622 621 -1 
                  541 623 622 -1 
                  542 624 623 -1 
                  543 625 624 -1 
                  544 626 625 -1 
                  545 627 626 -1 
                  546 628 627 -1 
                  547 629 628 -1 
                  548 630 629 -1 
                  558 640 639 -1 
                  560 642 641 -1 
                  561 643 642 -1 
                  562 644 643 -1 
                  563 645 644 -1 
                  565 647 646 -1 
                  567 649 648 -1 
                  568 650 649 -1 
                  569 651 650 -1 
                  571 653 652 -1 
                  572 654 653 -1 
                  580 662 661 -1 
                  583 665 664 -1 
                  595 677 676 -1 
                  602 684 683 -1 
                  604 686 685 -1 
                  605 687 686 -1 
                  606 688 687 -1 
                  607 689 688 -1 
                  608 690 689 -1 
                  609 691 690 -1 
                  610 692 691 -1 
                  611 693 692 -1 
                  612 694 693 -1 
                  613 695 694 -1 
                  614 696 695 -1 
                  615 697 696 -1 
                  616 698 697 -1 
                  617 699 698 -1 
                  85 86 699 -1 
                  603 685 684 -1 
                  617 85 699 -1 
                  616 617 698 -1 
                  601 683 682 -1 
                  615 616 697 -1 
                  614 615 696 -1 
                  600 682 681 -1 
                  613 614 695 -1 
                  599 681 680 -1 
                  612 613 694 -1 
                  611 612 693 -1 
                  598 680 679 -1 
                  610 611 692 -1 
                  609 610 691 -1 
                  597 679 678 -1 
                  608 609 690 -1 
                  596 678 677 -1 
                  607 608 689 -1 
                  594 676 675 -1 
                  606 607 688 -1 
                  593 675 674 -1 
                  605 606 687 -1 
                  604 605 686 -1 
                  592 674 673 -1 
                  603 604 685 -1 
                  602 603 684 -1 
                  591 673 672 -1 
                  601 602 683 -1 
                  590 672 671 -1 
                  600 601 682 -1 
                  599 600 681 -1 
                  589 671 670 -1 
                  598 599 680 -1 
                  588 670 669 -1 
                  597 598 679 -1 
                  587 669 668 -1 
                  596 597 678 -1 
                  586 668 667 -1 
                  595 596 677 -1 
                  585 667 666 -1 
                  594 595 676 -1 
                  584 666 665 -1 
                  593 594 675 -1 
                  582 664 663 -1 
                  592 593 674 -1 
                  581 663 662 -1 
                  591 592 673 -1 
                  590 591 672 -1 
                  579 661 660 -1 
                  589 590 671 -1 
                  578 660 659 -1 
                  588 589 670 -1 
                  587 588 669 -1 
                  586 587 668 -1 
                  577 659 658 -1 
                  585 586 667 -1 
                  584 585 666 -1 
                  583 584 665 -1 
                  576 658 657 -1 
                  582 583 664 -1 
                  575 657 656 -1 
                  581 582 663 -1 
                  574 656 655 -1 
                  580 581 662 -1 
                  573 655 654 -1 
                  579 580 661 -1 
                  570 652 651 -1 
                  578 579 660 -1 
                  566 648 647 -1 
                  577 578 659 -1 
                  564 646 645 -1 
                  576 577 658 -1 
                  559 641 640 -1 
                  575 576 657 -1 
                  557 639 638 -1 
                  574 575 656 -1 
                  556 638 637 -1 
                  573 574 655 -1 
                  555 637 636 -1 
                  572 573 654 -1 
                  554 636 635 -1 
                  571 572 653 -1 
                  570 571 652 -1 
                  553 635 634 -1 
                  569 570 651 -1 
                  552 634 633 -1 
                  568 569 650 -1 
                  551 633 632 -1 
                  567 568 649 -1 
                  566 567 648 -1 
                  550 632 631 -1 
                  565 566 647 -1 
                  549 631 630 -1 
                  564 565 646 -1 
                  563 564 645 -1 
                  562 563 644 -1 
                  561 562 643 -1 
                  560 561 642 -1 
                  559 560 641 -1 
                  558 559 640 -1 
                  557 558 639 -1 
                  556 557 638 -1 
                  555 556 637 -1 
                  554 555 636 -1 
                  553 554 635 -1 
                  552 553 634 -1 
                  551 552 633 -1 
                  550 551 632 -1 
                  549 550 631 -1 
                  548 549 630 -1 
                  547 548 629 -1 
                  546 547 628 -1 
                  545 546 627 -1 
                  544 545 626 -1 
                  543 544 625 -1 
                  542 543 624 -1 
                  541 542 623 -1 
                  540 541 622 -1 
                  539 540 621 -1 
                  538 539 620 -1 
                  537 538 619 -1 
                  536 537 618 -1 
                  89 86 85 -1 
                  88 89 85 -1 
                  87 91 90 -1 
                  84 87 90 -1 
                  95 92 94 -1 
                  93 94 92 -1 
                  100 110 111 -1 
                  102 109 110 -1 
                  105 106 104 -1 
                  104 106 107 -1 
                  104 107 108 -1 
                  103 108 109 -1 
                  103 104 108 -1 
                  103 109 102 -1 
                  101 110 100 -1 
                  101 102 110 -1 
                  99 111 96 -1 
                  99 96 97 -1 
                  99 100 111 -1 
                  97 98 99 -1 
                  95 113 112 -1 
                  92 95 112 -1 
                  111 114 96 -1 
                  115 96 114 -1 
                  111 110 116 -1 
                  114 111 116 -1 
                  110 117 116 -1 
                  110 109 117 -1 
                  109 108 118 -1 
                  117 109 118 -1 
                  107 119 108 -1 
                  118 108 119 -1 
                  107 106 120 -1 
                  119 107 120 -1 
                  106 105 121 -1 
                  120 106 121 -1 
                  104 122 105 -1 
                  121 105 122 -1 
                  104 103 123 -1 
                  122 104 123 -1 
                  103 102 124 -1 
                  123 103 124 -1 
                  102 101 125 -1 
                  124 102 125 -1 
                  101 100 126 -1 
                  125 101 126 -1 
                  100 99 127 -1 
                  126 100 127 -1 
                  99 98 128 -1 
                  127 99 128 -1 
                  98 97 129 -1 
                  128 98 129 -1 
                  96 115 97 -1 
                  129 97 115 -1 
                  70 79 71 -1 
                  130 71 79 -1 
                  618 91 87 -1 
                  759 91 618 -1 
                  758 618 619 -1 
                  757 619 620 -1 
                  756 620 621 -1 
                  755 621 622 -1 
                  753 622 623 -1 
                  752 623 624 -1 
                  750 625 626 -1 
                  745 632 633 -1 
                  745 633 634 -1 
                  744 634 635 -1 
                  743 635 636 -1 
                  742 636 637 -1 
                  741 637 638 -1 
                  740 638 639 -1 
                  642 736 641 -1 
                  643 735 642 -1 
                  644 734 643 -1 
                  652 653 95 -1 
                  802 659 801 -1 
                  656 657 807 -1 
                  113 656 811 -1 
                  113 655 656 -1 
                  113 654 655 -1 
                  788 673 787 -1 
                  648 649 95 -1 
                  733 648 95 -1 
                  773 690 772 -1 
                  781 681 682 -1 
                  764 86 763 -1 
                  95 653 113 -1 
                  770 692 693 -1 
                  769 695 696 -1 
                  768 696 697 -1 
                  767 697 698 -1 
                  733 647 648 -1 
                  733 646 647 -1 
                  801 660 800 -1 
                  727 701 702 -1 
                  727 702 703 -1 
                  726 703 704 -1 
                  726 704 705 -1 
                  726 705 706 -1 
                  726 706 707 -1 
                  725 707 708 -1 
                  725 708 709 -1 
                  725 709 710 -1 
                  724 710 711 -1 
                  723 711 712 -1 
                  733 645 646 -1 
                  722 712 713 -1 
                  721 713 714 -1 
                  720 714 715 -1 
                  720 715 716 -1 
                  720 716 717 -1 
                  719 717 718 -1 
                  733 644 645 -1 
                  719 718 131 -1 
                  728 700 701 -1 
                  719 131 132 -1 
                  720 717 719 -1 
                  721 714 720 -1 
                  730 89 700 -1 
                  722 713 721 -1 
                  723 712 722 -1 
                  724 711 723 -1 
                  725 710 724 -1 
                  726 707 725 -1 
                  95 650 651 -1 
                  727 703 726 -1 
                  113 653 654 -1 
                  728 701 727 -1 
                  729 700 728 -1 
                  730 700 729 -1 
                  649 650 95 -1 
                  731 89 730 -1 
                  732 89 731 -1 
                  739 639 640 -1 
                  737 640 641 -1 
                  734 644 733 -1 
                  735 643 734 -1 
                  736 642 735 -1 
                  737 641 736 -1 
                  738 640 737 -1 
                  746 631 632 -1 
                  739 640 738 -1 
                  740 639 739 -1 
                  746 630 631 -1 
                  741 638 740 -1 
                  747 629 630 -1 
                  742 637 741 -1 
                  747 628 629 -1 
                  743 636 742 -1 
                  744 635 743 -1 
                  748 627 628 -1 
                  745 634 744 -1 
                  749 626 627 -1 
                  746 632 745 -1 
                  751 624 625 -1 
                  747 630 746 -1 
                  748 628 747 -1 
                  749 627 748 -1 
                  750 626 749 -1 
                  751 625 750 -1 
                  752 624 751 -1 
                  753 623 752 -1 
                  754 622 753 -1 
                  755 622 754 -1 
                  756 621 755 -1 
                  757 620 756 -1 
                  758 619 757 -1 
                  759 618 758 -1 
                  95 651 652 -1 
                  86 89 763 -1 
                  762 89 732 -1 
                  95 732 733 -1 
                  94 732 95 -1 
                  766 699 86 -1 
                  760 732 94 -1 
                  767 698 699 -1 
                  761 732 760 -1 
                  769 694 695 -1 
                  762 732 761 -1 
                  770 693 694 -1 
                  763 89 762 -1 
                  779 684 685 -1 
                  771 691 692 -1 
                  772 690 691 -1 
                  765 86 764 -1 
                  773 689 690 -1 
                  766 86 765 -1 
                  774 688 689 -1 
                  767 699 766 -1 
                  776 687 688 -1 
                  768 697 767 -1 
                  777 686 687 -1 
                  769 696 768 -1 
                  778 685 686 -1 
                  770 694 769 -1 
                  780 683 684 -1 
                  771 692 770 -1 
                  781 682 683 -1 
                  772 691 771 -1 
                  787 675 786 -1 
                  782 680 681 -1 
                  783 679 680 -1 
                  774 689 773 -1 
                  784 678 679 -1 
                  775 688 774 -1 
                  784 677 678 -1 
                  776 688 775 -1 
                  785 676 677 -1 
                  777 687 776 -1 
                  786 675 676 -1 
                  778 686 777 -1 
                  787 674 675 -1 
                  779 685 778 -1 
                  787 673 674 -1 
                  780 684 779 -1 
                  793 667 668 -1 
                  781 683 780 -1 
                  788 672 673 -1 
                  782 681 781 -1 
                  789 671 672 -1 
                  783 680 782 -1 
                  791 670 671 -1 
                  784 679 783 -1 
                  792 669 670 -1 
                  785 677 784 -1 
                  792 668 669 -1 
                  786 676 785 -1 
                  795 665 666 -1 
                  794 666 667 -1 
                  796 663 664 -1 
                  796 664 665 -1 
                  797 662 663 -1 
                  789 672 788 -1 
                  790 671 789 -1 
                  799 661 662 -1 
                  791 671 790 -1 
                  792 670 791 -1 
                  793 668 792 -1 
                  800 660 661 -1 
                  794 667 793 -1 
                  801 659 660 -1 
                  795 666 794 -1 
                  796 665 795 -1 
                  797 663 796 -1 
                  798 662 797 -1 
                  799 662 798 -1 
                  802 658 659 -1 
                  800 661 799 -1 
                  805 657 658 -1 
                  803 658 802 -1 
                  804 658 803 -1 
                  805 658 804 -1 
                  806 657 805 -1 
                  807 657 806 -1 
                  808 656 807 -1 
                  809 656 808 -1 
                  810 656 809 -1 
                  811 656 810 -1 
                  473 27 25 -1 
                  473 25 21 -1 
                  134 473 474 -1 
                  134 475 476 -1 
                  133 477 478 -1 
                  830 483 484 -1 
                  829 484 485 -1 
                  828 485 486 -1 
                  826 488 489 -1 
                  825 489 490 -1 
                  824 490 491 -1 
                  823 491 492 -1 
                  821 492 493 -1 
                  820 493 494 -1 
                  497 816 496 -1 
                  498 814 497 -1 
                  499 813 498 -1 
                  500 812 499 -1 
                  501 812 500 -1 
                  23 812 501 -1 
                  23 501 20 -1 
                  819 494 495 -1 
                  817 495 496 -1 
                  813 499 812 -1 
                  814 498 813 -1 
                  815 497 814 -1 
                  816 497 815 -1 
                  817 496 816 -1 
                  826 487 488 -1 
                  818 495 817 -1 
                  827 486 487 -1 
                  819 495 818 -1 
                  820 494 819 -1 
                  821 493 820 -1 
                  822 492 821 -1 
                  823 492 822 -1 
                  824 491 823 -1 
                  825 490 824 -1 
                  826 489 825 -1 
                  827 487 826 -1 
                  831 482 483 -1 
                  828 486 827 -1 
                  831 481 482 -1 
                  829 485 828 -1 
                  832 480 481 -1 
                  830 484 829 -1 
                  833 479 480 -1 
                  831 483 830 -1 
                  833 478 479 -1 
                  832 481 831 -1 
                  133 476 477 -1 
                  833 480 832 -1 
                  134 474 475 -1 
                  133 478 833 -1 
                  134 27 473 -1 
                  134 476 133 -1 
                  134 135 27 -1 
                  135 136 27 -1 
                  26 27 136 -1 
                  135 134 137 -1 
                  136 135 137 -1 
                  134 138 137 -1 
                  134 133 138 -1 
                  812 23 22 -1 
                  835 813 812 -1 
                  839 817 816 -1 
                  840 818 817 -1 
                  841 819 818 -1 
                  842 820 819 -1 
                  843 821 820 -1 
                  844 822 821 -1 
                  845 823 822 -1 
                  846 824 823 -1 
                  847 825 824 -1 
                  848 826 825 -1 
                  849 827 826 -1 
                  850 828 827 -1 
                  851 829 828 -1 
                  852 830 829 -1 
                  853 831 830 -1 
                  854 832 831 -1 
                  855 833 832 -1 
                  138 133 833 -1 
                  838 816 815 -1 
                  855 138 833 -1 
                  837 815 814 -1 
                  854 855 832 -1 
                  836 814 813 -1 
                  853 854 831 -1 
                  852 853 830 -1 
                  851 852 829 -1 
                  850 851 828 -1 
                  849 850 827 -1 
                  848 849 826 -1 
                  834 812 22 -1 
                  847 848 825 -1 
                  846 847 824 -1 
                  845 846 823 -1 
                  844 845 822 -1 
                  843 844 821 -1 
                  842 843 820 -1 
                  841 842 819 -1 
                  840 841 818 -1 
                  839 840 817 -1 
                  838 839 816 -1 
                  837 838 815 -1 
                  836 837 814 -1 
                  835 836 813 -1 
                  834 835 812 -1 
                  502 72 139 -1 
                  864 510 509 -1 
                  865 511 510 -1 
                  866 512 511 -1 
                  867 513 512 -1 
                  868 514 513 -1 
                  869 515 514 -1 
                  870 516 515 -1 
                  871 517 516 -1 
                  83 73 517 -1 
                  863 509 508 -1 
                  871 83 517 -1 
                  862 508 507 -1 
                  870 871 516 -1 
                  861 507 506 -1 
                  869 870 515 -1 
                  860 506 505 -1 
                  868 869 514 -1 
                  859 505 504 -1 
                  867 868 513 -1 
                  858 504 503 -1 
                  866 867 512 -1 
                  857 503 502 -1 
                  865 866 511 -1 
                  864 865 510 -1 
                  863 864 509 -1 
                  862 863 508 -1 
                  861 862 507 -1 
                  860 861 506 -1 
                  859 860 505 -1 
                  856 502 139 -1 
                  858 859 504 -1 
                  857 858 503 -1 
                  856 857 502 -1 
                  72 71 130 -1 
                  139 72 130 -1 
                  760 94 93 -1 
                  872 760 93 -1 
                  873 761 760 -1 
                  874 762 761 -1 
                  875 763 762 -1 
                  891 779 778 -1 
                  893 781 780 -1 
                  895 783 782 -1 
                  903 791 790 -1 
                  905 793 792 -1 
                  907 795 794 -1 
                  908 796 795 -1 
                  909 797 796 -1 
                  910 798 797 -1 
                  915 803 802 -1 
                  916 804 803 -1 
                  917 805 804 -1 
                  918 806 805 -1 
                  919 807 806 -1 
                  920 808 807 -1 
                  921 809 808 -1 
                  922 810 809 -1 
                  923 811 810 -1 
                  112 113 811 -1 
                  923 112 811 -1 
                  914 802 801 -1 
                  922 923 810 -1 
                  921 922 809 -1 
                  920 921 808 -1 
                  919 920 807 -1 
                  918 919 806 -1 
                  917 918 805 -1 
                  913 801 800 -1 
                  916 917 804 -1 
                  915 916 803 -1 
                  912 800 799 -1 
                  914 915 802 -1 
                  911 799 798 -1 
                  913 914 801 -1 
                  906 794 793 -1 
                  912 913 800 -1 
                  904 792 791 -1 
                  911 912 799 -1 
                  910 911 798 -1 
                  902 790 789 -1 
                  909 910 797 -1 
                  901 789 788 -1 
                  908 909 796 -1 
                  907 908 795 -1 
                  900 788 787 -1 
                  906 907 794 -1 
                  905 906 793 -1 
                  899 787 786 -1 
                  904 905 792 -1 
                  903 904 791 -1 
                  898 786 785 -1 
                  902 903 790 -1 
                  897 785 784 -1 
                  901 902 789 -1 
                  896 784 783 -1 
                  900 901 788 -1 
                  894 782 781 -1 
                  899 900 787 -1 
                  892 780 779 -1 
                  898 899 786 -1 
                  890 778 777 -1 
                  897 898 785 -1 
                  889 777 776 -1 
                  896 897 784 -1 
                  888 776 775 -1 
                  895 896 783 -1 
                  887 775 774 -1 
                  894 895 782 -1 
                  886 774 773 -1 
                  893 894 781 -1 
                  892 893 780 -1 
                  885 773 772 -1 
                  891 892 779 -1 
                  884 772 771 -1 
                  890 891 778 -1 
                  889 890 777 -1 
                  883 771 770 -1 
                  888 889 776 -1 
                  882 770 769 -1 
                  887 888 775 -1 
                  886 887 774 -1 
                  881 769 768 -1 
                  885 886 773 -1 
                  880 768 767 -1 
                  884 885 772 -1 
                  879 767 766 -1 
                  883 884 771 -1 
                  878 766 765 -1 
                  882 883 770 -1 
                  877 765 764 -1 
                  881 882 769 -1 
                  876 764 763 -1 
                  880 881 768 -1 
                  879 880 767 -1 
                  878 879 766 -1 
                  877 878 765 -1 
                  876 877 764 -1 
                  875 876 763 -1 
                  874 875 762 -1 
                  873 874 761 -1 
                  872 873 760 -1 
                  719 132 140 -1 
                  924 719 140 -1 
                  925 720 719 -1 
                  926 721 720 -1 
                  927 722 721 -1 
                  928 723 722 -1 
                  929 724 723 -1 
                  930 725 724 -1 
                  931 726 725 -1 
                  932 727 726 -1 
                  933 728 727 -1 
                  934 729 728 -1 
                  935 730 729 -1 
                  936 731 730 -1 
                  937 732 731 -1 
                  948 743 742 -1 
                  950 745 744 -1 
                  951 746 745 -1 
                  952 747 746 -1 
                  953 748 747 -1 
                  954 749 748 -1 
                  955 750 749 -1 
                  956 751 750 -1 
                  957 752 751 -1 
                  958 753 752 -1 
                  959 754 753 -1 
                  960 755 754 -1 
                  961 756 755 -1 
                  962 757 756 -1 
                  963 758 757 -1 
                  964 759 758 -1 
                  90 91 759 -1 
                  949 744 743 -1 
                  964 90 759 -1 
                  947 742 741 -1 
                  963 964 758 -1 
                  946 741 740 -1 
                  962 963 757 -1 
                  945 740 739 -1 
                  961 962 756 -1 
                  944 739 738 -1 
                  960 961 755 -1 
                  943 738 737 -1 
                  959 960 754 -1 
                  942 737 736 -1 
                  958 959 753 -1 
                  941 736 735 -1 
                  957 958 752 -1 
                  940 735 734 -1 
                  956 957 751 -1 
                  939 734 733 -1 
                  955 956 750 -1 
                  954 955 749 -1 
                  953 954 748 -1 
                  952 953 747 -1 
                  951 952 746 -1 
                  938 733 732 -1 
                  950 951 745 -1 
                  949 950 744 -1 
                  948 949 743 -1 
                  947 948 742 -1 
                  946 947 741 -1 
                  945 946 740 -1 
                  944 945 739 -1 
                  943 944 738 -1 
                  942 943 737 -1 
                  941 942 736 -1 
                  940 941 735 -1 
                  939 940 734 -1 
                  938 939 733 -1 
                  937 938 732 -1 
                  936 937 731 -1 
                  935 936 730 -1 
                  934 935 729 -1 
                  933 934 728 -1 
                  932 933 727 -1 
                  931 932 726 -1 
                  930 931 725 -1 
                  929 930 724 -1 
                  928 929 723 -1 
                  927 928 722 -1 
                  926 927 721 -1 
                  925 926 720 -1 
                  924 925 719 -1 
                  132 131 141 -1 
                  140 132 141 -1 
                  700 89 88 -1 
                  968 969 703 -1 
                  970 971 705 -1 
                  972 973 707 -1 
                  974 975 709 -1 
                  975 976 710 -1 
                  977 978 712 -1 
                  982 983 717 -1 
                  983 141 718 -1 
                  973 708 707 -1 
                  974 709 708 -1 
                  975 710 709 -1 
                  976 711 710 -1 
                  977 712 711 -1 
                  978 713 712 -1 
                  979 714 713 -1 
                  980 715 714 -1 
                  981 716 715 -1 
                  982 717 716 -1 
                  983 718 717 -1 
                  141 131 718 -1 
                  972 707 706 -1 
                  981 982 716 -1 
                  980 981 715 -1 
                  979 980 714 -1 
                  978 979 713 -1 
                  971 706 705 -1 
                  976 977 711 -1 
                  970 705 704 -1 
                  969 704 703 -1 
                  973 974 708 -1 
                  968 703 702 -1 
                  971 972 706 -1 
                  967 702 701 -1 
                  969 970 704 -1 
                  966 701 700 -1 
                  967 968 702 -1 
                  966 967 701 -1 
                  965 966 700 -1 
                  965 700 88 -1 
                ]
                normalIndex [
                  1 0 2 -1 
                  3 2 0 -1 
                  6 4 7 -1 
                  6 5 4 -1 
                  140 13 12 -1 
                  139 14 13 -1 
                  132 131 20 -1 
                  132 20 19 -1 
                  124 26 25 -1 
                  121 120 29 -1 
                  121 29 28 -1 
                  120 30 29 -1 
                  34 33 62 -1 
                  61 34 62 -1 
                  61 35 34 -1 
                  61 36 35 -1 
                  152 151 54 -1 
                  165 40 39 -1 
                  162 44 43 -1 
                  161 45 44 -1 
                  160 46 45 -1 
                  159 47 46 -1 
                  158 48 47 -1 
                  156 50 49 -1 
                  155 51 50 -1 
                  154 52 51 -1 
                  153 53 52 -1 
                  151 55 54 -1 
                  142 141 11 -1 
                  167 37 36 -1 
                  37 166 38 -1 
                  119 32 31 -1 
                  62 33 32 -1 
                  24 126 25 -1 
                  133 19 18 -1 
                  133 132 19 -1 
                  134 133 18 -1 
                  141 12 11 -1 
                  143 11 10 -1 
                  144 10 9 -1 
                  106 105 76 -1 
                  140 139 13 -1 
                  100 82 81 -1 
                  134 18 17 -1 
                  98 84 83 -1 
                  97 85 84 -1 
                  96 86 85 -1 
                  88 87 95 -1 
                  89 88 94 -1 
                  90 89 93 -1 
                  91 90 92 -1 
                  99 83 82 -1 
                  96 87 86 -1 
                  101 81 80 -1 
                  93 92 90 -1 
                  102 80 79 -1 
                  94 93 89 -1 
                  103 79 78 -1 
                  95 94 88 -1 
                  103 78 77 -1 
                  96 95 87 -1 
                  111 71 70 -1 
                  97 96 85 -1 
                  104 77 76 -1 
                  98 97 84 -1 
                  110 72 71 -1 
                  99 98 83 -1 
                  106 76 75 -1 
                  100 99 82 -1 
                  107 75 74 -1 
                  101 100 81 -1 
                  108 74 73 -1 
                  102 101 80 -1 
                  109 73 72 -1 
                  103 102 79 -1 
                  104 103 77 -1 
                  113 69 68 -1 
                  112 70 69 -1 
                  105 104 76 -1 
                  114 68 67 -1 
                  107 106 75 -1 
                  115 67 66 -1 
                  108 107 74 -1 
                  116 66 65 -1 
                  109 108 73 -1 
                  117 65 64 -1 
                  110 109 72 -1 
                  111 110 71 -1 
                  118 64 63 -1 
                  112 111 70 -1 
                  113 112 69 -1 
                  114 113 68 -1 
                  115 114 67 -1 
                  123 122 26 -1 
                  116 115 66 -1 
                  118 63 62 -1 
                  117 116 65 -1 
                  118 62 119 -1 
                  118 117 64 -1 
                  120 31 30 -1 
                  119 62 32 -1 
                  120 119 31 -1 
                  121 28 27 -1 
                  122 27 26 -1 
                  122 121 27 -1 
                  128 24 23 -1 
                  129 23 22 -1 
                  124 123 26 -1 
                  125 124 25 -1 
                  130 22 21 -1 
                  126 125 25 -1 
                  131 21 20 -1 
                  127 126 24 -1 
                  128 127 24 -1 
                  129 128 23 -1 
                  130 129 22 -1 
                  131 130 21 -1 
                  136 17 16 -1 
                  137 16 15 -1 
                  138 15 14 -1 
                  135 134 17 -1 
                  136 135 17 -1 
                  137 136 16 -1 
                  138 137 15 -1 
                  139 138 14 -1 
                  145 9 8 -1 
                  146 8 59 -1 
                  141 140 12 -1 
                  147 59 58 -1 
                  143 142 11 -1 
                  148 58 57 -1 
                  144 143 10 -1 
                  149 57 56 -1 
                  145 144 9 -1 
                  150 56 55 -1 
                  146 145 8 -1 
                  152 54 53 -1 
                  147 146 59 -1 
                  148 147 58 -1 
                  149 148 57 -1 
                  150 149 56 -1 
                  157 49 48 -1 
                  151 150 55 -1 
                  153 152 53 -1 
                  154 153 52 -1 
                  155 154 51 -1 
                  156 155 50 -1 
                  157 156 49 -1 
                  158 157 48 -1 
                  159 158 47 -1 
                  160 159 46 -1 
                  163 43 42 -1 
                  161 160 45 -1 
                  163 42 41 -1 
                  162 161 44 -1 
                  164 41 40 -1 
                  163 162 43 -1 
                  166 39 38 -1 
                  164 163 41 -1 
                  165 164 40 -1 
                  166 165 39 -1 
                  167 36 61 -1 
                  167 166 37 -1 
                  167 61 60 -1 
                  256 185 184 -1 
                  254 187 186 -1 
                  252 189 188 -1 
                  231 210 209 -1 
                  229 212 211 -1 
                  227 214 213 -1 
                  225 216 215 -1 
                  224 217 216 -1 
                  223 218 217 -1 
                  222 219 218 -1 
                  221 220 219 -1 
                  226 215 214 -1 
                  222 221 219 -1 
                  228 213 212 -1 
                  223 222 218 -1 
                  230 211 210 -1 
                  224 223 217 -1 
                  232 209 208 -1 
                  225 224 216 -1 
                  233 208 207 -1 
                  226 225 215 -1 
                  234 207 206 -1 
                  227 226 214 -1 
                  235 206 205 -1 
                  228 227 213 -1 
                  236 205 204 -1 
                  229 228 212 -1 
                  237 204 203 -1 
                  230 229 211 -1 
                  238 203 202 -1 
                  231 230 210 -1 
                  239 202 201 -1 
                  232 231 209 -1 
                  240 201 200 -1 
                  233 232 208 -1 
                  241 200 199 -1 
                  234 233 207 -1 
                  235 234 206 -1 
                  242 199 198 -1 
                  236 235 205 -1 
                  243 198 197 -1 
                  237 236 204 -1 
                  244 197 196 -1 
                  238 237 203 -1 
                  239 238 202 -1 
                  245 196 195 -1 
                  240 239 201 -1 
                  241 240 200 -1 
                  246 195 194 -1 
                  242 241 199 -1 
                  243 242 198 -1 
                  247 194 193 -1 
                  244 243 197 -1 
                  248 193 192 -1 
                  245 244 196 -1 
                  249 192 191 -1 
                  246 245 195 -1 
                  250 191 190 -1 
                  247 246 194 -1 
                  251 190 189 -1 
                  248 247 193 -1 
                  253 188 187 -1 
                  249 248 192 -1 
                  255 186 185 -1 
                  250 249 191 -1 
                  257 184 183 -1 
                  251 250 190 -1 
                  258 183 182 -1 
                  252 251 189 -1 
                  259 182 181 -1 
                  253 252 188 -1 
                  260 181 180 -1 
                  254 253 187 -1 
                  261 180 179 -1 
                  255 254 186 -1 
                  262 179 178 -1 
                  256 255 185 -1 
                  263 178 177 -1 
                  257 256 184 -1 
                  264 177 176 -1 
                  258 257 183 -1 
                  265 176 175 -1 
                  259 258 182 -1 
                  266 175 174 -1 
                  260 259 181 -1 
                  267 174 173 -1 
                  261 260 180 -1 
                  262 261 179 -1 
                  268 173 172 -1 
                  263 262 178 -1 
                  269 172 171 -1 
                  264 263 177 -1 
                  270 171 170 -1 
                  265 264 176 -1 
                  266 265 175 -1 
                  271 170 169 -1 
                  267 266 174 -1 
                  268 267 173 -1 
                  272 169 168 -1 
                  269 268 172 -1 
                  270 269 171 -1 
                  271 270 170 -1 
                  272 271 169 -1 
                  273 272 168 -1 
                  275 274 276 -1 
                  277 276 274 -1 
                  280 279 278 -1 
                  339 280 278 -1 
                  338 281 280 -1 
                  337 282 281 -1 
                  336 283 282 -1 
                  335 284 283 -1 
                  334 285 284 -1 
                  333 286 285 -1 
                  332 287 286 -1 
                  331 288 287 -1 
                  330 289 288 -1 
                  329 290 289 -1 
                  328 291 290 -1 
                  327 292 291 -1 
                  326 293 292 -1 
                  325 294 293 -1 
                  324 295 294 -1 
                  323 296 295 -1 
                  322 297 296 -1 
                  321 298 297 -1 
                  320 299 298 -1 
                  319 300 299 -1 
                  318 301 300 -1 
                  317 302 301 -1 
                  316 303 302 -1 
                  315 304 303 -1 
                  314 305 304 -1 
                  313 306 305 -1 
                  312 307 306 -1 
                  310 309 308 -1 
                  311 308 307 -1 
                  311 310 308 -1 
                  312 311 307 -1 
                  313 312 306 -1 
                  314 313 305 -1 
                  315 314 304 -1 
                  316 315 303 -1 
                  317 316 302 -1 
                  318 317 301 -1 
                  319 318 300 -1 
                  320 319 299 -1 
                  321 320 298 -1 
                  322 321 297 -1 
                  323 322 296 -1 
                  324 323 295 -1 
                  325 324 294 -1 
                  326 325 293 -1 
                  327 326 292 -1 
                  328 327 291 -1 
                  329 328 290 -1 
                  330 329 289 -1 
                  331 330 288 -1 
                  332 331 287 -1 
                  333 332 286 -1 
                  334 333 285 -1 
                  335 334 284 -1 
                  336 335 283 -1 
                  337 336 282 -1 
                  338 337 281 -1 
                  339 338 280 -1 
                  341 340 342 -1 
                  343 342 340 -1 
                  346 345 344 -1 
                  391 390 354 -1 
                  388 387 357 -1 
                  386 385 359 -1 
                  385 384 360 -1 
                  383 382 362 -1 
                  380 379 365 -1 
                  377 376 368 -1 
                  374 373 371 -1 
                  391 354 353 -1 
                  390 355 354 -1 
                  389 356 355 -1 
                  388 357 356 -1 
                  387 358 357 -1 
                  386 359 358 -1 
                  385 360 359 -1 
                  384 361 360 -1 
                  383 362 361 -1 
                  382 363 362 -1 
                  381 364 363 -1 
                  380 365 364 -1 
                  379 366 365 -1 
                  378 367 366 -1 
                  377 368 367 -1 
                  376 369 368 -1 
                  375 370 369 -1 
                  374 371 370 -1 
                  373 372 371 -1 
                  375 374 370 -1 
                  376 375 369 -1 
                  392 353 352 -1 
                  378 377 367 -1 
                  379 378 366 -1 
                  393 352 351 -1 
                  381 380 364 -1 
                  382 381 363 -1 
                  394 351 350 -1 
                  384 383 361 -1 
                  395 350 349 -1 
                  396 349 348 -1 
                  387 386 358 -1 
                  397 348 347 -1 
                  389 388 356 -1 
                  390 389 355 -1 
                  398 347 346 -1 
                  392 391 353 -1 
                  393 392 352 -1 
                  394 393 351 -1 
                  395 394 350 -1 
                  396 395 349 -1 
                  397 396 348 -1 
                  398 397 347 -1 
                  399 398 346 -1 
                  399 346 344 -1 
                  402 401 400 -1 
                  403 402 400 -1 
                  406 405 404 -1 
                  497 406 404 -1 
                  496 407 406 -1 
                  495 408 407 -1 
                  494 409 408 -1 
                  493 410 409 -1 
                  492 411 410 -1 
                  491 412 411 -1 
                  490 413 412 -1 
                  488 415 414 -1 
                  486 417 416 -1 
                  484 419 418 -1 
                  482 421 420 -1 
                  480 423 422 -1 
                  470 433 432 -1 
                  464 439 438 -1 
                  461 442 441 -1 
                  460 443 442 -1 
                  459 444 443 -1 
                  458 445 444 -1 
                  457 446 445 -1 
                  456 447 446 -1 
                  455 448 447 -1 
                  454 449 448 -1 
                  453 450 449 -1 
                  452 451 450 -1 
                  462 441 440 -1 
                  453 452 450 -1 
                  463 440 439 -1 
                  454 453 449 -1 
                  455 454 448 -1 
                  465 438 437 -1 
                  456 455 447 -1 
                  457 456 446 -1 
                  466 437 436 -1 
                  458 457 445 -1 
                  467 436 435 -1 
                  459 458 444 -1 
                  460 459 443 -1 
                  468 435 434 -1 
                  461 460 442 -1 
                  469 434 433 -1 
                  462 461 441 -1 
                  471 432 431 -1 
                  463 462 440 -1 
                  472 431 430 -1 
                  464 463 439 -1 
                  473 430 429 -1 
                  465 464 438 -1 
                  474 429 428 -1 
                  466 465 437 -1 
                  467 466 436 -1 
                  475 428 427 -1 
                  468 467 435 -1 
                  469 468 434 -1 
                  476 427 426 -1 
                  470 469 433 -1 
                  471 470 432 -1 
                  477 426 425 -1 
                  472 471 431 -1 
                  473 472 430 -1 
                  478 425 424 -1 
                  474 473 429 -1 
                  475 474 428 -1 
                  479 424 423 -1 
                  476 475 427 -1 
                  481 422 421 -1 
                  477 476 426 -1 
                  483 420 419 -1 
                  478 477 425 -1 
                  485 418 417 -1 
                  479 478 424 -1 
                  487 416 415 -1 
                  480 479 423 -1 
                  489 414 413 -1 
                  481 480 422 -1 
                  482 481 421 -1 
                  483 482 420 -1 
                  484 483 419 -1 
                  485 484 418 -1 
                  486 485 417 -1 
                  487 486 416 -1 
                  488 487 415 -1 
                  489 488 414 -1 
                  490 489 413 -1 
                  491 490 412 -1 
                  492 491 411 -1 
                  493 492 410 -1 
                  494 493 409 -1 
                  495 494 408 -1 
                  496 495 407 -1 
                  497 496 406 -1 
                  500 499 498 -1 
                  550 509 508 -1 
                  548 511 510 -1 
                  546 513 512 -1 
                  545 514 513 -1 
                  544 515 514 -1 
                  543 516 515 -1 
                  542 517 516 -1 
                  541 518 517 -1 
                  540 519 518 -1 
                  539 520 519 -1 
                  538 521 520 -1 
                  537 522 521 -1 
                  536 523 522 -1 
                  535 524 523 -1 
                  534 525 524 -1 
                  533 526 525 -1 
                  532 527 526 -1 
                  530 529 528 -1 
                  531 528 527 -1 
                  531 530 528 -1 
                  547 512 511 -1 
                  532 531 527 -1 
                  549 510 509 -1 
                  533 532 526 -1 
                  534 533 525 -1 
                  551 508 507 -1 
                  535 534 524 -1 
                  552 507 506 -1 
                  536 535 523 -1 
                  553 506 505 -1 
                  537 536 522 -1 
                  554 505 504 -1 
                  538 537 521 -1 
                  539 538 520 -1 
                  555 504 503 -1 
                  540 539 519 -1 
                  556 503 502 -1 
                  541 540 518 -1 
                  557 502 501 -1 
                  542 541 517 -1 
                  558 501 500 -1 
                  543 542 516 -1 
                  544 543 515 -1 
                  545 544 514 -1 
                  546 545 513 -1 
                  547 546 512 -1 
                  548 547 511 -1 
                  549 548 510 -1 
                  550 549 509 -1 
                  551 550 508 -1 
                  559 500 498 -1 
                  552 551 507 -1 
                  553 552 506 -1 
                  554 553 505 -1 
                  555 554 504 -1 
                  556 555 503 -1 
                  557 556 502 -1 
                  558 557 501 -1 
                  559 558 500 -1 
                  562 561 560 -1 
                  563 562 560 -1 
                  566 565 564 -1 
                  567 566 564 -1 
                  569 568 570 -1 
                  571 570 568 -1 
                  573 572 574 -1 
                  575 574 572 -1 
                  577 576 578 -1 
                  579 578 576 -1 
                  582 581 580 -1 
                  583 582 580 -1 
                  586 585 584 -1 
                  587 586 584 -1 
                  589 588 590 -1 
                  591 590 588 -1 
                  593 592 594 -1 
                  595 594 592 -1 
                  597 596 598 -1 
                  599 598 596 -1 
                  602 601 600 -1 
                  603 602 600 -1 
                  606 605 604 -1 
                  607 606 604 -1 
                  609 608 610 -1 
                  611 610 608 -1 
                  613 612 614 -1 
                  618 617 616 -1 
                  618 616 615 -1 
                  622 615 614 -1 
                  621 615 622 -1 
                  620 619 618 -1 
                  621 618 615 -1 
                  621 620 618 -1 
                  624 614 612 -1 
                  624 622 614 -1 
                  624 623 622 -1 
                  626 625 627 -1 
                  628 627 625 -1 
                  631 630 629 -1 
                  632 631 629 -1 
                  635 633 636 -1 
                  635 634 633 -1 
                  639 638 637 -1 
                  640 639 637 -1 
                  642 641 643 -1 
                  644 643 641 -1 
                  647 646 645 -1 
                  648 647 645 -1 
                  651 650 649 -1 
                  652 651 649 -1 
                  655 654 653 -1 
                  656 655 653 -1 
                  659 658 657 -1 
                  660 659 657 -1 
                  663 662 661 -1 
                  664 663 661 -1 
                  667 666 665 -1 
                  668 667 665 -1 
                  671 670 669 -1 
                  672 671 669 -1 
                  674 673 675 -1 
                  676 675 673 -1 
                  680 677 678 -1 
                  680 678 679 -1 
                  708 677 680 -1 
                  708 682 683 -1 
                  702 690 691 -1 
                  702 691 692 -1 
                  701 692 693 -1 
                  700 693 694 -1 
                  699 694 695 -1 
                  697 695 696 -1 
                  698 695 697 -1 
                  699 695 698 -1 
                  703 689 690 -1 
                  700 694 699 -1 
                  704 688 689 -1 
                  701 693 700 -1 
                  705 687 688 -1 
                  702 692 701 -1 
                  706 686 687 -1 
                  703 690 702 -1 
                  706 685 686 -1 
                  704 689 703 -1 
                  707 684 685 -1 
                  705 688 704 -1 
                  707 683 684 -1 
                  706 687 705 -1 
                  708 681 682 -1 
                  707 685 706 -1 
                  708 680 681 -1 
                  708 683 707 -1 
                  708 709 677 -1 
                  711 710 712 -1 
                  713 712 710 -1 
                  716 715 714 -1 
                  717 716 714 -1 
                  720 718 721 -1 
                  720 719 718 -1 
                  724 723 722 -1 
                  743 742 724 -1 
                  742 741 725 -1 
                  740 739 727 -1 
                  738 737 729 -1 
                  736 735 731 -1 
                  735 734 732 -1 
                  737 730 729 -1 
                  736 731 730 -1 
                  735 732 731 -1 
                  734 733 732 -1 
                  738 729 728 -1 
                  737 736 730 -1 
                  739 728 727 -1 
                  739 738 728 -1 
                  740 727 726 -1 
                  741 740 726 -1 
                  741 726 725 -1 
                  742 725 724 -1 
                  743 724 722 -1 
                  746 745 744 -1 
                  747 746 744 -1 
                  750 749 748 -1 
                  915 750 748 -1 
                  914 751 750 -1 
                  913 752 751 -1 
                  912 753 752 -1 
                  911 754 753 -1 
                  910 755 754 -1 
                  909 756 755 -1 
                  908 757 756 -1 
                  907 758 757 -1 
                  906 759 758 -1 
                  905 760 759 -1 
                  904 761 760 -1 
                  903 762 761 -1 
                  893 772 771 -1 
                  891 774 773 -1 
                  890 775 774 -1 
                  889 776 775 -1 
                  888 777 776 -1 
                  886 779 778 -1 
                  884 781 780 -1 
                  883 782 781 -1 
                  882 783 782 -1 
                  880 785 784 -1 
                  879 786 785 -1 
                  871 794 793 -1 
                  868 797 796 -1 
                  856 809 808 -1 
                  849 816 815 -1 
                  847 818 817 -1 
                  846 819 818 -1 
                  845 820 819 -1 
                  844 821 820 -1 
                  843 822 821 -1 
                  842 823 822 -1 
                  841 824 823 -1 
                  840 825 824 -1 
                  839 826 825 -1 
                  838 827 826 -1 
                  837 828 827 -1 
                  836 829 828 -1 
                  835 830 829 -1 
                  834 831 830 -1 
                  833 832 831 -1 
                  848 817 816 -1 
                  834 833 831 -1 
                  835 834 830 -1 
                  850 815 814 -1 
                  836 835 829 -1 
                  837 836 828 -1 
                  851 814 813 -1 
                  838 837 827 -1 
                  852 813 812 -1 
                  839 838 826 -1 
                  840 839 825 -1 
                  853 812 811 -1 
                  841 840 824 -1 
                  842 841 823 -1 
                  854 811 810 -1 
                  843 842 822 -1 
                  855 810 809 -1 
                  844 843 821 -1 
                  857 808 807 -1 
                  845 844 820 -1 
                  858 807 806 -1 
                  846 845 819 -1 
                  847 846 818 -1 
                  859 806 805 -1 
                  848 847 817 -1 
                  849 848 816 -1 
                  860 805 804 -1 
                  850 849 815 -1 
                  861 804 803 -1 
                  851 850 814 -1 
                  852 851 813 -1 
                  862 803 802 -1 
                  853 852 812 -1 
                  863 802 801 -1 
                  854 853 811 -1 
                  864 801 800 -1 
                  855 854 810 -1 
                  865 800 799 -1 
                  856 855 809 -1 
                  866 799 798 -1 
                  857 856 808 -1 
                  867 798 797 -1 
                  858 857 807 -1 
                  869 796 795 -1 
                  859 858 806 -1 
                  870 795 794 -1 
                  860 859 805 -1 
                  861 860 804 -1 
                  872 793 792 -1 
                  862 861 803 -1 
                  873 792 791 -1 
                  863 862 802 -1 
                  864 863 801 -1 
                  865 864 800 -1 
                  874 791 790 -1 
                  866 865 799 -1 
                  867 866 798 -1 
                  868 867 797 -1 
                  875 790 789 -1 
                  869 868 796 -1 
                  876 789 788 -1 
                  870 869 795 -1 
                  877 788 787 -1 
                  871 870 794 -1 
                  878 787 786 -1 
                  872 871 793 -1 
                  881 784 783 -1 
                  873 872 792 -1 
                  885 780 779 -1 
                  874 873 791 -1 
                  887 778 777 -1 
                  875 874 790 -1 
                  892 773 772 -1 
                  876 875 789 -1 
                  894 771 770 -1 
                  877 876 788 -1 
                  895 770 769 -1 
                  878 877 787 -1 
                  896 769 768 -1 
                  879 878 786 -1 
                  897 768 767 -1 
                  880 879 785 -1 
                  881 880 784 -1 
                  898 767 766 -1 
                  882 881 783 -1 
                  899 766 765 -1 
                  883 882 782 -1 
                  900 765 764 -1 
                  884 883 781 -1 
                  885 884 780 -1 
                  901 764 763 -1 
                  886 885 779 -1 
                  902 763 762 -1 
                  887 886 778 -1 
                  888 887 777 -1 
                  889 888 776 -1 
                  890 889 775 -1 
                  891 890 774 -1 
                  892 891 773 -1 
                  893 892 772 -1 
                  894 893 771 -1 
                  895 894 770 -1 
                  896 895 769 -1 
                  897 896 768 -1 
                  898 897 767 -1 
                  899 898 766 -1 
                  900 899 765 -1 
                  901 900 764 -1 
                  902 901 763 -1 
                  903 902 762 -1 
                  904 903 761 -1 
                  905 904 760 -1 
                  906 905 759 -1 
                  907 906 758 -1 
                  908 907 757 -1 
                  909 908 756 -1 
                  910 909 755 -1 
                  911 910 754 -1 
                  912 911 753 -1 
                  913 912 752 -1 
                  914 913 751 -1 
                  915 914 750 -1 
                  918 917 916 -1 
                  919 918 916 -1 
                  922 921 920 -1 
                  923 922 920 -1 
                  925 924 926 -1 
                  927 926 924 -1 
                  940 930 929 -1 
                  938 931 930 -1 
                  935 934 936 -1 
                  936 934 933 -1 
                  936 933 932 -1 
                  937 932 931 -1 
                  937 936 932 -1 
                  937 931 938 -1 
                  939 930 940 -1 
                  939 938 930 -1 
                  941 929 928 -1 
                  941 928 943 -1 
                  941 940 929 -1 
                  943 942 941 -1 
                  946 945 944 -1 
                  947 946 944 -1 
                  949 948 950 -1 
                  951 950 948 -1 
                  954 953 952 -1 
                  955 954 952 -1 
                  958 956 959 -1 
                  958 957 956 -1 
                  962 961 960 -1 
                  963 962 960 -1 
                  965 964 966 -1 
                  967 966 964 -1 
                  970 969 968 -1 
                  971 970 968 -1 
                  974 973 972 -1 
                  975 974 972 -1 
                  977 976 978 -1 
                  979 978 976 -1 
                  982 981 980 -1 
                  983 982 980 -1 
                  986 985 984 -1 
                  987 986 984 -1 
                  990 989 988 -1 
                  991 990 988 -1 
                  994 993 992 -1 
                  995 994 992 -1 
                  998 997 996 -1 
                  999 998 996 -1 
                  1002 1001 1000 -1 
                  1003 1002 1000 -1 
                  1006 1005 1004 -1 
                  1007 1006 1004 -1 
                  1009 1008 1010 -1 
                  1011 1010 1008 -1 
                  1013 1012 1014 -1 
                  1015 1014 1012 -1 
                  1018 1016 1017 -1 
                  1163 1016 1018 -1 
                  1162 1018 1019 -1 
                  1161 1019 1020 -1 
                  1160 1020 1021 -1 
                  1159 1021 1022 -1 
                  1157 1022 1023 -1 
                  1156 1023 1024 -1 
                  1154 1025 1026 -1 
                  1149 1032 1033 -1 
                  1149 1033 1034 -1 
                  1148 1034 1035 -1 
                  1147 1035 1036 -1 
                  1146 1036 1037 -1 
                  1145 1037 1038 -1 
                  1144 1038 1039 -1 
                  1042 1140 1041 -1 
                  1043 1139 1042 -1 
                  1044 1138 1043 -1 
                  1052 1053 1165 -1 
                  1209 1059 1208 -1 
                  1056 1057 1214 -1 
                  1164 1056 1218 -1 
                  1164 1055 1056 -1 
                  1164 1054 1055 -1 
                  1195 1073 1194 -1 
                  1048 1049 1165 -1 
                  1137 1048 1165 -1 
                  1180 1090 1179 -1 
                  1188 1081 1082 -1 
                  1171 1100 1170 -1 
                  1165 1053 1164 -1 
                  1177 1092 1093 -1 
                  1176 1095 1096 -1 
                  1175 1096 1097 -1 
                  1174 1097 1098 -1 
                  1137 1047 1048 -1 
                  1137 1046 1047 -1 
                  1208 1060 1207 -1 
                  1131 1103 1104 -1 
                  1131 1104 1105 -1 
                  1130 1105 1106 -1 
                  1130 1106 1107 -1 
                  1130 1107 1108 -1 
                  1130 1108 1109 -1 
                  1129 1109 1110 -1 
                  1129 1110 1111 -1 
                  1129 1111 1112 -1 
                  1128 1112 1113 -1 
                  1127 1113 1114 -1 
                  1137 1045 1046 -1 
                  1126 1114 1115 -1 
                  1125 1115 1116 -1 
                  1124 1116 1117 -1 
                  1124 1117 1118 -1 
                  1124 1118 1119 -1 
                  1123 1119 1120 -1 
                  1137 1044 1045 -1 
                  1123 1120 1121 -1 
                  1132 1102 1103 -1 
                  1123 1121 1122 -1 
                  1124 1119 1123 -1 
                  1125 1116 1124 -1 
                  1134 1101 1102 -1 
                  1126 1115 1125 -1 
                  1127 1114 1126 -1 
                  1128 1113 1127 -1 
                  1129 1112 1128 -1 
                  1130 1109 1129 -1 
                  1165 1050 1051 -1 
                  1131 1105 1130 -1 
                  1164 1053 1054 -1 
                  1132 1103 1131 -1 
                  1133 1102 1132 -1 
                  1134 1102 1133 -1 
                  1049 1050 1165 -1 
                  1135 1101 1134 -1 
                  1136 1101 1135 -1 
                  1143 1039 1040 -1 
                  1141 1040 1041 -1 
                  1138 1044 1137 -1 
                  1139 1043 1138 -1 
                  1140 1042 1139 -1 
                  1141 1041 1140 -1 
                  1142 1040 1141 -1 
                  1150 1031 1032 -1 
                  1143 1040 1142 -1 
                  1144 1039 1143 -1 
                  1150 1030 1031 -1 
                  1145 1038 1144 -1 
                  1151 1029 1030 -1 
                  1146 1037 1145 -1 
                  1151 1028 1029 -1 
                  1147 1036 1146 -1 
                  1148 1035 1147 -1 
                  1152 1027 1028 -1 
                  1149 1034 1148 -1 
                  1153 1026 1027 -1 
                  1150 1032 1149 -1 
                  1155 1024 1025 -1 
                  1151 1030 1150 -1 
                  1152 1028 1151 -1 
                  1153 1027 1152 -1 
                  1154 1026 1153 -1 
                  1155 1025 1154 -1 
                  1156 1024 1155 -1 
                  1157 1023 1156 -1 
                  1158 1022 1157 -1 
                  1159 1022 1158 -1 
                  1160 1021 1159 -1 
                  1161 1020 1160 -1 
                  1162 1019 1161 -1 
                  1163 1018 1162 -1 
                  1165 1051 1052 -1 
                  1100 1101 1170 -1 
                  1169 1101 1136 -1 
                  1165 1136 1137 -1 
                  1166 1136 1165 -1 
                  1173 1099 1100 -1 
                  1167 1136 1166 -1 
                  1174 1098 1099 -1 
                  1168 1136 1167 -1 
                  1176 1094 1095 -1 
                  1169 1136 1168 -1 
                  1177 1093 1094 -1 
                  1170 1101 1169 -1 
                  1186 1084 1085 -1 
                  1178 1091 1092 -1 
                  1179 1090 1091 -1 
                  1172 1100 1171 -1 
                  1180 1089 1090 -1 
                  1173 1100 1172 -1 
                  1181 1088 1089 -1 
                  1174 1099 1173 -1 
                  1183 1087 1088 -1 
                  1175 1097 1174 -1 
                  1184 1086 1087 -1 
                  1176 1096 1175 -1 
                  1185 1085 1086 -1 
                  1177 1094 1176 -1 
                  1187 1083 1084 -1 
                  1178 1092 1177 -1 
                  1188 1082 1083 -1 
                  1179 1091 1178 -1 
                  1194 1075 1193 -1 
                  1189 1080 1081 -1 
                  1190 1079 1080 -1 
                  1181 1089 1180 -1 
                  1191 1078 1079 -1 
                  1182 1088 1181 -1 
                  1191 1077 1078 -1 
                  1183 1088 1182 -1 
                  1192 1076 1077 -1 
                  1184 1087 1183 -1 
                  1193 1075 1076 -1 
                  1185 1086 1184 -1 
                  1194 1074 1075 -1 
                  1186 1085 1185 -1 
                  1194 1073 1074 -1 
                  1187 1084 1186 -1 
                  1200 1067 1068 -1 
                  1188 1083 1187 -1 
                  1195 1072 1073 -1 
                  1189 1081 1188 -1 
                  1196 1071 1072 -1 
                  1190 1080 1189 -1 
                  1198 1070 1071 -1 
                  1191 1079 1190 -1 
                  1199 1069 1070 -1 
                  1192 1077 1191 -1 
                  1199 1068 1069 -1 
                  1193 1076 1192 -1 
                  1202 1065 1066 -1 
                  1201 1066 1067 -1 
                  1203 1063 1064 -1 
                  1203 1064 1065 -1 
                  1204 1062 1063 -1 
                  1196 1072 1195 -1 
                  1197 1071 1196 -1 
                  1206 1061 1062 -1 
                  1198 1071 1197 -1 
                  1199 1070 1198 -1 
                  1200 1068 1199 -1 
                  1207 1060 1061 -1 
                  1201 1067 1200 -1 
                  1208 1059 1060 -1 
                  1202 1066 1201 -1 
                  1203 1065 1202 -1 
                  1204 1063 1203 -1 
                  1205 1062 1204 -1 
                  1206 1062 1205 -1 
                  1209 1058 1059 -1 
                  1207 1061 1206 -1 
                  1212 1057 1058 -1 
                  1210 1058 1209 -1 
                  1211 1058 1210 -1 
                  1212 1058 1211 -1 
                  1213 1057 1212 -1 
                  1214 1057 1213 -1 
                  1215 1056 1214 -1 
                  1216 1056 1215 -1 
                  1217 1056 1216 -1 
                  1218 1056 1217 -1 
                  1222 1219 1220 -1 
                  1222 1220 1221 -1 
                  1276 1222 1223 -1 
                  1276 1224 1225 -1 
                  1275 1226 1227 -1 
                  1271 1232 1233 -1 
                  1270 1233 1234 -1 
                  1269 1234 1235 -1 
                  1267 1237 1238 -1 
                  1266 1238 1239 -1 
                  1265 1239 1240 -1 
                  1264 1240 1241 -1 
                  1262 1241 1242 -1 
                  1261 1242 1243 -1 
                  1246 1257 1245 -1 
                  1247 1255 1246 -1 
                  1248 1254 1247 -1 
                  1249 1253 1248 -1 
                  1250 1253 1249 -1 
                  1252 1253 1250 -1 
                  1252 1250 1251 -1 
                  1260 1243 1244 -1 
                  1258 1244 1245 -1 
                  1254 1248 1253 -1 
                  1255 1247 1254 -1 
                  1256 1246 1255 -1 
                  1257 1246 1256 -1 
                  1258 1245 1257 -1 
                  1267 1236 1237 -1 
                  1259 1244 1258 -1 
                  1268 1235 1236 -1 
                  1260 1244 1259 -1 
                  1261 1243 1260 -1 
                  1262 1242 1261 -1 
                  1263 1241 1262 -1 
                  1264 1241 1263 -1 
                  1265 1240 1264 -1 
                  1266 1239 1265 -1 
                  1267 1238 1266 -1 
                  1268 1236 1267 -1 
                  1272 1231 1232 -1 
                  1269 1235 1268 -1 
                  1272 1230 1231 -1 
                  1270 1234 1269 -1 
                  1273 1229 1230 -1 
                  1271 1233 1270 -1 
                  1274 1228 1229 -1 
                  1272 1232 1271 -1 
                  1274 1227 1228 -1 
                  1273 1230 1272 -1 
                  1275 1225 1226 -1 
                  1274 1229 1273 -1 
                  1276 1223 1224 -1 
                  1275 1227 1274 -1 
                  1276 1219 1222 -1 
                  1276 1225 1275 -1 
                  1276 1277 1219 -1 
                  1279 1278 1280 -1 
                  1281 1280 1278 -1 
                  1284 1283 1282 -1 
                  1285 1284 1282 -1 
                  1288 1286 1289 -1 
                  1288 1287 1286 -1 
                  1292 1291 1290 -1 
                  1336 1293 1292 -1 
                  1332 1297 1296 -1 
                  1331 1298 1297 -1 
                  1330 1299 1298 -1 
                  1329 1300 1299 -1 
                  1328 1301 1300 -1 
                  1327 1302 1301 -1 
                  1326 1303 1302 -1 
                  1325 1304 1303 -1 
                  1324 1305 1304 -1 
                  1323 1306 1305 -1 
                  1322 1307 1306 -1 
                  1321 1308 1307 -1 
                  1320 1309 1308 -1 
                  1319 1310 1309 -1 
                  1318 1311 1310 -1 
                  1317 1312 1311 -1 
                  1316 1313 1312 -1 
                  1315 1314 1313 -1 
                  1333 1296 1295 -1 
                  1316 1315 1313 -1 
                  1334 1295 1294 -1 
                  1317 1316 1312 -1 
                  1335 1294 1293 -1 
                  1318 1317 1311 -1 
                  1319 1318 1310 -1 
                  1320 1319 1309 -1 
                  1321 1320 1308 -1 
                  1322 1321 1307 -1 
                  1323 1322 1306 -1 
                  1337 1292 1290 -1 
                  1324 1323 1305 -1 
                  1325 1324 1304 -1 
                  1326 1325 1303 -1 
                  1327 1326 1302 -1 
                  1328 1327 1301 -1 
                  1329 1328 1300 -1 
                  1330 1329 1299 -1 
                  1331 1330 1298 -1 
                  1332 1331 1297 -1 
                  1333 1332 1296 -1 
                  1334 1333 1295 -1 
                  1335 1334 1294 -1 
                  1336 1335 1293 -1 
                  1337 1336 1292 -1 
                  1340 1339 1338 -1 
                  1365 1348 1347 -1 
                  1364 1349 1348 -1 
                  1363 1350 1349 -1 
                  1362 1351 1350 -1 
                  1361 1352 1351 -1 
                  1360 1353 1352 -1 
                  1359 1354 1353 -1 
                  1358 1355 1354 -1 
                  1357 1356 1355 -1 
                  1366 1347 1346 -1 
                  1358 1357 1355 -1 
                  1367 1346 1345 -1 
                  1359 1358 1354 -1 
                  1368 1345 1344 -1 
                  1360 1359 1353 -1 
                  1369 1344 1343 -1 
                  1361 1360 1352 -1 
                  1370 1343 1342 -1 
                  1362 1361 1351 -1 
                  1371 1342 1341 -1 
                  1363 1362 1350 -1 
                  1372 1341 1340 -1 
                  1364 1363 1349 -1 
                  1365 1364 1348 -1 
                  1366 1365 1347 -1 
                  1367 1366 1346 -1 
                  1368 1367 1345 -1 
                  1369 1368 1344 -1 
                  1370 1369 1343 -1 
                  1373 1340 1338 -1 
                  1371 1370 1342 -1 
                  1372 1371 1341 -1 
                  1373 1372 1340 -1 
                  1376 1375 1374 -1 
                  1377 1376 1374 -1 
                  1380 1379 1378 -1 
                  1485 1380 1378 -1 
                  1484 1381 1380 -1 
                  1483 1382 1381 -1 
                  1482 1383 1382 -1 
                  1466 1399 1398 -1 
                  1464 1401 1400 -1 
                  1462 1403 1402 -1 
                  1454 1411 1410 -1 
                  1452 1413 1412 -1 
                  1450 1415 1414 -1 
                  1449 1416 1415 -1 
                  1448 1417 1416 -1 
                  1447 1418 1417 -1 
                  1442 1423 1422 -1 
                  1441 1424 1423 -1 
                  1440 1425 1424 -1 
                  1439 1426 1425 -1 
                  1438 1427 1426 -1 
                  1437 1428 1427 -1 
                  1436 1429 1428 -1 
                  1435 1430 1429 -1 
                  1434 1431 1430 -1 
                  1433 1432 1431 -1 
                  1434 1433 1431 -1 
                  1443 1422 1421 -1 
                  1435 1434 1430 -1 
                  1436 1435 1429 -1 
                  1437 1436 1428 -1 
                  1438 1437 1427 -1 
                  1439 1438 1426 -1 
                  1440 1439 1425 -1 
                  1444 1421 1420 -1 
                  1441 1440 1424 -1 
                  1442 1441 1423 -1 
                  1445 1420 1419 -1 
                  1443 1442 1422 -1 
                  1446 1419 1418 -1 
                  1444 1443 1421 -1 
                  1451 1414 1413 -1 
                  1445 1444 1420 -1 
                  1453 1412 1411 -1 
                  1446 1445 1419 -1 
                  1447 1446 1418 -1 
                  1455 1410 1409 -1 
                  1448 1447 1417 -1 
                  1456 1409 1408 -1 
                  1449 1448 1416 -1 
                  1450 1449 1415 -1 
                  1457 1408 1407 -1 
                  1451 1450 1414 -1 
                  1452 1451 1413 -1 
                  1458 1407 1406 -1 
                  1453 1452 1412 -1 
                  1454 1453 1411 -1 
                  1459 1406 1405 -1 
                  1455 1454 1410 -1 
                  1460 1405 1404 -1 
                  1456 1455 1409 -1 
                  1461 1404 1403 -1 
                  1457 1456 1408 -1 
                  1463 1402 1401 -1 
                  1458 1457 1407 -1 
                  1465 1400 1399 -1 
                  1459 1458 1406 -1 
                  1467 1398 1397 -1 
                  1460 1459 1405 -1 
                  1468 1397 1396 -1 
                  1461 1460 1404 -1 
                  1469 1396 1395 -1 
                  1462 1461 1403 -1 
                  1470 1395 1394 -1 
                  1463 1462 1402 -1 
                  1471 1394 1393 -1 
                  1464 1463 1401 -1 
                  1465 1464 1400 -1 
                  1472 1393 1392 -1 
                  1466 1465 1399 -1 
                  1473 1392 1391 -1 
                  1467 1466 1398 -1 
                  1468 1467 1397 -1 
                  1474 1391 1390 -1 
                  1469 1468 1396 -1 
                  1475 1390 1389 -1 
                  1470 1469 1395 -1 
                  1471 1470 1394 -1 
                  1476 1389 1388 -1 
                  1472 1471 1393 -1 
                  1477 1388 1387 -1 
                  1473 1472 1392 -1 
                  1478 1387 1386 -1 
                  1474 1473 1391 -1 
                  1479 1386 1385 -1 
                  1475 1474 1390 -1 
                  1480 1385 1384 -1 
                  1476 1475 1389 -1 
                  1481 1384 1383 -1 
                  1477 1476 1388 -1 
                  1478 1477 1387 -1 
                  1479 1478 1386 -1 
                  1480 1479 1385 -1 
                  1481 1480 1384 -1 
                  1482 1481 1383 -1 
                  1483 1482 1382 -1 
                  1484 1483 1381 -1 
                  1485 1484 1380 -1 
                  1488 1487 1486 -1 
                  1571 1488 1486 -1 
                  1570 1489 1488 -1 
                  1569 1490 1489 -1 
                  1568 1491 1490 -1 
                  1567 1492 1491 -1 
                  1566 1493 1492 -1 
                  1565 1494 1493 -1 
                  1564 1495 1494 -1 
                  1563 1496 1495 -1 
                  1562 1497 1496 -1 
                  1561 1498 1497 -1 
                  1560 1499 1498 -1 
                  1559 1500 1499 -1 
                  1558 1501 1500 -1 
                  1547 1512 1511 -1 
                  1545 1514 1513 -1 
                  1544 1515 1514 -1 
                  1543 1516 1515 -1 
                  1542 1517 1516 -1 
                  1541 1518 1517 -1 
                  1540 1519 1518 -1 
                  1539 1520 1519 -1 
                  1538 1521 1520 -1 
                  1537 1522 1521 -1 
                  1536 1523 1522 -1 
                  1535 1524 1523 -1 
                  1534 1525 1524 -1 
                  1533 1526 1525 -1 
                  1532 1527 1526 -1 
                  1531 1528 1527 -1 
                  1530 1529 1528 -1 
                  1546 1513 1512 -1 
                  1531 1530 1528 -1 
                  1548 1511 1510 -1 
                  1532 1531 1527 -1 
                  1549 1510 1509 -1 
                  1533 1532 1526 -1 
                  1550 1509 1508 -1 
                  1534 1533 1525 -1 
                  1551 1508 1507 -1 
                  1535 1534 1524 -1 
                  1552 1507 1506 -1 
                  1536 1535 1523 -1 
                  1553 1506 1505 -1 
                  1537 1536 1522 -1 
                  1554 1505 1504 -1 
                  1538 1537 1521 -1 
                  1555 1504 1503 -1 
                  1539 1538 1520 -1 
                  1556 1503 1502 -1 
                  1540 1539 1519 -1 
                  1541 1540 1518 -1 
                  1542 1541 1517 -1 
                  1543 1542 1516 -1 
                  1544 1543 1515 -1 
                  1557 1502 1501 -1 
                  1545 1544 1514 -1 
                  1546 1545 1513 -1 
                  1547 1546 1512 -1 
                  1548 1547 1511 -1 
                  1549 1548 1510 -1 
                  1550 1549 1509 -1 
                  1551 1550 1508 -1 
                  1552 1551 1507 -1 
                  1553 1552 1506 -1 
                  1554 1553 1505 -1 
                  1555 1554 1504 -1 
                  1556 1555 1503 -1 
                  1557 1556 1502 -1 
                  1558 1557 1501 -1 
                  1559 1558 1500 -1 
                  1560 1559 1499 -1 
                  1561 1560 1498 -1 
                  1562 1561 1497 -1 
                  1563 1562 1496 -1 
                  1564 1563 1495 -1 
                  1565 1564 1494 -1 
                  1566 1565 1493 -1 
                  1567 1566 1492 -1 
                  1568 1567 1491 -1 
                  1569 1568 1490 -1 
                  1570 1569 1489 -1 
                  1571 1570 1488 -1 
                  1574 1573 1572 -1 
                  1575 1574 1572 -1 
                  1578 1577 1576 -1 
                  1614 1613 1581 -1 
                  1612 1611 1583 -1 
                  1610 1609 1585 -1 
                  1608 1607 1587 -1 
                  1607 1606 1588 -1 
                  1605 1604 1590 -1 
                  1600 1599 1595 -1 
                  1599 1598 1596 -1 
                  1609 1586 1585 -1 
                  1608 1587 1586 -1 
                  1607 1588 1587 -1 
                  1606 1589 1588 -1 
                  1605 1590 1589 -1 
                  1604 1591 1590 -1 
                  1603 1592 1591 -1 
                  1602 1593 1592 -1 
                  1601 1594 1593 -1 
                  1600 1595 1594 -1 
                  1599 1596 1595 -1 
                  1598 1597 1596 -1 
                  1610 1585 1584 -1 
                  1601 1600 1594 -1 
                  1602 1601 1593 -1 
                  1603 1602 1592 -1 
                  1604 1603 1591 -1 
                  1611 1584 1583 -1 
                  1606 1605 1589 -1 
                  1612 1583 1582 -1 
                  1613 1582 1581 -1 
                  1609 1608 1586 -1 
                  1614 1581 1580 -1 
                  1611 1610 1584 -1 
                  1615 1580 1579 -1 
                  1613 1612 1582 -1 
                  1616 1579 1578 -1 
                  1615 1614 1580 -1 
                  1616 1615 1579 -1 
                  1617 1616 1578 -1 
                  1617 1578 1576 -1 
                ]
              }
            }
          ]
        }
        DEF pin Group {
          children [
            DEF pin_1 Shape {
              appearance DEF __14 Appearance {
                material DEF __15 Material {
                  ambientIntensity 0.263087540865
                  diffuseColor 0.689999997616 0.769999980927 0.870000004768
                  shininess 0
                }
              }
              geometry DEF __16 IndexedFaceSet {
                solid FALSE
                coord Coordinate {
                  point [
                    0.00185 -0.0015 0.0002,
                    0.00185 0.0015 0.0002,
                    0.00185 0.0015 -0.0001,
                    0.00185 -0.0015 -0.0001,
                    0.00315 -0.0015 -0.0001,
                    0.00365 -0.0015 0.0004,
                    0.00365 -0.0015 0.002,
                    0.00315 -0.0015 0.0025,
                    -0.00315 -0.0015 0.0025,
                    -0.00365 -0.0015 0.002,
                    -0.00365 -0.0015 0.0004,
                    -0.00315 -0.0015 -0.0001,
                    -0.00185 -0.0015 -0.0001,
                    -0.00185 -0.0015 0.0002,
                    -0.00315 -0.0015 0.0002,
                    -0.00335 -0.0015 0.0004,
                    -0.00335 -0.0015 0.002,
                    -0.00315 -0.0015 0.0022,
                    0.00315 -0.0015 0.0022,
                    0.00335 -0.0015 0.002,
                    0.00335 -0.0015 0.0004,
                    0.00315 -0.0015 0.0002,
                    0.00315 0.0015 0.0002,
                    0.00335 0.0015 0.0004,
                    0.00335 0.0015 0.002,
                    0.00315 0.0015 0.0022,
                    -0.00315 0.0015 0.0022,
                    -0.00335 0.0015 0.002,
                    -0.00335 0.0015 0.0004,
                    -0.00315 0.0015 0.0002,
                    -0.00185 0.0015 0.0002,
                    -0.00185 0.0015 -0.0001,
                    -0.00315 0.0015 -0.0001,
                    -0.00365 0.0015 0.0004,
                    -0.00365 0.0015 0.002,
                    -0.00315 0.0015 0.0025,
                    0.00315 0.0015 0.0025,
                    0.00365 0.0015 0.002,
                    0.00365 0.0015 0.0004,
                    0.00315 0.0015 -0.0001,
                    0.00323682408883 -0.0015 -9.24038765061e-05,
                    0.00332101007166 -0.0015 -6.9846310393e-05,
                    0.0034 -0.0015 -3.30127018922e-05,
                    0.00347139380484 -0.0015 1.69777784405e-05,
                    0.00353302222156 -0.0015 7.86061951567e-05,
                    0.00358301270189 -0.0015 0.00015,
                    0.00361984631039 -0.0015 0.000228989928337,
                    0.00364240387651 -0.0015 0.000313175911167,
                    0.00364240387651 -0.0015 0.00208682408883,
                    0.00361984631039 -0.0015 0.00217101007166,
                    0.00358301270189 -0.0015 0.00225,
                    0.00353302222156 -0.0015 0.00232139380484,
                    0.00347139380484 -0.0015 0.00238302222156,
                    0.0034 -0.0015 0.00243301270189,
                    0.00332101007166 -0.0015 0.00246984631039,
                    0.00323682408883 -0.0015 0.00249240387651,
                    -0.00323682408883 -0.0015 0.00249240387651,
                    -0.00332101007166 -0.0015 0.00246984631039,
                    -0.0034 -0.0015 0.00243301270189,
                    -0.00347139380484 -0.0015 0.00238302222156,
                    -0.00353302222156 -0.0015 0.00232139380484,
                    -0.00358301270189 -0.0015 0.00225,
                    -0.00361984631039 -0.0015 0.00217101007166,
                    -0.00364240387651 -0.0015 0.00208682408883,
                    -0.00364240387651 -0.0015 0.000313175911167,
                    -0.00361984631039 -0.0015 0.000228989928337,
                    -0.00358301270189 -0.0015 0.00015,
                    -0.00353302222156 -0.0015 7.86061951567e-05,
                    -0.00347139380484 -0.0015 1.69777784405e-05,
                    -0.0034 -0.0015 -3.30127018922e-05,
                    -0.00332101007166 -0.0015 -6.9846310393e-05,
                    -0.00323682408883 -0.0015 -9.24038765061e-05,
                    -0.0033469615506 -0.0015 0.000365270364467,
                    -0.00333793852416 -0.0015 0.000331595971335,
                    -0.00332320508076 -0.0015 0.0003,
                    -0.00330320888862 -0.0015 0.000271442478063,
                    -0.00327855752194 -0.0015 0.000246791111376,
                    -0.00325 -0.0015 0.000226794919243,
                    -0.00321840402867 -0.0015 0.000212061475843,
                    -0.00318472963553 -0.0015 0.000203038449398,
                    -0.00318472963553 -0.0015 0.0021969615506,
                    -0.00321840402867 -0.0015 0.00218793852416,
                    -0.00325 -0.0015 0.00217320508076,
                    -0.00327855752194 -0.0015 0.00215320888862,
                    -0.00330320888862 -0.0015 0.00212855752194,
                    -0.00332320508076 -0.0015 0.0021,
                    -0.00333793852416 -0.0015 0.00206840402867,
                    -0.0033469615506 -0.0015 0.00203472963553,
                    0.00318472963553 -0.0015 0.0021969615506,
                    0.00321840402867 -0.0015 0.00218793852416,
                    0.00325 -0.0015 0.00217320508076,
                    0.00327855752194 -0.0015 0.00215320888862,
                    0.00330320888862 -0.0015 0.00212855752194,
                    0.00332320508076 -0.0015 0.0021,
                    0.00333793852416 -0.0015 0.00206840402867,
                    0.0033469615506 -0.0015 0.00203472963553,
                    0.0033469615506 -0.0015 0.000365270364467,
                    0.00333793852416 -0.0015 0.000331595971335,
                    0.00332320508076 -0.0015 0.0003,
                    0.00330320888862 -0.0015 0.000271442478063,
                    0.00327855752194 -0.0015 0.000246791111376,
                    0.00325 -0.0015 0.000226794919243,
                    0.00321840402867 -0.0015 0.000212061475843,
                    0.00318472963553 -0.0015 0.000203038449398,
                    0.0033469615506 0.0015 0.000365270364467,
                    0.00333793852416 0.0015 0.000331595971335,
                    0.00332320508076 0.0015 0.0003,
                    0.00330320888862 0.0015 0.000271442478063,
                    0.00327855752194 0.0015 0.000246791111376,
                    0.00325 0.0015 0.000226794919243,
                    0.00321840402867 0.0015 0.000212061475843,
                    0.00318472963553 0.0015 0.000203038449398,
                    0.00318472963553 0.0015 0.0021969615506,
                    0.00321840402867 0.0015 0.00218793852416,
                    0.00325 0.0015 0.00217320508076,
                    0.00327855752194 0.0015 0.00215320888862,
                    0.00330320888862 0.0015 0.00212855752194,
                    0.00332320508076 0.0015 0.0021,
                    0.00333793852416 0.0015 0.00206840402867,
                    0.0033469615506 0.0015 0.00203472963553,
                    -0.00318472963553 0.0015 0.0021969615506,
                    -0.00321840402867 0.0015 0.00218793852416,
                    -0.00325 0.0015 0.00217320508076,
                    -0.00327855752194 0.0015 0.00215320888862,
                    -0.00330320888862 0.0015 0.00212855752194,
                    -0.00332320508076 0.0015 0.0021,
                    -0.00333793852416 0.0015 0.00206840402867,
                    -0.0033469615506 0.0015 0.00203472963553,
                    -0.0033469615506 0.0015 0.000365270364467,
                    -0.00333793852416 0.0015 0.000331595971335,
                    -0.00332320508076 0.0015 0.0003,
                    -0.00330320888862 0.0015 0.000271442478063,
                    -0.00327855752194 0.0015 0.000246791111376,
                    -0.00325 0.0015 0.000226794919243,
                    -0.00321840402867 0.0015 0.000212061475843,
                    -0.00318472963553 0.0015 0.000203038449398,
                    -0.00323682408883 0.0015 -9.24038765061e-05,
                    -0.00332101007166 0.0015 -6.9846310393e-05,
                    -0.0034 0.0015 -3.30127018922e-05,
                    -0.00347139380484 0.0015 1.69777784405e-05,
                    -0.00353302222156 0.0015 7.86061951567e-05,
                    -0.00358301270189 0.0015 0.00015,
                    -0.00361984631039 0.0015 0.000228989928337,
                    -0.00364240387651 0.0015 0.000313175911167,
                    -0.00364240387651 0.0015 0.00208682408883,
                    -0.00361984631039 0.0015 0.00217101007166,
                    -0.00358301270189 0.0015 0.00225,
                    -0.00353302222156 0.0015 0.00232139380484,
                    -0.00347139380484 0.0015 0.00238302222156,
                    -0.0034 0.0015 0.00243301270189,
                    -0.00332101007166 0.0015 0.00246984631039,
                    -0.00323682408883 0.0015 0.00249240387651,
                    0.00323682408883 0.0015 0.00249240387651,
                    0.00332101007166 0.0015 0.00246984631039,
                    0.0034 0.0015 0.00243301270189,
                    0.00347139380484 0.0015 0.00238302222156,
                    0.00353302222156 0.0015 0.00232139380484,
                    0.00358301270189 0.0015 0.00225,
                    0.00361984631039 0.0015 0.00217101007166,
                    0.00364240387651 0.0015 0.00208682408883,
                    0.00364240387651 0.0015 0.000313175911167,
                    0.00361984631039 0.0015 0.000228989928337,
                    0.00358301270189 0.0015 0.00015,
                    0.00353302222156 0.0015 7.86061951567e-05,
                    0.00347139380484 0.0015 1.69777784405e-05,
                    0.0034 0.0015 -3.30127018922e-05,
                    0.00332101007166 0.0015 -6.9846310393e-05,
                    0.00323682408883 0.0015 -9.24038765061e-05

                  ]
                }
                normal Normal {
                  vector [
                    -1 -0 -0,
                    -1 -0 -0,
                    -1 -0 -0,
                    -1 -0 -0,
                    0 -1 -0,
                    0 -1 -0,
                    0 -1 -0,
                    0 -1 -0,
                    0 -1 -0,
                    0 -1 -0,
                    0 -1 -0,
                    0 -1 -0,
                    0 -1 -0,
                    0 -1 -0,
                    0 -1 -0,
                    0 -1 -0,
                    0 -1 -0,
                    0 -1 -0,
                    0 -1 -0,
                    0 -1 -0,
                    0 -1 -0,
                    0 -1 -0,
                    0 -1 -0,
                    0 -1 -0,
                    0 -1 -0,
                    0 -1 -0,
                    0 -1 -0,
                    0 -1 -0,
                    0 -1 -0,
                    0 -1 -0,
                    0 -1 -0,
                    0 -1 -0,
                    0 -1 -0,
                    0 -1 -0,
                    0 -1 -0,
                    0 -1 -0,
                    0 -1 -0,
                    0 -1 -0,
                    0 -1 -0,
                    0 -1 -0,
                    0 -1 -0,
                    0 -1 -0,
                    0 -1 -0,
                    0 -1 -0,
                    0 -1 -0,
                    0 -1 -0,
                    0 -1 -0,
                    0 -1 -0,
                    0 -1 -0,
                    0 -1 -0,
                    0 -1 -0,
                    0 -1 -0,
                    0 -1 -0,
                    0 -1 -0,
                    0 -1 -0,
                    0 -1 -0,
                    0 -1 -0,
                    0 -1 -0,
                    0 -1 -0,
                    0 -1 -0,
                    0 -1 -0,
                    0 -1 -0,
                    0 -1 -0,
                    0 -1 -0,
                    0 -1 -0,
                    0 -1 -0,
                    0 -1 -0,
                    0 -1 -0,
                    0 -1 -0,
                    0 -1 -0,
                    0 -1 -0,
                    0 -1 -0,
                    0 -1 -0,
                    0 -1 -0,
                    0 -1 -0,
                    0 -1 -0,
                    0 -1 -0,
                    0 -1 -0,
                    0 -1 -0,
                    0 -1 -0,
                    0 -1 -0,
                    0 -1 -0,
                    0 -1 -0,
                    0 -1 -0,
                    0 -1 -0,
                    0 -1 -0,
                    0 -1 -0,
                    0 -1 -0,
                    -0 1 0,
                    -0 1 0,
                    -0 1 0,
                    -0 1 0,
                    -0 1 0,
                    -0 1 0,
                    -0 1 0,
                    -0 1 0,
                    -0 1 0,
                    -0 1 0,
                    -0 1 0,
                    -0 1 0,
                    -0 1 0,
                    -0 1 0,
                    -0 1 0,
                    -0 1 0,
                    -0 1 0,
                    -0 1 0,
                    -0 1 0,
                    -0 1 0,
                    -0 1 0,
                    -0 1 0,
                    -0 1 0,
                    -0 1 0,
                    -0 1 0,
                    -0 1 0,
                    -0 1 0,
                    -0 1 0,
                    -0 1 0,
                    -0 1 0,
                    -0 1 0,
                    -0 1 0,
                    -0 1 0,
                    -0 1 0,
                    -0 1 0,
                    -0 1 0,
                    -0 1 0,
                    -0 1 0,
                    -0 1 0,
                    -0 1 0,
                    -0 1 0,
                    -0 1 0,
                    -0 1 0,
                    -0 1 0,
                    -0 1 0,
                    -0 1 0,
                    -0 1 0,
                    -0 1 0,
                    -0 1 0,
                    -0 1 0,
                    -0 1 0,
                    -0 1 0,
                    -0 1 0,
                    -0 1 0,
                    -0 1 0,
                    -0 1 0,
                    -0 1 0,
                    -0 1 0,
                    -0 1 0,
                    -0 1 0,
                    -0 1 0,
                    -0 1 0,
                    -0 1 0,
                    -0 1 0,
                    -0 1 0,
                    -0 1 0,
                    -0 1 0,
                    -0 1 0,
                    -0 1 0,
                    -0 1 0,
                    -0 1 0,
                    -0 1 0,
                    -0 1 0,
                    -0 1 0,
                    -0 1 0,
                    -0 1 0,
                    -0 1 0,
                    -0 1 0,
                    -0 1 0,
                    -0 1 0,
                    -0 1 0,
                    -0 1 0,
                    -0 1 0,
                    -0 1 0,
                    1 0 -5.4210109e-16,
                    1 0 -5.4210109e-16,
                    1 0 -5.4210109e-16,
                    1 0 -5.4210109e-16,
                    4.4408921e-16 0 -1,
                    0.17364818 0 -0.98480773,
                    0.34202015 0 -0.93969262,
                    0.5 0 -0.86602539,
                    0.64278764 0 -0.76604444,
                    0.76604444 0 -0.64278764,
                    0.86602539 0 -0.5,
                    0.93969262 0 -0.34202015,
                    0.98480773 0 -0.17364818,
                    1 0 -6.6613381e-16,
                    1 0 -2.220446e-16,
                    0.98480773 0 -0.17364818,
                    0.93969262 0 -0.34202015,
                    0.86602539 0 -0.5,
                    0.76604444 0 -0.64278764,
                    0.64278764 0 -0.76604444,
                    0.5 0 -0.86602539,
                    0.34202015 0 -0.93969262,
                    0.17364818 0 -0.98480773,
                    -4.4408921e-16 0 -1,
                    0 0 -1,
                    0 0 -1,
                    0 0 -1,
                    0 0 -1,
                    -0 -0 1,
                    -0 -0 1,
                    -0 -0 1,
                    -0 -0 1,
                    -1 -0 2.220446e-16,
                    -1 -0 2.220446e-16,
                    -0.98480773 -0 0.17364818,
                    -0.93969262 -0 0.34202015,
                    -0.86602539 -0 0.5,
                    -0.76604444 -0 0.64278764,
                    -0.64278764 -0 0.76604444,
                    -0.5 -0 0.86602539,
                    -0.34202015 -0 0.93969262,
                    -0.17364818 -0 0.98480773,
                    4.4408921e-16 -0 1,
                    4.4408921e-16 -0 1,
                    -0.17364818 -0 0.98480773,
                    -0.34202015 -0 0.93969262,
                    -0.5 -0 0.86602539,
                    -0.64278764 -0 0.76604444,
                    -0.76604444 -0 0.64278764,
                    -0.86602539 -0 0.5,
                    -0.93969262 -0 0.34202015,
                    -0.98480773 -0 0.17364818,
                    -0 -0 -1,
                    -0 -0 -1,
                    -0 -0 -1,
                    -0 -0 -1,
                    -0 -0 -1,
                    -0 -0 -1,
                    -0.17364818 -0 -0.98480773,
                    -0.34202015 -0 -0.93969262,
                    -0.5 -0 -0.86602539,
                    -0.64278764 -0 -0.76604444,
                    -0.76604444 -0 -0.64278764,
                    -0.86602539 -0 -0.5,
                    -0.93969262 -0 -0.34202015,
                    -0.98480773 -0 -0.17364818,
                    -1 -0 -0,
                    -1 -0 -0,
                    -0.98480773 -0 -0.17364818,
                    -0.93969262 -0 -0.34202015,
                    -0.86602539 -0 -0.5,
                    -0.76604444 -0 -0.64278764,
                    -0.64278764 -0 -0.76604444,
                    -0.5 -0 -0.86602539,
                    -0.34202015 -0 -0.93969262,
                    -0.17364818 -0 -0.98480773,
                    -1 -0 5.4210109e-16,
                    -1 -0 5.4210109e-16,
                    -1 -0 5.4210109e-16,
                    -1 -0 5.4210109e-16,
                    1 0 0,
                    0.98480773 0 0.17364818,
                    0.93969262 0 0.34202015,
                    0.86602539 0 0.5,
                    0.76604444 0 0.64278764,
                    0.64278764 0 0.76604444,
                    0.5 0 0.86602539,
                    0.34202015 0 0.93969262,
                    0.17364818 0 0.98480773,
                    0 0 1,
                    0 0 1,
                    0.17364818 0 0.98480773,
                    0.34202015 0 0.93969262,
                    0.5 0 0.86602539,
                    0.64278764 0 0.76604444,
                    0.76604444 0 0.64278764,
                    0.86602539 0 0.5,
                    0.93969262 0 0.34202015,
                    0.98480773 0 0.17364818,
                    1 0 0,
                    1 -0 -0,
                    1 -0 -0,
                    0.98480773 -0 -0.17364818,
                    0.93969262 -0 -0.34202015,
                    0.86602539 -0 -0.5,
                    0.76604444 -0 -0.64278764,
                    0.64278764 -0 -0.76604444,
                    0.5 -0 -0.86602539,
                    0.34202015 -0 -0.93969262,
                    0.17364818 -0 -0.98480773,
                    -0 -0 -1,
                    -0 -0 -1,
                    0.17364818 -0 -0.98480773,
                    0.34202015 -0 -0.93969262,
                    0.5 -0 -0.86602539,
                    0.64278764 -0 -0.76604444,
                    0.76604444 -0 -0.64278764,
                    0.86602539 -0 -0.5,
                    0.93969262 -0 -0.34202015,
                    0.98480773 -0 -0.17364818,
                    1 -0 5.4210109e-16,
                    1 -0 5.4210109e-16,
                    1 -0 5.4210109e-16,
                    1 -0 5.4210109e-16,
                    -4.4408921e-16 -0 1,
                    -4.4408921e-16 -0 1,
                    0.17364818 -0 0.98480773,
                    0.34202015 -0 0.93969262,
                    0.5 -0 0.86602539,
                    0.64278764 -0 0.76604444,
                    0.76604444 -0 0.64278764,
                    0.86602539 -0 0.5,
                    0.93969262 -0 0.34202015,
                    0.98480773 -0 0.17364818,
                    1 -0 6.6613381e-16,
                    1 -0 5.1070259e-15,
                    0.98480773 -0 0.17364818,
                    0.93969262 -0 0.34202015,
                    0.86602539 -0 0.5,
                    0.76604444 -0 0.64278764,
                    0.64278764 -0 0.76604444,
                    0.5 -0 0.86602539,
                    0.34202015 -0 0.93969262,
                    0.17364818 -0 0.98480773,
                    -0 -0 1,
                    -0 -0 1,
                    -0 -0 1,
                    -0 -0 1,
                    1 0 0,
                    1 0 0,
                    1 0 0,
                    1 0 0,
                    0 0 -1,
                    0 0 -1,
                    0 0 -1,
                    0 0 -1,
                    -1 0 -1.5543122e-15,
                    -0.98480773 0 -0.17364818,
                    -0.93969262 0 -0.34202015,
                    -0.86602539 0 -0.5,
                    -0.76604444 0 -0.64278764,
                    -0.64278764 0 -0.76604444,
                    -0.5 0 -0.86602539,
                    -0.34202015 0 -0.93969262,
                    -0.17364818 0 -0.98480773,
                    4.4408921e-16 0 -1,
                    4.4408921e-16 0 -1,
                    -0.17364818 0 -0.98480773,
                    -0.34202015 0 -0.93969262,
                    -0.5 0 -0.86602539,
                    -0.64278764 0 -0.76604444,
                    -0.76604444 0 -0.64278764,
                    -0.86602539 0 -0.5,
                    -0.93969262 0 -0.34202015,
                    -0.98480773 0 -0.17364818,
                    -1 0 -6.6613381e-16,
                    -1 0 -5.4210109e-16,
                    -1 0 -5.4210109e-16,
                    -1 0 -5.4210109e-16,
                    -1 0 -5.4210109e-16,
                    0 0 1,
                    -0.17364818 0 0.98480773,
                    -0.34202015 0 0.93969262,
                    -0.5 0 0.86602539,
                    -0.64278764 0 0.76604444,
                    -0.76604444 0 0.64278764,
                    -0.86602539 0 0.5,
                    -0.93969262 0 0.34202015,
                    -0.98480773 0 0.17364818,
                    -1 0 0,
                    -1 0 0,
                    -0.98480773 0 0.17364818,
                    -0.93969262 0 0.34202015,
                    -0.86602539 0 0.5,
                    -0.76604444 0 0.64278764,
                    -0.64278764 0 0.76604444,
                    -0.5 0 0.86602539,
                    -0.34202015 0 0.93969262,
                    -0.17364818 0 0.98480773,
                    0 0 1,
                    0 0 1,
                    0 0 1,
                    0 0 1,
                    0 0 1

                  ]
                }
                coordIndex [
                  2 3 0 -1 
                  1 2 0 -1 
                  21 0 3 -1 
                  4 21 3 -1 
                  40 103 21 -1 
                  41 102 103 -1 
                  42 101 102 -1 
                  43 100 101 -1 
                  44 99 100 -1 
                  45 98 99 -1 
                  50 93 94 -1 
                  51 92 93 -1 
                  52 91 92 -1 
                  53 90 91 -1 
                  54 89 90 -1 
                  8 17 18 -1 
                  18 88 7 -1 
                  59 83 82 -1 
                  60 84 83 -1 
                  61 85 84 -1 
                  62 86 85 -1 
                  63 87 86 -1 
                  10 15 16 -1 
                  65 73 72 -1 
                  67 75 74 -1 
                  68 76 75 -1 
                  69 77 76 -1 
                  70 78 77 -1 
                  71 79 78 -1 
                  12 13 14 -1 
                  11 14 79 -1 
                  11 12 14 -1 
                  66 74 73 -1 
                  71 11 79 -1 
                  64 72 15 -1 
                  70 71 78 -1 
                  69 70 77 -1 
                  68 69 76 -1 
                  67 68 75 -1 
                  66 67 74 -1 
                  65 66 73 -1 
                  64 65 72 -1 
                  10 64 15 -1 
                  9 16 87 -1 
                  9 10 16 -1 
                  58 82 81 -1 
                  63 9 87 -1 
                  57 81 80 -1 
                  62 63 86 -1 
                  56 80 17 -1 
                  61 62 85 -1 
                  60 61 84 -1 
                  59 82 58 -1 
                  59 60 83 -1 
                  57 58 81 -1 
                  56 57 80 -1 
                  8 18 7 -1 
                  8 56 17 -1 
                  55 88 89 -1 
                  49 94 95 -1 
                  55 7 88 -1 
                  48 95 19 -1 
                  54 55 89 -1 
                  6 19 20 -1 
                  53 54 90 -1 
                  52 53 91 -1 
                  51 52 92 -1 
                  50 51 93 -1 
                  49 50 94 -1 
                  5 20 96 -1 
                  48 49 95 -1 
                  6 20 5 -1 
                  6 48 19 -1 
                  46 97 98 -1 
                  47 96 97 -1 
                  47 5 96 -1 
                  46 47 97 -1 
                  45 46 98 -1 
                  44 45 99 -1 
                  43 44 100 -1 
                  42 43 101 -1 
                  41 42 102 -1 
                  40 41 103 -1 
                  4 40 21 -1 
                  39 1 22 -1 
                  167 22 111 -1 
                  166 111 110 -1 
                  165 110 109 -1 
                  164 109 108 -1 
                  163 108 107 -1 
                  162 107 106 -1 
                  157 118 117 -1 
                  156 117 116 -1 
                  155 116 115 -1 
                  154 115 114 -1 
                  153 114 113 -1 
                  35 25 26 -1 
                  25 36 112 -1 
                  148 122 123 -1 
                  147 123 124 -1 
                  146 124 125 -1 
                  145 125 126 -1 
                  144 126 127 -1 
                  33 27 28 -1 
                  142 128 129 -1 
                  140 130 131 -1 
                  139 131 132 -1 
                  138 132 133 -1 
                  137 133 134 -1 
                  136 134 135 -1 
                  31 29 30 -1 
                  32 135 29 -1 
                  32 29 31 -1 
                  141 129 130 -1 
                  136 135 32 -1 
                  143 28 128 -1 
                  137 134 136 -1 
                  138 133 137 -1 
                  139 132 138 -1 
                  140 131 139 -1 
                  141 130 140 -1 
                  142 129 141 -1 
                  143 128 142 -1 
                  33 28 143 -1 
                  34 127 27 -1 
                  34 27 33 -1 
                  149 121 122 -1 
                  144 127 34 -1 
                  150 120 121 -1 
                  145 126 144 -1 
                  151 26 120 -1 
                  146 125 145 -1 
                  147 124 146 -1 
                  148 149 122 -1 
                  148 123 147 -1 
                  150 121 149 -1 
                  151 120 150 -1 
                  35 36 25 -1 
                  35 26 151 -1 
                  152 113 112 -1 
                  158 119 118 -1 
                  152 112 36 -1 
                  159 24 119 -1 
                  153 113 152 -1 
                  37 23 24 -1 
                  154 114 153 -1 
                  155 115 154 -1 
                  156 116 155 -1 
                  157 117 156 -1 
                  158 118 157 -1 
                  38 104 23 -1 
                  159 119 158 -1 
                  37 38 23 -1 
                  37 24 159 -1 
                  161 106 105 -1 
                  160 105 104 -1 
                  160 104 38 -1 
                  161 105 160 -1 
                  162 106 161 -1 
                  163 107 162 -1 
                  164 108 163 -1 
                  165 109 164 -1 
                  166 110 165 -1 
                  167 111 166 -1 
                  39 22 167 -1 
                  2 1 39 -1 
                  38 6 5 -1 
                  37 6 38 -1 
                  40 39 167 -1 
                  41 167 166 -1 
                  42 166 165 -1 
                  43 165 164 -1 
                  44 164 163 -1 
                  45 163 162 -1 
                  46 162 161 -1 
                  47 161 160 -1 
                  5 160 38 -1 
                  47 160 5 -1 
                  46 161 47 -1 
                  45 162 46 -1 
                  44 163 45 -1 
                  43 164 44 -1 
                  42 165 43 -1 
                  41 166 42 -1 
                  40 167 41 -1 
                  4 39 40 -1 
                  2 4 3 -1 
                  39 4 2 -1 
                  22 1 0 -1 
                  21 22 0 -1 
                  96 20 23 -1 
                  104 96 23 -1 
                  105 97 96 -1 
                  106 98 97 -1 
                  107 99 98 -1 
                  108 100 99 -1 
                  109 101 100 -1 
                  110 102 101 -1 
                  111 103 102 -1 
                  22 21 103 -1 
                  111 22 103 -1 
                  110 111 102 -1 
                  109 110 101 -1 
                  108 109 100 -1 
                  107 108 99 -1 
                  106 107 98 -1 
                  105 106 97 -1 
                  104 105 96 -1 
                  26 25 18 -1 
                  17 26 18 -1 
                  88 18 25 -1 
                  112 88 25 -1 
                  113 89 88 -1 
                  114 90 89 -1 
                  115 91 90 -1 
                  116 92 91 -1 
                  117 93 92 -1 
                  118 94 93 -1 
                  119 95 94 -1 
                  24 19 95 -1 
                  119 24 95 -1 
                  118 119 94 -1 
                  117 118 93 -1 
                  116 117 92 -1 
                  115 116 91 -1 
                  114 115 90 -1 
                  113 114 89 -1 
                  112 113 88 -1 
                  24 23 20 -1 
                  19 24 20 -1 
                  48 37 159 -1 
                  49 159 158 -1 
                  50 158 157 -1 
                  51 157 156 -1 
                  52 156 155 -1 
                  53 155 154 -1 
                  54 154 153 -1 
                  55 153 152 -1 
                  7 152 36 -1 
                  55 152 7 -1 
                  54 153 55 -1 
                  53 154 54 -1 
                  52 155 53 -1 
                  51 156 52 -1 
                  50 157 51 -1 
                  49 158 50 -1 
                  48 159 49 -1 
                  6 37 48 -1 
                  87 16 27 -1 
                  127 126 87 -1 
                  125 124 85 -1 
                  123 122 83 -1 
                  121 120 81 -1 
                  120 26 80 -1 
                  122 82 83 -1 
                  121 81 82 -1 
                  17 80 26 -1 
                  120 80 81 -1 
                  123 83 84 -1 
                  122 121 82 -1 
                  124 84 85 -1 
                  124 123 84 -1 
                  125 85 86 -1 
                  126 125 86 -1 
                  126 86 87 -1 
                  127 87 27 -1 
                  28 27 16 -1 
                  15 28 16 -1 
                  79 14 29 -1 
                  135 134 79 -1 
                  133 132 77 -1 
                  131 130 75 -1 
                  129 128 73 -1 
                  128 28 72 -1 
                  130 74 75 -1 
                  129 73 74 -1 
                  15 72 28 -1 
                  128 72 73 -1 
                  131 75 76 -1 
                  130 129 74 -1 
                  132 76 77 -1 
                  132 131 76 -1 
                  133 77 78 -1 
                  134 133 78 -1 
                  134 78 79 -1 
                  135 79 29 -1 
                  30 29 14 -1 
                  13 30 14 -1 
                  13 31 30 -1 
                  12 31 13 -1 
                  32 12 11 -1 
                  31 12 32 -1 
                  143 64 33 -1 
                  142 65 143 -1 
                  141 66 142 -1 
                  140 67 141 -1 
                  139 68 140 -1 
                  138 69 139 -1 
                  137 70 138 -1 
                  136 71 137 -1 
                  32 11 136 -1 
                  71 136 11 -1 
                  70 137 71 -1 
                  69 138 70 -1 
                  68 139 69 -1 
                  67 140 68 -1 
                  66 141 67 -1 
                  65 142 66 -1 
                  64 143 65 -1 
                  10 33 64 -1 
                  34 10 9 -1 
                  33 10 34 -1 
                  151 56 35 -1 
                  150 57 151 -1 
                  149 58 150 -1 
                  148 59 149 -1 
                  147 60 148 -1 
                  146 61 147 -1 
                  145 62 146 -1 
                  144 63 145 -1 
                  34 9 144 -1 
                  63 144 9 -1 
                  62 145 63 -1 
                  61 146 62 -1 
                  60 147 61 -1 
                  59 148 60 -1 
                  58 149 59 -1 
                  57 150 58 -1 
                  56 151 57 -1 
                  8 35 56 -1 
                  36 8 7 -1 
                  35 8 36 -1 
                ]
                normalIndex [
                  2 1 0 -1 
                  3 2 0 -1 
                  6 5 4 -1 
                  87 6 4 -1 
                  86 7 6 -1 
                  85 8 7 -1 
                  84 9 8 -1 
                  83 10 9 -1 
                  82 11 10 -1 
                  81 12 11 -1 
                  74 19 18 -1 
                  73 20 19 -1 
                  72 21 20 -1 
                  71 22 21 -1 
                  70 23 22 -1 
                  67 26 25 -1 
                  25 24 68 -1 
                  63 30 29 -1 
                  62 31 30 -1 
                  61 32 31 -1 
                  60 33 32 -1 
                  59 34 33 -1 
                  57 36 35 -1 
                  55 38 37 -1 
                  53 40 39 -1 
                  52 41 40 -1 
                  51 42 41 -1 
                  50 43 42 -1 
                  49 44 43 -1 
                  47 46 45 -1 
                  48 45 44 -1 
                  48 47 45 -1 
                  54 39 38 -1 
                  49 48 44 -1 
                  56 37 36 -1 
                  50 49 43 -1 
                  51 50 42 -1 
                  52 51 41 -1 
                  53 52 40 -1 
                  54 53 39 -1 
                  55 54 38 -1 
                  56 55 37 -1 
                  57 56 36 -1 
                  58 35 34 -1 
                  58 57 35 -1 
                  64 29 28 -1 
                  59 58 34 -1 
                  65 28 27 -1 
                  60 59 33 -1 
                  66 27 26 -1 
                  61 60 32 -1 
                  62 61 31 -1 
                  63 29 64 -1 
                  63 62 30 -1 
                  65 64 28 -1 
                  66 65 27 -1 
                  67 25 68 -1 
                  67 66 26 -1 
                  69 24 23 -1 
                  75 18 17 -1 
                  69 68 24 -1 
                  76 17 16 -1 
                  70 69 23 -1 
                  77 16 15 -1 
                  71 70 22 -1 
                  72 71 21 -1 
                  73 72 20 -1 
                  74 73 19 -1 
                  75 74 18 -1 
                  78 15 14 -1 
                  76 75 17 -1 
                  77 15 78 -1 
                  77 76 16 -1 
                  80 13 12 -1 
                  79 14 13 -1 
                  79 78 14 -1 
                  80 79 13 -1 
                  81 80 12 -1 
                  82 81 11 -1 
                  83 82 10 -1 
                  84 83 9 -1 
                  85 84 8 -1 
                  86 85 7 -1 
                  87 86 6 -1 
                  170 88 89 -1 
                  169 89 90 -1 
                  168 90 91 -1 
                  167 91 92 -1 
                  166 92 93 -1 
                  165 93 94 -1 
                  164 94 95 -1 
                  157 101 102 -1 
                  156 102 103 -1 
                  155 103 104 -1 
                  154 104 105 -1 
                  153 105 106 -1 
                  150 108 109 -1 
                  108 151 107 -1 
                  146 112 113 -1 
                  145 113 114 -1 
                  144 114 115 -1 
                  143 115 116 -1 
                  142 116 117 -1 
                  140 118 119 -1 
                  138 120 121 -1 
                  136 122 123 -1 
                  135 123 124 -1 
                  134 124 125 -1 
                  133 125 126 -1 
                  132 126 127 -1 
                  130 128 129 -1 
                  131 127 128 -1 
                  131 128 130 -1 
                  137 121 122 -1 
                  132 127 131 -1 
                  139 119 120 -1 
                  133 126 132 -1 
                  134 125 133 -1 
                  135 124 134 -1 
                  136 123 135 -1 
                  137 122 136 -1 
                  138 121 137 -1 
                  139 120 138 -1 
                  140 119 139 -1 
                  141 117 118 -1 
                  141 118 140 -1 
                  147 111 112 -1 
                  142 117 141 -1 
                  148 110 111 -1 
                  143 116 142 -1 
                  149 109 110 -1 
                  144 115 143 -1 
                  145 114 144 -1 
                  146 147 112 -1 
                  146 113 145 -1 
                  148 111 147 -1 
                  149 110 148 -1 
                  150 151 108 -1 
                  150 109 149 -1 
                  152 106 107 -1 
                  158 100 101 -1 
                  152 107 151 -1 
                  159 99 100 -1 
                  153 106 152 -1 
                  160 98 99 -1 
                  154 105 153 -1 
                  155 104 154 -1 
                  156 103 155 -1 
                  157 102 156 -1 
                  158 101 157 -1 
                  161 97 98 -1 
                  159 100 158 -1 
                  160 161 98 -1 
                  160 99 159 -1 
                  163 95 96 -1 
                  162 96 97 -1 
                  162 97 161 -1 
                  163 96 162 -1 
                  164 95 163 -1 
                  165 94 164 -1 
                  166 93 165 -1 
                  167 92 166 -1 
                  168 91 167 -1 
                  169 90 168 -1 
                  170 89 169 -1 
                  171 88 170 -1 
                  174 172 173 -1 
                  175 172 174 -1 
                  194 176 177 -1 
                  193 177 178 -1 
                  192 178 179 -1 
                  191 179 180 -1 
                  190 180 181 -1 
                  189 181 182 -1 
                  188 182 183 -1 
                  187 183 184 -1 
                  186 184 185 -1 
                  187 184 186 -1 
                  188 183 187 -1 
                  189 182 188 -1 
                  190 181 189 -1 
                  191 180 190 -1 
                  192 179 191 -1 
                  193 178 192 -1 
                  194 177 193 -1 
                  195 176 194 -1 
                  198 196 197 -1 
                  199 196 198 -1 
                  202 201 200 -1 
                  203 202 200 -1 
                  206 205 204 -1 
                  223 206 204 -1 
                  222 207 206 -1 
                  221 208 207 -1 
                  220 209 208 -1 
                  219 210 209 -1 
                  218 211 210 -1 
                  217 212 211 -1 
                  216 213 212 -1 
                  215 214 213 -1 
                  216 215 213 -1 
                  217 216 212 -1 
                  218 217 211 -1 
                  219 218 210 -1 
                  220 219 209 -1 
                  221 220 208 -1 
                  222 221 207 -1 
                  223 222 206 -1 
                  226 225 224 -1 
                  227 226 224 -1 
                  230 229 228 -1 
                  247 230 228 -1 
                  246 231 230 -1 
                  245 232 231 -1 
                  244 233 232 -1 
                  243 234 233 -1 
                  242 235 234 -1 
                  241 236 235 -1 
                  240 237 236 -1 
                  239 238 237 -1 
                  240 239 237 -1 
                  241 240 236 -1 
                  242 241 235 -1 
                  243 242 234 -1 
                  244 243 233 -1 
                  245 244 232 -1 
                  246 245 231 -1 
                  247 246 230 -1 
                  250 249 248 -1 
                  251 250 248 -1 
                  270 252 253 -1 
                  269 253 254 -1 
                  268 254 255 -1 
                  267 255 256 -1 
                  266 256 257 -1 
                  265 257 258 -1 
                  264 258 259 -1 
                  263 259 260 -1 
                  262 260 261 -1 
                  263 260 262 -1 
                  264 259 263 -1 
                  265 258 264 -1 
                  266 257 265 -1 
                  267 256 266 -1 
                  268 255 267 -1 
                  269 254 268 -1 
                  270 253 269 -1 
                  271 252 270 -1 
                  274 273 272 -1 
                  291 290 274 -1 
                  289 288 276 -1 
                  287 286 278 -1 
                  285 284 280 -1 
                  284 283 281 -1 
                  286 279 278 -1 
                  285 280 279 -1 
                  282 281 283 -1 
                  284 281 280 -1 
                  287 278 277 -1 
                  286 285 279 -1 
                  288 277 276 -1 
                  288 287 277 -1 
                  289 276 275 -1 
                  290 289 275 -1 
                  290 275 274 -1 
                  291 274 272 -1 
                  294 293 292 -1 
                  295 294 292 -1 
                  298 297 296 -1 
                  315 314 298 -1 
                  313 312 300 -1 
                  311 310 302 -1 
                  309 308 304 -1 
                  308 307 305 -1 
                  310 303 302 -1 
                  309 304 303 -1 
                  306 305 307 -1 
                  308 305 304 -1 
                  311 302 301 -1 
                  310 309 303 -1 
                  312 301 300 -1 
                  312 311 301 -1 
                  313 300 299 -1 
                  314 313 299 -1 
                  314 299 298 -1 
                  315 298 296 -1 
                  318 317 316 -1 
                  319 318 316 -1 
                  322 320 321 -1 
                  323 320 322 -1 
                  326 324 325 -1 
                  327 324 326 -1 
                  329 346 328 -1 
                  330 345 329 -1 
                  331 344 330 -1 
                  332 343 331 -1 
                  333 342 332 -1 
                  334 341 333 -1 
                  335 340 334 -1 
                  336 339 335 -1 
                  337 338 336 -1 
                  339 336 338 -1 
                  340 335 339 -1 
                  341 334 340 -1 
                  342 333 341 -1 
                  343 332 342 -1 
                  344 331 343 -1 
                  345 330 344 -1 
                  346 329 345 -1 
                  347 328 346 -1 
                  350 348 349 -1 
                  351 348 350 -1 
                  353 370 352 -1 
                  354 369 353 -1 
                  355 368 354 -1 
                  356 367 355 -1 
                  357 366 356 -1 
                  358 365 357 -1 
                  359 364 358 -1 
                  360 363 359 -1 
                  361 362 360 -1 
                  363 360 362 -1 
                  364 359 363 -1 
                  365 358 364 -1 
                  366 357 365 -1 
                  367 356 366 -1 
                  368 355 367 -1 
                  369 354 368 -1 
                  370 353 369 -1 
                  371 352 370 -1 
                  374 372 373 -1 
                  375 372 374 -1 
                ]
              }
            }
          ]
        }
      ]
    }
  ]
}
