#VRML V2.0 utf8
# META "generator" "CAD Exchanger 3.8.1 (cadexchanger.com)"
DEF __1 Transform {
  children [
    DEF RSM0032A_ASM Group {
      children [
        DEF BODY-QFN Transform {
          rotation 1 0 0 1.57079632679
          translation 0 0 2.5e-05
          children [
            DEF BODY-QFN_1 Group {
              children [
                DEF BODY-QFN_2 Shape {
                  appearance DEF __6 Appearance {
                    material DEF __7 Material {
                      ambientIntensity 0.72857093811
                      diffuseColor 0.274509996176 0.274509996176 0.274509996176
                      shininess 0
                    }
                  }
                  geometry DEF __8 IndexedFaceSet {
                    solid FALSE
                    coord Coordinate {
                      point [
                        -0.0015 0 -0.002,
                        -0.0015 0 -0.00181819805153,
                        -0.002 0 -0.002,
                        -0.002 0 -0.0015,
                        -0.00181819805153 0 -0.0015,
                        -0.00163897622113 0 -0.0013207781696,
                        -0.0017 0 -0.0013,
                        -0.002 0 -0.0013,
                        -0.002 0 -0.0011,
                        -0.0017 0 -0.0011,
                        -0.0017 0 -0.0009,
                        -0.002 0 -0.0009,
                        -0.002 0 -0.0007,
                        -0.0017 0 -0.0007,
                        -0.0017 0 -0.0005,
                        -0.002 0 -0.0005,
                        -0.002 0 -0.0003,
                        -0.0017 0 -0.0003,
                        -0.0017 0 -0.0001,
                        -0.002 0 -0.0001,
                        -0.002 0 0.0001,
                        -0.0017 0 0.0001,
                        -0.0017 0 0.0003,
                        -0.002 0 0.0003,
                        -0.002 0 0.0005,
                        -0.0017 0 0.0005,
                        -0.0017 0 0.0007,
                        -0.002 0 0.0007,
                        -0.002 0 0.0009,
                        -0.0017 0 0.0009,
                        -0.0017 0 0.0011,
                        -0.002 0 0.0011,
                        -0.002 0 0.0013,
                        -0.0017 0 0.0013,
                        -0.00163897622113 0 0.0013207781696,
                        -0.00181819805153 0 0.0015,
                        -0.002 0 0.0015,
                        -0.002 0 0.002,
                        -0.0015 0 0.002,
                        -0.0015 0 0.00181819805153,
                        -0.0013207781696 0 0.00163897622113,
                        -0.0013 0 0.0017,
                        -0.0013 0 0.002,
                        -0.0011 0 0.002,
                        -0.0011 0 0.0017,
                        -0.0009 0 0.0017,
                        -0.0009 0 0.002,
                        -0.0007 0 0.002,
                        -0.0007 0 0.0017,
                        -0.0005 0 0.0017,
                        -0.0005 0 0.002,
                        -0.0003 0 0.002,
                        -0.0003 0 0.0017,
                        -0.0001 0 0.0017,
                        -0.0001 0 0.002,
                        0.0001 0 0.002,
                        0.0001 0 0.0017,
                        0.0003 0 0.0017,
                        0.0003 0 0.002,
                        0.0005 0 0.002,
                        0.0005 0 0.0017,
                        0.0007 0 0.0017,
                        0.0007 0 0.002,
                        0.0009 0 0.002,
                        0.0009 0 0.0017,
                        0.0011 0 0.0017,
                        0.0011 0 0.002,
                        0.0013 0 0.002,
                        0.0013 0 0.0017,
                        0.0013207781696 0 0.00163897622113,
                        0.0015 0 0.00181819805153,
                        0.0015 0 0.002,
                        0.002 0 0.002,
                        0.002 0 0.0015,
                        0.00181819805153 0 0.0015,
                        0.00163897622113 0 0.0013207781696,
                        0.0017 0 0.0013,
                        0.002 0 0.0013,
                        0.002 0 0.0011,
                        0.0017 0 0.0011,
                        0.0017 0 0.0009,
                        0.002 0 0.0009,
                        0.002 0 0.0007,
                        0.0017 0 0.0007,
                        0.0017 0 0.0005,
                        0.002 0 0.0005,
                        0.002 0 0.0003,
                        0.0017 0 0.0003,
                        0.0017 0 0.0001,
                        0.002 0 0.0001,
                        0.002 0 -0.0001,
                        0.0017 0 -0.0001,
                        0.0017 0 -0.0003,
                        0.002 0 -0.0003,
                        0.002 0 -0.0005,
                        0.0017 0 -0.0005,
                        0.0017 0 -0.0007,
                        0.002 0 -0.0007,
                        0.002 0 -0.0009,
                        0.0017 0 -0.0009,
                        0.0017 0 -0.0011,
                        0.002 0 -0.0011,
                        0.002 0 -0.0013,
                        0.0017 0 -0.0013,
                        0.00163897622113 0 -0.0013207781696,
                        0.00181819805153 0 -0.0015,
                        0.002 0 -0.0015,
                        0.002 0 -0.002,
                        0.0015 0 -0.002,
                        0.0015 0 -0.00181819805153,
                        0.0013207781696 0 -0.00163897622113,
                        0.0013 0 -0.0017,
                        0.0013 0 -0.002,
                        0.0011 0 -0.002,
                        0.0011 0 -0.0017,
                        0.0009 0 -0.0017,
                        0.0009 0 -0.002,
                        0.0007 0 -0.002,
                        0.0007 0 -0.0017,
                        0.0005 0 -0.0017,
                        0.0005 0 -0.002,
                        0.0003 0 -0.002,
                        0.0003 0 -0.0017,
                        0.0001 0 -0.0017,
                        0.0001 0 -0.002,
                        -0.0001 0 -0.002,
                        -0.0001 0 -0.0017,
                        -0.0003 0 -0.0017,
                        -0.0003 0 -0.002,
                        -0.0005 0 -0.002,
                        -0.0005 0 -0.0017,
                        -0.0007 0 -0.0017,
                        -0.0007 0 -0.002,
                        -0.0009 0 -0.002,
                        -0.0009 0 -0.0017,
                        -0.0011 0 -0.0017,
                        -0.0011 0 -0.002,
                        -0.0013 0 -0.002,
                        -0.0013 0 -0.0017,
                        -0.0013207781696 0 -0.00163897622113,
                        -0.00035 0 -0.0007,
                        0.0007 0 -0.0007,
                        0.0007 0 0.0007,
                        -0.0007 0 0.0007,
                        -0.0007 0 -0.00035,
                        -0.00035 7.5e-05 -0.0007,
                        0.0007 7.5e-05 -0.0007,
                        -0.0007 7.5e-05 -0.00035,
                        -0.0007 7.5e-05 0.0007,
                        0.0007 7.5e-05 0.0007,
                        -0.0008 7.5e-05 -0.0008,
                        -0.0008 7.5e-05 0.0008,
                        0.0008 7.5e-05 -0.0008,
                        0.0008 7.5e-05 0.0008,
                        -0.0008 0.000175 0.0008,
                        -0.0008 0.000175 -0.0008,
                        0.0008 0.000175 0.0008,
                        0.0008 0.000175 -0.0008,
                        -0.0015 0.000175 -0.002,
                        -0.0015 0.000175 -0.00181819805153,
                        -0.0013 0.000175 -0.002,
                        -0.0011 0.000175 -0.002,
                        -0.0009 0.000175 -0.002,
                        -0.0007 0.000175 -0.002,
                        -0.0005 0.000175 -0.002,
                        -0.0003 0.000175 -0.002,
                        -0.0001 0.000175 -0.002,
                        0.0001 0.000175 -0.002,
                        0.0003 0.000175 -0.002,
                        0.0005 0.000175 -0.002,
                        0.0007 0.000175 -0.002,
                        0.0009 0.000175 -0.002,
                        0.0011 0.000175 -0.002,
                        0.0013 0.000175 -0.002,
                        0.0015 0.000175 -0.002,
                        0.002 0.000975 -0.002,
                        -0.002 0.000975 -0.002,
                        -0.001875 7.5e-05 -0.002,
                        -0.001725 7.5e-05 -0.002,
                        -0.001875 0.000175 -0.002,
                        -0.001725 0.000175 -0.002,
                        0.001875 7.5e-05 -0.002,
                        0.001725 7.5e-05 -0.002,
                        0.001725 0.000175 -0.002,
                        0.001875 0.000175 -0.002,
                        -0.0013207781696 0.000175 -0.00163897622113,
                        -0.0013 0.000175 -0.0017,
                        -0.0011 0.000175 -0.0017,
                        -0.0009 0.000175 -0.0017,
                        -0.0007 0.000175 -0.0017,
                        -0.0005 0.000175 -0.0017,
                        -0.0003 0.000175 -0.0017,
                        -0.0001 0.000175 -0.0017,
                        0.0001 0.000175 -0.0017,
                        0.0003 0.000175 -0.0017,
                        0.0005 0.000175 -0.0017,
                        0.0007 0.000175 -0.0017,
                        0.0009 0.000175 -0.0017,
                        0.0011 0.000175 -0.0017,
                        0.0013 0.000175 -0.0017,
                        0.0013207781696 0.000175 -0.00163897622113,
                        0.0015 0.000175 -0.00181819805153,
                        0.002 0.000175 0.0013,
                        0.002 0.000175 0.0015,
                        0.002 0.000975 0.002,
                        0.002 0.000175 -0.0015,
                        0.002 0.000175 -0.0013,
                        0.002 0.000175 -0.0011,
                        0.002 0.000175 -0.0009,
                        0.002 0.000175 -0.0007,
                        0.002 0.000175 -0.0005,
                        0.002 0.000175 -0.0003,
                        0.002 0.000175 -0.0001,
                        0.002 0.000175 0.0001,
                        0.002 0.000175 0.0003,
                        0.002 0.000175 0.0005,
                        0.002 0.000175 0.0007,
                        0.002 0.000175 0.0009,
                        0.002 0.000175 0.0011,
                        0.002 7.5e-05 0.001875,
                        0.002 7.5e-05 0.001725,
                        0.002 0.000175 0.001725,
                        0.002 0.000175 0.001875,
                        0.002 7.5e-05 -0.001875,
                        0.002 7.5e-05 -0.001725,
                        0.002 0.000175 -0.001875,
                        0.002 0.000175 -0.001725,
                        0.0017 0.000175 0.0013,
                        0.00163897622113 0.000175 0.0013207781696,
                        0.00181819805153 0.000175 0.0015,
                        -0.0015 0.000175 0.002,
                        -0.0013 0.000175 0.002,
                        -0.002 0.000975 0.002,
                        0.0015 0.000175 0.002,
                        0.0013 0.000175 0.002,
                        0.0011 0.000175 0.002,
                        0.0009 0.000175 0.002,
                        0.0007 0.000175 0.002,
                        0.0005 0.000175 0.002,
                        0.0003 0.000175 0.002,
                        0.0001 0.000175 0.002,
                        -0.0001 0.000175 0.002,
                        -0.0003 0.000175 0.002,
                        -0.0005 0.000175 0.002,
                        -0.0007 0.000175 0.002,
                        -0.0009 0.000175 0.002,
                        -0.0011 0.000175 0.002,
                        -0.001875 7.5e-05 0.002,
                        -0.001725 7.5e-05 0.002,
                        -0.001725 0.000175 0.002,
                        -0.001875 0.000175 0.002,
                        0.001875 7.5e-05 0.002,
                        0.001725 7.5e-05 0.002,
                        0.001875 0.000175 0.002,
                        0.001725 0.000175 0.002,
                        -0.0013 0.000175 0.0017,
                        -0.0013207781696 0.000175 0.00163897622113,
                        -0.0015 0.000175 0.00181819805153,
                        -0.002 0.000175 0.0015,
                        -0.002 0.000175 0.0013,
                        -0.002 0.000175 0.0011,
                        -0.002 0.000175 0.0009,
                        -0.002 0.000175 0.0007,
                        -0.002 0.000175 0.0005,
                        -0.002 0.000175 0.0003,
                        -0.002 0.000175 0.0001,
                        -0.002 0.000175 -0.0001,
                        -0.002 0.000175 -0.0003,
                        -0.002 0.000175 -0.0005,
                        -0.002 0.000175 -0.0007,
                        -0.002 0.000175 -0.0009,
                        -0.002 0.000175 -0.0011,
                        -0.002 0.000175 -0.0013,
                        -0.002 0.000175 -0.0015,
                        -0.002 7.5e-05 -0.001875,
                        -0.002 7.5e-05 -0.001725,
                        -0.002 0.000175 -0.001725,
                        -0.002 0.000175 -0.001875,
                        -0.002 7.5e-05 0.001875,
                        -0.002 7.5e-05 0.001725,
                        -0.002 0.000175 0.001875,
                        -0.002 0.000175 0.001725,
                        -0.00181819805153 0.000175 0.0015,
                        -0.00163897622113 0.000175 0.0013207781696,
                        -0.0017 0.000175 0.0013,
                        -0.0017 0.000175 0.0011,
                        -0.0017 0.000175 0.0009,
                        -0.0017 0.000175 0.0007,
                        -0.0017 0.000175 0.0005,
                        -0.0017 0.000175 0.0003,
                        -0.0017 0.000175 0.0001,
                        -0.0017 0.000175 -0.0001,
                        -0.0017 0.000175 -0.0003,
                        -0.0017 0.000175 -0.0005,
                        -0.0017 0.000175 -0.0007,
                        -0.0017 0.000175 -0.0009,
                        -0.0017 0.000175 -0.0011,
                        -0.0017 0.000175 -0.0013,
                        -0.00163897622113 0.000175 -0.0013207781696,
                        -0.00181819805153 0.000175 -0.0015,
                        -0.001875 7.5e-05 -0.001875,
                        -0.001725 7.5e-05 -0.001725,
                        -0.001875 0.000175 -0.001875,
                        -0.001725 0.000175 -0.001725,
                        -0.001725 7.5e-05 0.001725,
                        -0.001875 7.5e-05 0.001875,
                        -0.001725 0.000175 0.001725,
                        -0.001875 0.000175 0.001875,
                        0.0015 0.000175 0.00181819805153,
                        0.0013207781696 0.000175 0.00163897622113,
                        0.0013 0.000175 0.0017,
                        0.0011 0.000175 0.0017,
                        0.0009 0.000175 0.0017,
                        0.0007 0.000175 0.0017,
                        0.0005 0.000175 0.0017,
                        0.0003 0.000175 0.0017,
                        0.0001 0.000175 0.0017,
                        -0.0001 0.000175 0.0017,
                        -0.0003 0.000175 0.0017,
                        -0.0005 0.000175 0.0017,
                        -0.0007 0.000175 0.0017,
                        -0.0009 0.000175 0.0017,
                        -0.0011 0.000175 0.0017,
                        0.001725 7.5e-05 0.001725,
                        0.001875 7.5e-05 0.001875,
                        0.001725 0.000175 0.001725,
                        0.001875 0.000175 0.001875,
                        0.00181819805153 0.000175 -0.0015,
                        0.00163897622113 0.000175 -0.0013207781696,
                        0.0017 0.000175 -0.0013,
                        0.0017 0.000175 -0.0011,
                        0.0017 0.000175 -0.0009,
                        0.0017 0.000175 -0.0007,
                        0.0017 0.000175 -0.0005,
                        0.0017 0.000175 -0.0003,
                        0.0017 0.000175 -0.0001,
                        0.0017 0.000175 0.0001,
                        0.0017 0.000175 0.0003,
                        0.0017 0.000175 0.0005,
                        0.0017 0.000175 0.0007,
                        0.0017 0.000175 0.0009,
                        0.0017 0.000175 0.0011,
                        0.001725 7.5e-05 -0.001725,
                        0.001875 7.5e-05 -0.001875,
                        0.001725 0.000175 -0.001725,
                        0.001875 0.000175 -0.001875,
                        -0.00165273719601 0 -0.00131187379868,
                        -0.00166776789675 0 -0.001305336958,
                        -0.0016836645202 0 -0.00130134326125,
                        -0.00168263518223 0 -0.0010984807753,
                        -0.00166579798567 0 -0.00109396926208,
                        -0.00165 0 -0.00108660254038,
                        -0.00163572123903 0 -0.00107660444431,
                        -0.00162339555569 0 -0.00106427876097,
                        -0.00161339745962 0 -0.00105,
                        -0.00160603073792 0 -0.00103420201433,
                        -0.0016015192247 0 -0.00101736481777,
                        -0.0016 0 -0.001,
                        -0.0016015192247 0 -0.000982635182233,
                        -0.00160603073792 0 -0.000965797985667,
                        -0.00161339745962 0 -0.00095,
                        -0.00162339555569 0 -0.000935721239031,
                        -0.00163572123903 0 -0.000923395555688,
                        -0.00165 0 -0.000913397459622,
                        -0.00166579798567 0 -0.000906030737921,
                        -0.00168263518223 0 -0.000901519224699,
                        -0.00168263518223 0 -0.000698480775301,
                        -0.00166579798567 0 -0.000693969262079,
                        -0.00165 0 -0.000686602540378,
                        -0.00163572123903 0 -0.000676604444312,
                        -0.00162339555569 0 -0.000664278760969,
                        -0.00161339745962 0 -0.00065,
                        -0.00160603073792 0 -0.000634202014333,
                        -0.0016015192247 0 -0.000617364817767,
                        -0.0016 0 -0.0006,
                        -0.0016015192247 0 -0.000582635182233,
                        -0.00160603073792 0 -0.000565797985667,
                        -0.00161339745962 0 -0.00055,
                        -0.00162339555569 0 -0.000535721239031,
                        -0.00163572123903 0 -0.000523395555688,
                        -0.00165 0 -0.000513397459622,
                        -0.00166579798567 0 -0.000506030737921,
                        -0.00168263518223 0 -0.000501519224699,
                        -0.00168263518223 0 -0.000298480775301,
                        -0.00166579798567 0 -0.000293969262079,
                        -0.00165 0 -0.000286602540378,
                        -0.00163572123903 0 -0.000276604444312,
                        -0.00162339555569 0 -0.000264278760969,
                        -0.00161339745962 0 -0.00025,
                        -0.00160603073792 0 -0.000234202014333,
                        -0.0016015192247 0 -0.000217364817767,
                        -0.0016 0 -0.0002,
                        -0.0016015192247 0 -0.000182635182233,
                        -0.00160603073792 0 -0.000165797985667,
                        -0.00161339745962 0 -0.00015,
                        -0.00162339555569 0 -0.000135721239031,
                        -0.00163572123903 0 -0.000123395555688,
                        -0.00165 0 -0.000113397459622,
                        -0.00166579798567 0 -0.000106030737921,
                        -0.00168263518223 0 -0.000101519224699,
                        -0.00168263518223 0 0.000101519224699,
                        -0.00166579798567 0 0.000106030737921,
                        -0.00165 0 0.000113397459622,
                        -0.00163572123903 0 0.000123395555688,
                        -0.00162339555569 0 0.000135721239031,
                        -0.00161339745962 0 0.00015,
                        -0.00160603073792 0 0.000165797985667,
                        -0.0016015192247 0 0.000182635182233,
                        -0.0016 0 0.0002,
                        -0.0016015192247 0 0.000217364817767,
                        -0.00160603073792 0 0.000234202014333,
                        -0.00161339745962 0 0.00025,
                        -0.00162339555569 0 0.000264278760969,
                        -0.00163572123903 0 0.000276604444312,
                        -0.00165 0 0.000286602540378,
                        -0.00166579798567 0 0.000293969262079,
                        -0.00168263518223 0 0.000298480775301,
                        -0.00168263518223 0 0.000501519224699,
                        -0.00166579798567 0 0.000506030737921,
                        -0.00165 0 0.000513397459622,
                        -0.00163572123903 0 0.000523395555688,
                        -0.00162339555569 0 0.000535721239031,
                        -0.00161339745962 0 0.00055,
                        -0.00160603073792 0 0.000565797985667,
                        -0.0016015192247 0 0.000582635182233,
                        -0.0016 0 0.0006,
                        -0.0016015192247 0 0.000617364817767,
                        -0.00160603073792 0 0.000634202014333,
                        -0.00161339745962 0 0.00065,
                        -0.00162339555569 0 0.000664278760969,
                        -0.00163572123903 0 0.000676604444312,
                        -0.00165 0 0.000686602540378,
                        -0.00166579798567 0 0.000693969262079,
                        -0.00168263518223 0 0.000698480775301,
                        -0.00168263518223 0 0.000901519224699,
                        -0.00166579798567 0 0.000906030737921,
                        -0.00165 0 0.000913397459622,
                        -0.00163572123903 0 0.000923395555688,
                        -0.00162339555569 0 0.000935721239031,
                        -0.00161339745962 0 0.00095,
                        -0.00160603073792 0 0.000965797985667,
                        -0.0016015192247 0 0.000982635182233,
                        -0.0016 0 0.001,
                        -0.0016015192247 0 0.00101736481777,
                        -0.00160603073792 0 0.00103420201433,
                        -0.00161339745962 0 0.00105,
                        -0.00162339555569 0 0.00106427876097,
                        -0.00163572123903 0 0.00107660444431,
                        -0.00165 0 0.00108660254038,
                        -0.00166579798567 0 0.00109396926208,
                        -0.00168263518223 0 0.0010984807753,
                        -0.0016836645202 0 0.00130134326125,
                        -0.00166776789675 0 0.001305336958,
                        -0.00165273719601 0 0.00131187379868,
                        -0.00131187379868 0 0.00165273719601,
                        -0.001305336958 0 0.00166776789675,
                        -0.00130134326125 0 0.0016836645202,
                        -0.0010984807753 0 0.00168263518223,
                        -0.00109396926208 0 0.00166579798567,
                        -0.00108660254038 0 0.00165,
                        -0.00107660444431 0 0.00163572123903,
                        -0.00106427876097 0 0.00162339555569,
                        -0.00105 0 0.00161339745962,
                        -0.00103420201433 0 0.00160603073792,
                        -0.00101736481777 0 0.0016015192247,
                        -0.001 0 0.0016,
                        -0.000982635182233 0 0.0016015192247,
                        -0.000965797985667 0 0.00160603073792,
                        -0.00095 0 0.00161339745962,
                        -0.000935721239031 0 0.00162339555569,
                        -0.000923395555688 0 0.00163572123903,
                        -0.000913397459622 0 0.00165,
                        -0.000906030737921 0 0.00166579798567,
                        -0.000901519224699 0 0.00168263518223,
                        -0.000698480775301 0 0.00168263518223,
                        -0.000693969262079 0 0.00166579798567,
                        -0.000686602540378 0 0.00165,
                        -0.000676604444312 0 0.00163572123903,
                        -0.000664278760969 0 0.00162339555569,
                        -0.00065 0 0.00161339745962,
                        -0.000634202014333 0 0.00160603073792,
                        -0.000617364817767 0 0.0016015192247,
                        -0.0006 0 0.0016,
                        -0.000582635182233 0 0.0016015192247,
                        -0.000565797985667 0 0.00160603073792,
                        -0.00055 0 0.00161339745962,
                        -0.000535721239031 0 0.00162339555569,
                        -0.000523395555688 0 0.00163572123903,
                        -0.000513397459622 0 0.00165,
                        -0.000506030737921 0 0.00166579798567,
                        -0.000501519224699 0 0.00168263518223,
                        -0.000298480775301 0 0.00168263518223,
                        -0.000293969262079 0 0.00166579798567,
                        -0.000286602540378 0 0.00165,
                        -0.000276604444312 0 0.00163572123903,
                        -0.000264278760969 0 0.00162339555569,
                        -0.00025 0 0.00161339745962,
                        -0.000234202014333 0 0.00160603073792,
                        -0.000217364817767 0 0.0016015192247,
                        -0.0002 0 0.0016,
                        -0.000182635182233 0 0.0016015192247,
                        -0.000165797985667 0 0.00160603073792,
                        -0.00015 0 0.00161339745962,
                        -0.000135721239031 0 0.00162339555569,
                        -0.000123395555688 0 0.00163572123903,
                        -0.000113397459622 0 0.00165,
                        -0.000106030737921 0 0.00166579798567,
                        -0.000101519224699 0 0.00168263518223,
                        0.000101519224699 0 0.00168263518223,
                        0.000106030737921 0 0.00166579798567,
                        0.000113397459622 0 0.00165,
                        0.000123395555688 0 0.00163572123903,
                        0.000135721239031 0 0.00162339555569,
                        0.00015 0 0.00161339745962,
                        0.000165797985667 0 0.00160603073792,
                        0.000182635182233 0 0.0016015192247,
                        0.0002 0 0.0016,
                        0.000217364817767 0 0.0016015192247,
                        0.000234202014333 0 0.00160603073792,
                        0.00025 0 0.00161339745962,
                        0.000264278760969 0 0.00162339555569,
                        0.000276604444312 0 0.00163572123903,
                        0.000286602540378 0 0.00165,
                        0.000293969262079 0 0.00166579798567,
                        0.000298480775301 0 0.00168263518223,
                        0.000501519224699 0 0.00168263518223,
                        0.000506030737921 0 0.00166579798567,
                        0.000513397459622 0 0.00165,
                        0.000523395555688 0 0.00163572123903,
                        0.000535721239031 0 0.00162339555569,
                        0.00055 0 0.00161339745962,
                        0.000565797985667 0 0.00160603073792,
                        0.000582635182233 0 0.0016015192247,
                        0.0006 0 0.0016,
                        0.000617364817767 0 0.0016015192247,
                        0.000634202014333 0 0.00160603073792,
                        0.00065 0 0.00161339745962,
                        0.000664278760969 0 0.00162339555569,
                        0.000676604444312 0 0.00163572123903,
                        0.000686602540378 0 0.00165,
                        0.000693969262079 0 0.00166579798567,
                        0.000698480775301 0 0.00168263518223,
                        0.000901519224699 0 0.00168263518223,
                        0.000906030737921 0 0.00166579798567,
                        0.000913397459622 0 0.00165,
                        0.000923395555688 0 0.00163572123903,
                        0.000935721239031 0 0.00162339555569,
                        0.00095 0 0.00161339745962,
                        0.000965797985667 0 0.00160603073792,
                        0.000982635182233 0 0.0016015192247,
                        0.001 0 0.0016,
                        0.00101736481777 0 0.0016015192247,
                        0.00103420201433 0 0.00160603073792,
                        0.00105 0 0.00161339745962,
                        0.00106427876097 0 0.00162339555569,
                        0.00107660444431 0 0.00163572123903,
                        0.00108660254038 0 0.00165,
                        0.00109396926208 0 0.00166579798567,
                        0.0010984807753 0 0.00168263518223,
                        0.00130134326125 0 0.0016836645202,
                        0.001305336958 0 0.00166776789675,
                        0.00131187379868 0 0.00165273719601,
                        0.0016836645202 0 0.00130134326125,
                        0.00166776789675 0 0.001305336958,
                        0.00165273719601 0 0.00131187379868,
                        0.00168263518223 0 0.000901519224699,
                        0.00166579798567 0 0.000906030737921,
                        0.00165 0 0.000913397459622,
                        0.00163572123903 0 0.000923395555688,
                        0.00162339555569 0 0.000935721239031,
                        0.00161339745962 0 0.00095,
                        0.00160603073792 0 0.000965797985667,
                        0.0016015192247 0 0.000982635182233,
                        0.0016 0 0.001,
                        0.0016015192247 0 0.00101736481777,
                        0.00160603073792 0 0.00103420201433,
                        0.00161339745962 0 0.00105,
                        0.00162339555569 0 0.00106427876097,
                        0.00163572123903 0 0.00107660444431,
                        0.00165 0 0.00108660254038,
                        0.00166579798567 0 0.00109396926208,
                        0.00168263518223 0 0.0010984807753,
                        0.00168263518223 0 0.000501519224699,
                        0.00166579798567 0 0.000506030737921,
                        0.00165 0 0.000513397459622,
                        0.00163572123903 0 0.000523395555688,
                        0.00162339555569 0 0.000535721239031,
                        0.00161339745962 0 0.00055,
                        0.00160603073792 0 0.000565797985667,
                        0.0016015192247 0 0.000582635182233,
                        0.0016 0 0.0006,
                        0.0016015192247 0 0.000617364817767,
                        0.00160603073792 0 0.000634202014333,
                        0.00161339745962 0 0.00065,
                        0.00162339555569 0 0.000664278760969,
                        0.00163572123903 0 0.000676604444312,
                        0.00165 0 0.000686602540378,
                        0.00166579798567 0 0.000693969262079,
                        0.00168263518223 0 0.000698480775301,
                        0.00168263518223 0 0.000101519224699,
                        0.00166579798567 0 0.000106030737921,
                        0.00165 0 0.000113397459622,
                        0.00163572123903 0 0.000123395555688,
                        0.00162339555569 0 0.000135721239031,
                        0.00161339745962 0 0.00015,
                        0.00160603073792 0 0.000165797985667,
                        0.0016015192247 0 0.000182635182233,
                        0.0016 0 0.0002,
                        0.0016015192247 0 0.000217364817767,
                        0.00160603073792 0 0.000234202014333,
                        0.00161339745962 0 0.00025,
                        0.00162339555569 0 0.000264278760969,
                        0.00163572123903 0 0.000276604444312,
                        0.00165 0 0.000286602540378,
                        0.00166579798567 0 0.000293969262079,
                        0.00168263518223 0 0.000298480775301,
                        0.00168263518223 0 -0.000298480775301,
                        0.00166579798567 0 -0.000293969262079,
                        0.00165 0 -0.000286602540378,
                        0.00163572123903 0 -0.000276604444312,
                        0.00162339555569 0 -0.000264278760969,
                        0.00161339745962 0 -0.00025,
                        0.00160603073792 0 -0.000234202014333,
                        0.0016015192247 0 -0.000217364817767,
                        0.0016 0 -0.0002,
                        0.0016015192247 0 -0.000182635182233,
                        0.00160603073792 0 -0.000165797985667,
                        0.00161339745962 0 -0.00015,
                        0.00162339555569 0 -0.000135721239031,
                        0.00163572123903 0 -0.000123395555688,
                        0.00165 0 -0.000113397459622,
                        0.00166579798567 0 -0.000106030737921,
                        0.00168263518223 0 -0.000101519224699,
                        0.00168263518223 0 -0.000698480775301,
                        0.00166579798567 0 -0.000693969262079,
                        0.00165 0 -0.000686602540378,
                        0.00163572123903 0 -0.000676604444312,
                        0.00162339555569 0 -0.000664278760969,
                        0.00161339745962 0 -0.00065,
                        0.00160603073792 0 -0.000634202014333,
                        0.0016015192247 0 -0.000617364817767,
                        0.0016 0 -0.0006,
                        0.0016015192247 0 -0.000582635182233,
                        0.00160603073792 0 -0.000565797985667,
                        0.00161339745962 0 -0.00055,
                        0.00162339555569 0 -0.000535721239031,
                        0.00163572123903 0 -0.000523395555688,
                        0.00165 0 -0.000513397459622,
                        0.00166579798567 0 -0.000506030737921,
                        0.00168263518223 0 -0.000501519224699,
                        0.00168263518223 0 -0.0010984807753,
                        0.00166579798567 0 -0.00109396926208,
                        0.00165 0 -0.00108660254038,
                        0.00163572123903 0 -0.00107660444431,
                        0.00162339555569 0 -0.00106427876097,
                        0.00161339745962 0 -0.00105,
                        0.00160603073792 0 -0.00103420201433,
                        0.0016015192247 0 -0.00101736481777,
                        0.0016 0 -0.001,
                        0.0016015192247 0 -0.000982635182233,
                        0.00160603073792 0 -0.000965797985667,
                        0.00161339745962 0 -0.00095,
                        0.00162339555569 0 -0.000935721239031,
                        0.00163572123903 0 -0.000923395555688,
                        0.00165 0 -0.000913397459622,
                        0.00166579798567 0 -0.000906030737921,
                        0.00168263518223 0 -0.000901519224699,
                        0.00165273719601 0 -0.00131187379868,
                        0.00166776789675 0 -0.001305336958,
                        0.0016836645202 0 -0.00130134326125,
                        0.00130134326125 0 -0.0016836645202,
                        0.001305336958 0 -0.00166776789675,
                        0.00131187379868 0 -0.00165273719601,
                        0.000901519224699 0 -0.00168263518223,
                        0.000906030737921 0 -0.00166579798567,
                        0.000913397459622 0 -0.00165,
                        0.000923395555688 0 -0.00163572123903,
                        0.000935721239031 0 -0.00162339555569,
                        0.00095 0 -0.00161339745962,
                        0.000965797985667 0 -0.00160603073792,
                        0.000982635182233 0 -0.0016015192247,
                        0.001 0 -0.0016,
                        0.00101736481777 0 -0.0016015192247,
                        0.00103420201433 0 -0.00160603073792,
                        0.00105 0 -0.00161339745962,
                        0.00106427876097 0 -0.00162339555569,
                        0.00107660444431 0 -0.00163572123903,
                        0.00108660254038 0 -0.00165,
                        0.00109396926208 0 -0.00166579798567,
                        0.0010984807753 0 -0.00168263518223,
                        0.000501519224699 0 -0.00168263518223,
                        0.000506030737921 0 -0.00166579798567,
                        0.000513397459622 0 -0.00165,
                        0.000523395555688 0 -0.00163572123903,
                        0.000535721239031 0 -0.00162339555569,
                        0.00055 0 -0.00161339745962,
                        0.000565797985667 0 -0.00160603073792,
                        0.000582635182233 0 -0.0016015192247,
                        0.0006 0 -0.0016,
                        0.000617364817767 0 -0.0016015192247,
                        0.000634202014333 0 -0.00160603073792,
                        0.00065 0 -0.00161339745962,
                        0.000664278760969 0 -0.00162339555569,
                        0.000676604444312 0 -0.00163572123903,
                        0.000686602540378 0 -0.00165,
                        0.000693969262079 0 -0.00166579798567,
                        0.000698480775301 0 -0.00168263518223,
                        0.000101519224699 0 -0.00168263518223,
                        0.000106030737921 0 -0.00166579798567,
                        0.000113397459622 0 -0.00165,
                        0.000123395555688 0 -0.00163572123903,
                        0.000135721239031 0 -0.00162339555569,
                        0.00015 0 -0.00161339745962,
                        0.000165797985667 0 -0.00160603073792,
                        0.000182635182233 0 -0.0016015192247,
                        0.0002 0 -0.0016,
                        0.000217364817767 0 -0.0016015192247,
                        0.000234202014333 0 -0.00160603073792,
                        0.00025 0 -0.00161339745962,
                        0.000264278760969 0 -0.00162339555569,
                        0.000276604444312 0 -0.00163572123903,
                        0.000286602540378 0 -0.00165,
                        0.000293969262079 0 -0.00166579798567,
                        0.000298480775301 0 -0.00168263518223,
                        -0.000298480775301 0 -0.00168263518223,
                        -0.000293969262079 0 -0.00166579798567,
                        -0.000286602540378 0 -0.00165,
                        -0.000276604444312 0 -0.00163572123903,
                        -0.000264278760969 0 -0.00162339555569,
                        -0.00025 0 -0.00161339745962,
                        -0.000234202014333 0 -0.00160603073792,
                        -0.000217364817767 0 -0.0016015192247,
                        -0.0002 0 -0.0016,
                        -0.000182635182233 0 -0.0016015192247,
                        -0.000165797985667 0 -0.00160603073792,
                        -0.00015 0 -0.00161339745962,
                        -0.000135721239031 0 -0.00162339555569,
                        -0.000123395555688 0 -0.00163572123903,
                        -0.000113397459622 0 -0.00165,
                        -0.000106030737921 0 -0.00166579798567,
                        -0.000101519224699 0 -0.00168263518223,
                        -0.000698480775301 0 -0.00168263518223,
                        -0.000693969262079 0 -0.00166579798567,
                        -0.000686602540378 0 -0.00165,
                        -0.000676604444312 0 -0.00163572123903,
                        -0.000664278760969 0 -0.00162339555569,
                        -0.00065 0 -0.00161339745962,
                        -0.000634202014333 0 -0.00160603073792,
                        -0.000617364817767 0 -0.0016015192247,
                        -0.0006 0 -0.0016,
                        -0.000582635182233 0 -0.0016015192247,
                        -0.000565797985667 0 -0.00160603073792,
                        -0.00055 0 -0.00161339745962,
                        -0.000535721239031 0 -0.00162339555569,
                        -0.000523395555688 0 -0.00163572123903,
                        -0.000513397459622 0 -0.00165,
                        -0.000506030737921 0 -0.00166579798567,
                        -0.000501519224699 0 -0.00168263518223,
                        -0.0010984807753 0 -0.00168263518223,
                        -0.00109396926208 0 -0.00166579798567,
                        -0.00108660254038 0 -0.00165,
                        -0.00107660444431 0 -0.00163572123903,
                        -0.00106427876097 0 -0.00162339555569,
                        -0.00105 0 -0.00161339745962,
                        -0.00103420201433 0 -0.00160603073792,
                        -0.00101736481777 0 -0.0016015192247,
                        -0.001 0 -0.0016,
                        -0.000982635182233 0 -0.0016015192247,
                        -0.000965797985667 0 -0.00160603073792,
                        -0.00095 0 -0.00161339745962,
                        -0.000935721239031 0 -0.00162339555569,
                        -0.000923395555688 0 -0.00163572123903,
                        -0.000913397459622 0 -0.00165,
                        -0.000906030737921 0 -0.00166579798567,
                        -0.000901519224699 0 -0.00168263518223,
                        -0.00131187379868 0 -0.00165273719601,
                        -0.001305336958 0 -0.00166776789675,
                        -0.00130134326125 0 -0.0016836645202,
                        -0.00131187379868 0.000175 -0.00165273719601,
                        -0.001305336958 0.000175 -0.00166776789675,
                        -0.00130134326125 0.000175 -0.0016836645202,
                        -0.0010984807753 0.000175 -0.00168263518223,
                        -0.00109396926208 0.000175 -0.00166579798567,
                        -0.00108660254038 0.000175 -0.00165,
                        -0.00107660444431 0.000175 -0.00163572123903,
                        -0.00106427876097 0.000175 -0.00162339555569,
                        -0.00105 0.000175 -0.00161339745962,
                        -0.00103420201433 0.000175 -0.00160603073792,
                        -0.00101736481777 0.000175 -0.0016015192247,
                        -0.001 0.000175 -0.0016,
                        -0.000982635182233 0.000175 -0.0016015192247,
                        -0.000965797985667 0.000175 -0.00160603073792,
                        -0.00095 0.000175 -0.00161339745962,
                        -0.000935721239031 0.000175 -0.00162339555569,
                        -0.000923395555688 0.000175 -0.00163572123903,
                        -0.000913397459622 0.000175 -0.00165,
                        -0.000906030737921 0.000175 -0.00166579798567,
                        -0.000901519224699 0.000175 -0.00168263518223,
                        -0.000698480775301 0.000175 -0.00168263518223,
                        -0.000693969262079 0.000175 -0.00166579798567,
                        -0.000686602540378 0.000175 -0.00165,
                        -0.000676604444312 0.000175 -0.00163572123903,
                        -0.000664278760969 0.000175 -0.00162339555569,
                        -0.00065 0.000175 -0.00161339745962,
                        -0.000634202014333 0.000175 -0.00160603073792,
                        -0.000617364817767 0.000175 -0.0016015192247,
                        -0.0006 0.000175 -0.0016,
                        -0.000582635182233 0.000175 -0.0016015192247,
                        -0.000565797985667 0.000175 -0.00160603073792,
                        -0.00055 0.000175 -0.00161339745962,
                        -0.000535721239031 0.000175 -0.00162339555569,
                        -0.000523395555688 0.000175 -0.00163572123903,
                        -0.000513397459622 0.000175 -0.00165,
                        -0.000506030737921 0.000175 -0.00166579798567,
                        -0.000501519224699 0.000175 -0.00168263518223,
                        -0.000298480775301 0.000175 -0.00168263518223,
                        -0.000293969262079 0.000175 -0.00166579798567,
                        -0.000286602540378 0.000175 -0.00165,
                        -0.000276604444312 0.000175 -0.00163572123903,
                        -0.000264278760969 0.000175 -0.00162339555569,
                        -0.00025 0.000175 -0.00161339745962,
                        -0.000234202014333 0.000175 -0.00160603073792,
                        -0.000217364817767 0.000175 -0.0016015192247,
                        -0.0002 0.000175 -0.0016,
                        -0.000182635182233 0.000175 -0.0016015192247,
                        -0.000165797985667 0.000175 -0.00160603073792,
                        -0.00015 0.000175 -0.00161339745962,
                        -0.000135721239031 0.000175 -0.00162339555569,
                        -0.000123395555688 0.000175 -0.00163572123903,
                        -0.000113397459622 0.000175 -0.00165,
                        -0.000106030737921 0.000175 -0.00166579798567,
                        -0.000101519224699 0.000175 -0.00168263518223,
                        0.000101519224699 0.000175 -0.00168263518223,
                        0.000106030737921 0.000175 -0.00166579798567,
                        0.000113397459622 0.000175 -0.00165,
                        0.000123395555688 0.000175 -0.00163572123903,
                        0.000135721239031 0.000175 -0.00162339555569,
                        0.00015 0.000175 -0.00161339745962,
                        0.000165797985667 0.000175 -0.00160603073792,
                        0.000182635182233 0.000175 -0.0016015192247,
                        0.0002 0.000175 -0.0016,
                        0.000217364817767 0.000175 -0.0016015192247,
                        0.000234202014333 0.000175 -0.00160603073792,
                        0.00025 0.000175 -0.00161339745962,
                        0.000264278760969 0.000175 -0.00162339555569,
                        0.000276604444312 0.000175 -0.00163572123903,
                        0.000286602540378 0.000175 -0.00165,
                        0.000293969262079 0.000175 -0.00166579798567,
                        0.000298480775301 0.000175 -0.00168263518223,
                        0.000501519224699 0.000175 -0.00168263518223,
                        0.000506030737921 0.000175 -0.00166579798567,
                        0.000513397459622 0.000175 -0.00165,
                        0.000523395555688 0.000175 -0.00163572123903,
                        0.000535721239031 0.000175 -0.00162339555569,
                        0.00055 0.000175 -0.00161339745962,
                        0.000565797985667 0.000175 -0.00160603073792,
                        0.000582635182233 0.000175 -0.0016015192247,
                        0.0006 0.000175 -0.0016,
                        0.000617364817767 0.000175 -0.0016015192247,
                        0.000634202014333 0.000175 -0.00160603073792,
                        0.00065 0.000175 -0.00161339745962,
                        0.000664278760969 0.000175 -0.00162339555569,
                        0.000676604444312 0.000175 -0.00163572123903,
                        0.000686602540378 0.000175 -0.00165,
                        0.000693969262079 0.000175 -0.00166579798567,
                        0.000698480775301 0.000175 -0.00168263518223,
                        0.000901519224699 0.000175 -0.00168263518223,
                        0.000906030737921 0.000175 -0.00166579798567,
                        0.000913397459622 0.000175 -0.00165,
                        0.000923395555688 0.000175 -0.00163572123903,
                        0.000935721239031 0.000175 -0.00162339555569,
                        0.00095 0.000175 -0.00161339745962,
                        0.000965797985667 0.000175 -0.00160603073792,
                        0.000982635182233 0.000175 -0.0016015192247,
                        0.001 0.000175 -0.0016,
                        0.00101736481777 0.000175 -0.0016015192247,
                        0.00103420201433 0.000175 -0.00160603073792,
                        0.00105 0.000175 -0.00161339745962,
                        0.00106427876097 0.000175 -0.00162339555569,
                        0.00107660444431 0.000175 -0.00163572123903,
                        0.00108660254038 0.000175 -0.00165,
                        0.00109396926208 0.000175 -0.00166579798567,
                        0.0010984807753 0.000175 -0.00168263518223,
                        0.00130134326125 0.000175 -0.0016836645202,
                        0.001305336958 0.000175 -0.00166776789675,
                        0.00131187379868 0.000175 -0.00165273719601,
                        0.0016836645202 0.000175 0.00130134326125,
                        0.00166776789675 0.000175 0.001305336958,
                        0.00165273719601 0.000175 0.00131187379868,
                        -0.00131187379868 0.000175 0.00165273719601,
                        -0.001305336958 0.000175 0.00166776789675,
                        -0.00130134326125 0.000175 0.0016836645202,
                        -0.0016836645202 0.000175 0.00130134326125,
                        -0.00166776789675 0.000175 0.001305336958,
                        -0.00165273719601 0.000175 0.00131187379868,
                        -0.00168263518223 0.000175 0.000901519224699,
                        -0.00166579798567 0.000175 0.000906030737921,
                        -0.00165 0.000175 0.000913397459622,
                        -0.00163572123903 0.000175 0.000923395555688,
                        -0.00162339555569 0.000175 0.000935721239031,
                        -0.00161339745962 0.000175 0.00095,
                        -0.00160603073792 0.000175 0.000965797985667,
                        -0.0016015192247 0.000175 0.000982635182233,
                        -0.0016 0.000175 0.001,
                        -0.0016015192247 0.000175 0.00101736481777,
                        -0.00160603073792 0.000175 0.00103420201433,
                        -0.00161339745962 0.000175 0.00105,
                        -0.00162339555569 0.000175 0.00106427876097,
                        -0.00163572123903 0.000175 0.00107660444431,
                        -0.00165 0.000175 0.00108660254038,
                        -0.00166579798567 0.000175 0.00109396926208,
                        -0.00168263518223 0.000175 0.0010984807753,
                        -0.00168263518223 0.000175 0.000501519224699,
                        -0.00166579798567 0.000175 0.000506030737921,
                        -0.00165 0.000175 0.000513397459622,
                        -0.00163572123903 0.000175 0.000523395555688,
                        -0.00162339555569 0.000175 0.000535721239031,
                        -0.00161339745962 0.000175 0.00055,
                        -0.00160603073792 0.000175 0.000565797985667,
                        -0.0016015192247 0.000175 0.000582635182233,
                        -0.0016 0.000175 0.0006,
                        -0.0016015192247 0.000175 0.000617364817767,
                        -0.00160603073792 0.000175 0.000634202014333,
                        -0.00161339745962 0.000175 0.00065,
                        -0.00162339555569 0.000175 0.000664278760969,
                        -0.00163572123903 0.000175 0.000676604444312,
                        -0.00165 0.000175 0.000686602540378,
                        -0.00166579798567 0.000175 0.000693969262079,
                        -0.00168263518223 0.000175 0.000698480775301,
                        -0.00168263518223 0.000175 0.000101519224699,
                        -0.00166579798567 0.000175 0.000106030737921,
                        -0.00165 0.000175 0.000113397459622,
                        -0.00163572123903 0.000175 0.000123395555688,
                        -0.00162339555569 0.000175 0.000135721239031,
                        -0.00161339745962 0.000175 0.00015,
                        -0.00160603073792 0.000175 0.000165797985667,
                        -0.0016015192247 0.000175 0.000182635182233,
                        -0.0016 0.000175 0.0002,
                        -0.0016015192247 0.000175 0.000217364817767,
                        -0.00160603073792 0.000175 0.000234202014333,
                        -0.00161339745962 0.000175 0.00025,
                        -0.00162339555569 0.000175 0.000264278760969,
                        -0.00163572123903 0.000175 0.000276604444312,
                        -0.00165 0.000175 0.000286602540378,
                        -0.00166579798567 0.000175 0.000293969262079,
                        -0.00168263518223 0.000175 0.000298480775301,
                        -0.00168263518223 0.000175 -0.000298480775301,
                        -0.00166579798567 0.000175 -0.000293969262079,
                        -0.00165 0.000175 -0.000286602540378,
                        -0.00163572123903 0.000175 -0.000276604444312,
                        -0.00162339555569 0.000175 -0.000264278760969,
                        -0.00161339745962 0.000175 -0.00025,
                        -0.00160603073792 0.000175 -0.000234202014333,
                        -0.0016015192247 0.000175 -0.000217364817767,
                        -0.0016 0.000175 -0.0002,
                        -0.0016015192247 0.000175 -0.000182635182233,
                        -0.00160603073792 0.000175 -0.000165797985667,
                        -0.00161339745962 0.000175 -0.00015,
                        -0.00162339555569 0.000175 -0.000135721239031,
                        -0.00163572123903 0.000175 -0.000123395555688,
                        -0.00165 0.000175 -0.000113397459622,
                        -0.00166579798567 0.000175 -0.000106030737921,
                        -0.00168263518223 0.000175 -0.000101519224699,
                        -0.00168263518223 0.000175 -0.000698480775301,
                        -0.00166579798567 0.000175 -0.000693969262079,
                        -0.00165 0.000175 -0.000686602540378,
                        -0.00163572123903 0.000175 -0.000676604444312,
                        -0.00162339555569 0.000175 -0.000664278760969,
                        -0.00161339745962 0.000175 -0.00065,
                        -0.00160603073792 0.000175 -0.000634202014333,
                        -0.0016015192247 0.000175 -0.000617364817767,
                        -0.0016 0.000175 -0.0006,
                        -0.0016015192247 0.000175 -0.000582635182233,
                        -0.00160603073792 0.000175 -0.000565797985667,
                        -0.00161339745962 0.000175 -0.00055,
                        -0.00162339555569 0.000175 -0.000535721239031,
                        -0.00163572123903 0.000175 -0.000523395555688,
                        -0.00165 0.000175 -0.000513397459622,
                        -0.00166579798567 0.000175 -0.000506030737921,
                        -0.00168263518223 0.000175 -0.000501519224699,
                        -0.00168263518223 0.000175 -0.0010984807753,
                        -0.00166579798567 0.000175 -0.00109396926208,
                        -0.00165 0.000175 -0.00108660254038,
                        -0.00163572123903 0.000175 -0.00107660444431,
                        -0.00162339555569 0.000175 -0.00106427876097,
                        -0.00161339745962 0.000175 -0.00105,
                        -0.00160603073792 0.000175 -0.00103420201433,
                        -0.0016015192247 0.000175 -0.00101736481777,
                        -0.0016 0.000175 -0.001,
                        -0.0016015192247 0.000175 -0.000982635182233,
                        -0.00160603073792 0.000175 -0.000965797985667,
                        -0.00161339745962 0.000175 -0.00095,
                        -0.00162339555569 0.000175 -0.000935721239031,
                        -0.00163572123903 0.000175 -0.000923395555688,
                        -0.00165 0.000175 -0.000913397459622,
                        -0.00166579798567 0.000175 -0.000906030737921,
                        -0.00168263518223 0.000175 -0.000901519224699,
                        -0.00165273719601 0.000175 -0.00131187379868,
                        -0.00166776789675 0.000175 -0.001305336958,
                        -0.0016836645202 0.000175 -0.00130134326125,
                        0.00130134326125 0.000175 0.0016836645202,
                        0.001305336958 0.000175 0.00166776789675,
                        0.00131187379868 0.000175 0.00165273719601,
                        0.000901519224699 0.000175 0.00168263518223,
                        0.000906030737921 0.000175 0.00166579798567,
                        0.000913397459622 0.000175 0.00165,
                        0.000923395555688 0.000175 0.00163572123903,
                        0.000935721239031 0.000175 0.00162339555569,
                        0.00095 0.000175 0.00161339745962,
                        0.000965797985667 0.000175 0.00160603073792,
                        0.000982635182233 0.000175 0.0016015192247,
                        0.001 0.000175 0.0016,
                        0.00101736481777 0.000175 0.0016015192247,
                        0.00103420201433 0.000175 0.00160603073792,
                        0.00105 0.000175 0.00161339745962,
                        0.00106427876097 0.000175 0.00162339555569,
                        0.00107660444431 0.000175 0.00163572123903,
                        0.00108660254038 0.000175 0.00165,
                        0.00109396926208 0.000175 0.00166579798567,
                        0.0010984807753 0.000175 0.00168263518223,
                        0.000501519224699 0.000175 0.00168263518223,
                        0.000506030737921 0.000175 0.00166579798567,
                        0.000513397459622 0.000175 0.00165,
                        0.000523395555688 0.000175 0.00163572123903,
                        0.000535721239031 0.000175 0.00162339555569,
                        0.00055 0.000175 0.00161339745962,
                        0.000565797985667 0.000175 0.00160603073792,
                        0.000582635182233 0.000175 0.0016015192247,
                        0.0006 0.000175 0.0016,
                        0.000617364817767 0.000175 0.0016015192247,
                        0.000634202014333 0.000175 0.00160603073792,
                        0.00065 0.000175 0.00161339745962,
                        0.000664278760969 0.000175 0.00162339555569,
                        0.000676604444312 0.000175 0.00163572123903,
                        0.000686602540378 0.000175 0.00165,
                        0.000693969262079 0.000175 0.00166579798567,
                        0.000698480775301 0.000175 0.00168263518223,
                        0.000101519224699 0.000175 0.00168263518223,
                        0.000106030737921 0.000175 0.00166579798567,
                        0.000113397459622 0.000175 0.00165,
                        0.000123395555688 0.000175 0.00163572123903,
                        0.000135721239031 0.000175 0.00162339555569,
                        0.00015 0.000175 0.00161339745962,
                        0.000165797985667 0.000175 0.00160603073792,
                        0.000182635182233 0.000175 0.0016015192247,
                        0.0002 0.000175 0.0016,
                        0.000217364817767 0.000175 0.0016015192247,
                        0.000234202014333 0.000175 0.00160603073792,
                        0.00025 0.000175 0.00161339745962,
                        0.000264278760969 0.000175 0.00162339555569,
                        0.000276604444312 0.000175 0.00163572123903,
                        0.000286602540378 0.000175 0.00165,
                        0.000293969262079 0.000175 0.00166579798567,
                        0.000298480775301 0.000175 0.00168263518223,
                        -0.000298480775301 0.000175 0.00168263518223,
                        -0.000293969262079 0.000175 0.00166579798567,
                        -0.000286602540378 0.000175 0.00165,
                        -0.000276604444312 0.000175 0.00163572123903,
                        -0.000264278760969 0.000175 0.00162339555569,
                        -0.00025 0.000175 0.00161339745962,
                        -0.000234202014333 0.000175 0.00160603073792,
                        -0.000217364817767 0.000175 0.0016015192247,
                        -0.0002 0.000175 0.0016,
                        -0.000182635182233 0.000175 0.0016015192247,
                        -0.000165797985667 0.000175 0.00160603073792,
                        -0.00015 0.000175 0.00161339745962,
                        -0.000135721239031 0.000175 0.00162339555569,
                        -0.000123395555688 0.000175 0.00163572123903,
                        -0.000113397459622 0.000175 0.00165,
                        -0.000106030737921 0.000175 0.00166579798567,
                        -0.000101519224699 0.000175 0.00168263518223,
                        -0.000698480775301 0.000175 0.00168263518223,
                        -0.000693969262079 0.000175 0.00166579798567,
                        -0.000686602540378 0.000175 0.00165,
                        -0.000676604444312 0.000175 0.00163572123903,
                        -0.000664278760969 0.000175 0.00162339555569,
                        -0.00065 0.000175 0.00161339745962,
                        -0.000634202014333 0.000175 0.00160603073792,
                        -0.000617364817767 0.000175 0.0016015192247,
                        -0.0006 0.000175 0.0016,
                        -0.000582635182233 0.000175 0.0016015192247,
                        -0.000565797985667 0.000175 0.00160603073792,
                        -0.00055 0.000175 0.00161339745962,
                        -0.000535721239031 0.000175 0.00162339555569,
                        -0.000523395555688 0.000175 0.00163572123903,
                        -0.000513397459622 0.000175 0.00165,
                        -0.000506030737921 0.000175 0.00166579798567,
                        -0.000501519224699 0.000175 0.00168263518223,
                        -0.0010984807753 0.000175 0.00168263518223,
                        -0.00109396926208 0.000175 0.00166579798567,
                        -0.00108660254038 0.000175 0.00165,
                        -0.00107660444431 0.000175 0.00163572123903,
                        -0.00106427876097 0.000175 0.00162339555569,
                        -0.00105 0.000175 0.00161339745962,
                        -0.00103420201433 0.000175 0.00160603073792,
                        -0.00101736481777 0.000175 0.0016015192247,
                        -0.001 0.000175 0.0016,
                        -0.000982635182233 0.000175 0.0016015192247,
                        -0.000965797985667 0.000175 0.00160603073792,
                        -0.00095 0.000175 0.00161339745962,
                        -0.000935721239031 0.000175 0.00162339555569,
                        -0.000923395555688 0.000175 0.00163572123903,
                        -0.000913397459622 0.000175 0.00165,
                        -0.000906030737921 0.000175 0.00166579798567,
                        -0.000901519224699 0.000175 0.00168263518223,
                        0.00165273719601 0.000175 -0.00131187379868,
                        0.00166776789675 0.000175 -0.001305336958,
                        0.0016836645202 0.000175 -0.00130134326125,
                        0.00168263518223 0.000175 -0.0010984807753,
                        0.00166579798567 0.000175 -0.00109396926208,
                        0.00165 0.000175 -0.00108660254038,
                        0.00163572123903 0.000175 -0.00107660444431,
                        0.00162339555569 0.000175 -0.00106427876097,
                        0.00161339745962 0.000175 -0.00105,
                        0.00160603073792 0.000175 -0.00103420201433,
                        0.0016015192247 0.000175 -0.00101736481777,
                        0.0016 0.000175 -0.001,
                        0.0016015192247 0.000175 -0.000982635182233,
                        0.00160603073792 0.000175 -0.000965797985667,
                        0.00161339745962 0.000175 -0.00095,
                        0.00162339555569 0.000175 -0.000935721239031,
                        0.00163572123903 0.000175 -0.000923395555688,
                        0.00165 0.000175 -0.000913397459622,
                        0.00166579798567 0.000175 -0.000906030737921,
                        0.00168263518223 0.000175 -0.000901519224699,
                        0.00168263518223 0.000175 -0.000698480775301,
                        0.00166579798567 0.000175 -0.000693969262079,
                        0.00165 0.000175 -0.000686602540378,
                        0.00163572123903 0.000175 -0.000676604444312,
                        0.00162339555569 0.000175 -0.000664278760969,
                        0.00161339745962 0.000175 -0.00065,
                        0.00160603073792 0.000175 -0.000634202014333,
                        0.0016015192247 0.000175 -0.000617364817767,
                        0.0016 0.000175 -0.0006,
                        0.0016015192247 0.000175 -0.000582635182233,
                        0.00160603073792 0.000175 -0.000565797985667,
                        0.00161339745962 0.000175 -0.00055,
                        0.00162339555569 0.000175 -0.000535721239031,
                        0.00163572123903 0.000175 -0.000523395555688,
                        0.00165 0.000175 -0.000513397459622,
                        0.00166579798567 0.000175 -0.000506030737921,
                        0.00168263518223 0.000175 -0.000501519224699,
                        0.00168263518223 0.000175 -0.000298480775301,
                        0.00166579798567 0.000175 -0.000293969262079,
                        0.00165 0.000175 -0.000286602540378,
                        0.00163572123903 0.000175 -0.000276604444312,
                        0.00162339555569 0.000175 -0.000264278760969,
                        0.00161339745962 0.000175 -0.00025,
                        0.00160603073792 0.000175 -0.000234202014333,
                        0.0016015192247 0.000175 -0.000217364817767,
                        0.0016 0.000175 -0.0002,
                        0.0016015192247 0.000175 -0.000182635182233,
                        0.00160603073792 0.000175 -0.000165797985667,
                        0.00161339745962 0.000175 -0.00015,
                        0.00162339555569 0.000175 -0.000135721239031,
                        0.00163572123903 0.000175 -0.000123395555688,
                        0.00165 0.000175 -0.000113397459622,
                        0.00166579798567 0.000175 -0.000106030737921,
                        0.00168263518223 0.000175 -0.000101519224699,
                        0.00168263518223 0.000175 0.000101519224699,
                        0.00166579798567 0.000175 0.000106030737921,
                        0.00165 0.000175 0.000113397459622,
                        0.00163572123903 0.000175 0.000123395555688,
                        0.00162339555569 0.000175 0.000135721239031,
                        0.00161339745962 0.000175 0.00015,
                        0.00160603073792 0.000175 0.000165797985667,
                        0.0016015192247 0.000175 0.000182635182233,
                        0.0016 0.000175 0.0002,
                        0.0016015192247 0.000175 0.000217364817767,
                        0.00160603073792 0.000175 0.000234202014333,
                        0.00161339745962 0.000175 0.00025,
                        0.00162339555569 0.000175 0.000264278760969,
                        0.00163572123903 0.000175 0.000276604444312,
                        0.00165 0.000175 0.000286602540378,
                        0.00166579798567 0.000175 0.000293969262079,
                        0.00168263518223 0.000175 0.000298480775301,
                        0.00168263518223 0.000175 0.000501519224699,
                        0.00166579798567 0.000175 0.000506030737921,
                        0.00165 0.000175 0.000513397459622,
                        0.00163572123903 0.000175 0.000523395555688,
                        0.00162339555569 0.000175 0.000535721239031,
                        0.00161339745962 0.000175 0.00055,
                        0.00160603073792 0.000175 0.000565797985667,
                        0.0016015192247 0.000175 0.000582635182233,
                        0.0016 0.000175 0.0006,
                        0.0016015192247 0.000175 0.000617364817767,
                        0.00160603073792 0.000175 0.000634202014333,
                        0.00161339745962 0.000175 0.00065,
                        0.00162339555569 0.000175 0.000664278760969,
                        0.00163572123903 0.000175 0.000676604444312,
                        0.00165 0.000175 0.000686602540378,
                        0.00166579798567 0.000175 0.000693969262079,
                        0.00168263518223 0.000175 0.000698480775301,
                        0.00168263518223 0.000175 0.000901519224699,
                        0.00166579798567 0.000175 0.000906030737921,
                        0.00165 0.000175 0.000913397459622,
                        0.00163572123903 0.000175 0.000923395555688,
                        0.00162339555569 0.000175 0.000935721239031,
                        0.00161339745962 0.000175 0.00095,
                        0.00160603073792 0.000175 0.000965797985667,
                        0.0016015192247 0.000175 0.000982635182233,
                        0.0016 0.000175 0.001,
                        0.0016015192247 0.000175 0.00101736481777,
                        0.00160603073792 0.000175 0.00103420201433,
                        0.00161339745962 0.000175 0.00105,
                        0.00162339555569 0.000175 0.00106427876097,
                        0.00163572123903 0.000175 0.00107660444431,
                        0.00165 0.000175 0.00108660254038,
                        0.00166579798567 0.000175 0.00109396926208,
                        0.00168263518223 0.000175 0.0010984807753

                      ]
                    }
                    normal Normal {
                      vector [
                        -0 -1 -0,
                        -0 -1 -0,
                        -0 -1 -0,
                        -0 -1 -0,
                        -0 -1 -0,
                        -0 -1 -0,
                        -0 -1 -0,
                        -0 -1 -0,
                        -0 -1 -0,
                        -0 -1 -0,
                        -0 -1 -0,
                        -0 -1 -0,
                        -0 -1 -0,
                        -0 -1 -0,
                        -0 -1 -0,
                        -0 -1 -0,
                        -0 -1 -0,
                        -0 -1 -0,
                        -0 -1 -0,
                        -0 -1 -0,
                        -0 -1 -0,
                        -0 -1 -0,
                        -0 -1 -0,
                        -0 -1 -0,
                        -0 -1 -0,
                        -0 -1 -0,
                        -0 -1 -0,
                        -0 -1 -0,
                        -0 -1 -0,
                        -0 -1 -0,
                        -0 -1 -0,
                        -0 -1 -0,
                        -0 -1 -0,
                        -0 -1 -0,
                        -0 -1 -0,
                        -0 -1 -0,
                        -0 -1 -0,
                        -0 -1 -0,
                        -0 -1 -0,
                        -0 -1 -0,
                        -0 -1 -0,
                        -0 -1 -0,
                        -0 -1 -0,
                        -0 -1 -0,
                        -0 -1 -0,
                        -0 -1 -0,
                        -0 -1 -0,
                        -0 -1 -0,
                        -0 -1 -0,
                        -0 -1 -0,
                        -0 -1 -0,
                        -0 -1 -0,
                        -0 -1 -0,
                        -0 -1 -0,
                        -0 -1 -0,
                        -0 -1 -0,
                        -0 -1 -0,
                        -0 -1 -0,
                        -0 -1 -0,
                        -0 -1 -0,
                        -0 -1 -0,
                        -0 -1 -0,
                        -0 -1 -0,
                        -0 -1 -0,
                        -0 -1 -0,
                        -0 -1 -0,
                        -0 -1 -0,
                        -0 -1 -0,
                        -0 -1 -0,
                        -0 -1 -0,
                        -0 -1 -0,
                        -0 -1 -0,
                        -0 -1 -0,
                        -0 -1 -0,
                        -0 -1 -0,
                        -0 -1 -0,
                        -0 -1 -0,
                        -0 -1 -0,
                        -0 -1 -0,
                        -0 -1 -0,
                        -0 -1 -0,
                        -0 -1 -0,
                        -0 -1 -0,
                        -0 -1 -0,
                        -0 -1 -0,
                        -0 -1 -0,
                        -0 -1 -0,
                        -0 -1 -0,
                        -0 -1 -0,
                        -0 -1 -0,
                        -0 -1 -0,
                        -0 -1 -0,
                        -0 -1 -0,
                        -0 -1 -0,
                        -0 -1 -0,
                        -0 -1 -0,
                        -0 -1 -0,
                        -0 -1 -0,
                        -0 -1 -0,
                        -0 -1 -0,
                        -0 -1 -0,
                        -0 -1 -0,
                        -0 -1 -0,
                        -0 -1 -0,
                        -0 -1 -0,
                        -0 -1 -0,
                        -0 -1 -0,
                        -0 -1 -0,
                        -0 -1 -0,
                        -0 -1 -0,
                        -0 -1 -0,
                        -0 -1 -0,
                        -0 -1 -0,
                        -0 -1 -0,
                        -0 -1 -0,
                        -0 -1 -0,
                        -0 -1 -0,
                        -0 -1 -0,
                        -0 -1 -0,
                        -0 -1 -0,
                        -0 -1 -0,
                        -0 -1 -0,
                        -0 -1 -0,
                        -0 -1 -0,
                        -0 -1 -0,
                        -0 -1 -0,
                        -0 -1 -0,
                        -0 -1 -0,
                        -0 -1 -0,
                        -0 -1 -0,
                        -0 -1 -0,
                        -0 -1 -0,
                        -0 -1 -0,
                        -0 -1 -0,
                        -0 -1 -0,
                        -0 -1 -0,
                        -0 -1 -0,
                        -0 -1 -0,
                        -0 -1 -0,
                        -0 -1 -0,
                        -0 -1 -0,
                        -0 -1 -0,
                        -0 -1 -0,
                        -0 -1 -0,
                        -0 -1 -0,
                        -0 -1 -0,
                        -0 -1 -0,
                        -0 -1 -0,
                        -0 -1 -0,
                        -0 -1 -0,
                        -0 -1 -0,
                        -0 -1 -0,
                        -0 -1 -0,
                        -0 -1 -0,
                        -0 -1 -0,
                        -0 -1 -0,
                        -0 -1 -0,
                        -0 -1 -0,
                        -0 -1 -0,
                        -0 -1 -0,
                        -0 -1 -0,
                        -0 -1 -0,
                        -0 -1 -0,
                        -0 -1 -0,
                        -0 -1 -0,
                        -0 -1 -0,
                        -0 -1 -0,
                        -0 -1 -0,
                        -0 -1 -0,
                        -0 -1 -0,
                        -0 -1 -0,
                        -0 -1 -0,
                        -0 -1 -0,
                        -0 -1 -0,
                        -0 -1 -0,
                        -0 -1 -0,
                        -0 -1 -0,
                        -0 -1 -0,
                        -0 -1 -0,
                        -0 -1 -0,
                        -0 -1 -0,
                        -0 -1 -0,
                        -0 -1 -0,
                        -0 -1 -0,
                        -0 -1 -0,
                        -0 -1 -0,
                        -0 -1 -0,
                        -0 -1 -0,
                        -0 -1 -0,
                        -0 -1 -0,
                        -0 -1 -0,
                        -0 -1 -0,
                        -0 -1 -0,
                        -0 -1 -0,
                        -0 -1 -0,
                        -0 -1 -0,
                        -0 -1 -0,
                        -0 -1 -0,
                        -0 -1 -0,
                        -0 -1 -0,
                        -0 -1 -0,
                        -0 -1 -0,
                        -0 -1 -0,
                        -0 -1 -0,
                        -0 -1 -0,
                        -0 -1 -0,
                        -0 -1 -0,
                        -0 -1 -0,
                        -0 -1 -0,
                        -0 -1 -0,
                        -0 -1 -0,
                        -0 -1 -0,
                        -0 -1 -0,
                        -0 -1 -0,
                        -0 -1 -0,
                        -0 -1 -0,
                        -0 -1 -0,
                        -0 -1 -0,
                        -0 -1 -0,
                        -0 -1 -0,
                        -0 -1 -0,
                        -0 -1 -0,
                        -0 -1 -0,
                        -0 -1 -0,
                        -0 -1 -0,
                        -0 -1 -0,
                        -0 -1 -0,
                        -0 -1 -0,
                        -0 -1 -0,
                        -0 -1 -0,
                        -0 -1 -0,
                        -0 -1 -0,
                        -0 -1 -0,
                        -0 -1 -0,
                        -0 -1 -0,
                        -0 -1 -0,
                        -0 -1 -0,
                        -0 -1 -0,
                        -0 -1 -0,
                        -0 -1 -0,
                        -0 -1 -0,
                        -0 -1 -0,
                        -0 -1 -0,
                        -0 -1 -0,
                        -0 -1 -0,
                        -0 -1 -0,
                        -0 -1 -0,
                        -0 -1 -0,
                        -0 -1 -0,
                        -0 -1 -0,
                        -0 -1 -0,
                        -0 -1 -0,
                        -0 -1 -0,
                        -0 -1 -0,
                        -0 -1 -0,
                        -0 -1 -0,
                        -0 -1 -0,
                        -0 -1 -0,
                        -0 -1 -0,
                        -0 -1 -0,
                        -0 -1 -0,
                        -0 -1 -0,
                        -0 -1 -0,
                        -0 -1 -0,
                        -0 -1 -0,
                        -0 -1 -0,
                        -0 -1 -0,
                        -0 -1 -0,
                        -0 -1 -0,
                        -0 -1 -0,
                        -0 -1 -0,
                        -0 -1 -0,
                        -0 -1 -0,
                        -0 -1 -0,
                        -0 -1 -0,
                        -0 -1 -0,
                        -0 -1 -0,
                        -0 -1 -0,
                        -0 -1 -0,
                        -0 -1 -0,
                        -0 -1 -0,
                        -0 -1 -0,
                        -0 -1 -0,
                        -0 -1 -0,
                        -0 -1 -0,
                        -0 -1 -0,
                        -0 -1 -0,
                        -0 -1 -0,
                        -0 -1 -0,
                        -0 -1 -0,
                        -0 -1 -0,
                        -0 -1 -0,
                        -0 -1 -0,
                        -0 -1 -0,
                        -0 -1 -0,
                        -0 -1 -0,
                        -0 -1 -0,
                        -0 -1 -0,
                        -0 -1 -0,
                        -0 -1 -0,
                        -0 -1 -0,
                        -0 -1 -0,
                        -0 -1 -0,
                        -0 -1 -0,
                        -0 -1 -0,
                        -0 -1 -0,
                        -0 -1 -0,
                        -0 -1 -0,
                        -0 -1 -0,
                        -0 -1 -0,
                        -0 -1 -0,
                        -0 -1 -0,
                        -0 -1 -0,
                        -0 -1 -0,
                        -0 -1 -0,
                        -0 -1 -0,
                        -0 -1 -0,
                        -0 -1 -0,
                        -0 -1 -0,
                        -0 -1 -0,
                        -0 -1 -0,
                        -0 -1 -0,
                        -0 -1 -0,
                        -0 -1 -0,
                        -0 -1 -0,
                        -0 -1 -0,
                        -0 -1 -0,
                        -0 -1 -0,
                        -0 -1 -0,
                        -0 -1 -0,
                        -0 -1 -0,
                        -0 -1 -0,
                        -0 -1 -0,
                        -0 -1 -0,
                        -0 -1 -0,
                        -0 -1 -0,
                        -0 -1 -0,
                        -0 -1 -0,
                        -0 -1 -0,
                        -0 -1 -0,
                        -0 -1 -0,
                        -0 -1 -0,
                        -0 -1 -0,
                        -0 -1 -0,
                        -0 -1 -0,
                        -0 -1 -0,
                        -0 -1 -0,
                        -0 -1 -0,
                        -0 -1 -0,
                        -0 -1 -0,
                        -0 -1 -0,
                        -0 -1 -0,
                        -0 -1 -0,
                        -0 -1 -0,
                        -0 -1 -0,
                        -0 -1 -0,
                        -0 -1 -0,
                        -0 -1 -0,
                        -0 -1 -0,
                        -0 -1 -0,
                        -0 -1 -0,
                        -0 -1 -0,
                        -0 -1 -0,
                        -0 -1 -0,
                        -0 -1 -0,
                        -0 -1 -0,
                        -0 -1 -0,
                        -0 -1 -0,
                        -0 -1 -0,
                        -0 -1 -0,
                        -0 -1 -0,
                        -0 -1 -0,
                        -0 -1 -0,
                        -0 -1 -0,
                        -0 -1 -0,
                        -0 -1 -0,
                        -0 -1 -0,
                        -0 -1 -0,
                        -0 -1 -0,
                        -0 -1 -0,
                        -0 -1 -0,
                        -0 -1 -0,
                        -0 -1 -0,
                        -0 -1 -0,
                        -0 -1 -0,
                        -0 -1 -0,
                        -0 -1 -0,
                        -0 -1 -0,
                        -0 -1 -0,
                        -0 -1 -0,
                        -0 -1 -0,
                        -0 -1 -0,
                        -0 -1 -0,
                        -0 -1 -0,
                        -0 -1 -0,
                        -0 -1 -0,
                        -0 -1 -0,
                        -0 -1 -0,
                        -0 -1 -0,
                        -0 -1 -0,
                        -0 -1 -0,
                        -0 -1 -0,
                        -0 -1 -0,
                        -0 -1 -0,
                        -0 -1 -0,
                        -0 -1 -0,
                        -0 -1 -0,
                        -0 -1 -0,
                        -0 -1 -0,
                        -0 -1 -0,
                        -0 -1 -0,
                        -0 -1 -0,
                        -0 -1 -0,
                        -0 -1 -0,
                        -0 -1 -0,
                        -0 -1 -0,
                        -0 -1 -0,
                        -0 -1 -0,
                        -0 -1 -0,
                        -0 -1 -0,
                        -0 -1 -0,
                        -0 -1 -0,
                        -0 -1 -0,
                        -0 -1 -0,
                        -0 -1 -0,
                        -0 -1 -0,
                        -0 -1 -0,
                        -0 -1 -0,
                        -0 -1 -0,
                        -0 -1 -0,
                        -0 -1 -0,
                        -0 -1 -0,
                        -0 -1 -0,
                        -0 -1 -0,
                        -0 -1 -0,
                        -0 -1 -0,
                        -0 -1 -0,
                        -0 -1 -0,
                        -0 -1 -0,
                        -0 -1 -0,
                        -0 -1 -0,
                        -0 -1 -0,
                        -0 -1 -0,
                        -0 -1 -0,
                        -0 -1 -0,
                        -0 -1 -0,
                        -0 -1 -0,
                        -0 -1 -0,
                        -0 -1 -0,
                        -0 -1 -0,
                        -0 -1 -0,
                        -0 -1 -0,
                        -0 -1 -0,
                        -0 -1 -0,
                        -0 -1 -0,
                        -0 -1 -0,
                        -0 -1 -0,
                        -0 -1 -0,
                        -0 -1 -0,
                        -0 -1 -0,
                        -0 -1 -0,
                        -0 -1 -0,
                        -0 -1 -0,
                        -0 -1 -0,
                        -0 -1 -0,
                        -0 -1 -0,
                        -0 -1 -0,
                        -0 -1 -0,
                        -0 -1 -0,
                        -0 -1 -0,
                        -0 -1 -0,
                        -0 -1 -0,
                        -0 -1 -0,
                        -0 -1 -0,
                        -0 -1 -0,
                        -0 -1 -0,
                        -0 -1 -0,
                        -0 -1 -0,
                        -0 -1 -0,
                        -0 -1 -0,
                        -0 -1 -0,
                        -0 -1 -0,
                        -0 -1 -0,
                        -0 -1 -0,
                        -0 -1 -0,
                        -0 -1 -0,
                        -0 -1 -0,
                        -0 -1 -0,
                        -0 -1 -0,
                        -0 -1 -0,
                        -0 -1 -0,
                        -0 -1 -0,
                        -0 -1 -0,
                        -0 -1 -0,
                        -0 -1 -0,
                        -0 -1 -0,
                        -0 -1 -0,
                        -0 -1 -0,
                        -0 -1 -0,
                        -0 -1 -0,
                        -0 -1 -0,
                        -0 -1 -0,
                        -0 -1 -0,
                        -0 -1 -0,
                        -0 -1 -0,
                        -0 -1 -0,
                        -0 -1 -0,
                        -0 -1 -0,
                        -0 -1 -0,
                        -0 -1 -0,
                        -0 -1 -0,
                        -0 -1 -0,
                        -0 -1 -0,
                        -0 -1 -0,
                        -0 -1 -0,
                        -0 -1 -0,
                        -0 -1 -0,
                        -0 -1 -0,
                        -0 -1 -0,
                        -0 -1 -0,
                        -0 -1 -0,
                        -0 -1 -0,
                        -0 -1 -0,
                        -0 -1 -0,
                        -0 -1 -0,
                        -0 -1 -0,
                        -0 -1 -0,
                        -0 -1 -0,
                        -0 -1 -0,
                        -0 -1 -0,
                        -0 -1 -0,
                        -0 -1 -0,
                        -0 -1 -0,
                        -0 -1 -0,
                        -0 -1 -0,
                        -0 -1 -0,
                        -0 -1 -0,
                        -0 -1 -0,
                        -0 -1 -0,
                        -0 -1 -0,
                        -0 -1 -0,
                        -0 -1 -0,
                        -0 -1 -0,
                        -0 -1 -0,
                        -0 -1 -0,
                        -0 -1 -0,
                        -0 -1 -0,
                        -0 -1 -0,
                        -0 -1 -0,
                        -0 -1 -0,
                        -0 -1 -0,
                        -0 -1 -0,
                        -0 -1 -0,
                        -0 -1 -0,
                        -0 -1 -0,
                        -0 -1 -0,
                        -0 -1 -0,
                        -0 -1 -0,
                        -0 -1 -0,
                        -0 -1 -0,
                        -0 -1 -0,
                        -0 -1 -0,
                        -0 -1 -0,
                        -0 -1 -0,
                        -0 -1 -0,
                        -0 -1 -0,
                        -0 -1 -0,
                        -0 -1 -0,
                        -0 -1 -0,
                        -0 -1 -0,
                        -0 -1 -0,
                        -0 -1 -0,
                        -0 -1 -0,
                        -0 -1 -0,
                        -0 -1 -0,
                        -0 -1 -0,
                        -0 -1 -0,
                        -0 -0 1,
                        -0 -0 1,
                        -0 -0 1,
                        -0 -0 1,
                        0.70710677 -0 0.70710677,
                        0.70710677 -0 0.70710677,
                        0.70710677 -0 0.70710677,
                        0.70710677 -0 0.70710677,
                        1 -0 -0,
                        1 -0 -0,
                        1 -0 -0,
                        1 -0 -0,
                        -0 -0 -1,
                        -0 -0 -1,
                        -0 -0 -1,
                        -0 -0 -1,
                        -1 -0 -0,
                        -1 -0 -0,
                        -1 -0 -0,
                        -1 -0 -0,
                        0 1 0,
                        0 1 0,
                        0 1 0,
                        0 1 0,
                        0 1 0,
                        0 1 0,
                        0 1 0,
                        0 1 0,
                        0 1 0,
                        1 -0 -0,
                        1 -0 -0,
                        1 -0 -0,
                        1 -0 -0,
                        -0 -0 -1,
                        -0 -0 -1,
                        -0 -0 -1,
                        -0 -0 -1,
                        -1 -0 -0,
                        -1 -0 -0,
                        -1 -0 -0,
                        -1 -0 -0,
                        -0 -0 1,
                        -0 -0 1,
                        -0 -0 1,
                        -0 -0 1,
                        -0 -1 -0,
                        -0 -1 -0,
                        -0 -1 -0,
                        -0 -1 -0,
                        1 -0 -0,
                        1 -0 -0,
                        1 -0 -0,
                        1 -0 -0,
                        0 0 -1,
                        0 0 -1,
                        0 0 -1,
                        0 0 -1,
                        0 0 -1,
                        0 0 -1,
                        0 0 -1,
                        0 0 -1,
                        0 0 -1,
                        0 0 -1,
                        0 0 -1,
                        0 0 -1,
                        0 0 -1,
                        0 0 -1,
                        0 0 -1,
                        0 0 -1,
                        0 0 -1,
                        0 0 -1,
                        0 0 -1,
                        0 0 -1,
                        0 0 -1,
                        0 0 -1,
                        0 0 -1,
                        0 0 -1,
                        0 0 -1,
                        0 0 -1,
                        0 0 -1,
                        0 0 -1,
                        0 0 -1,
                        0 0 -1,
                        0 0 -1,
                        0 0 -1,
                        0 0 -1,
                        0 0 -1,
                        0 0 -1,
                        0 0 -1,
                        0 0 -1,
                        0 0 -1,
                        0 0 -1,
                        0 0 -1,
                        0 0 -1,
                        0 0 -1,
                        0 0 -1,
                        0 0 -1,
                        -0 -1 -0,
                        -0 -1 -0,
                        -0 -1 -0,
                        -0 -1 -0,
                        -0 -1 -0,
                        -0 -1 -0,
                        -0 -1 -0,
                        -0 -1 -0,
                        0.70710677 0 -0.70710677,
                        0.70710677 0 -0.70710677,
                        0.70710677 0 -0.70710677,
                        0.70710677 0 -0.70710677,
                        -1 -0 -2.220446e-16,
                        -1 -0 -2.220446e-16,
                        -0.98656738 -0 -0.1633548,
                        -0.94663042 -0 -0.32232103,
                        -0.881262 -0 -0.47262803,
                        -0.79221833 -0 -0.61023778,
                        -0.79221833 -0 -0.61023778,
                        -0.881262 -0 -0.47262803,
                        -0.94663042 -0 -0.32232103,
                        -0.98656738 -0 -0.1633548,
                        -1 -0 -0,
                        -1 -0 -0,
                        -1 -0 -0,
                        -1 -0 -0,
                        1 -0 -0,
                        1 -0 -0,
                        1 -0 -0,
                        1 -0 -0,
                        1 -0 2.220446e-16,
                        1 -0 2.220446e-16,
                        0.98480773 -0 -0.17364818,
                        0.93969262 -0 -0.34202015,
                        0.86602539 -0 -0.5,
                        0.76604444 -0 -0.64278764,
                        0.64278764 -0 -0.76604444,
                        0.5 -0 -0.86602539,
                        0.34202015 -0 -0.93969262,
                        0.17364818 -0 -0.98480773,
                        2.220446e-16 -0 -1,
                        -0.17364818 -0 -0.98480773,
                        -0.34202015 -0 -0.93969262,
                        -0.5 -0 -0.86602539,
                        -0.64278764 -0 -0.76604444,
                        -0.76604444 -0 -0.64278764,
                        -0.86602539 -0 -0.5,
                        -0.93969262 -0 -0.34202015,
                        -0.98480773 -0 -0.17364818,
                        -1 -0 -2.220446e-16,
                        -1 -0 -2.220446e-16,
                        -0.98480773 -0 -0.17364818,
                        -0.93969262 -0 -0.34202015,
                        -0.86602539 -0 -0.5,
                        -0.76604444 -0 -0.64278764,
                        -0.64278764 -0 -0.76604444,
                        -0.5 -0 -0.86602539,
                        -0.34202015 -0 -0.93969262,
                        -0.17364818 -0 -0.98480773,
                        2.220446e-16 -0 -1,
                        0.17364818 -0 -0.98480773,
                        0.34202015 -0 -0.93969262,
                        0.5 -0 -0.86602539,
                        0.64278764 -0 -0.76604444,
                        0.76604444 -0 -0.64278764,
                        0.86602539 -0 -0.5,
                        0.93969262 -0 -0.34202015,
                        0.98480773 -0 -0.17364818,
                        -1 -0 -0,
                        -1 -0 -0,
                        -1 -0 -0,
                        -1 -0 -0,
                        -0 -1 -0,
                        -0 -1 -0,
                        -0 -1 -0,
                        -0 -1 -0,
                        -0 -1 -0,
                        -0 -1 -0,
                        -0 -1 -0,
                        -0 -1 -0,
                        -0 -1 -0,
                        -0 -1 -0,
                        -0 -1 -0,
                        -0 -1 -0,
                        -0 -1 -0,
                        -0 -1 -0,
                        -0 -1 -0,
                        -0 -1 -0,
                        -0 -1 -0,
                        -0 -1 -0,
                        -0 -1 -0,
                        -0 -1 -0,
                        -0 -1 -0,
                        1 -0 -0,
                        1 -0 -0,
                        1 -0 -0,
                        1 -0 -0,
                        1 -0 2.220446e-16,
                        1 -0 2.220446e-16,
                        0.98480773 -0 -0.17364818,
                        0.93969262 -0 -0.34202015,
                        0.86602539 -0 -0.5,
                        0.76604444 -0 -0.64278764,
                        0.64278764 -0 -0.76604444,
                        0.5 -0 -0.86602539,
                        0.34202015 -0 -0.93969262,
                        0.17364818 -0 -0.98480773,
                        2.220446e-16 -0 -1,
                        -0.17364818 -0 -0.98480773,
                        -0.34202015 -0 -0.93969262,
                        -0.5 -0 -0.86602539,
                        -0.64278764 -0 -0.76604444,
                        -0.76604444 -0 -0.64278764,
                        -0.86602539 -0 -0.5,
                        -0.93969262 -0 -0.34202015,
                        -0.98480773 -0 -0.17364818,
                        -1 -0 -2.220446e-16,
                        -1 -0 -2.220446e-16,
                        -0.98480773 -0 -0.17364818,
                        -0.93969262 -0 -0.34202015,
                        -0.86602539 -0 -0.5,
                        -0.76604444 -0 -0.64278764,
                        -0.64278764 -0 -0.76604444,
                        -0.5 -0 -0.86602539,
                        -0.34202015 -0 -0.93969262,
                        -0.17364818 -0 -0.98480773,
                        2.220446e-16 -0 -1,
                        0.17364818 -0 -0.98480773,
                        0.34202015 -0 -0.93969262,
                        0.5 -0 -0.86602539,
                        0.64278764 -0 -0.76604444,
                        0.76604444 -0 -0.64278764,
                        0.86602539 -0 -0.5,
                        0.93969262 -0 -0.34202015,
                        0.98480773 -0 -0.17364818,
                        -1 -0 -0,
                        -1 -0 -0,
                        -1 -0 -0,
                        -1 -0 -0,
                        -0 -1 -0,
                        -0 -1 -0,
                        -0 -1 -0,
                        -0 -1 -0,
                        -0 -1 -0,
                        -0 -1 -0,
                        -0 -1 -0,
                        -0 -1 -0,
                        -0 -1 -0,
                        -0 -1 -0,
                        -0 -1 -0,
                        -0 -1 -0,
                        -0 -1 -0,
                        -0 -1 -0,
                        -0 -1 -0,
                        -0 -1 -0,
                        -0 -1 -0,
                        -0 -1 -0,
                        -0 -1 -0,
                        -0 -1 -0,
                        -0 -1 -0,
                        1 -0 -0,
                        1 -0 -0,
                        1 -0 -0,
                        1 -0 -0,
                        1 -0 2.220446e-16,
                        1 -0 2.220446e-16,
                        0.98480773 -0 -0.17364818,
                        0.93969262 -0 -0.34202015,
                        0.86602539 -0 -0.5,
                        0.76604444 -0 -0.64278764,
                        0.64278764 -0 -0.76604444,
                        0.5 -0 -0.86602539,
                        0.34202015 -0 -0.93969262,
                        0.17364818 -0 -0.98480773,
                        1.9428903e-16 -0 -1,
                        -0.17364818 -0 -0.98480773,
                        -0.34202015 -0 -0.93969262,
                        -0.5 -0 -0.86602539,
                        -0.64278764 -0 -0.76604444,
                        -0.76604444 -0 -0.64278764,
                        -0.86602539 -0 -0.5,
                        -0.93969262 -0 -0.34202015,
                        -0.98480773 -0 -0.17364818,
                        -1 -0 -2.220446e-16,
                        -1 -0 -2.220446e-16,
                        -0.98480773 -0 -0.17364818,
                        -0.93969262 -0 -0.34202015,
                        -0.86602539 -0 -0.5,
                        -0.76604444 -0 -0.64278764,
                        -0.64278764 -0 -0.76604444,
                        -0.5 -0 -0.86602539,
                        -0.34202015 -0 -0.93969262,
                        -0.17364818 -0 -0.98480773,
                        1.9428903e-16 -0 -1,
                        0.17364818 -0 -0.98480773,
                        0.34202015 -0 -0.93969262,
                        0.5 -0 -0.86602539,
                        0.64278764 -0 -0.76604444,
                        0.76604444 -0 -0.64278764,
                        0.86602539 -0 -0.5,
                        0.93969262 -0 -0.34202015,
                        0.98480773 -0 -0.17364818,
                        -1 -0 -0,
                        -1 -0 -0,
                        -1 -0 -0,
                        -1 -0 -0,
                        -0 -1 -0,
                        -0 -1 -0,
                        -0 -1 -0,
                        -0 -1 -0,
                        -0 -1 -0,
                        -0 -1 -0,
                        -0 -1 -0,
                        -0 -1 -0,
                        -0 -1 -0,
                        -0 -1 -0,
                        -0 -1 -0,
                        -0 -1 -0,
                        -0 -1 -0,
                        -0 -1 -0,
                        -0 -1 -0,
                        -0 -1 -0,
                        -0 -1 -0,
                        -0 -1 -0,
                        -0 -1 -0,
                        -0 -1 -0,
                        -0 -1 -0,
                        1 -0 -0,
                        1 -0 -0,
                        1 -0 -0,
                        1 -0 -0,
                        1 -0 2.220446e-16,
                        1 -0 2.220446e-16,
                        0.98480773 -0 -0.17364818,
                        0.93969262 -0 -0.34202015,
                        0.86602539 -0 -0.5,
                        0.76604444 -0 -0.64278764,
                        0.64278764 -0 -0.76604444,
                        0.5 -0 -0.86602539,
                        0.34202015 -0 -0.93969262,
                        0.17364818 -0 -0.98480773,
                        1.9428903e-16 -0 -1,
                        -0.17364818 -0 -0.98480773,
                        -0.34202015 -0 -0.93969262,
                        -0.5 -0 -0.86602539,
                        -0.64278764 -0 -0.76604444,
                        -0.76604444 -0 -0.64278764,
                        -0.86602539 -0 -0.5,
                        -0.93969262 -0 -0.34202015,
                        -0.98480773 -0 -0.17364818,
                        -1 -0 -2.220446e-16,
                        -1 -0 -2.220446e-16,
                        -0.98480773 -0 -0.17364818,
                        -0.93969262 -0 -0.34202015,
                        -0.86602539 -0 -0.5,
                        -0.76604444 -0 -0.64278764,
                        -0.64278764 -0 -0.76604444,
                        -0.5 -0 -0.86602539,
                        -0.34202015 -0 -0.93969262,
                        -0.17364818 -0 -0.98480773,
                        1.9428903e-16 -0 -1,
                        0.17364818 -0 -0.98480773,
                        0.34202015 -0 -0.93969262,
                        0.5 -0 -0.86602539,
                        0.64278764 -0 -0.76604444,
                        0.76604444 -0 -0.64278764,
                        0.86602539 -0 -0.5,
                        0.93969262 -0 -0.34202015,
                        0.98480773 -0 -0.17364818,
                        -1 -0 -0,
                        -1 -0 -0,
                        -1 -0 -0,
                        -1 -0 -0,
                        -0 -1 -0,
                        -0 -1 -0,
                        -0 -1 -0,
                        -0 -1 -0,
                        -0 -1 -0,
                        -0 -1 -0,
                        -0 -1 -0,
                        -0 -1 -0,
                        -0 -1 -0,
                        -0 -1 -0,
                        -0 -1 -0,
                        -0 -1 -0,
                        -0 -1 -0,
                        -0 -1 -0,
                        -0 -1 -0,
                        -0 -1 -0,
                        -0 -1 -0,
                        -0 -1 -0,
                        -0 -1 -0,
                        -0 -1 -0,
                        -0 -1 -0,
                        1 -0 -0,
                        1 -0 -0,
                        1 -0 -0,
                        1 -0 -0,
                        1 -0 2.220446e-16,
                        1 -0 2.220446e-16,
                        0.98480773 -0 -0.17364818,
                        0.93969262 -0 -0.34202015,
                        0.86602539 -0 -0.5,
                        0.76604444 -0 -0.64278764,
                        0.64278764 -0 -0.76604444,
                        0.5 -0 -0.86602539,
                        0.34202015 -0 -0.93969262,
                        0.17364818 -0 -0.98480773,
                        2.220446e-16 -0 -1,
                        -0.17364818 -0 -0.98480773,
                        -0.34202015 -0 -0.93969262,
                        -0.5 -0 -0.86602539,
                        -0.64278764 -0 -0.76604444,
                        -0.76604444 -0 -0.64278764,
                        -0.86602539 -0 -0.5,
                        -0.93969262 -0 -0.34202015,
                        -0.98480773 -0 -0.17364818,
                        -1 -0 -2.220446e-16,
                        -1 -0 -2.220446e-16,
                        -0.98480773 -0 -0.17364818,
                        -0.93969262 -0 -0.34202015,
                        -0.86602539 -0 -0.5,
                        -0.76604444 -0 -0.64278764,
                        -0.64278764 -0 -0.76604444,
                        -0.5 -0 -0.86602539,
                        -0.34202015 -0 -0.93969262,
                        -0.17364818 -0 -0.98480773,
                        2.220446e-16 -0 -1,
                        0.17364818 -0 -0.98480773,
                        0.34202015 -0 -0.93969262,
                        0.5 -0 -0.86602539,
                        0.64278764 -0 -0.76604444,
                        0.76604444 -0 -0.64278764,
                        0.86602539 -0 -0.5,
                        0.93969262 -0 -0.34202015,
                        0.98480773 -0 -0.17364818,
                        -1 -0 -0,
                        -1 -0 -0,
                        -1 -0 -0,
                        -1 -0 -0,
                        -0 -1 -0,
                        -0 -1 -0,
                        -0 -1 -0,
                        -0 -1 -0,
                        -0 -1 -0,
                        -0 -1 -0,
                        -0 -1 -0,
                        -0 -1 -0,
                        -0 -1 -0,
                        -0 -1 -0,
                        -0 -1 -0,
                        -0 -1 -0,
                        -0 -1 -0,
                        -0 -1 -0,
                        -0 -1 -0,
                        -0 -1 -0,
                        -0 -1 -0,
                        -0 -1 -0,
                        -0 -1 -0,
                        -0 -1 -0,
                        -0 -1 -0,
                        1 -0 -0,
                        1 -0 -0,
                        1 -0 -0,
                        1 -0 -0,
                        1 -0 2.220446e-16,
                        1 -0 2.220446e-16,
                        0.98480773 -0 -0.17364818,
                        0.93969262 -0 -0.34202015,
                        0.86602539 -0 -0.5,
                        0.76604444 -0 -0.64278764,
                        0.64278764 -0 -0.76604444,
                        0.5 -0 -0.86602539,
                        0.34202015 -0 -0.93969262,
                        0.17364818 -0 -0.98480773,
                        2.220446e-16 -0 -1,
                        -0.17364818 -0 -0.98480773,
                        -0.34202015 -0 -0.93969262,
                        -0.5 -0 -0.86602539,
                        -0.64278764 -0 -0.76604444,
                        -0.76604444 -0 -0.64278764,
                        -0.86602539 -0 -0.5,
                        -0.93969262 -0 -0.34202015,
                        -0.98480773 -0 -0.17364818,
                        -1 -0 -2.220446e-16,
                        -1 -0 -2.220446e-16,
                        -0.98480773 -0 -0.17364818,
                        -0.93969262 -0 -0.34202015,
                        -0.86602539 -0 -0.5,
                        -0.76604444 -0 -0.64278764,
                        -0.64278764 -0 -0.76604444,
                        -0.5 -0 -0.86602539,
                        -0.34202015 -0 -0.93969262,
                        -0.17364818 -0 -0.98480773,
                        2.220446e-16 -0 -1,
                        0.17364818 -0 -0.98480773,
                        0.34202015 -0 -0.93969262,
                        0.5 -0 -0.86602539,
                        0.64278764 -0 -0.76604444,
                        0.76604444 -0 -0.64278764,
                        0.86602539 -0 -0.5,
                        0.93969262 -0 -0.34202015,
                        0.98480773 -0 -0.17364818,
                        -1 -0 -0,
                        -1 -0 -0,
                        -1 -0 -0,
                        -1 -0 -0,
                        -0 -1 -0,
                        -0 -1 -0,
                        -0 -1 -0,
                        -0 -1 -0,
                        -0 -1 -0,
                        -0 -1 -0,
                        -0 -1 -0,
                        -0 -1 -0,
                        -0 -1 -0,
                        -0 -1 -0,
                        -0 -1 -0,
                        -0 -1 -0,
                        -0 -1 -0,
                        -0 -1 -0,
                        -0 -1 -0,
                        -0 -1 -0,
                        -0 -1 -0,
                        -0 -1 -0,
                        -0 -1 -0,
                        -0 -1 -0,
                        -0 -1 -0,
                        1 -0 -0,
                        1 -0 -0,
                        1 -0 -0,
                        1 -0 -0,
                        1 -0 2.220446e-16,
                        1 -0 2.220446e-16,
                        0.98656738 -0 -0.1633548,
                        0.94663042 -0 -0.32232103,
                        0.881262 -0 -0.47262803,
                        0.79221833 -0 -0.61023778,
                        0.79221833 -0 -0.61023778,
                        0.881262 -0 -0.47262803,
                        0.94663042 -0 -0.32232103,
                        0.98656738 -0 -0.1633548,
                        -0.70710677 0 -0.70710677,
                        -0.70710677 0 -0.70710677,
                        -0.70710677 0 -0.70710677,
                        -0.70710677 0 -0.70710677,
                        -1 -0 -0,
                        -1 -0 -0,
                        -1 -0 -0,
                        -1 -0 -0,
                        -0 -1 -0,
                        -0 -1 -0,
                        -0 -1 -0,
                        -0 -1 -0,
                        -0 -1 -0,
                        -0 -1 -0,
                        -0 -1 -0,
                        -0 -1 -0,
                        1 0 0,
                        1 0 0,
                        1 0 0,
                        1 0 0,
                        1 0 0,
                        1 0 0,
                        1 0 0,
                        1 0 0,
                        1 0 0,
                        1 0 0,
                        1 0 0,
                        1 0 0,
                        1 0 0,
                        1 0 0,
                        1 0 0,
                        1 0 0,
                        1 0 0,
                        1 0 0,
                        1 0 0,
                        1 0 0,
                        1 0 0,
                        1 0 0,
                        1 0 0,
                        1 0 0,
                        1 0 0,
                        1 0 0,
                        1 0 0,
                        1 0 0,
                        1 0 0,
                        1 0 0,
                        1 0 0,
                        1 0 0,
                        1 0 0,
                        1 0 0,
                        1 0 0,
                        1 0 0,
                        1 0 0,
                        1 0 0,
                        1 0 0,
                        1 0 0,
                        1 0 0,
                        1 0 0,
                        1 0 0,
                        1 0 0,
                        -0 -0 1,
                        -0 -0 1,
                        -0 -0 1,
                        -0 -0 1,
                        -0 -0 1,
                        -0 -0 1,
                        0.1633548 -0 0.98656738,
                        0.32232103 -0 0.94663042,
                        0.47262803 -0 0.881262,
                        0.61023778 -0 0.79221833,
                        0.61023778 -0 0.79221833,
                        0.47262803 -0 0.881262,
                        0.32232103 -0 0.94663042,
                        0.1633548 -0 0.98656738,
                        0.70710677 0 -0.70710677,
                        0.70710677 0 -0.70710677,
                        0.70710677 0 -0.70710677,
                        0.70710677 0 -0.70710677,
                        -0 -0 -1,
                        -0 -0 -1,
                        -0 -0 -1,
                        -0 -0 -1,
                        -0 -1 -0,
                        -0 -1 -0,
                        -0 -1 -0,
                        -0 -1 -0,
                        -0 -1 -0,
                        -0 -1 -0,
                        -0 -1 -0,
                        -0 -1 -0,
                        0 0 1,
                        0 0 1,
                        0 0 1,
                        0 0 1,
                        0 0 1,
                        0 0 1,
                        0 0 1,
                        0 0 1,
                        0 0 1,
                        0 0 1,
                        0 0 1,
                        0 0 1,
                        0 0 1,
                        0 0 1,
                        0 0 1,
                        0 0 1,
                        0 0 1,
                        0 0 1,
                        0 0 1,
                        0 0 1,
                        0 0 1,
                        0 0 1,
                        0 0 1,
                        0 0 1,
                        0 0 1,
                        0 0 1,
                        0 0 1,
                        0 0 1,
                        0 0 1,
                        0 0 1,
                        0 0 1,
                        0 0 1,
                        0 0 1,
                        0 0 1,
                        0 0 1,
                        0 0 1,
                        0 0 1,
                        0 0 1,
                        0 0 1,
                        0 0 1,
                        0 0 1,
                        0 0 1,
                        0 0 1,
                        0 0 1,
                        0 -1 0,
                        0 -1 0,
                        0 -1 0,
                        0 -1 0,
                        0 -1 0,
                        0 -1 0,
                        0 -1 0,
                        0 -1 0,
                        -1 0 0,
                        -1 0 0,
                        -1 0 0,
                        -1 0 0,
                        -1 -0 2.220446e-16,
                        -1 -0 2.220446e-16,
                        -0.98656738 -0 0.1633548,
                        -0.94663042 -0 0.32232103,
                        -0.881262 -0 0.47262803,
                        -0.79221833 -0 0.61023778,
                        -0.79221833 -0 0.61023778,
                        -0.881262 -0 0.47262803,
                        -0.94663042 -0 0.32232103,
                        -0.98656738 -0 0.1633548,
                        0.70710677 0 0.70710677,
                        0.70710677 0 0.70710677,
                        0.70710677 0 0.70710677,
                        0.70710677 0 0.70710677,
                        1 0 0,
                        1 0 0,
                        1 0 0,
                        1 0 0,
                        -1 0 0,
                        -1 0 0,
                        -1 0 0,
                        -1 0 0,
                        -1 0 0,
                        -1 0 0,
                        -1 0 0,
                        -1 0 0,
                        -1 0 0,
                        -1 0 0,
                        -1 0 0,
                        -1 0 0,
                        -1 0 0,
                        -1 0 0,
                        -1 0 0,
                        -1 0 0,
                        -1 0 0,
                        -1 0 0,
                        -1 0 0,
                        -1 0 0,
                        -1 0 0,
                        -1 0 0,
                        -1 0 0,
                        -1 0 0,
                        -1 0 0,
                        -1 0 0,
                        -1 0 0,
                        -1 0 0,
                        -1 0 0,
                        -1 0 0,
                        -1 0 0,
                        -1 0 0,
                        -1 0 0,
                        -1 0 0,
                        -1 0 0,
                        -1 0 0,
                        -1 0 0,
                        -1 0 0,
                        -1 0 0,
                        -1 0 0,
                        -1 0 0,
                        -1 0 0,
                        -1 0 0,
                        -1 0 0,
                        0 -1 0,
                        0 -1 0,
                        0 -1 0,
                        0 -1 0,
                        0 -1 0,
                        0 -1 0,
                        0 -1 0,
                        0 -1 0,
                        0 0 -1,
                        0 0 -1,
                        0 0 -1,
                        0 0 -1,
                        -0.70710677 0 -0.70710677,
                        -0.70710677 0 -0.70710677,
                        -0.70710677 0 -0.70710677,
                        -0.70710677 0 -0.70710677,
                        -0 -0 1,
                        -0 -0 1,
                        -0.1633548 -0 0.98656738,
                        -0.32232103 -0 0.94663042,
                        -0.47262803 -0 0.881262,
                        -0.61023778 -0 0.79221833,
                        -0.61023778 -0 0.79221833,
                        -0.47262803 -0 0.881262,
                        -0.32232103 -0 0.94663042,
                        -0.1633548 -0 0.98656738,
                        0 0 1,
                        0 0 1,
                        0 0 1,
                        0 0 1,
                        0 0 -1,
                        0 0 -1,
                        0 0 -1,
                        0 0 -1,
                        -0 -0 1,
                        -0 -0 1,
                        -0.17364818 -0 0.98480773,
                        -0.34202015 -0 0.93969262,
                        -0.5 -0 0.86602539,
                        -0.64278764 -0 0.76604444,
                        -0.76604444 -0 0.64278764,
                        -0.86602539 -0 0.5,
                        -0.93969262 -0 0.34202015,
                        -0.98480773 -0 0.17364818,
                        -1 -0 1.110223e-16,
                        -0.98480773 -0 -0.17364818,
                        -0.93969262 -0 -0.34202015,
                        -0.86602539 -0 -0.5,
                        -0.76604444 -0 -0.64278764,
                        -0.64278764 -0 -0.76604444,
                        -0.5 -0 -0.86602539,
                        -0.34202015 -0 -0.93969262,
                        -0.17364818 -0 -0.98480773,
                        -2.220446e-16 -0 -1,
                        -2.220446e-16 -0 -1,
                        -0.17364818 -0 -0.98480773,
                        -0.34202015 -0 -0.93969262,
                        -0.5 -0 -0.86602539,
                        -0.64278764 -0 -0.76604444,
                        -0.76604444 -0 -0.64278764,
                        -0.86602539 -0 -0.5,
                        -0.93969262 -0 -0.34202015,
                        -0.98480773 -0 -0.17364818,
                        -1 -0 1.110223e-16,
                        -0.98480773 -0 0.17364818,
                        -0.93969262 -0 0.34202015,
                        -0.86602539 -0 0.5,
                        -0.76604444 -0 0.64278764,
                        -0.64278764 -0 0.76604444,
                        -0.5 -0 0.86602539,
                        -0.34202015 -0 0.93969262,
                        -0.17364818 -0 0.98480773,
                        0 0 1,
                        0 0 1,
                        0 0 1,
                        0 0 1,
                        0 -1 0,
                        0 -1 0,
                        0 -1 0,
                        0 -1 0,
                        0 -1 0,
                        0 -1 0,
                        0 -1 0,
                        0 -1 0,
                        0 -1 0,
                        0 -1 0,
                        0 -1 0,
                        0 -1 0,
                        0 -1 0,
                        0 -1 0,
                        0 -1 0,
                        0 -1 0,
                        0 -1 0,
                        0 -1 0,
                        0 -1 0,
                        0 -1 0,
                        0 -1 0,
                        0 0 -1,
                        0 0 -1,
                        0 0 -1,
                        0 0 -1,
                        -0 -0 1,
                        -0 -0 1,
                        -0.17364818 -0 0.98480773,
                        -0.34202015 -0 0.93969262,
                        -0.5 -0 0.86602539,
                        -0.64278764 -0 0.76604444,
                        -0.76604444 -0 0.64278764,
                        -0.86602539 -0 0.5,
                        -0.93969262 -0 0.34202015,
                        -0.98480773 -0 0.17364818,
                        -1 -0 1.110223e-16,
                        -0.98480773 -0 -0.17364818,
                        -0.93969262 -0 -0.34202015,
                        -0.86602539 -0 -0.5,
                        -0.76604444 -0 -0.64278764,
                        -0.64278764 -0 -0.76604444,
                        -0.5 -0 -0.86602539,
                        -0.34202015 -0 -0.93969262,
                        -0.17364818 -0 -0.98480773,
                        -2.220446e-16 -0 -1,
                        -2.220446e-16 -0 -1,
                        -0.17364818 -0 -0.98480773,
                        -0.34202015 -0 -0.93969262,
                        -0.5 -0 -0.86602539,
                        -0.64278764 -0 -0.76604444,
                        -0.76604444 -0 -0.64278764,
                        -0.86602539 -0 -0.5,
                        -0.93969262 -0 -0.34202015,
                        -0.98480773 -0 -0.17364818,
                        -1 -0 1.110223e-16,
                        -0.98480773 -0 0.17364818,
                        -0.93969262 -0 0.34202015,
                        -0.86602539 -0 0.5,
                        -0.76604444 -0 0.64278764,
                        -0.64278764 -0 0.76604444,
                        -0.5 -0 0.86602539,
                        -0.34202015 -0 0.93969262,
                        -0.17364818 -0 0.98480773,
                        0 0 1,
                        0 0 1,
                        0 0 1,
                        0 0 1,
                        0 -1 0,
                        0 -1 0,
                        0 -1 0,
                        0 -1 0,
                        0 -1 0,
                        0 -1 0,
                        0 -1 0,
                        0 -1 0,
                        0 -1 0,
                        0 -1 0,
                        0 -1 0,
                        0 -1 0,
                        0 -1 0,
                        0 -1 0,
                        0 -1 0,
                        0 -1 0,
                        0 -1 0,
                        0 -1 0,
                        0 -1 0,
                        0 -1 0,
                        0 -1 0,
                        0 0 -1,
                        0 0 -1,
                        0 0 -1,
                        0 0 -1,
                        -0 -0 1,
                        -0 -0 1,
                        -0.17364818 -0 0.98480773,
                        -0.34202015 -0 0.93969262,
                        -0.5 -0 0.86602539,
                        -0.64278764 -0 0.76604444,
                        -0.76604444 -0 0.64278764,
                        -0.86602539 -0 0.5,
                        -0.93969262 -0 0.34202015,
                        -0.98480773 -0 0.17364818,
                        -1 -0 1.110223e-16,
                        -0.98480773 -0 -0.17364818,
                        -0.93969262 -0 -0.34202015,
                        -0.86602539 -0 -0.5,
                        -0.76604444 -0 -0.64278764,
                        -0.64278764 -0 -0.76604444,
                        -0.5 -0 -0.86602539,
                        -0.34202015 -0 -0.93969262,
                        -0.17364818 -0 -0.98480773,
                        -2.220446e-16 -0 -1,
                        -2.220446e-16 -0 -1,
                        -0.17364818 -0 -0.98480773,
                        -0.34202015 -0 -0.93969262,
                        -0.5 -0 -0.86602539,
                        -0.64278764 -0 -0.76604444,
                        -0.76604444 -0 -0.64278764,
                        -0.86602539 -0 -0.5,
                        -0.93969262 -0 -0.34202015,
                        -0.98480773 -0 -0.17364818,
                        -1 -0 1.110223e-16,
                        -0.98480773 -0 0.17364818,
                        -0.93969262 -0 0.34202015,
                        -0.86602539 -0 0.5,
                        -0.76604444 -0 0.64278764,
                        -0.64278764 -0 0.76604444,
                        -0.5 -0 0.86602539,
                        -0.34202015 -0 0.93969262,
                        -0.17364818 -0 0.98480773,
                        0 0 1,
                        0 0 1,
                        0 0 1,
                        0 0 1,
                        0 -1 0,
                        0 -1 0,
                        0 -1 0,
                        0 -1 0,
                        0 -1 0,
                        0 -1 0,
                        0 -1 0,
                        0 -1 0,
                        0 -1 0,
                        0 -1 0,
                        0 -1 0,
                        0 -1 0,
                        0 -1 0,
                        0 -1 0,
                        0 -1 0,
                        0 -1 0,
                        0 -1 0,
                        0 -1 0,
                        0 -1 0,
                        0 -1 0,
                        0 -1 0,
                        0 0 -1,
                        0 0 -1,
                        0 0 -1,
                        0 0 -1,
                        -0 -0 1,
                        -0 -0 1,
                        -0.17364818 -0 0.98480773,
                        -0.34202015 -0 0.93969262,
                        -0.5 -0 0.86602539,
                        -0.64278764 -0 0.76604444,
                        -0.76604444 -0 0.64278764,
                        -0.86602539 -0 0.5,
                        -0.93969262 -0 0.34202015,
                        -0.98480773 -0 0.17364818,
                        -1 -0 1.110223e-16,
                        -0.98480773 -0 -0.17364818,
                        -0.93969262 -0 -0.34202015,
                        -0.86602539 -0 -0.5,
                        -0.76604444 -0 -0.64278764,
                        -0.64278764 -0 -0.76604444,
                        -0.5 -0 -0.86602539,
                        -0.34202015 -0 -0.93969262,
                        -0.17364818 -0 -0.98480773,
                        -2.220446e-16 -0 -1,
                        -2.220446e-16 -0 -1,
                        -0.17364818 -0 -0.98480773,
                        -0.34202015 -0 -0.93969262,
                        -0.5 -0 -0.86602539,
                        -0.64278764 -0 -0.76604444,
                        -0.76604444 -0 -0.64278764,
                        -0.86602539 -0 -0.5,
                        -0.93969262 -0 -0.34202015,
                        -0.98480773 -0 -0.17364818,
                        -1 -0 1.110223e-16,
                        -0.98480773 -0 0.17364818,
                        -0.93969262 -0 0.34202015,
                        -0.86602539 -0 0.5,
                        -0.76604444 -0 0.64278764,
                        -0.64278764 -0 0.76604444,
                        -0.5 -0 0.86602539,
                        -0.34202015 -0 0.93969262,
                        -0.17364818 -0 0.98480773,
                        0 0 1,
                        0 0 1,
                        0 0 1,
                        0 0 1,
                        0 -1 0,
                        0 -1 0,
                        0 -1 0,
                        0 -1 0,
                        0 -1 0,
                        0 -1 0,
                        0 -1 0,
                        0 -1 0,
                        0 -1 0,
                        0 -1 0,
                        0 -1 0,
                        0 -1 0,
                        0 -1 0,
                        0 -1 0,
                        0 -1 0,
                        0 -1 0,
                        0 -1 0,
                        0 -1 0,
                        0 -1 0,
                        0 -1 0,
                        0 -1 0,
                        0 0 -1,
                        0 0 -1,
                        0 0 -1,
                        0 0 -1,
                        -0 -0 1,
                        -0 -0 1,
                        -0.17364818 -0 0.98480773,
                        -0.34202015 -0 0.93969262,
                        -0.5 -0 0.86602539,
                        -0.64278764 -0 0.76604444,
                        -0.76604444 -0 0.64278764,
                        -0.86602539 -0 0.5,
                        -0.93969262 -0 0.34202015,
                        -0.98480773 -0 0.17364818,
                        -1 -0 1.110223e-16,
                        -0.98480773 -0 -0.17364818,
                        -0.93969262 -0 -0.34202015,
                        -0.86602539 -0 -0.5,
                        -0.76604444 -0 -0.64278764,
                        -0.64278764 -0 -0.76604444,
                        -0.5 -0 -0.86602539,
                        -0.34202015 -0 -0.93969262,
                        -0.17364818 -0 -0.98480773,
                        -2.220446e-16 -0 -1,
                        -2.220446e-16 -0 -1,
                        -0.17364818 -0 -0.98480773,
                        -0.34202015 -0 -0.93969262,
                        -0.5 -0 -0.86602539,
                        -0.64278764 -0 -0.76604444,
                        -0.76604444 -0 -0.64278764,
                        -0.86602539 -0 -0.5,
                        -0.93969262 -0 -0.34202015,
                        -0.98480773 -0 -0.17364818,
                        -1 -0 1.110223e-16,
                        -0.98480773 -0 0.17364818,
                        -0.93969262 -0 0.34202015,
                        -0.86602539 -0 0.5,
                        -0.76604444 -0 0.64278764,
                        -0.64278764 -0 0.76604444,
                        -0.5 -0 0.86602539,
                        -0.34202015 -0 0.93969262,
                        -0.17364818 -0 0.98480773,
                        0 0 1,
                        0 0 1,
                        0 0 1,
                        0 0 1,
                        0 -1 0,
                        0 -1 0,
                        0 -1 0,
                        0 -1 0,
                        0 -1 0,
                        0 -1 0,
                        0 -1 0,
                        0 -1 0,
                        0 -1 0,
                        0 -1 0,
                        0 -1 0,
                        0 -1 0,
                        0 -1 0,
                        0 -1 0,
                        0 -1 0,
                        0 -1 0,
                        0 -1 0,
                        0 -1 0,
                        0 -1 0,
                        0 -1 0,
                        0 -1 0,
                        0 0 -1,
                        0 0 -1,
                        0 0 -1,
                        0 0 -1,
                        -0 -0 1,
                        -0 -0 1,
                        -0.17364818 -0 0.98480773,
                        -0.34202015 -0 0.93969262,
                        -0.5 -0 0.86602539,
                        -0.64278764 -0 0.76604444,
                        -0.76604444 -0 0.64278764,
                        -0.86602539 -0 0.5,
                        -0.93969262 -0 0.34202015,
                        -0.98480773 -0 0.17364818,
                        -1 -0 2.220446e-16,
                        -0.98480773 -0 -0.17364818,
                        -0.93969262 -0 -0.34202015,
                        -0.86602539 -0 -0.5,
                        -0.76604444 -0 -0.64278764,
                        -0.64278764 -0 -0.76604444,
                        -0.5 -0 -0.86602539,
                        -0.34202015 -0 -0.93969262,
                        -0.17364818 -0 -0.98480773,
                        -2.220446e-16 -0 -1,
                        -2.220446e-16 -0 -1,
                        -0.17364818 -0 -0.98480773,
                        -0.34202015 -0 -0.93969262,
                        -0.5 -0 -0.86602539,
                        -0.64278764 -0 -0.76604444,
                        -0.76604444 -0 -0.64278764,
                        -0.86602539 -0 -0.5,
                        -0.93969262 -0 -0.34202015,
                        -0.98480773 -0 -0.17364818,
                        -1 -0 2.220446e-16,
                        -0.98480773 -0 0.17364818,
                        -0.93969262 -0 0.34202015,
                        -0.86602539 -0 0.5,
                        -0.76604444 -0 0.64278764,
                        -0.64278764 -0 0.76604444,
                        -0.5 -0 0.86602539,
                        -0.34202015 -0 0.93969262,
                        -0.17364818 -0 0.98480773,
                        0 0 1,
                        0 0 1,
                        0 0 1,
                        0 0 1,
                        0 -1 0,
                        0 -1 0,
                        0 -1 0,
                        0 -1 0,
                        0 -1 0,
                        0 -1 0,
                        0 -1 0,
                        0 -1 0,
                        0 -1 0,
                        0 -1 0,
                        0 -1 0,
                        0 -1 0,
                        0 -1 0,
                        0 -1 0,
                        0 -1 0,
                        0 -1 0,
                        0 -1 0,
                        0 -1 0,
                        0 -1 0,
                        0 -1 0,
                        0 -1 0,
                        0 0 -1,
                        0 0 -1,
                        0 0 -1,
                        0 0 -1,
                        -2.220446e-16 -0 -1,
                        -2.220446e-16 -0 -1,
                        -0.1633548 -0 -0.98656738,
                        -0.32232103 -0 -0.94663042,
                        -0.47262803 -0 -0.881262,
                        -0.61023778 -0 -0.79221833,
                        -0.61023778 -0 -0.79221833,
                        -0.47262803 -0 -0.881262,
                        -0.32232103 -0 -0.94663042,
                        -0.1633548 -0 -0.98656738,
                        -0.70710677 0 0.70710677,
                        -0.70710677 0 0.70710677,
                        -0.70710677 0 0.70710677,
                        -0.70710677 0 0.70710677,
                        0 0 1,
                        0 0 1,
                        0 0 1,
                        0 0 1,
                        0 -1 0,
                        0 -1 0,
                        0 -1 0,
                        0 -1 0,
                        0 -1 0,
                        0 -1 0,
                        0 -1 0,
                        0 -1 0,
                        0 1 0,
                        0 1 0,
                        0 1 0,
                        0 1 0,
                        0 1 0,
                        0 1 0,
                        0 1 0,
                        0 1 0,
                        0 1 0,
                        0 1 0,
                        -0 -0 1,
                        -0 -0 1,
                        -0 -0 1,
                        -0 -0 1,
                        -0 -1 -0,
                        -0 -1 -0,
                        -0 -1 -0,
                        -0 -1 -0,
                        -0 -1 -0,
                        -0 -1 -0,
                        -0 -0 -1,
                        -0 -0 -1,
                        -0 -0 -1,
                        -0 -0 -1,
                        -1 -0 -0,
                        -1 -0 -0,
                        -1 -0 -0,
                        -1 -0 -0,
                        1 -0 -0,
                        1 -0 -0,
                        1 -0 -0,
                        1 -0 -0,
                        0 1 0,
                        0 1 0,
                        0 1 0,
                        0 1 0,
                        0 1 0,
                        0 1 0,
                        -0 -0 1,
                        -0 -0 1,
                        -0 -0 1,
                        -0 -0 1,
                        -0 -1 -0,
                        -0 -1 -0,
                        -0 -1 -0,
                        -0 -1 -0,
                        -0 -1 -0,
                        -0 -1 -0,
                        -0 -0 -1,
                        -0 -0 -1,
                        -0 -0 -1,
                        -0 -0 -1,
                        1 -0 -0,
                        1 -0 -0,
                        1 -0 -0,
                        1 -0 -0,
                        -1 -0 -0,
                        -1 -0 -0,
                        -1 -0 -0,
                        -1 -0 -0,
                        -1 0 0,
                        -1 0 0,
                        -1 0 0,
                        -1 0 0,
                        -0.70710677 0 0.70710677,
                        -0.70710677 0 0.70710677,
                        -0.70710677 0 0.70710677,
                        -0.70710677 0 0.70710677,
                        1 -0 -2.220446e-16,
                        1 -0 -2.220446e-16,
                        0.98656738 -0 0.1633548,
                        0.94663042 -0 0.32232103,
                        0.881262 -0 0.47262803,
                        0.79221833 -0 0.61023778,
                        0.79221833 -0 0.61023778,
                        0.881262 -0 0.47262803,
                        0.94663042 -0 0.32232103,
                        0.98656738 -0 0.1633548,
                        1 0 0,
                        1 0 0,
                        1 0 0,
                        1 0 0,
                        0 -1 0,
                        0 -1 0,
                        0 -1 0,
                        0 -1 0,
                        0 -1 0,
                        0 -1 0,
                        0 -1 0,
                        0 -1 0,
                        -1 0 0,
                        -1 0 0,
                        -1 0 0,
                        -1 0 0,
                        1 -0 -2.220446e-16,
                        1 -0 -2.220446e-16,
                        0.98480773 -0 0.17364818,
                        0.93969262 -0 0.34202015,
                        0.86602539 -0 0.5,
                        0.76604444 -0 0.64278764,
                        0.64278764 -0 0.76604444,
                        0.5 -0 0.86602539,
                        0.34202015 -0 0.93969262,
                        0.17364818 -0 0.98480773,
                        2.220446e-16 -0 1,
                        -0.17364818 -0 0.98480773,
                        -0.34202015 -0 0.93969262,
                        -0.5 -0 0.86602539,
                        -0.64278764 -0 0.76604444,
                        -0.76604444 -0 0.64278764,
                        -0.86602539 -0 0.5,
                        -0.93969262 -0 0.34202015,
                        -0.98480773 -0 0.17364818,
                        -1 -0 2.220446e-16,
                        -1 -0 2.220446e-16,
                        -0.98480773 -0 0.17364818,
                        -0.93969262 -0 0.34202015,
                        -0.86602539 -0 0.5,
                        -0.76604444 -0 0.64278764,
                        -0.64278764 -0 0.76604444,
                        -0.5 -0 0.86602539,
                        -0.34202015 -0 0.93969262,
                        -0.17364818 -0 0.98480773,
                        2.220446e-16 -0 1,
                        0.17364818 -0 0.98480773,
                        0.34202015 -0 0.93969262,
                        0.5 -0 0.86602539,
                        0.64278764 -0 0.76604444,
                        0.76604444 -0 0.64278764,
                        0.86602539 -0 0.5,
                        0.93969262 -0 0.34202015,
                        0.98480773 -0 0.17364818,
                        1 0 0,
                        1 0 0,
                        1 0 0,
                        1 0 0,
                        0 -1 0,
                        0 -1 0,
                        0 -1 0,
                        0 -1 0,
                        0 -1 0,
                        0 -1 0,
                        0 -1 0,
                        0 -1 0,
                        0 -1 0,
                        0 -1 0,
                        0 -1 0,
                        0 -1 0,
                        0 -1 0,
                        0 -1 0,
                        0 -1 0,
                        0 -1 0,
                        0 -1 0,
                        0 -1 0,
                        0 -1 0,
                        0 -1 0,
                        0 -1 0,
                        -1 0 0,
                        -1 0 0,
                        -1 0 0,
                        -1 0 0,
                        1 -0 -2.220446e-16,
                        1 -0 -2.220446e-16,
                        0.98480773 -0 0.17364818,
                        0.93969262 -0 0.34202015,
                        0.86602539 -0 0.5,
                        0.76604444 -0 0.64278764,
                        0.64278764 -0 0.76604444,
                        0.5 -0 0.86602539,
                        0.34202015 -0 0.93969262,
                        0.17364818 -0 0.98480773,
                        2.220446e-16 -0 1,
                        -0.17364818 -0 0.98480773,
                        -0.34202015 -0 0.93969262,
                        -0.5 -0 0.86602539,
                        -0.64278764 -0 0.76604444,
                        -0.76604444 -0 0.64278764,
                        -0.86602539 -0 0.5,
                        -0.93969262 -0 0.34202015,
                        -0.98480773 -0 0.17364818,
                        -1 -0 2.220446e-16,
                        -1 -0 2.220446e-16,
                        -0.98480773 -0 0.17364818,
                        -0.93969262 -0 0.34202015,
                        -0.86602539 -0 0.5,
                        -0.76604444 -0 0.64278764,
                        -0.64278764 -0 0.76604444,
                        -0.5 -0 0.86602539,
                        -0.34202015 -0 0.93969262,
                        -0.17364818 -0 0.98480773,
                        2.220446e-16 -0 1,
                        0.17364818 -0 0.98480773,
                        0.34202015 -0 0.93969262,
                        0.5 -0 0.86602539,
                        0.64278764 -0 0.76604444,
                        0.76604444 -0 0.64278764,
                        0.86602539 -0 0.5,
                        0.93969262 -0 0.34202015,
                        0.98480773 -0 0.17364818,
                        1 0 0,
                        1 0 0,
                        1 0 0,
                        1 0 0,
                        0 -1 0,
                        0 -1 0,
                        0 -1 0,
                        0 -1 0,
                        0 -1 0,
                        0 -1 0,
                        0 -1 0,
                        0 -1 0,
                        0 -1 0,
                        0 -1 0,
                        0 -1 0,
                        0 -1 0,
                        0 -1 0,
                        0 -1 0,
                        0 -1 0,
                        0 -1 0,
                        0 -1 0,
                        0 -1 0,
                        0 -1 0,
                        0 -1 0,
                        0 -1 0,
                        -1 0 0,
                        -1 0 0,
                        -1 0 0,
                        -1 0 0,
                        1 -0 -2.220446e-16,
                        1 -0 -2.220446e-16,
                        0.98480773 -0 0.17364818,
                        0.93969262 -0 0.34202015,
                        0.86602539 -0 0.5,
                        0.76604444 -0 0.64278764,
                        0.64278764 -0 0.76604444,
                        0.5 -0 0.86602539,
                        0.34202015 -0 0.93969262,
                        0.17364818 -0 0.98480773,
                        1.9428903e-16 -0 1,
                        -0.17364818 -0 0.98480773,
                        -0.34202015 -0 0.93969262,
                        -0.5 -0 0.86602539,
                        -0.64278764 -0 0.76604444,
                        -0.76604444 -0 0.64278764,
                        -0.86602539 -0 0.5,
                        -0.93969262 -0 0.34202015,
                        -0.98480773 -0 0.17364818,
                        -1 -0 2.220446e-16,
                        -1 -0 2.220446e-16,
                        -0.98480773 -0 0.17364818,
                        -0.93969262 -0 0.34202015,
                        -0.86602539 -0 0.5,
                        -0.76604444 -0 0.64278764,
                        -0.64278764 -0 0.76604444,
                        -0.5 -0 0.86602539,
                        -0.34202015 -0 0.93969262,
                        -0.17364818 -0 0.98480773,
                        1.9428903e-16 -0 1,
                        0.17364818 -0 0.98480773,
                        0.34202015 -0 0.93969262,
                        0.5 -0 0.86602539,
                        0.64278764 -0 0.76604444,
                        0.76604444 -0 0.64278764,
                        0.86602539 -0 0.5,
                        0.93969262 -0 0.34202015,
                        0.98480773 -0 0.17364818,
                        1 0 0,
                        1 0 0,
                        1 0 0,
                        1 0 0,
                        0 -1 0,
                        0 -1 0,
                        0 -1 0,
                        0 -1 0,
                        0 -1 0,
                        0 -1 0,
                        0 -1 0,
                        0 -1 0,
                        0 -1 0,
                        0 -1 0,
                        0 -1 0,
                        0 -1 0,
                        0 -1 0,
                        0 -1 0,
                        0 -1 0,
                        0 -1 0,
                        0 -1 0,
                        0 -1 0,
                        0 -1 0,
                        0 -1 0,
                        0 -1 0,
                        -1 0 0,
                        -1 0 0,
                        -1 0 0,
                        -1 0 0,
                        1 -0 -2.220446e-16,
                        1 -0 -2.220446e-16,
                        0.98480773 -0 0.17364818,
                        0.93969262 -0 0.34202015,
                        0.86602539 -0 0.5,
                        0.76604444 -0 0.64278764,
                        0.64278764 -0 0.76604444,
                        0.5 -0 0.86602539,
                        0.34202015 -0 0.93969262,
                        0.17364818 -0 0.98480773,
                        1.9428903e-16 -0 1,
                        -0.17364818 -0 0.98480773,
                        -0.34202015 -0 0.93969262,
                        -0.5 -0 0.86602539,
                        -0.64278764 -0 0.76604444,
                        -0.76604444 -0 0.64278764,
                        -0.86602539 -0 0.5,
                        -0.93969262 -0 0.34202015,
                        -0.98480773 -0 0.17364818,
                        -1 -0 2.220446e-16,
                        -1 -0 2.220446e-16,
                        -0.98480773 -0 0.17364818,
                        -0.93969262 -0 0.34202015,
                        -0.86602539 -0 0.5,
                        -0.76604444 -0 0.64278764,
                        -0.64278764 -0 0.76604444,
                        -0.5 -0 0.86602539,
                        -0.34202015 -0 0.93969262,
                        -0.17364818 -0 0.98480773,
                        1.9428903e-16 -0 1,
                        0.17364818 -0 0.98480773,
                        0.34202015 -0 0.93969262,
                        0.5 -0 0.86602539,
                        0.64278764 -0 0.76604444,
                        0.76604444 -0 0.64278764,
                        0.86602539 -0 0.5,
                        0.93969262 -0 0.34202015,
                        0.98480773 -0 0.17364818,
                        1 0 0,
                        1 0 0,
                        1 0 0,
                        1 0 0,
                        0 -1 0,
                        0 -1 0,
                        0 -1 0,
                        0 -1 0,
                        0 -1 0,
                        0 -1 0,
                        0 -1 0,
                        0 -1 0,
                        0 -1 0,
                        0 -1 0,
                        0 -1 0,
                        0 -1 0,
                        0 -1 0,
                        0 -1 0,
                        0 -1 0,
                        0 -1 0,
                        0 -1 0,
                        0 -1 0,
                        0 -1 0,
                        0 -1 0,
                        0 -1 0,
                        -1 0 0,
                        -1 0 0,
                        -1 0 0,
                        -1 0 0,
                        1 -0 -2.220446e-16,
                        1 -0 -2.220446e-16,
                        0.98480773 -0 0.17364818,
                        0.93969262 -0 0.34202015,
                        0.86602539 -0 0.5,
                        0.76604444 -0 0.64278764,
                        0.64278764 -0 0.76604444,
                        0.5 -0 0.86602539,
                        0.34202015 -0 0.93969262,
                        0.17364818 -0 0.98480773,
                        2.220446e-16 -0 1,
                        -0.17364818 -0 0.98480773,
                        -0.34202015 -0 0.93969262,
                        -0.5 -0 0.86602539,
                        -0.64278764 -0 0.76604444,
                        -0.76604444 -0 0.64278764,
                        -0.86602539 -0 0.5,
                        -0.93969262 -0 0.34202015,
                        -0.98480773 -0 0.17364818,
                        -1 -0 2.220446e-16,
                        -1 -0 2.220446e-16,
                        -0.98480773 -0 0.17364818,
                        -0.93969262 -0 0.34202015,
                        -0.86602539 -0 0.5,
                        -0.76604444 -0 0.64278764,
                        -0.64278764 -0 0.76604444,
                        -0.5 -0 0.86602539,
                        -0.34202015 -0 0.93969262,
                        -0.17364818 -0 0.98480773,
                        2.220446e-16 -0 1,
                        0.17364818 -0 0.98480773,
                        0.34202015 -0 0.93969262,
                        0.5 -0 0.86602539,
                        0.64278764 -0 0.76604444,
                        0.76604444 -0 0.64278764,
                        0.86602539 -0 0.5,
                        0.93969262 -0 0.34202015,
                        0.98480773 -0 0.17364818,
                        1 0 0,
                        1 0 0,
                        1 0 0,
                        1 0 0,
                        0 -1 0,
                        0 -1 0,
                        0 -1 0,
                        0 -1 0,
                        0 -1 0,
                        0 -1 0,
                        0 -1 0,
                        0 -1 0,
                        0 -1 0,
                        0 -1 0,
                        0 -1 0,
                        0 -1 0,
                        0 -1 0,
                        0 -1 0,
                        0 -1 0,
                        0 -1 0,
                        0 -1 0,
                        0 -1 0,
                        0 -1 0,
                        0 -1 0,
                        0 -1 0,
                        -1 0 0,
                        -1 0 0,
                        -1 0 0,
                        -1 0 0,
                        1 -0 -2.220446e-16,
                        1 -0 -2.220446e-16,
                        0.98480773 -0 0.17364818,
                        0.93969262 -0 0.34202015,
                        0.86602539 -0 0.5,
                        0.76604444 -0 0.64278764,
                        0.64278764 -0 0.76604444,
                        0.5 -0 0.86602539,
                        0.34202015 -0 0.93969262,
                        0.17364818 -0 0.98480773,
                        2.220446e-16 -0 1,
                        -0.17364818 -0 0.98480773,
                        -0.34202015 -0 0.93969262,
                        -0.5 -0 0.86602539,
                        -0.64278764 -0 0.76604444,
                        -0.76604444 -0 0.64278764,
                        -0.86602539 -0 0.5,
                        -0.93969262 -0 0.34202015,
                        -0.98480773 -0 0.17364818,
                        -1 -0 2.220446e-16,
                        -1 -0 2.220446e-16,
                        -0.98480773 -0 0.17364818,
                        -0.93969262 -0 0.34202015,
                        -0.86602539 -0 0.5,
                        -0.76604444 -0 0.64278764,
                        -0.64278764 -0 0.76604444,
                        -0.5 -0 0.86602539,
                        -0.34202015 -0 0.93969262,
                        -0.17364818 -0 0.98480773,
                        2.220446e-16 -0 1,
                        0.17364818 -0 0.98480773,
                        0.34202015 -0 0.93969262,
                        0.5 -0 0.86602539,
                        0.64278764 -0 0.76604444,
                        0.76604444 -0 0.64278764,
                        0.86602539 -0 0.5,
                        0.93969262 -0 0.34202015,
                        0.98480773 -0 0.17364818,
                        1 0 0,
                        1 0 0,
                        1 0 0,
                        1 0 0,
                        0 -1 0,
                        0 -1 0,
                        0 -1 0,
                        0 -1 0,
                        0 -1 0,
                        0 -1 0,
                        0 -1 0,
                        0 -1 0,
                        0 -1 0,
                        0 -1 0,
                        0 -1 0,
                        0 -1 0,
                        0 -1 0,
                        0 -1 0,
                        0 -1 0,
                        0 -1 0,
                        0 -1 0,
                        0 -1 0,
                        0 -1 0,
                        0 -1 0,
                        0 -1 0,
                        0 1 0,
                        0 1 0,
                        0 1 0,
                        0 1 0,
                        0 1 0,
                        0 1 0,
                        1 -0 -0,
                        1 -0 -0,
                        1 -0 -0,
                        1 -0 -0,
                        -0 -1 -0,
                        -0 -1 -0,
                        -0 -1 -0,
                        -0 -1 -0,
                        -0 -1 -0,
                        -0 -1 -0,
                        -1 -0 -0,
                        -1 -0 -0,
                        -1 -0 -0,
                        -1 -0 -0,
                        -0 -0 -1,
                        -0 -0 -1,
                        -0 -0 -1,
                        -0 -0 -1,
                        -0 -0 1,
                        -0 -0 1,
                        -0 -0 1,
                        -0 -0 1,
                        -0 -0 1,
                        -0 -0 1,
                        -0 -0 1,
                        -0 -0 1,
                        0.70710677 0 0.70710677,
                        0.70710677 0 0.70710677,
                        0.70710677 0 0.70710677,
                        0.70710677 0 0.70710677,
                        2.220446e-16 -0 -1,
                        2.220446e-16 -0 -1,
                        0.1633548 -0 -0.98656738,
                        0.32232103 -0 -0.94663042,
                        0.47262803 -0 -0.881262,
                        0.61023778 -0 -0.79221833,
                        0.61023778 -0 -0.79221833,
                        0.47262803 -0 -0.881262,
                        0.32232103 -0 -0.94663042,
                        0.1633548 -0 -0.98656738,
                        -0 -0 -1,
                        -0 -0 -1,
                        -0 -0 -1,
                        -0 -0 -1,
                        -0 -1 -0,
                        -0 -1 -0,
                        -0 -1 -0,
                        -0 -1 -0,
                        -0 -1 -0,
                        -0 -1 -0,
                        -0 -1 -0,
                        -0 -1 -0,
                        -0 -0 1,
                        -0 -0 1,
                        -0 -0 1,
                        -0 -0 1,
                        -0 -0 1,
                        -0 -0 1,
                        0.17364818 -0 0.98480773,
                        0.34202015 -0 0.93969262,
                        0.5 -0 0.86602539,
                        0.64278764 -0 0.76604444,
                        0.76604444 -0 0.64278764,
                        0.86602539 -0 0.5,
                        0.93969262 -0 0.34202015,
                        0.98480773 -0 0.17364818,
                        1 -0 2.220446e-16,
                        0.98480773 -0 -0.17364818,
                        0.93969262 -0 -0.34202015,
                        0.86602539 -0 -0.5,
                        0.76604444 -0 -0.64278764,
                        0.64278764 -0 -0.76604444,
                        0.5 -0 -0.86602539,
                        0.34202015 -0 -0.93969262,
                        0.17364818 -0 -0.98480773,
                        2.220446e-16 -0 -1,
                        2.220446e-16 -0 -1,
                        0.17364818 -0 -0.98480773,
                        0.34202015 -0 -0.93969262,
                        0.5 -0 -0.86602539,
                        0.64278764 -0 -0.76604444,
                        0.76604444 -0 -0.64278764,
                        0.86602539 -0 -0.5,
                        0.93969262 -0 -0.34202015,
                        0.98480773 -0 -0.17364818,
                        1 -0 2.220446e-16,
                        0.98480773 -0 0.17364818,
                        0.93969262 -0 0.34202015,
                        0.86602539 -0 0.5,
                        0.76604444 -0 0.64278764,
                        0.64278764 -0 0.76604444,
                        0.5 -0 0.86602539,
                        0.34202015 -0 0.93969262,
                        0.17364818 -0 0.98480773,
                        -0 -0 -1,
                        -0 -0 -1,
                        -0 -0 -1,
                        -0 -0 -1,
                        -0 -1 -0,
                        -0 -1 -0,
                        -0 -1 -0,
                        -0 -1 -0,
                        -0 -1 -0,
                        -0 -1 -0,
                        -0 -1 -0,
                        -0 -1 -0,
                        -0 -1 -0,
                        -0 -1 -0,
                        -0 -1 -0,
                        -0 -1 -0,
                        -0 -1 -0,
                        -0 -1 -0,
                        -0 -1 -0,
                        -0 -1 -0,
                        -0 -1 -0,
                        -0 -1 -0,
                        -0 -1 -0,
                        -0 -1 -0,
                        -0 -1 -0,
                        -0 -0 1,
                        -0 -0 1,
                        -0 -0 1,
                        -0 -0 1,
                        -0 -0 1,
                        -0 -0 1,
                        0.17364818 -0 0.98480773,
                        0.34202015 -0 0.93969262,
                        0.5 -0 0.86602539,
                        0.64278764 -0 0.76604444,
                        0.76604444 -0 0.64278764,
                        0.86602539 -0 0.5,
                        0.93969262 -0 0.34202015,
                        0.98480773 -0 0.17364818,
                        1 -0 1.110223e-16,
                        0.98480773 -0 -0.17364818,
                        0.93969262 -0 -0.34202015,
                        0.86602539 -0 -0.5,
                        0.76604444 -0 -0.64278764,
                        0.64278764 -0 -0.76604444,
                        0.5 -0 -0.86602539,
                        0.34202015 -0 -0.93969262,
                        0.17364818 -0 -0.98480773,
                        2.220446e-16 -0 -1,
                        2.220446e-16 -0 -1,
                        0.17364818 -0 -0.98480773,
                        0.34202015 -0 -0.93969262,
                        0.5 -0 -0.86602539,
                        0.64278764 -0 -0.76604444,
                        0.76604444 -0 -0.64278764,
                        0.86602539 -0 -0.5,
                        0.93969262 -0 -0.34202015,
                        0.98480773 -0 -0.17364818,
                        1 -0 1.110223e-16,
                        0.98480773 -0 0.17364818,
                        0.93969262 -0 0.34202015,
                        0.86602539 -0 0.5,
                        0.76604444 -0 0.64278764,
                        0.64278764 -0 0.76604444,
                        0.5 -0 0.86602539,
                        0.34202015 -0 0.93969262,
                        0.17364818 -0 0.98480773,
                        -0 -0 -1,
                        -0 -0 -1,
                        -0 -0 -1,
                        -0 -0 -1,
                        -0 -1 -0,
                        -0 -1 -0,
                        -0 -1 -0,
                        -0 -1 -0,
                        -0 -1 -0,
                        -0 -1 -0,
                        -0 -1 -0,
                        -0 -1 -0,
                        -0 -1 -0,
                        -0 -1 -0,
                        -0 -1 -0,
                        -0 -1 -0,
                        -0 -1 -0,
                        -0 -1 -0,
                        -0 -1 -0,
                        -0 -1 -0,
                        -0 -1 -0,
                        -0 -1 -0,
                        -0 -1 -0,
                        -0 -1 -0,
                        -0 -1 -0,
                        -0 -0 1,
                        -0 -0 1,
                        -0 -0 1,
                        -0 -0 1,
                        -0 -0 1,
                        -0 -0 1,
                        0.17364818 -0 0.98480773,
                        0.34202015 -0 0.93969262,
                        0.5 -0 0.86602539,
                        0.64278764 -0 0.76604444,
                        0.76604444 -0 0.64278764,
                        0.86602539 -0 0.5,
                        0.93969262 -0 0.34202015,
                        0.98480773 -0 0.17364818,
                        1 -0 1.110223e-16,
                        0.98480773 -0 -0.17364818,
                        0.93969262 -0 -0.34202015,
                        0.86602539 -0 -0.5,
                        0.76604444 -0 -0.64278764,
                        0.64278764 -0 -0.76604444,
                        0.5 -0 -0.86602539,
                        0.34202015 -0 -0.93969262,
                        0.17364818 -0 -0.98480773,
                        2.220446e-16 -0 -1,
                        2.220446e-16 -0 -1,
                        0.17364818 -0 -0.98480773,
                        0.34202015 -0 -0.93969262,
                        0.5 -0 -0.86602539,
                        0.64278764 -0 -0.76604444,
                        0.76604444 -0 -0.64278764,
                        0.86602539 -0 -0.5,
                        0.93969262 -0 -0.34202015,
                        0.98480773 -0 -0.17364818,
                        1 -0 1.110223e-16,
                        0.98480773 -0 0.17364818,
                        0.93969262 -0 0.34202015,
                        0.86602539 -0 0.5,
                        0.76604444 -0 0.64278764,
                        0.64278764 -0 0.76604444,
                        0.5 -0 0.86602539,
                        0.34202015 -0 0.93969262,
                        0.17364818 -0 0.98480773,
                        -0 -0 -1,
                        -0 -0 -1,
                        -0 -0 -1,
                        -0 -0 -1,
                        -0 -1 -0,
                        -0 -1 -0,
                        -0 -1 -0,
                        -0 -1 -0,
                        -0 -1 -0,
                        -0 -1 -0,
                        -0 -1 -0,
                        -0 -1 -0,
                        -0 -1 -0,
                        -0 -1 -0,
                        -0 -1 -0,
                        -0 -1 -0,
                        -0 -1 -0,
                        -0 -1 -0,
                        -0 -1 -0,
                        -0 -1 -0,
                        -0 -1 -0,
                        -0 -1 -0,
                        -0 -1 -0,
                        -0 -1 -0,
                        -0 -1 -0,
                        -0 -0 1,
                        -0 -0 1,
                        -0 -0 1,
                        -0 -0 1,
                        -0 -0 1,
                        -0 -0 1,
                        0.17364818 -0 0.98480773,
                        0.34202015 -0 0.93969262,
                        0.5 -0 0.86602539,
                        0.64278764 -0 0.76604444,
                        0.76604444 -0 0.64278764,
                        0.86602539 -0 0.5,
                        0.93969262 -0 0.34202015,
                        0.98480773 -0 0.17364818,
                        1 -0 1.110223e-16,
                        0.98480773 -0 -0.17364818,
                        0.93969262 -0 -0.34202015,
                        0.86602539 -0 -0.5,
                        0.76604444 -0 -0.64278764,
                        0.64278764 -0 -0.76604444,
                        0.5 -0 -0.86602539,
                        0.34202015 -0 -0.93969262,
                        0.17364818 -0 -0.98480773,
                        2.220446e-16 -0 -1,
                        2.220446e-16 -0 -1,
                        0.17364818 -0 -0.98480773,
                        0.34202015 -0 -0.93969262,
                        0.5 -0 -0.86602539,
                        0.64278764 -0 -0.76604444,
                        0.76604444 -0 -0.64278764,
                        0.86602539 -0 -0.5,
                        0.93969262 -0 -0.34202015,
                        0.98480773 -0 -0.17364818,
                        1 -0 1.110223e-16,
                        0.98480773 -0 0.17364818,
                        0.93969262 -0 0.34202015,
                        0.86602539 -0 0.5,
                        0.76604444 -0 0.64278764,
                        0.64278764 -0 0.76604444,
                        0.5 -0 0.86602539,
                        0.34202015 -0 0.93969262,
                        0.17364818 -0 0.98480773,
                        -0 -0 -1,
                        -0 -0 -1,
                        -0 -0 -1,
                        -0 -0 -1,
                        -0 -1 -0,
                        -0 -1 -0,
                        -0 -1 -0,
                        -0 -1 -0,
                        -0 -1 -0,
                        -0 -1 -0,
                        -0 -1 -0,
                        -0 -1 -0,
                        -0 -1 -0,
                        -0 -1 -0,
                        -0 -1 -0,
                        -0 -1 -0,
                        -0 -1 -0,
                        -0 -1 -0,
                        -0 -1 -0,
                        -0 -1 -0,
                        -0 -1 -0,
                        -0 -1 -0,
                        -0 -1 -0,
                        -0 -1 -0,
                        -0 -1 -0,
                        -0 -0 1,
                        -0 -0 1,
                        -0 -0 1,
                        -0 -0 1,
                        -0 -0 1,
                        -0 -0 1,
                        0.17364818 -0 0.98480773,
                        0.34202015 -0 0.93969262,
                        0.5 -0 0.86602539,
                        0.64278764 -0 0.76604444,
                        0.76604444 -0 0.64278764,
                        0.86602539 -0 0.5,
                        0.93969262 -0 0.34202015,
                        0.98480773 -0 0.17364818,
                        1 -0 1.110223e-16,
                        0.98480773 -0 -0.17364818,
                        0.93969262 -0 -0.34202015,
                        0.86602539 -0 -0.5,
                        0.76604444 -0 -0.64278764,
                        0.64278764 -0 -0.76604444,
                        0.5 -0 -0.86602539,
                        0.34202015 -0 -0.93969262,
                        0.17364818 -0 -0.98480773,
                        2.220446e-16 -0 -1,
                        2.220446e-16 -0 -1,
                        0.17364818 -0 -0.98480773,
                        0.34202015 -0 -0.93969262,
                        0.5 -0 -0.86602539,
                        0.64278764 -0 -0.76604444,
                        0.76604444 -0 -0.64278764,
                        0.86602539 -0 -0.5,
                        0.93969262 -0 -0.34202015,
                        0.98480773 -0 -0.17364818,
                        1 -0 1.110223e-16,
                        0.98480773 -0 0.17364818,
                        0.93969262 -0 0.34202015,
                        0.86602539 -0 0.5,
                        0.76604444 -0 0.64278764,
                        0.64278764 -0 0.76604444,
                        0.5 -0 0.86602539,
                        0.34202015 -0 0.93969262,
                        0.17364818 -0 0.98480773,
                        -0 -0 -1,
                        -0 -0 -1,
                        -0 -0 -1,
                        -0 -0 -1,
                        -0 -1 -0,
                        -0 -1 -0,
                        -0 -1 -0,
                        -0 -1 -0,
                        -0 -1 -0,
                        -0 -1 -0,
                        -0 -1 -0,
                        -0 -1 -0,
                        -0 -1 -0,
                        -0 -1 -0,
                        -0 -1 -0,
                        -0 -1 -0,
                        -0 -1 -0,
                        -0 -1 -0,
                        -0 -1 -0,
                        -0 -1 -0,
                        -0 -1 -0,
                        -0 -1 -0,
                        -0 -1 -0,
                        -0 -1 -0,
                        -0 -1 -0,
                        -0 -0 1,
                        -0 -0 1,
                        -0 -0 1,
                        -0 -0 1,
                        -0 -0 1,
                        -0 -0 1,
                        0.17364818 -0 0.98480773,
                        0.34202015 -0 0.93969262,
                        0.5 -0 0.86602539,
                        0.64278764 -0 0.76604444,
                        0.76604444 -0 0.64278764,
                        0.86602539 -0 0.5,
                        0.93969262 -0 0.34202015,
                        0.98480773 -0 0.17364818,
                        1 -0 1.110223e-16,
                        0.98480773 -0 -0.17364818,
                        0.93969262 -0 -0.34202015,
                        0.86602539 -0 -0.5,
                        0.76604444 -0 -0.64278764,
                        0.64278764 -0 -0.76604444,
                        0.5 -0 -0.86602539,
                        0.34202015 -0 -0.93969262,
                        0.17364818 -0 -0.98480773,
                        2.220446e-16 -0 -1,
                        2.220446e-16 -0 -1,
                        0.17364818 -0 -0.98480773,
                        0.34202015 -0 -0.93969262,
                        0.5 -0 -0.86602539,
                        0.64278764 -0 -0.76604444,
                        0.76604444 -0 -0.64278764,
                        0.86602539 -0 -0.5,
                        0.93969262 -0 -0.34202015,
                        0.98480773 -0 -0.17364818,
                        1 -0 1.110223e-16,
                        0.98480773 -0 0.17364818,
                        0.93969262 -0 0.34202015,
                        0.86602539 -0 0.5,
                        0.76604444 -0 0.64278764,
                        0.64278764 -0 0.76604444,
                        0.5 -0 0.86602539,
                        0.34202015 -0 0.93969262,
                        0.17364818 -0 0.98480773,
                        -0 -0 -1,
                        -0 -0 -1,
                        -0 -0 -1,
                        -0 -0 -1,
                        -0 -1 -0,
                        -0 -1 -0,
                        -0 -1 -0,
                        -0 -1 -0,
                        -0 -1 -0,
                        -0 -1 -0,
                        -0 -1 -0,
                        -0 -1 -0,
                        -0 -1 -0,
                        -0 -1 -0,
                        -0 -1 -0,
                        -0 -1 -0,
                        -0 -1 -0,
                        -0 -1 -0,
                        -0 -1 -0,
                        -0 -1 -0,
                        -0 -1 -0,
                        -0 -1 -0,
                        -0 -1 -0,
                        -0 -1 -0,
                        -0 -1 -0,
                        0 1 0,
                        0 1 0,
                        0 1 0,
                        0 1 0,
                        0 1 0,
                        0 1 0,
                        -0 -0 -1,
                        -0 -0 -1,
                        -0 -0 -1,
                        -0 -0 -1,
                        -0 -1 -0,
                        -0 -1 -0,
                        -0 -1 -0,
                        -0 -1 -0,
                        -0 -1 -0,
                        -0 -1 -0,
                        -0 -0 1,
                        -0 -0 1,
                        -0 -0 1,
                        -0 -0 1,
                        -1 -0 -0,
                        -1 -0 -0,
                        -1 -0 -0,
                        -1 -0 -0,
                        1 -0 -0,
                        1 -0 -0,
                        1 -0 -0,
                        1 -0 -0

                      ]
                    }
                    coordIndex [
                      474 48 473 -1 
                      0 1 2 -1 
                      4 2 1 -1 
                      4 1 5 -1 
                      4 3 2 -1 
                      346 5 351 -1 
                      8 6 9 -1 
                      350 347 346 -1 
                      349 348 347 -1 
                      9 6 348 -1 
                      8 7 6 -1 
                      349 9 348 -1 
                      350 349 347 -1 
                      351 350 346 -1 
                      352 351 5 -1 
                      353 352 5 -1 
                      354 353 5 -1 
                      763 354 5 -1 
                      371 360 359 -1 
                      362 361 369 -1 
                      363 362 368 -1 
                      12 10 13 -1 
                      367 364 363 -1 
                      366 365 364 -1 
                      13 10 365 -1 
                      12 11 10 -1 
                      370 361 360 -1 
                      366 13 365 -1 
                      357 144 358 -1 
                      367 366 364 -1 
                      368 367 363 -1 
                      369 368 362 -1 
                      370 369 361 -1 
                      371 370 360 -1 
                      372 371 359 -1 
                      358 144 359 -1 
                      388 377 376 -1 
                      379 378 386 -1 
                      380 379 385 -1 
                      16 14 17 -1 
                      384 381 380 -1 
                      383 382 381 -1 
                      17 14 382 -1 
                      16 15 14 -1 
                      387 378 377 -1 
                      383 17 382 -1 
                      144 376 375 -1 
                      384 383 381 -1 
                      385 384 380 -1 
                      386 385 379 -1 
                      387 386 378 -1 
                      388 387 377 -1 
                      389 388 376 -1 
                      144 389 376 -1 
                      390 389 144 -1 
                      405 394 393 -1 
                      396 395 403 -1 
                      397 396 402 -1 
                      20 18 21 -1 
                      401 398 397 -1 
                      400 399 398 -1 
                      21 18 399 -1 
                      20 19 18 -1 
                      404 395 394 -1 
                      144 393 392 -1 
                      400 21 399 -1 
                      401 400 398 -1 
                      402 401 397 -1 
                      403 402 396 -1 
                      404 403 395 -1 
                      405 404 394 -1 
                      406 405 393 -1 
                      144 406 393 -1 
                      144 392 391 -1 
                      406 144 407 -1 
                      407 144 408 -1 
                      422 411 410 -1 
                      421 412 411 -1 
                      414 413 419 -1 
                      24 22 25 -1 
                      418 415 414 -1 
                      417 416 415 -1 
                      25 22 416 -1 
                      24 23 22 -1 
                      420 413 412 -1 
                      143 410 409 -1 
                      417 25 416 -1 
                      418 417 415 -1 
                      419 418 414 -1 
                      420 419 413 -1 
                      421 420 412 -1 
                      422 421 411 -1 
                      423 422 410 -1 
                      143 423 410 -1 
                      408 143 409 -1 
                      143 426 425 -1 
                      439 428 427 -1 
                      438 429 428 -1 
                      431 430 436 -1 
                      28 26 29 -1 
                      435 432 431 -1 
                      434 433 432 -1 
                      29 26 433 -1 
                      28 27 26 -1 
                      437 430 429 -1 
                      143 427 426 -1 
                      434 29 433 -1 
                      435 434 432 -1 
                      436 435 431 -1 
                      437 436 430 -1 
                      438 437 429 -1 
                      439 438 428 -1 
                      440 439 427 -1 
                      143 440 427 -1 
                      143 441 440 -1 
                      143 442 441 -1 
                      143 443 442 -1 
                      462 445 444 -1 
                      34 446 445 -1 
                      448 447 34 -1 
                      32 30 33 -1 
                      453 449 448 -1 
                      452 450 449 -1 
                      451 30 450 -1 
                      32 31 30 -1 
                      34 447 446 -1 
                      463 444 443 -1 
                      451 33 30 -1 
                      452 451 450 -1 
                      453 452 449 -1 
                      34 453 448 -1 
                      36 35 37 -1 
                      39 35 34 -1 
                      40 34 445 -1 
                      39 37 35 -1 
                      39 38 37 -1 
                      143 425 424 -1 
                      40 39 34 -1 
                      462 40 445 -1 
                      459 454 40 -1 
                      458 455 454 -1 
                      457 456 455 -1 
                      44 41 456 -1 
                      43 42 41 -1 
                      44 43 41 -1 
                      457 44 456 -1 
                      458 457 455 -1 
                      459 458 454 -1 
                      460 459 40 -1 
                      461 460 40 -1 
                      462 461 40 -1 
                      463 462 444 -1 
                      464 463 443 -1 
                      143 464 443 -1 
                      143 465 464 -1 
                      143 466 465 -1 
                      143 467 466 -1 
                      479 468 467 -1 
                      478 469 468 -1 
                      477 470 469 -1 
                      476 471 470 -1 
                      475 472 471 -1 
                      474 473 472 -1 
                      48 45 473 -1 
                      47 46 45 -1 
                      48 47 45 -1 
                      475 474 472 -1 
                      476 475 471 -1 
                      477 476 470 -1 
                      478 477 469 -1 
                      479 478 468 -1 
                      480 479 467 -1 
                      143 480 467 -1 
                      143 481 480 -1 
                      143 482 481 -1 
                      143 424 423 -1 
                      143 484 483 -1 
                      496 485 484 -1 
                      495 486 485 -1 
                      494 487 486 -1 
                      493 488 487 -1 
                      492 489 488 -1 
                      491 490 489 -1 
                      52 49 490 -1 
                      51 50 49 -1 
                      52 51 49 -1 
                      491 52 490 -1 
                      492 491 489 -1 
                      493 492 488 -1 
                      494 493 487 -1 
                      495 494 486 -1 
                      496 495 485 -1 
                      497 496 484 -1 
                      143 497 484 -1 
                      143 142 500 -1 
                      497 143 498 -1 
                      498 143 499 -1 
                      514 501 500 -1 
                      513 502 501 -1 
                      512 503 502 -1 
                      511 504 503 -1 
                      509 506 505 -1 
                      508 507 506 -1 
                      56 53 507 -1 
                      55 54 53 -1 
                      510 505 504 -1 
                      56 55 53 -1 
                      508 56 507 -1 
                      509 508 506 -1 
                      510 509 505 -1 
                      511 510 504 -1 
                      512 511 503 -1 
                      513 512 502 -1 
                      514 513 501 -1 
                      515 514 500 -1 
                      499 143 500 -1 
                      142 518 517 -1 
                      530 519 518 -1 
                      529 520 519 -1 
                      528 521 520 -1 
                      526 523 522 -1 
                      525 524 523 -1 
                      60 57 524 -1 
                      59 58 57 -1 
                      527 522 521 -1 
                      60 59 57 -1 
                      525 60 524 -1 
                      526 525 523 -1 
                      527 526 522 -1 
                      528 527 521 -1 
                      529 528 520 -1 
                      530 529 519 -1 
                      531 530 518 -1 
                      142 531 518 -1 
                      516 142 517 -1 
                      142 533 532 -1 
                      142 534 533 -1 
                      142 535 534 -1 
                      547 536 535 -1 
                      546 537 536 -1 
                      545 538 537 -1 
                      543 540 539 -1 
                      542 541 540 -1 
                      64 61 541 -1 
                      63 62 61 -1 
                      544 539 538 -1 
                      64 63 61 -1 
                      542 64 541 -1 
                      543 542 540 -1 
                      544 543 539 -1 
                      545 544 538 -1 
                      546 545 537 -1 
                      547 546 536 -1 
                      548 547 535 -1 
                      142 548 535 -1 
                      142 549 548 -1 
                      142 551 550 -1 
                      575 552 551 -1 
                      576 553 552 -1 
                      69 554 553 -1 
                      69 555 554 -1 
                      561 557 556 -1 
                      560 558 557 -1 
                      559 65 558 -1 
                      67 66 65 -1 
                      69 556 555 -1 
                      68 67 65 -1 
                      559 68 65 -1 
                      560 559 558 -1 
                      561 560 557 -1 
                      69 561 556 -1 
                      75 69 553 -1 
                      74 70 69 -1 
                      72 71 70 -1 
                      74 72 70 -1 
                      142 550 549 -1 
                      74 73 72 -1 
                      75 74 69 -1 
                      576 75 553 -1 
                      580 563 564 -1 
                      76 562 79 -1 
                      581 562 563 -1 
                      78 77 76 -1 
                      579 564 75 -1 
                      79 78 76 -1 
                      581 79 562 -1 
                      580 581 563 -1 
                      579 580 564 -1 
                      596 597 567 -1 
                      578 579 75 -1 
                      577 578 75 -1 
                      576 577 75 -1 
                      575 576 552 -1 
                      574 575 551 -1 
                      142 574 551 -1 
                      142 573 574 -1 
                      142 572 573 -1 
                      142 571 572 -1 
                      593 570 571 -1 
                      594 569 570 -1 
                      595 568 569 -1 
                      597 566 567 -1 
                      80 565 83 -1 
                      598 565 566 -1 
                      82 81 80 -1 
                      596 567 568 -1 
                      83 82 80 -1 
                      598 83 565 -1 
                      500 142 515 -1 
                      597 598 566 -1 
                      613 614 584 -1 
                      595 596 568 -1 
                      594 595 569 -1 
                      593 594 570 -1 
                      592 593 571 -1 
                      142 592 571 -1 
                      142 591 592 -1 
                      142 590 591 -1 
                      142 532 531 -1 
                      610 587 588 -1 
                      611 586 587 -1 
                      612 585 586 -1 
                      614 583 584 -1 
                      84 582 87 -1 
                      615 582 583 -1 
                      86 85 84 -1 
                      613 584 585 -1 
                      87 86 84 -1 
                      142 588 589 -1 
                      615 87 582 -1 
                      614 615 583 -1 
                      612 613 585 -1 
                      611 612 586 -1 
                      610 611 587 -1 
                      609 610 588 -1 
                      142 609 588 -1 
                      516 515 142 -1 
                      609 142 608 -1 
                      608 142 607 -1 
                      627 604 605 -1 
                      628 603 604 -1 
                      629 602 603 -1 
                      631 600 601 -1 
                      88 599 91 -1 
                      632 599 600 -1 
                      90 89 88 -1 
                      630 601 602 -1 
                      91 90 88 -1 
                      626 605 606 -1 
                      632 91 599 -1 
                      631 632 600 -1 
                      630 631 601 -1 
                      629 630 602 -1 
                      628 629 603 -1 
                      627 628 604 -1 
                      626 627 605 -1 
                      625 626 606 -1 
                      390 144 391 -1 
                      625 141 624 -1 
                      644 621 622 -1 
                      645 620 621 -1 
                      646 619 620 -1 
                      648 617 618 -1 
                      92 616 95 -1 
                      649 616 617 -1 
                      94 93 92 -1 
                      647 618 619 -1 
                      95 94 92 -1 
                      141 622 623 -1 
                      649 95 616 -1 
                      648 649 617 -1 
                      647 648 618 -1 
                      646 647 619 -1 
                      645 646 620 -1 
                      644 645 621 -1 
                      643 644 622 -1 
                      141 643 622 -1 
                      682 683 657 -1 
                      141 640 641 -1 
                      661 638 639 -1 
                      662 637 638 -1 
                      663 636 637 -1 
                      665 634 635 -1 
                      96 633 99 -1 
                      666 633 634 -1 
                      98 97 96 -1 
                      664 635 636 -1 
                      99 98 96 -1 
                      666 99 633 -1 
                      141 639 640 -1 
                      665 666 634 -1 
                      664 665 635 -1 
                      663 664 636 -1 
                      662 663 637 -1 
                      661 662 638 -1 
                      660 661 639 -1 
                      141 660 639 -1 
                      141 659 660 -1 
                      141 658 659 -1 
                      684 655 656 -1 
                      104 654 655 -1 
                      104 653 654 -1 
                      667 651 652 -1 
                      100 650 669 -1 
                      668 650 651 -1 
                      102 101 100 -1 
                      104 652 653 -1 
                      103 102 100 -1 
                      683 656 657 -1 
                      669 103 100 -1 
                      668 669 650 -1 
                      109 107 105 -1 
                      667 668 651 -1 
                      104 667 652 -1 
                      109 105 104 -1 
                      107 106 105 -1 
                      110 104 655 -1 
                      113 112 111 -1 
                      109 108 107 -1 
                      141 657 658 -1 
                      110 109 104 -1 
                      684 110 655 -1 
                      688 671 672 -1 
                      689 670 671 -1 
                      114 111 670 -1 
                      687 672 110 -1 
                      114 113 111 -1 
                      689 114 670 -1 
                      688 689 671 -1 
                      687 688 672 -1 
                      643 141 642 -1 
                      686 687 110 -1 
                      685 686 110 -1 
                      624 141 623 -1 
                      684 685 110 -1 
                      683 684 656 -1 
                      141 682 657 -1 
                      117 116 115 -1 
                      141 681 682 -1 
                      141 680 681 -1 
                      141 679 680 -1 
                      701 678 679 -1 
                      702 677 678 -1 
                      703 676 677 -1 
                      704 675 676 -1 
                      706 673 674 -1 
                      118 115 673 -1 
                      705 674 675 -1 
                      118 117 115 -1 
                      706 118 673 -1 
                      705 706 674 -1 
                      704 705 675 -1 
                      703 704 676 -1 
                      702 703 677 -1 
                      701 702 678 -1 
                      700 701 679 -1 
                      141 700 679 -1 
                      121 120 119 -1 
                      141 699 700 -1 
                      141 641 642 -1 
                      141 697 698 -1 
                      718 695 696 -1 
                      719 694 695 -1 
                      720 693 694 -1 
                      721 692 693 -1 
                      723 690 691 -1 
                      122 119 690 -1 
                      722 691 692 -1 
                      122 121 119 -1 
                      723 122 690 -1 
                      141 696 697 -1 
                      722 723 691 -1 
                      721 722 692 -1 
                      735 736 712 -1 
                      720 721 693 -1 
                      606 141 625 -1 
                      719 720 694 -1 
                      718 719 695 -1 
                      717 718 696 -1 
                      141 717 696 -1 
                      125 124 123 -1 
                      141 716 717 -1 
                      141 715 716 -1 
                      375 374 144 -1 
                      736 711 712 -1 
                      737 710 711 -1 
                      738 709 710 -1 
                      740 707 708 -1 
                      126 123 707 -1 
                      739 708 709 -1 
                      126 125 123 -1 
                      735 712 713 -1 
                      740 126 707 -1 
                      739 740 708 -1 
                      144 374 373 -1 
                      738 739 709 -1 
                      140 713 714 -1 
                      737 738 710 -1 
                      733 734 140 -1 
                      736 737 711 -1 
                      373 372 144 -1 
                      734 735 713 -1 
                      140 734 713 -1 
                      732 733 140 -1 
                      731 732 140 -1 
                      129 128 127 -1 
                      372 359 144 -1 
                      753 728 729 -1 
                      754 727 728 -1 
                      755 726 727 -1 
                      129 127 130 -1 
                      130 127 724 -1 
                      756 725 726 -1 
                      757 724 725 -1 
                      752 729 730 -1 
                      757 130 724 -1 
                      756 757 725 -1 
                      357 140 144 -1 
                      755 756 726 -1 
                      140 730 731 -1 
                      754 755 727 -1 
                      750 751 140 -1 
                      753 754 728 -1 
                      752 753 729 -1 
                      356 766 357 -1 
                      751 752 730 -1 
                      140 751 730 -1 
                      749 750 140 -1 
                      748 749 140 -1 
                      133 132 131 -1 
                      767 768 140 -1 
                      769 770 746 -1 
                      770 745 746 -1 
                      771 744 745 -1 
                      772 743 744 -1 
                      741 742 774 -1 
                      133 131 134 -1 
                      134 131 741 -1 
                      773 742 743 -1 
                      774 134 741 -1 
                      769 746 747 -1 
                      773 774 742 -1 
                      355 765 356 -1 
                      772 773 743 -1 
                      766 140 357 -1 
                      771 772 744 -1 
                      140 747 748 -1 
                      770 771 745 -1 
                      764 355 354 -1 
                      768 769 747 -1 
                      140 768 747 -1 
                      766 767 140 -1 
                      765 766 356 -1 
                      764 765 355 -1 
                      763 764 354 -1 
                      137 136 135 -1 
                      139 761 762 -1 
                      759 760 775 -1 
                      758 759 776 -1 
                      135 758 777 -1 
                      137 135 138 -1 
                      139 760 761 -1 
                      139 762 763 -1 
                      777 138 135 -1 
                      776 777 758 -1 
                      139 5 1 -1 
                      775 776 759 -1 
                      139 763 5 -1 
                      139 775 760 -1 
                      607 142 606 -1 
                      140 714 715 -1 
                      141 698 699 -1 
                      141 140 715 -1 
                      142 589 590 -1 
                      142 141 606 -1 
                      143 483 482 -1 
                      144 143 408 -1 
                      145 140 141 -1 
                      146 145 141 -1 
                      147 144 140 -1 
                      145 147 140 -1 
                      148 144 147 -1 
                      148 143 144 -1 
                      149 143 148 -1 
                      149 142 143 -1 
                      146 142 149 -1 
                      146 141 142 -1 
                      148 147 151 -1 
                      147 150 151 -1 
                      149 151 153 -1 
                      146 149 153 -1 
                      145 152 150 -1 
                      145 150 147 -1 
                      146 153 152 -1 
                      146 152 145 -1 
                      148 151 149 -1 
                      154 151 150 -1 
                      155 154 150 -1 
                      156 153 151 -1 
                      154 156 151 -1 
                      157 152 153 -1 
                      156 157 153 -1 
                      155 150 152 -1 
                      157 155 152 -1 
                      156 155 157 -1 
                      156 154 155 -1 
                      1 0 158 -1 
                      159 1 158 -1 
                      182 108 174 -1 
                      160 158 176 -1 
                      167 176 175 -1 
                      181 107 182 -1 
                      173 175 174 -1 
                      113 173 112 -1 
                      172 175 173 -1 
                      172 173 113 -1 
                      171 175 172 -1 
                      117 171 116 -1 
                      170 175 171 -1 
                      170 171 117 -1 
                      169 175 170 -1 
                      121 169 120 -1 
                      168 175 169 -1 
                      168 169 121 -1 
                      167 175 168 -1 
                      125 167 124 -1 
                      166 176 167 -1 
                      166 167 125 -1 
                      165 176 166 -1 
                      129 165 128 -1 
                      164 176 165 -1 
                      164 165 129 -1 
                      163 176 164 -1 
                      133 163 132 -1 
                      162 176 163 -1 
                      162 163 133 -1 
                      161 176 162 -1 
                      137 161 136 -1 
                      160 176 161 -1 
                      160 161 137 -1 
                      178 158 0 -1 
                      178 0 2 -1 
                      180 176 158 -1 
                      180 158 178 -1 
                      179 2 176 -1 
                      179 176 180 -1 
                      177 178 2 -1 
                      177 2 179 -1 
                      184 175 107 -1 
                      182 107 108 -1 
                      183 174 175 -1 
                      184 107 181 -1 
                      183 175 184 -1 
                      182 174 183 -1 
                      159 160 186 -1 
                      159 158 160 -1 
                      186 185 159 -1 
                      779 778 185 -1 
                      780 779 185 -1 
                      186 780 185 -1 
                      185 1 159 -1 
                      139 1 185 -1 
                      780 186 138 -1 
                      777 780 138 -1 
                      776 779 780 -1 
                      775 778 779 -1 
                      139 185 778 -1 
                      775 139 778 -1 
                      776 775 779 -1 
                      777 776 780 -1 
                      186 160 137 -1 
                      138 186 137 -1 
                      135 136 161 -1 
                      187 135 161 -1 
                      758 135 187 -1 
                      781 758 187 -1 
                      782 759 758 -1 
                      783 760 759 -1 
                      784 761 760 -1 
                      785 762 761 -1 
                      786 763 762 -1 
                      787 764 763 -1 
                      791 768 767 -1 
                      792 769 768 -1 
                      793 770 769 -1 
                      794 771 770 -1 
                      795 772 771 -1 
                      796 773 772 -1 
                      797 774 773 -1 
                      188 134 774 -1 
                      790 767 766 -1 
                      797 188 774 -1 
                      796 797 773 -1 
                      789 766 765 -1 
                      795 796 772 -1 
                      788 765 764 -1 
                      794 795 771 -1 
                      793 794 770 -1 
                      792 793 769 -1 
                      791 792 768 -1 
                      790 791 767 -1 
                      789 790 766 -1 
                      788 789 765 -1 
                      787 788 764 -1 
                      786 787 763 -1 
                      785 786 762 -1 
                      784 785 761 -1 
                      783 784 760 -1 
                      782 783 759 -1 
                      781 782 758 -1 
                      188 162 133 -1 
                      134 188 133 -1 
                      187 161 162 -1 
                      188 187 162 -1 
                      782 781 187 -1 
                      783 782 187 -1 
                      784 783 187 -1 
                      785 784 187 -1 
                      786 785 187 -1 
                      787 786 187 -1 
                      788 787 187 -1 
                      789 788 187 -1 
                      790 789 187 -1 
                      791 790 187 -1 
                      792 791 187 -1 
                      793 792 187 -1 
                      794 793 187 -1 
                      795 794 187 -1 
                      796 795 187 -1 
                      797 796 187 -1 
                      188 797 187 -1 
                      131 132 163 -1 
                      189 131 163 -1 
                      741 131 189 -1 
                      798 741 189 -1 
                      799 742 741 -1 
                      800 743 742 -1 
                      801 744 743 -1 
                      802 745 744 -1 
                      803 746 745 -1 
                      804 747 746 -1 
                      808 751 750 -1 
                      809 752 751 -1 
                      810 753 752 -1 
                      811 754 753 -1 
                      812 755 754 -1 
                      813 756 755 -1 
                      814 757 756 -1 
                      190 130 757 -1 
                      807 750 749 -1 
                      814 190 757 -1 
                      813 814 756 -1 
                      806 749 748 -1 
                      812 813 755 -1 
                      805 748 747 -1 
                      811 812 754 -1 
                      810 811 753 -1 
                      809 810 752 -1 
                      808 809 751 -1 
                      807 808 750 -1 
                      806 807 749 -1 
                      805 806 748 -1 
                      804 805 747 -1 
                      803 804 746 -1 
                      802 803 745 -1 
                      801 802 744 -1 
                      800 801 743 -1 
                      799 800 742 -1 
                      798 799 741 -1 
                      190 164 129 -1 
                      130 190 129 -1 
                      189 163 164 -1 
                      190 189 164 -1 
                      799 798 189 -1 
                      800 799 189 -1 
                      801 800 189 -1 
                      802 801 189 -1 
                      803 802 189 -1 
                      804 803 189 -1 
                      805 804 189 -1 
                      806 805 189 -1 
                      807 806 189 -1 
                      808 807 189 -1 
                      809 808 189 -1 
                      810 809 189 -1 
                      811 810 189 -1 
                      812 811 189 -1 
                      813 812 189 -1 
                      814 813 189 -1 
                      190 814 189 -1 
                      127 128 165 -1 
                      191 127 165 -1 
                      724 127 191 -1 
                      815 724 191 -1 
                      816 725 724 -1 
                      817 726 725 -1 
                      818 727 726 -1 
                      819 728 727 -1 
                      820 729 728 -1 
                      821 730 729 -1 
                      825 734 733 -1 
                      826 735 734 -1 
                      827 736 735 -1 
                      828 737 736 -1 
                      829 738 737 -1 
                      830 739 738 -1 
                      831 740 739 -1 
                      192 126 740 -1 
                      824 733 732 -1 
                      831 192 740 -1 
                      830 831 739 -1 
                      823 732 731 -1 
                      829 830 738 -1 
                      822 731 730 -1 
                      828 829 737 -1 
                      827 828 736 -1 
                      826 827 735 -1 
                      825 826 734 -1 
                      824 825 733 -1 
                      823 824 732 -1 
                      822 823 731 -1 
                      821 822 730 -1 
                      820 821 729 -1 
                      819 820 728 -1 
                      818 819 727 -1 
                      817 818 726 -1 
                      816 817 725 -1 
                      815 816 724 -1 
                      192 166 125 -1 
                      126 192 125 -1 
                      192 191 165 -1 
                      816 815 191 -1 
                      817 816 191 -1 
                      818 817 191 -1 
                      819 818 191 -1 
                      820 819 191 -1 
                      821 820 191 -1 
                      822 821 191 -1 
                      823 822 191 -1 
                      824 823 191 -1 
                      825 824 191 -1 
                      826 825 191 -1 
                      827 826 191 -1 
                      828 827 191 -1 
                      829 828 191 -1 
                      830 829 191 -1 
                      831 830 191 -1 
                      192 831 191 -1 
                      166 192 165 -1 
                      123 124 167 -1 
                      193 123 167 -1 
                      707 123 193 -1 
                      832 707 193 -1 
                      833 708 707 -1 
                      834 709 708 -1 
                      835 710 709 -1 
                      836 711 710 -1 
                      837 712 711 -1 
                      838 713 712 -1 
                      842 717 716 -1 
                      843 718 717 -1 
                      844 719 718 -1 
                      845 720 719 -1 
                      846 721 720 -1 
                      847 722 721 -1 
                      848 723 722 -1 
                      194 122 723 -1 
                      841 716 715 -1 
                      848 194 723 -1 
                      847 848 722 -1 
                      840 715 714 -1 
                      846 847 721 -1 
                      839 714 713 -1 
                      845 846 720 -1 
                      844 845 719 -1 
                      843 844 718 -1 
                      842 843 717 -1 
                      841 842 716 -1 
                      840 841 715 -1 
                      839 840 714 -1 
                      838 839 713 -1 
                      837 838 712 -1 
                      836 837 711 -1 
                      835 836 710 -1 
                      834 835 709 -1 
                      833 834 708 -1 
                      832 833 707 -1 
                      194 168 121 -1 
                      122 194 121 -1 
                      193 167 168 -1 
                      194 193 168 -1 
                      833 832 193 -1 
                      834 833 193 -1 
                      835 834 193 -1 
                      836 835 193 -1 
                      837 836 193 -1 
                      838 837 193 -1 
                      839 838 193 -1 
                      840 839 193 -1 
                      841 840 193 -1 
                      842 841 193 -1 
                      843 842 193 -1 
                      844 843 193 -1 
                      845 844 193 -1 
                      846 845 193 -1 
                      847 846 193 -1 
                      848 847 193 -1 
                      194 848 193 -1 
                      119 120 169 -1 
                      195 119 169 -1 
                      690 119 195 -1 
                      849 690 195 -1 
                      850 691 690 -1 
                      851 692 691 -1 
                      852 693 692 -1 
                      853 694 693 -1 
                      854 695 694 -1 
                      855 696 695 -1 
                      859 700 699 -1 
                      860 701 700 -1 
                      861 702 701 -1 
                      862 703 702 -1 
                      863 704 703 -1 
                      864 705 704 -1 
                      865 706 705 -1 
                      196 118 706 -1 
                      858 699 698 -1 
                      865 196 706 -1 
                      864 865 705 -1 
                      857 698 697 -1 
                      863 864 704 -1 
                      856 697 696 -1 
                      862 863 703 -1 
                      861 862 702 -1 
                      860 861 701 -1 
                      859 860 700 -1 
                      858 859 699 -1 
                      857 858 698 -1 
                      856 857 697 -1 
                      855 856 696 -1 
                      854 855 695 -1 
                      853 854 694 -1 
                      852 853 693 -1 
                      851 852 692 -1 
                      850 851 691 -1 
                      849 850 690 -1 
                      196 170 117 -1 
                      118 196 117 -1 
                      195 169 170 -1 
                      196 195 170 -1 
                      850 849 195 -1 
                      851 850 195 -1 
                      852 851 195 -1 
                      853 852 195 -1 
                      854 853 195 -1 
                      855 854 195 -1 
                      856 855 195 -1 
                      857 856 195 -1 
                      858 857 195 -1 
                      859 858 195 -1 
                      860 859 195 -1 
                      861 860 195 -1 
                      862 861 195 -1 
                      863 862 195 -1 
                      864 863 195 -1 
                      865 864 195 -1 
                      196 865 195 -1 
                      115 116 171 -1 
                      197 115 171 -1 
                      673 115 197 -1 
                      866 673 197 -1 
                      867 674 673 -1 
                      868 675 674 -1 
                      869 676 675 -1 
                      870 677 676 -1 
                      871 678 677 -1 
                      872 679 678 -1 
                      876 683 682 -1 
                      877 684 683 -1 
                      878 685 684 -1 
                      879 686 685 -1 
                      880 687 686 -1 
                      881 688 687 -1 
                      882 689 688 -1 
                      198 114 689 -1 
                      875 682 681 -1 
                      882 198 689 -1 
                      881 882 688 -1 
                      874 681 680 -1 
                      880 881 687 -1 
                      873 680 679 -1 
                      879 880 686 -1 
                      878 879 685 -1 
                      877 878 684 -1 
                      876 877 683 -1 
                      875 876 682 -1 
                      874 875 681 -1 
                      873 874 680 -1 
                      872 873 679 -1 
                      871 872 678 -1 
                      870 871 677 -1 
                      869 870 676 -1 
                      868 869 675 -1 
                      867 868 674 -1 
                      866 867 673 -1 
                      198 172 113 -1 
                      114 198 113 -1 
                      197 171 172 -1 
                      198 197 172 -1 
                      867 866 197 -1 
                      868 867 197 -1 
                      869 868 197 -1 
                      870 869 197 -1 
                      871 870 197 -1 
                      872 871 197 -1 
                      873 872 197 -1 
                      874 873 197 -1 
                      875 874 197 -1 
                      876 875 197 -1 
                      877 876 197 -1 
                      878 877 197 -1 
                      879 878 197 -1 
                      880 879 197 -1 
                      881 880 197 -1 
                      882 881 197 -1 
                      198 882 197 -1 
                      111 112 173 -1 
                      199 111 173 -1 
                      670 111 199 -1 
                      883 884 670 -1 
                      885 200 672 -1 
                      885 672 671 -1 
                      200 110 672 -1 
                      884 885 671 -1 
                      884 671 670 -1 
                      883 670 199 -1 
                      201 110 200 -1 
                      109 110 201 -1 
                      201 174 108 -1 
                      109 201 108 -1 
                      173 174 201 -1 
                      201 199 173 -1 
                      884 883 199 -1 
                      885 884 199 -1 
                      200 885 199 -1 
                      201 200 199 -1 
                      218 77 78 -1 
                      217 204 218 -1 
                      216 204 217 -1 
                      82 217 81 -1 
                      216 217 82 -1 
                      215 204 216 -1 
                      214 204 215 -1 
                      86 215 85 -1 
                      214 215 86 -1 
                      213 204 214 -1 
                      175 204 213 -1 
                      90 213 89 -1 
                      212 213 90 -1 
                      175 213 212 -1 
                      175 212 211 -1 
                      94 211 93 -1 
                      210 211 94 -1 
                      175 211 210 -1 
                      98 208 209 -1 
                      98 209 97 -1 
                      175 210 209 -1 
                      175 209 208 -1 
                      102 206 207 -1 
                      102 207 101 -1 
                      175 208 207 -1 
                      175 207 206 -1 
                      175 206 205 -1 
                      202 77 218 -1 
                      220 73 203 -1 
                      202 218 204 -1 
                      219 72 220 -1 
                      202 204 203 -1 
                      222 204 72 -1 
                      220 72 73 -1 
                      221 203 204 -1 
                      222 72 219 -1 
                      221 204 222 -1 
                      220 203 221 -1 
                      224 205 106 -1 
                      224 106 107 -1 
                      226 175 205 -1 
                      226 205 224 -1 
                      225 107 175 -1 
                      225 175 226 -1 
                      223 224 107 -1 
                      223 107 225 -1 
                      76 77 202 -1 
                      227 76 202 -1 
                      562 76 227 -1 
                      886 887 562 -1 
                      888 228 564 -1 
                      888 564 563 -1 
                      228 75 564 -1 
                      887 888 563 -1 
                      887 563 562 -1 
                      886 562 227 -1 
                      229 75 228 -1 
                      74 75 229 -1 
                      229 203 73 -1 
                      74 229 73 -1 
                      229 202 203 -1 
                      229 227 202 -1 
                      887 886 227 -1 
                      888 887 227 -1 
                      228 888 227 -1 
                      229 228 227 -1 
                      246 232 231 -1 
                      43 231 42 -1 
                      246 231 43 -1 
                      245 232 246 -1 
                      244 232 245 -1 
                      47 245 46 -1 
                      244 245 47 -1 
                      243 232 244 -1 
                      242 232 243 -1 
                      51 243 50 -1 
                      242 243 51 -1 
                      241 232 242 -1 
                      204 232 241 -1 
                      55 241 54 -1 
                      240 241 55 -1 
                      204 241 240 -1 
                      204 240 239 -1 
                      59 239 58 -1 
                      238 239 59 -1 
                      204 239 238 -1 
                      63 236 237 -1 
                      63 237 62 -1 
                      204 238 237 -1 
                      204 237 236 -1 
                      67 234 235 -1 
                      67 235 66 -1 
                      204 236 235 -1 
                      204 235 234 -1 
                      204 234 233 -1 
                      248 247 37 -1 
                      230 231 232 -1 
                      248 38 230 -1 
                      250 232 37 -1 
                      248 37 38 -1 
                      249 230 232 -1 
                      250 37 247 -1 
                      249 232 250 -1 
                      248 230 249 -1 
                      252 233 71 -1 
                      252 71 72 -1 
                      254 204 233 -1 
                      254 233 252 -1 
                      253 72 204 -1 
                      253 204 254 -1 
                      251 252 72 -1 
                      251 72 253 -1 
                      231 230 257 -1 
                      255 257 256 -1 
                      890 256 889 -1 
                      891 256 890 -1 
                      255 256 891 -1 
                      231 257 255 -1 
                      41 42 231 -1 
                      41 231 255 -1 
                      456 41 255 -1 
                      891 456 255 -1 
                      890 455 456 -1 
                      889 454 455 -1 
                      256 40 454 -1 
                      889 256 454 -1 
                      890 889 455 -1 
                      891 890 456 -1 
                      257 40 256 -1 
                      39 40 257 -1 
                      257 38 39 -1 
                      230 38 257 -1 
                      275 3 273 -1 
                      259 258 232 -1 
                      266 232 176 -1 
                      274 2 275 -1 
                      272 176 273 -1 
                      8 272 7 -1 
                      271 176 272 -1 
                      271 272 8 -1 
                      270 176 271 -1 
                      12 270 11 -1 
                      269 176 270 -1 
                      269 270 12 -1 
                      268 176 269 -1 
                      16 268 15 -1 
                      267 176 268 -1 
                      267 268 16 -1 
                      266 176 267 -1 
                      20 266 19 -1 
                      265 232 266 -1 
                      265 266 20 -1 
                      264 232 265 -1 
                      24 264 23 -1 
                      263 232 264 -1 
                      263 264 24 -1 
                      262 232 263 -1 
                      28 262 27 -1 
                      261 232 262 -1 
                      261 262 28 -1 
                      260 232 261 -1 
                      32 260 31 -1 
                      259 232 260 -1 
                      259 260 32 -1 
                      277 176 2 -1 
                      275 2 3 -1 
                      276 273 176 -1 
                      277 2 274 -1 
                      276 176 277 -1 
                      275 273 276 -1 
                      279 258 36 -1 
                      279 36 37 -1 
                      281 232 258 -1 
                      281 258 279 -1 
                      280 37 232 -1 
                      280 232 281 -1 
                      278 279 37 -1 
                      278 37 280 -1 
                      282 259 284 -1 
                      893 284 892 -1 
                      894 284 893 -1 
                      283 282 284 -1 
                      283 284 894 -1 
                      258 259 282 -1 
                      282 35 258 -1 
                      36 258 35 -1 
                      283 35 282 -1 
                      34 35 283 -1 
                      892 284 33 -1 
                      451 892 33 -1 
                      453 34 894 -1 
                      453 894 893 -1 
                      34 283 894 -1 
                      452 893 892 -1 
                      452 453 893 -1 
                      451 452 892 -1 
                      284 32 33 -1 
                      259 32 284 -1 
                      30 31 260 -1 
                      30 260 285 -1 
                      895 286 29 -1 
                      434 895 29 -1 
                      435 896 895 -1 
                      436 897 896 -1 
                      437 898 897 -1 
                      438 899 898 -1 
                      445 906 905 -1 
                      446 907 906 -1 
                      447 908 907 -1 
                      448 909 908 -1 
                      449 910 909 -1 
                      450 911 910 -1 
                      30 285 911 -1 
                      450 30 911 -1 
                      444 905 904 -1 
                      449 450 910 -1 
                      443 904 903 -1 
                      448 449 909 -1 
                      442 903 902 -1 
                      447 448 908 -1 
                      441 902 901 -1 
                      446 447 907 -1 
                      440 901 900 -1 
                      445 446 906 -1 
                      439 900 899 -1 
                      444 445 905 -1 
                      443 444 904 -1 
                      442 443 903 -1 
                      441 442 902 -1 
                      440 441 901 -1 
                      439 440 900 -1 
                      438 439 899 -1 
                      437 438 898 -1 
                      436 437 897 -1 
                      435 436 896 -1 
                      434 435 895 -1 
                      286 28 29 -1 
                      261 28 286 -1 
                      285 261 286 -1 
                      896 286 895 -1 
                      897 286 896 -1 
                      898 286 897 -1 
                      899 286 898 -1 
                      900 286 899 -1 
                      901 286 900 -1 
                      902 286 901 -1 
                      903 286 902 -1 
                      904 286 903 -1 
                      905 286 904 -1 
                      906 286 905 -1 
                      907 286 906 -1 
                      908 286 907 -1 
                      909 286 908 -1 
                      910 286 909 -1 
                      911 286 910 -1 
                      285 286 911 -1 
                      260 261 285 -1 
                      26 27 262 -1 
                      26 262 287 -1 
                      912 288 25 -1 
                      417 912 25 -1 
                      418 913 912 -1 
                      419 914 913 -1 
                      420 915 914 -1 
                      421 916 915 -1 
                      428 923 922 -1 
                      429 924 923 -1 
                      430 925 924 -1 
                      431 926 925 -1 
                      432 927 926 -1 
                      433 928 927 -1 
                      26 287 928 -1 
                      433 26 928 -1 
                      427 922 921 -1 
                      432 433 927 -1 
                      426 921 920 -1 
                      431 432 926 -1 
                      425 920 919 -1 
                      430 431 925 -1 
                      424 919 918 -1 
                      429 430 924 -1 
                      423 918 917 -1 
                      428 429 923 -1 
                      422 917 916 -1 
                      427 428 922 -1 
                      426 427 921 -1 
                      425 426 920 -1 
                      424 425 919 -1 
                      423 424 918 -1 
                      422 423 917 -1 
                      421 422 916 -1 
                      420 421 915 -1 
                      419 420 914 -1 
                      418 419 913 -1 
                      417 418 912 -1 
                      288 24 25 -1 
                      263 24 288 -1 
                      287 263 288 -1 
                      913 288 912 -1 
                      914 288 913 -1 
                      915 288 914 -1 
                      916 288 915 -1 
                      917 288 916 -1 
                      918 288 917 -1 
                      919 288 918 -1 
                      920 288 919 -1 
                      921 288 920 -1 
                      922 288 921 -1 
                      923 288 922 -1 
                      924 288 923 -1 
                      925 288 924 -1 
                      926 288 925 -1 
                      927 288 926 -1 
                      928 288 927 -1 
                      287 288 928 -1 
                      262 263 287 -1 
                      22 23 264 -1 
                      22 264 289 -1 
                      929 290 21 -1 
                      400 929 21 -1 
                      401 930 929 -1 
                      402 931 930 -1 
                      403 932 931 -1 
                      404 933 932 -1 
                      411 940 939 -1 
                      412 941 940 -1 
                      413 942 941 -1 
                      414 943 942 -1 
                      415 944 943 -1 
                      416 945 944 -1 
                      22 289 945 -1 
                      416 22 945 -1 
                      410 939 938 -1 
                      415 416 944 -1 
                      409 938 937 -1 
                      414 415 943 -1 
                      408 937 936 -1 
                      413 414 942 -1 
                      407 936 935 -1 
                      412 413 941 -1 
                      406 935 934 -1 
                      411 412 940 -1 
                      405 934 933 -1 
                      410 411 939 -1 
                      409 410 938 -1 
                      408 409 937 -1 
                      407 408 936 -1 
                      406 407 935 -1 
                      405 406 934 -1 
                      404 405 933 -1 
                      403 404 932 -1 
                      402 403 931 -1 
                      401 402 930 -1 
                      400 401 929 -1 
                      290 20 21 -1 
                      265 20 290 -1 
                      930 290 929 -1 
                      931 290 930 -1 
                      932 290 931 -1 
                      933 290 932 -1 
                      934 290 933 -1 
                      935 290 934 -1 
                      936 290 935 -1 
                      937 290 936 -1 
                      938 290 937 -1 
                      939 290 938 -1 
                      940 290 939 -1 
                      941 290 940 -1 
                      942 290 941 -1 
                      943 290 942 -1 
                      944 290 943 -1 
                      945 290 944 -1 
                      289 290 945 -1 
                      264 265 290 -1 
                      264 290 289 -1 
                      18 19 266 -1 
                      18 266 291 -1 
                      946 292 17 -1 
                      383 946 17 -1 
                      384 947 946 -1 
                      385 948 947 -1 
                      386 949 948 -1 
                      387 950 949 -1 
                      394 957 956 -1 
                      395 958 957 -1 
                      396 959 958 -1 
                      397 960 959 -1 
                      398 961 960 -1 
                      399 962 961 -1 
                      18 291 962 -1 
                      399 18 962 -1 
                      393 956 955 -1 
                      398 399 961 -1 
                      392 955 954 -1 
                      397 398 960 -1 
                      391 954 953 -1 
                      396 397 959 -1 
                      390 953 952 -1 
                      395 396 958 -1 
                      389 952 951 -1 
                      394 395 957 -1 
                      388 951 950 -1 
                      393 394 956 -1 
                      392 393 955 -1 
                      391 392 954 -1 
                      390 391 953 -1 
                      389 390 952 -1 
                      388 389 951 -1 
                      387 388 950 -1 
                      386 387 949 -1 
                      385 386 948 -1 
                      384 385 947 -1 
                      383 384 946 -1 
                      292 16 17 -1 
                      267 16 292 -1 
                      291 267 292 -1 
                      947 292 946 -1 
                      948 292 947 -1 
                      949 292 948 -1 
                      950 292 949 -1 
                      951 292 950 -1 
                      952 292 951 -1 
                      953 292 952 -1 
                      954 292 953 -1 
                      955 292 954 -1 
                      956 292 955 -1 
                      957 292 956 -1 
                      958 292 957 -1 
                      959 292 958 -1 
                      960 292 959 -1 
                      961 292 960 -1 
                      962 292 961 -1 
                      291 292 962 -1 
                      266 267 291 -1 
                      14 15 268 -1 
                      14 268 293 -1 
                      963 294 13 -1 
                      366 963 13 -1 
                      367 964 963 -1 
                      368 965 964 -1 
                      369 966 965 -1 
                      370 967 966 -1 
                      377 974 973 -1 
                      378 975 974 -1 
                      379 976 975 -1 
                      380 977 976 -1 
                      381 978 977 -1 
                      382 979 978 -1 
                      14 293 979 -1 
                      382 14 979 -1 
                      376 973 972 -1 
                      381 382 978 -1 
                      375 972 971 -1 
                      380 381 977 -1 
                      374 971 970 -1 
                      379 380 976 -1 
                      373 970 969 -1 
                      378 379 975 -1 
                      372 969 968 -1 
                      377 378 974 -1 
                      371 968 967 -1 
                      376 377 973 -1 
                      375 376 972 -1 
                      374 375 971 -1 
                      373 374 970 -1 
                      372 373 969 -1 
                      371 372 968 -1 
                      370 371 967 -1 
                      369 370 966 -1 
                      368 369 965 -1 
                      367 368 964 -1 
                      366 367 963 -1 
                      294 12 13 -1 
                      269 12 294 -1 
                      293 269 294 -1 
                      964 294 963 -1 
                      965 294 964 -1 
                      966 294 965 -1 
                      967 294 966 -1 
                      968 294 967 -1 
                      969 294 968 -1 
                      970 294 969 -1 
                      971 294 970 -1 
                      972 294 971 -1 
                      973 294 972 -1 
                      974 294 973 -1 
                      975 294 974 -1 
                      976 294 975 -1 
                      977 294 976 -1 
                      978 294 977 -1 
                      979 294 978 -1 
                      293 294 979 -1 
                      268 269 293 -1 
                      10 11 270 -1 
                      10 270 295 -1 
                      980 296 9 -1 
                      349 980 9 -1 
                      350 981 980 -1 
                      351 982 981 -1 
                      352 983 982 -1 
                      353 984 983 -1 
                      360 991 990 -1 
                      361 992 991 -1 
                      362 993 992 -1 
                      363 994 993 -1 
                      364 995 994 -1 
                      365 996 995 -1 
                      10 295 996 -1 
                      365 10 996 -1 
                      359 990 989 -1 
                      364 365 995 -1 
                      358 989 988 -1 
                      363 364 994 -1 
                      357 988 987 -1 
                      362 363 993 -1 
                      356 987 986 -1 
                      361 362 992 -1 
                      355 986 985 -1 
                      360 361 991 -1 
                      354 985 984 -1 
                      359 360 990 -1 
                      358 359 989 -1 
                      357 358 988 -1 
                      356 357 987 -1 
                      355 356 986 -1 
                      354 355 985 -1 
                      353 354 984 -1 
                      352 353 983 -1 
                      351 352 982 -1 
                      350 351 981 -1 
                      349 350 980 -1 
                      296 8 9 -1 
                      271 8 296 -1 
                      295 271 296 -1 
                      981 296 980 -1 
                      982 296 981 -1 
                      983 296 982 -1 
                      984 296 983 -1 
                      985 296 984 -1 
                      986 296 985 -1 
                      987 296 986 -1 
                      988 296 987 -1 
                      989 296 988 -1 
                      990 296 989 -1 
                      991 296 990 -1 
                      992 296 991 -1 
                      993 296 992 -1 
                      994 296 993 -1 
                      995 296 994 -1 
                      996 296 995 -1 
                      295 296 996 -1 
                      270 271 295 -1 
                      6 7 272 -1 
                      6 272 297 -1 
                      348 6 297 -1 
                      999 348 297 -1 
                      998 347 348 -1 
                      997 346 347 -1 
                      298 5 346 -1 
                      997 298 346 -1 
                      998 997 347 -1 
                      999 998 348 -1 
                      299 5 298 -1 
                      4 5 299 -1 
                      299 3 4 -1 
                      273 3 299 -1 
                      272 273 299 -1 
                      297 299 298 -1 
                      998 298 997 -1 
                      999 298 998 -1 
                      297 298 999 -1 
                      272 299 297 -1 
                      175 232 204 -1 
                      176 232 175 -1 
                      300 274 275 -1 
                      300 301 178 -1 
                      300 275 301 -1 
                      300 178 177 -1 
                      302 277 274 -1 
                      300 302 274 -1 
                      302 276 277 -1 
                      302 180 303 -1 
                      302 303 276 -1 
                      302 179 180 -1 
                      301 275 276 -1 
                      303 301 276 -1 
                      303 180 178 -1 
                      301 303 178 -1 
                      300 177 179 -1 
                      302 300 179 -1 
                      304 279 305 -1 
                      248 305 247 -1 
                      279 278 305 -1 
                      304 305 248 -1 
                      306 281 279 -1 
                      304 306 279 -1 
                      249 307 306 -1 
                      307 280 281 -1 
                      306 307 281 -1 
                      249 250 307 -1 
                      305 278 280 -1 
                      307 305 280 -1 
                      307 250 247 -1 
                      305 307 247 -1 
                      304 248 249 -1 
                      306 304 249 -1 
                      308 70 233 -1 
                      71 233 70 -1 
                      309 70 308 -1 
                      69 70 309 -1 
                      1000 310 68 -1 
                      559 1000 68 -1 
                      561 69 1002 -1 
                      561 1002 1001 -1 
                      69 309 1002 -1 
                      560 1001 1000 -1 
                      560 561 1001 -1 
                      559 560 1000 -1 
                      310 67 68 -1 
                      234 67 310 -1 
                      308 234 310 -1 
                      1001 310 1000 -1 
                      1002 310 1001 -1 
                      309 310 1002 -1 
                      308 233 234 -1 
                      308 310 309 -1 
                      65 66 235 -1 
                      65 235 311 -1 
                      1003 312 64 -1 
                      542 1003 64 -1 
                      543 1004 1003 -1 
                      544 1005 1004 -1 
                      545 1006 1005 -1 
                      546 1007 1006 -1 
                      547 1008 1007 -1 
                      548 1009 1008 -1 
                      552 1013 1012 -1 
                      553 1014 1013 -1 
                      554 1015 1014 -1 
                      555 1016 1015 -1 
                      556 1017 1016 -1 
                      557 1018 1017 -1 
                      558 1019 1018 -1 
                      65 311 1019 -1 
                      551 1012 1011 -1 
                      558 65 1019 -1 
                      557 558 1018 -1 
                      550 1011 1010 -1 
                      556 557 1017 -1 
                      549 1010 1009 -1 
                      555 556 1016 -1 
                      554 555 1015 -1 
                      553 554 1014 -1 
                      552 553 1013 -1 
                      551 552 1012 -1 
                      550 551 1011 -1 
                      549 550 1010 -1 
                      548 549 1009 -1 
                      547 548 1008 -1 
                      546 547 1007 -1 
                      545 546 1006 -1 
                      544 545 1005 -1 
                      543 544 1004 -1 
                      542 543 1003 -1 
                      312 63 64 -1 
                      236 63 312 -1 
                      311 236 312 -1 
                      1004 312 1003 -1 
                      1005 312 1004 -1 
                      1006 312 1005 -1 
                      1007 312 1006 -1 
                      1008 312 1007 -1 
                      1009 312 1008 -1 
                      1010 312 1009 -1 
                      1011 312 1010 -1 
                      1012 312 1011 -1 
                      1013 312 1012 -1 
                      1014 312 1013 -1 
                      1015 312 1014 -1 
                      1016 312 1015 -1 
                      1017 312 1016 -1 
                      1018 312 1017 -1 
                      1019 312 1018 -1 
                      311 235 236 -1 
                      311 312 1019 -1 
                      61 62 237 -1 
                      61 237 313 -1 
                      1020 314 60 -1 
                      525 1020 60 -1 
                      526 1021 1020 -1 
                      527 1022 1021 -1 
                      528 1023 1022 -1 
                      529 1024 1023 -1 
                      530 1025 1024 -1 
                      531 1026 1025 -1 
                      535 1030 1029 -1 
                      536 1031 1030 -1 
                      537 1032 1031 -1 
                      538 1033 1032 -1 
                      539 1034 1033 -1 
                      540 1035 1034 -1 
                      541 1036 1035 -1 
                      61 313 1036 -1 
                      534 1029 1028 -1 
                      541 61 1036 -1 
                      540 541 1035 -1 
                      533 1028 1027 -1 
                      539 540 1034 -1 
                      532 1027 1026 -1 
                      538 539 1033 -1 
                      537 538 1032 -1 
                      536 537 1031 -1 
                      535 536 1030 -1 
                      534 535 1029 -1 
                      533 534 1028 -1 
                      532 533 1027 -1 
                      531 532 1026 -1 
                      530 531 1025 -1 
                      529 530 1024 -1 
                      528 529 1023 -1 
                      527 528 1022 -1 
                      526 527 1021 -1 
                      525 526 1020 -1 
                      314 59 60 -1 
                      238 59 314 -1 
                      313 238 314 -1 
                      1021 314 1020 -1 
                      1022 314 1021 -1 
                      1023 314 1022 -1 
                      1024 314 1023 -1 
                      1025 314 1024 -1 
                      1026 314 1025 -1 
                      1027 314 1026 -1 
                      1028 314 1027 -1 
                      1029 314 1028 -1 
                      1030 314 1029 -1 
                      1031 314 1030 -1 
                      1032 314 1031 -1 
                      1033 314 1032 -1 
                      1034 314 1033 -1 
                      1035 314 1034 -1 
                      1036 314 1035 -1 
                      313 237 238 -1 
                      313 314 1036 -1 
                      57 58 239 -1 
                      57 239 315 -1 
                      1037 316 56 -1 
                      508 1037 56 -1 
                      509 1038 1037 -1 
                      510 1039 1038 -1 
                      511 1040 1039 -1 
                      512 1041 1040 -1 
                      513 1042 1041 -1 
                      514 1043 1042 -1 
                      518 1047 1046 -1 
                      519 1048 1047 -1 
                      520 1049 1048 -1 
                      521 1050 1049 -1 
                      522 1051 1050 -1 
                      523 1052 1051 -1 
                      524 1053 1052 -1 
                      57 315 1053 -1 
                      517 1046 1045 -1 
                      524 57 1053 -1 
                      523 524 1052 -1 
                      516 1045 1044 -1 
                      522 523 1051 -1 
                      515 1044 1043 -1 
                      521 522 1050 -1 
                      520 521 1049 -1 
                      519 520 1048 -1 
                      518 519 1047 -1 
                      517 518 1046 -1 
                      516 517 1045 -1 
                      515 516 1044 -1 
                      514 515 1043 -1 
                      513 514 1042 -1 
                      512 513 1041 -1 
                      511 512 1040 -1 
                      510 511 1039 -1 
                      509 510 1038 -1 
                      508 509 1037 -1 
                      316 55 56 -1 
                      240 55 316 -1 
                      315 240 316 -1 
                      1038 316 1037 -1 
                      1039 316 1038 -1 
                      1040 316 1039 -1 
                      1041 316 1040 -1 
                      1042 316 1041 -1 
                      1043 316 1042 -1 
                      1044 316 1043 -1 
                      1045 316 1044 -1 
                      1046 316 1045 -1 
                      1047 316 1046 -1 
                      1048 316 1047 -1 
                      1049 316 1048 -1 
                      1050 316 1049 -1 
                      1051 316 1050 -1 
                      1052 316 1051 -1 
                      1053 316 1052 -1 
                      315 316 1053 -1 
                      239 240 315 -1 
                      53 54 241 -1 
                      53 241 317 -1 
                      1054 318 52 -1 
                      491 1054 52 -1 
                      492 1055 1054 -1 
                      493 1056 1055 -1 
                      494 1057 1056 -1 
                      495 1058 1057 -1 
                      496 1059 1058 -1 
                      497 1060 1059 -1 
                      501 1064 1063 -1 
                      502 1065 1064 -1 
                      503 1066 1065 -1 
                      504 1067 1066 -1 
                      505 1068 1067 -1 
                      506 1069 1068 -1 
                      507 1070 1069 -1 
                      53 317 1070 -1 
                      500 1063 1062 -1 
                      507 53 1070 -1 
                      506 507 1069 -1 
                      499 1062 1061 -1 
                      505 506 1068 -1 
                      498 1061 1060 -1 
                      504 505 1067 -1 
                      503 504 1066 -1 
                      502 503 1065 -1 
                      501 502 1064 -1 
                      500 501 1063 -1 
                      499 500 1062 -1 
                      498 499 1061 -1 
                      497 498 1060 -1 
                      496 497 1059 -1 
                      495 496 1058 -1 
                      494 495 1057 -1 
                      493 494 1056 -1 
                      492 493 1055 -1 
                      491 492 1054 -1 
                      318 51 52 -1 
                      242 51 318 -1 
                      317 242 318 -1 
                      1055 318 1054 -1 
                      1056 318 1055 -1 
                      1057 318 1056 -1 
                      1058 318 1057 -1 
                      1059 318 1058 -1 
                      1060 318 1059 -1 
                      1061 318 1060 -1 
                      1062 318 1061 -1 
                      1063 318 1062 -1 
                      1064 318 1063 -1 
                      1065 318 1064 -1 
                      1066 318 1065 -1 
                      1067 318 1066 -1 
                      1068 318 1067 -1 
                      1069 318 1068 -1 
                      1070 318 1069 -1 
                      317 318 1070 -1 
                      241 242 317 -1 
                      49 50 243 -1 
                      49 243 319 -1 
                      1071 320 48 -1 
                      474 1071 48 -1 
                      475 1072 1071 -1 
                      476 1073 1072 -1 
                      477 1074 1073 -1 
                      478 1075 1074 -1 
                      479 1076 1075 -1 
                      480 1077 1076 -1 
                      484 1081 1080 -1 
                      485 1082 1081 -1 
                      486 1083 1082 -1 
                      487 1084 1083 -1 
                      488 1085 1084 -1 
                      489 1086 1085 -1 
                      490 1087 1086 -1 
                      49 319 1087 -1 
                      483 1080 1079 -1 
                      490 49 1087 -1 
                      489 490 1086 -1 
                      482 1079 1078 -1 
                      488 489 1085 -1 
                      481 1078 1077 -1 
                      487 488 1084 -1 
                      486 487 1083 -1 
                      485 486 1082 -1 
                      484 485 1081 -1 
                      483 484 1080 -1 
                      482 483 1079 -1 
                      481 482 1078 -1 
                      480 481 1077 -1 
                      479 480 1076 -1 
                      478 479 1075 -1 
                      477 478 1074 -1 
                      476 477 1073 -1 
                      475 476 1072 -1 
                      474 475 1071 -1 
                      320 47 48 -1 
                      244 47 320 -1 
                      319 244 320 -1 
                      1072 320 1071 -1 
                      1073 320 1072 -1 
                      1074 320 1073 -1 
                      1075 320 1074 -1 
                      1076 320 1075 -1 
                      1077 320 1076 -1 
                      1078 320 1077 -1 
                      1079 320 1078 -1 
                      1080 320 1079 -1 
                      1081 320 1080 -1 
                      1082 320 1081 -1 
                      1083 320 1082 -1 
                      1084 320 1083 -1 
                      1085 320 1084 -1 
                      1086 320 1085 -1 
                      1087 320 1086 -1 
                      319 320 1087 -1 
                      243 244 319 -1 
                      45 46 245 -1 
                      45 245 321 -1 
                      1088 322 44 -1 
                      457 1088 44 -1 
                      458 1089 1088 -1 
                      459 1090 1089 -1 
                      460 1091 1090 -1 
                      461 1092 1091 -1 
                      462 1093 1092 -1 
                      463 1094 1093 -1 
                      467 1098 1097 -1 
                      468 1099 1098 -1 
                      469 1100 1099 -1 
                      470 1101 1100 -1 
                      471 1102 1101 -1 
                      472 1103 1102 -1 
                      473 1104 1103 -1 
                      45 321 1104 -1 
                      466 1097 1096 -1 
                      473 45 1104 -1 
                      472 473 1103 -1 
                      465 1096 1095 -1 
                      471 472 1102 -1 
                      464 1095 1094 -1 
                      470 471 1101 -1 
                      469 470 1100 -1 
                      468 469 1099 -1 
                      467 468 1098 -1 
                      466 467 1097 -1 
                      465 466 1096 -1 
                      464 465 1095 -1 
                      463 464 1094 -1 
                      462 463 1093 -1 
                      461 462 1092 -1 
                      460 461 1091 -1 
                      459 460 1090 -1 
                      458 459 1089 -1 
                      457 458 1088 -1 
                      322 43 44 -1 
                      246 43 322 -1 
                      321 246 322 -1 
                      1089 322 1088 -1 
                      1090 322 1089 -1 
                      1091 322 1090 -1 
                      1092 322 1091 -1 
                      1093 322 1092 -1 
                      1094 322 1093 -1 
                      1095 322 1094 -1 
                      1096 322 1095 -1 
                      1097 322 1096 -1 
                      1098 322 1097 -1 
                      1099 322 1098 -1 
                      1100 322 1099 -1 
                      1101 322 1100 -1 
                      1102 322 1101 -1 
                      1103 322 1102 -1 
                      1104 322 1103 -1 
                      321 322 1104 -1 
                      245 246 321 -1 
                      323 252 324 -1 
                      220 324 219 -1 
                      252 251 324 -1 
                      323 324 220 -1 
                      325 254 252 -1 
                      323 325 252 -1 
                      221 326 325 -1 
                      326 253 254 -1 
                      325 326 254 -1 
                      221 222 326 -1 
                      324 251 253 -1 
                      326 324 253 -1 
                      326 222 219 -1 
                      324 326 219 -1 
                      323 220 221 -1 
                      325 323 221 -1 
                      105 106 205 -1 
                      327 105 205 -1 
                      328 105 327 -1 
                      104 105 328 -1 
                      1107 329 103 -1 
                      669 1107 103 -1 
                      668 1106 1107 -1 
                      667 1105 1106 -1 
                      104 328 1105 -1 
                      667 104 1105 -1 
                      668 667 1106 -1 
                      669 668 1107 -1 
                      329 206 102 -1 
                      103 329 102 -1 
                      327 205 206 -1 
                      329 327 206 -1 
                      329 328 327 -1 
                      1106 1105 328 -1 
                      1107 1106 328 -1 
                      329 1107 328 -1 
                      100 101 207 -1 
                      330 100 207 -1 
                      650 100 330 -1 
                      1108 650 330 -1 
                      1109 651 650 -1 
                      1110 652 651 -1 
                      1111 653 652 -1 
                      1112 654 653 -1 
                      1119 661 660 -1 
                      1120 662 661 -1 
                      1121 663 662 -1 
                      1122 664 663 -1 
                      1123 665 664 -1 
                      1124 666 665 -1 
                      331 99 666 -1 
                      1124 331 666 -1 
                      1118 660 659 -1 
                      1123 1124 665 -1 
                      1117 659 658 -1 
                      1122 1123 664 -1 
                      1116 658 657 -1 
                      1121 1122 663 -1 
                      1115 657 656 -1 
                      1120 1121 662 -1 
                      1114 656 655 -1 
                      1119 1120 661 -1 
                      1113 655 654 -1 
                      1118 1119 660 -1 
                      1117 1118 659 -1 
                      1116 1117 658 -1 
                      1115 1116 657 -1 
                      1114 1115 656 -1 
                      1113 1114 655 -1 
                      1112 1113 654 -1 
                      1111 1112 653 -1 
                      1110 1111 652 -1 
                      1109 1110 651 -1 
                      1108 1109 650 -1 
                      331 208 98 -1 
                      99 331 98 -1 
                      330 207 208 -1 
                      331 330 208 -1 
                      1109 1108 330 -1 
                      1110 1109 330 -1 
                      1111 1110 330 -1 
                      1112 1111 330 -1 
                      1113 1112 330 -1 
                      1114 1113 330 -1 
                      1115 1114 330 -1 
                      1116 1115 330 -1 
                      1117 1116 330 -1 
                      1118 1117 330 -1 
                      1119 1118 330 -1 
                      1120 1119 330 -1 
                      1121 1120 330 -1 
                      1122 1121 330 -1 
                      1123 1122 330 -1 
                      1124 1123 330 -1 
                      331 1124 330 -1 
                      96 97 209 -1 
                      332 96 209 -1 
                      633 96 332 -1 
                      1125 633 332 -1 
                      1126 634 633 -1 
                      1127 635 634 -1 
                      1128 636 635 -1 
                      1129 637 636 -1 
                      1136 644 643 -1 
                      1137 645 644 -1 
                      1138 646 645 -1 
                      1139 647 646 -1 
                      1140 648 647 -1 
                      1141 649 648 -1 
                      333 95 649 -1 
                      1141 333 649 -1 
                      1135 643 642 -1 
                      1140 1141 648 -1 
                      1134 642 641 -1 
                      1139 1140 647 -1 
                      1133 641 640 -1 
                      1138 1139 646 -1 
                      1132 640 639 -1 
                      1137 1138 645 -1 
                      1131 639 638 -1 
                      1136 1137 644 -1 
                      1130 638 637 -1 
                      1135 1136 643 -1 
                      1134 1135 642 -1 
                      1133 1134 641 -1 
                      1132 1133 640 -1 
                      1131 1132 639 -1 
                      1130 1131 638 -1 
                      1129 1130 637 -1 
                      1128 1129 636 -1 
                      1127 1128 635 -1 
                      1126 1127 634 -1 
                      1125 1126 633 -1 
                      333 210 94 -1 
                      95 333 94 -1 
                      332 209 210 -1 
                      333 332 210 -1 
                      1126 1125 332 -1 
                      1127 1126 332 -1 
                      1128 1127 332 -1 
                      1129 1128 332 -1 
                      1130 1129 332 -1 
                      1131 1130 332 -1 
                      1132 1131 332 -1 
                      1133 1132 332 -1 
                      1134 1133 332 -1 
                      1135 1134 332 -1 
                      1136 1135 332 -1 
                      1137 1136 332 -1 
                      1138 1137 332 -1 
                      1139 1138 332 -1 
                      1140 1139 332 -1 
                      1141 1140 332 -1 
                      333 1141 332 -1 
                      92 93 211 -1 
                      334 92 211 -1 
                      616 92 334 -1 
                      1142 616 334 -1 
                      1143 617 616 -1 
                      1144 618 617 -1 
                      1145 619 618 -1 
                      1146 620 619 -1 
                      1153 627 626 -1 
                      1154 628 627 -1 
                      1155 629 628 -1 
                      1156 630 629 -1 
                      1157 631 630 -1 
                      1158 632 631 -1 
                      335 91 632 -1 
                      1158 335 632 -1 
                      1152 626 625 -1 
                      1157 1158 631 -1 
                      1151 625 624 -1 
                      1156 1157 630 -1 
                      1150 624 623 -1 
                      1155 1156 629 -1 
                      1149 623 622 -1 
                      1154 1155 628 -1 
                      1148 622 621 -1 
                      1153 1154 627 -1 
                      1147 621 620 -1 
                      1152 1153 626 -1 
                      1151 1152 625 -1 
                      1150 1151 624 -1 
                      1149 1150 623 -1 
                      1148 1149 622 -1 
                      1147 1148 621 -1 
                      1146 1147 620 -1 
                      1145 1146 619 -1 
                      1144 1145 618 -1 
                      1143 1144 617 -1 
                      1142 1143 616 -1 
                      335 212 90 -1 
                      91 335 90 -1 
                      334 211 212 -1 
                      335 334 212 -1 
                      1143 1142 334 -1 
                      1144 1143 334 -1 
                      1145 1144 334 -1 
                      1146 1145 334 -1 
                      1147 1146 334 -1 
                      1148 1147 334 -1 
                      1149 1148 334 -1 
                      1150 1149 334 -1 
                      1151 1150 334 -1 
                      1152 1151 334 -1 
                      1153 1152 334 -1 
                      1154 1153 334 -1 
                      1155 1154 334 -1 
                      1156 1155 334 -1 
                      1157 1156 334 -1 
                      1158 1157 334 -1 
                      335 1158 334 -1 
                      88 89 213 -1 
                      336 88 213 -1 
                      599 88 336 -1 
                      1159 599 336 -1 
                      1160 600 599 -1 
                      1161 601 600 -1 
                      1162 602 601 -1 
                      1163 603 602 -1 
                      1170 610 609 -1 
                      1171 611 610 -1 
                      1172 612 611 -1 
                      1173 613 612 -1 
                      1174 614 613 -1 
                      1175 615 614 -1 
                      337 87 615 -1 
                      1175 337 615 -1 
                      1169 609 608 -1 
                      1174 1175 614 -1 
                      1168 608 607 -1 
                      1173 1174 613 -1 
                      1167 607 606 -1 
                      1172 1173 612 -1 
                      1166 606 605 -1 
                      1171 1172 611 -1 
                      1165 605 604 -1 
                      1170 1171 610 -1 
                      1164 604 603 -1 
                      1169 1170 609 -1 
                      1168 1169 608 -1 
                      1167 1168 607 -1 
                      1166 1167 606 -1 
                      1165 1166 605 -1 
                      1164 1165 604 -1 
                      1163 1164 603 -1 
                      1162 1163 602 -1 
                      1161 1162 601 -1 
                      1160 1161 600 -1 
                      1159 1160 599 -1 
                      337 214 86 -1 
                      87 337 86 -1 
                      337 336 213 -1 
                      1160 1159 336 -1 
                      1161 1160 336 -1 
                      1162 1161 336 -1 
                      1163 1162 336 -1 
                      1164 1163 336 -1 
                      1165 1164 336 -1 
                      1166 1165 336 -1 
                      1167 1166 336 -1 
                      1168 1167 336 -1 
                      1169 1168 336 -1 
                      1170 1169 336 -1 
                      1171 1170 336 -1 
                      1172 1171 336 -1 
                      1173 1172 336 -1 
                      1174 1173 336 -1 
                      1175 1174 336 -1 
                      337 1175 336 -1 
                      214 337 213 -1 
                      84 85 215 -1 
                      338 84 215 -1 
                      582 84 338 -1 
                      1176 582 338 -1 
                      1177 583 582 -1 
                      1178 584 583 -1 
                      1179 585 584 -1 
                      1180 586 585 -1 
                      1187 593 592 -1 
                      1188 594 593 -1 
                      1189 595 594 -1 
                      1190 596 595 -1 
                      1191 597 596 -1 
                      1192 598 597 -1 
                      339 83 598 -1 
                      1192 339 598 -1 
                      1186 592 591 -1 
                      1191 1192 597 -1 
                      1185 591 590 -1 
                      1190 1191 596 -1 
                      1184 590 589 -1 
                      1189 1190 595 -1 
                      1183 589 588 -1 
                      1188 1189 594 -1 
                      1182 588 587 -1 
                      1187 1188 593 -1 
                      1181 587 586 -1 
                      1186 1187 592 -1 
                      1185 1186 591 -1 
                      1184 1185 590 -1 
                      1183 1184 589 -1 
                      1182 1183 588 -1 
                      1181 1182 587 -1 
                      1180 1181 586 -1 
                      1179 1180 585 -1 
                      1178 1179 584 -1 
                      1177 1178 583 -1 
                      1176 1177 582 -1 
                      339 216 82 -1 
                      83 339 82 -1 
                      338 215 216 -1 
                      339 338 216 -1 
                      1177 1176 338 -1 
                      1178 1177 338 -1 
                      1179 1178 338 -1 
                      1180 1179 338 -1 
                      1181 1180 338 -1 
                      1182 1181 338 -1 
                      1183 1182 338 -1 
                      1184 1183 338 -1 
                      1185 1184 338 -1 
                      1186 1185 338 -1 
                      1187 1186 338 -1 
                      1188 1187 338 -1 
                      1189 1188 338 -1 
                      1190 1189 338 -1 
                      1191 1190 338 -1 
                      1192 1191 338 -1 
                      339 1192 338 -1 
                      80 81 217 -1 
                      340 80 217 -1 
                      565 80 340 -1 
                      1193 565 340 -1 
                      1194 566 565 -1 
                      1195 567 566 -1 
                      1196 568 567 -1 
                      1197 569 568 -1 
                      1204 576 575 -1 
                      1205 577 576 -1 
                      1206 578 577 -1 
                      1207 579 578 -1 
                      1208 580 579 -1 
                      1209 581 580 -1 
                      341 79 581 -1 
                      1209 341 581 -1 
                      1203 575 574 -1 
                      1208 1209 580 -1 
                      1202 574 573 -1 
                      1207 1208 579 -1 
                      1201 573 572 -1 
                      1206 1207 578 -1 
                      1200 572 571 -1 
                      1205 1206 577 -1 
                      1199 571 570 -1 
                      1204 1205 576 -1 
                      1198 570 569 -1 
                      1203 1204 575 -1 
                      1202 1203 574 -1 
                      1201 1202 573 -1 
                      1200 1201 572 -1 
                      1199 1200 571 -1 
                      1198 1199 570 -1 
                      1197 1198 569 -1 
                      1196 1197 568 -1 
                      1195 1196 567 -1 
                      1194 1195 566 -1 
                      1193 1194 565 -1 
                      341 218 78 -1 
                      79 341 78 -1 
                      340 217 218 -1 
                      341 340 218 -1 
                      1194 1193 340 -1 
                      1195 1194 340 -1 
                      1196 1195 340 -1 
                      1197 1196 340 -1 
                      1198 1197 340 -1 
                      1199 1198 340 -1 
                      1200 1199 340 -1 
                      1201 1200 340 -1 
                      1202 1201 340 -1 
                      1203 1202 340 -1 
                      1204 1203 340 -1 
                      1205 1204 340 -1 
                      1206 1205 340 -1 
                      1207 1206 340 -1 
                      1208 1207 340 -1 
                      1209 1208 340 -1 
                      341 1209 340 -1 
                      342 224 343 -1 
                      182 343 181 -1 
                      224 223 343 -1 
                      342 343 182 -1 
                      344 226 224 -1 
                      342 344 224 -1 
                      183 345 344 -1 
                      345 225 226 -1 
                      344 345 226 -1 
                      183 184 345 -1 
                      343 223 225 -1 
                      345 343 225 -1 
                      345 184 181 -1 
                      343 345 181 -1 
                      342 182 183 -1 
                      344 342 183 -1 
                    ]
                    normalIndex [
                      177 176 172 -1 
                      1 0 2 -1 
                      4 2 0 -1 
                      4 0 5 -1 
                      4 3 2 -1 
                      6 5 15 -1 
                      11 9 12 -1 
                      14 7 6 -1 
                      13 8 7 -1 
                      12 9 8 -1 
                      11 10 9 -1 
                      13 12 8 -1 
                      14 13 7 -1 
                      15 14 6 -1 
                      16 15 5 -1 
                      17 16 5 -1 
                      18 17 5 -1 
                      558 18 5 -1 
                      39 24 23 -1 
                      26 25 37 -1 
                      27 26 36 -1 
                      32 30 33 -1 
                      35 28 27 -1 
                      34 29 28 -1 
                      33 30 29 -1 
                      32 31 30 -1 
                      38 25 24 -1 
                      34 33 29 -1 
                      21 576 22 -1 
                      35 34 28 -1 
                      36 35 27 -1 
                      37 36 26 -1 
                      38 37 25 -1 
                      39 38 24 -1 
                      40 39 23 -1 
                      22 576 23 -1 
                      60 45 44 -1 
                      47 46 58 -1 
                      48 47 57 -1 
                      53 51 54 -1 
                      56 49 48 -1 
                      55 50 49 -1 
                      54 51 50 -1 
                      53 52 51 -1 
                      59 46 45 -1 
                      55 54 50 -1 
                      576 44 43 -1 
                      56 55 49 -1 
                      57 56 48 -1 
                      58 57 47 -1 
                      59 58 46 -1 
                      60 59 45 -1 
                      61 60 44 -1 
                      576 61 44 -1 
                      62 61 576 -1 
                      81 66 65 -1 
                      68 67 79 -1 
                      69 68 78 -1 
                      74 72 75 -1 
                      77 70 69 -1 
                      76 71 70 -1 
                      75 72 71 -1 
                      74 73 72 -1 
                      80 67 66 -1 
                      576 65 64 -1 
                      76 75 71 -1 
                      77 76 70 -1 
                      78 77 69 -1 
                      79 78 68 -1 
                      80 79 67 -1 
                      81 80 66 -1 
                      82 81 65 -1 
                      576 82 65 -1 
                      576 64 63 -1 
                      82 576 83 -1 
                      83 576 84 -1 
                      102 87 86 -1 
                      101 88 87 -1 
                      90 89 99 -1 
                      95 93 96 -1 
                      98 91 90 -1 
                      97 92 91 -1 
                      96 93 92 -1 
                      95 94 93 -1 
                      100 89 88 -1 
                      575 86 85 -1 
                      97 96 92 -1 
                      98 97 91 -1 
                      99 98 90 -1 
                      100 99 89 -1 
                      101 100 88 -1 
                      102 101 87 -1 
                      103 102 86 -1 
                      575 103 86 -1 
                      84 575 85 -1 
                      575 106 105 -1 
                      123 108 107 -1 
                      122 109 108 -1 
                      111 110 120 -1 
                      116 114 117 -1 
                      119 112 111 -1 
                      118 113 112 -1 
                      117 114 113 -1 
                      116 115 114 -1 
                      121 110 109 -1 
                      575 107 106 -1 
                      118 117 113 -1 
                      119 118 112 -1 
                      120 119 111 -1 
                      121 120 110 -1 
                      122 121 109 -1 
                      123 122 108 -1 
                      124 123 107 -1 
                      575 124 107 -1 
                      575 125 124 -1 
                      575 126 125 -1 
                      575 127 126 -1 
                      161 129 128 -1 
                      142 130 129 -1 
                      132 131 142 -1 
                      137 135 138 -1 
                      141 133 132 -1 
                      140 134 133 -1 
                      139 135 134 -1 
                      137 136 135 -1 
                      142 131 130 -1 
                      162 128 127 -1 
                      139 138 135 -1 
                      140 139 134 -1 
                      141 140 133 -1 
                      142 141 132 -1 
                      144 143 145 -1 
                      147 143 142 -1 
                      148 142 129 -1 
                      147 145 143 -1 
                      147 146 145 -1 
                      575 105 104 -1 
                      148 147 142 -1 
                      161 148 129 -1 
                      158 149 148 -1 
                      157 150 149 -1 
                      156 151 150 -1 
                      155 152 151 -1 
                      154 153 152 -1 
                      155 154 152 -1 
                      156 155 151 -1 
                      157 156 150 -1 
                      158 157 149 -1 
                      159 158 148 -1 
                      160 159 148 -1 
                      161 160 148 -1 
                      162 161 128 -1 
                      163 162 127 -1 
                      575 163 127 -1 
                      575 164 163 -1 
                      575 165 164 -1 
                      575 166 165 -1 
                      182 167 166 -1 
                      181 168 167 -1 
                      180 169 168 -1 
                      179 170 169 -1 
                      178 171 170 -1 
                      177 172 171 -1 
                      176 173 172 -1 
                      175 174 173 -1 
                      176 175 173 -1 
                      178 177 171 -1 
                      179 178 170 -1 
                      180 179 169 -1 
                      181 180 168 -1 
                      182 181 167 -1 
                      183 182 166 -1 
                      575 183 166 -1 
                      575 184 183 -1 
                      575 185 184 -1 
                      575 104 103 -1 
                      575 187 186 -1 
                      203 188 187 -1 
                      202 189 188 -1 
                      201 190 189 -1 
                      200 191 190 -1 
                      199 192 191 -1 
                      198 193 192 -1 
                      197 194 193 -1 
                      196 195 194 -1 
                      197 196 194 -1 
                      198 197 193 -1 
                      199 198 192 -1 
                      200 199 191 -1 
                      201 200 190 -1 
                      202 201 189 -1 
                      203 202 188 -1 
                      204 203 187 -1 
                      575 204 187 -1 
                      575 574 207 -1 
                      204 575 205 -1 
                      205 575 206 -1 
                      225 208 207 -1 
                      224 209 208 -1 
                      223 210 209 -1 
                      222 211 210 -1 
                      220 213 212 -1 
                      219 214 213 -1 
                      218 215 214 -1 
                      217 216 215 -1 
                      221 212 211 -1 
                      218 217 215 -1 
                      219 218 214 -1 
                      220 219 213 -1 
                      221 220 212 -1 
                      222 221 211 -1 
                      223 222 210 -1 
                      224 223 209 -1 
                      225 224 208 -1 
                      226 225 207 -1 
                      206 575 207 -1 
                      574 229 228 -1 
                      245 230 229 -1 
                      244 231 230 -1 
                      243 232 231 -1 
                      241 234 233 -1 
                      240 235 234 -1 
                      239 236 235 -1 
                      238 237 236 -1 
                      242 233 232 -1 
                      239 238 236 -1 
                      240 239 235 -1 
                      241 240 234 -1 
                      242 241 233 -1 
                      243 242 232 -1 
                      244 243 231 -1 
                      245 244 230 -1 
                      246 245 229 -1 
                      574 246 229 -1 
                      227 574 228 -1 
                      574 248 247 -1 
                      574 249 248 -1 
                      574 250 249 -1 
                      266 251 250 -1 
                      265 252 251 -1 
                      264 253 252 -1 
                      262 255 254 -1 
                      261 256 255 -1 
                      260 257 256 -1 
                      259 258 257 -1 
                      263 254 253 -1 
                      260 259 257 -1 
                      261 260 256 -1 
                      262 261 255 -1 
                      263 262 254 -1 
                      264 263 253 -1 
                      265 264 252 -1 
                      266 265 251 -1 
                      267 266 250 -1 
                      574 267 250 -1 
                      574 268 267 -1 
                      574 270 269 -1 
                      305 271 270 -1 
                      304 272 271 -1 
                      285 273 272 -1 
                      285 274 273 -1 
                      284 276 275 -1 
                      283 277 276 -1 
                      282 278 277 -1 
                      280 279 278 -1 
                      285 275 274 -1 
                      281 280 278 -1 
                      282 281 278 -1 
                      283 282 277 -1 
                      284 283 276 -1 
                      285 284 275 -1 
                      291 285 272 -1 
                      290 286 285 -1 
                      288 287 286 -1 
                      290 288 286 -1 
                      574 269 268 -1 
                      290 289 288 -1 
                      291 290 285 -1 
                      304 291 272 -1 
                      300 293 292 -1 
                      295 294 298 -1 
                      299 294 293 -1 
                      297 296 295 -1 
                      301 292 291 -1 
                      298 297 295 -1 
                      299 298 294 -1 
                      300 299 293 -1 
                      301 300 292 -1 
                      322 321 313 -1 
                      302 301 291 -1 
                      303 302 291 -1 
                      304 303 291 -1 
                      305 304 271 -1 
                      306 305 270 -1 
                      574 306 270 -1 
                      574 307 306 -1 
                      574 308 307 -1 
                      574 309 308 -1 
                      325 310 309 -1 
                      324 311 310 -1 
                      323 312 311 -1 
                      321 314 313 -1 
                      316 315 319 -1 
                      320 315 314 -1 
                      318 317 316 -1 
                      322 313 312 -1 
                      319 318 316 -1 
                      320 319 315 -1 
                      207 574 226 -1 
                      321 320 314 -1 
                      343 342 334 -1 
                      323 322 312 -1 
                      324 323 311 -1 
                      325 324 310 -1 
                      326 325 309 -1 
                      574 326 309 -1 
                      574 327 326 -1 
                      574 328 327 -1 
                      574 247 246 -1 
                      346 331 330 -1 
                      345 332 331 -1 
                      344 333 332 -1 
                      342 335 334 -1 
                      337 336 340 -1 
                      341 336 335 -1 
                      339 338 337 -1 
                      343 334 333 -1 
                      340 339 337 -1 
                      574 330 329 -1 
                      341 340 336 -1 
                      342 341 335 -1 
                      344 343 333 -1 
                      345 344 332 -1 
                      346 345 331 -1 
                      347 346 330 -1 
                      574 347 330 -1 
                      227 226 574 -1 
                      347 574 348 -1 
                      348 574 349 -1 
                      367 352 351 -1 
                      366 353 352 -1 
                      365 354 353 -1 
                      363 356 355 -1 
                      358 357 361 -1 
                      362 357 356 -1 
                      360 359 358 -1 
                      364 355 354 -1 
                      361 360 358 -1 
                      368 351 350 -1 
                      362 361 357 -1 
                      363 362 356 -1 
                      364 363 355 -1 
                      365 364 354 -1 
                      366 365 353 -1 
                      367 366 352 -1 
                      368 367 351 -1 
                      369 368 350 -1 
                      62 576 63 -1 
                      369 573 370 -1 
                      388 373 372 -1 
                      387 374 373 -1 
                      386 375 374 -1 
                      384 377 376 -1 
                      379 378 382 -1 
                      383 378 377 -1 
                      381 380 379 -1 
                      385 376 375 -1 
                      382 381 379 -1 
                      573 372 371 -1 
                      383 382 378 -1 
                      384 383 377 -1 
                      385 384 376 -1 
                      386 385 375 -1 
                      387 386 374 -1 
                      388 387 373 -1 
                      389 388 372 -1 
                      573 389 372 -1 
                      449 448 413 -1 
                      573 392 391 -1 
                      409 394 393 -1 
                      408 395 394 -1 
                      407 396 395 -1 
                      405 398 397 -1 
                      400 399 403 -1 
                      404 399 398 -1 
                      402 401 400 -1 
                      406 397 396 -1 
                      403 402 400 -1 
                      404 403 399 -1 
                      573 393 392 -1 
                      405 404 398 -1 
                      406 405 397 -1 
                      407 406 396 -1 
                      408 407 395 -1 
                      409 408 394 -1 
                      410 409 393 -1 
                      573 410 393 -1 
                      573 411 410 -1 
                      573 412 411 -1 
                      447 415 414 -1 
                      428 416 415 -1 
                      428 417 416 -1 
                      427 419 418 -1 
                      421 420 425 -1 
                      426 420 419 -1 
                      423 422 421 -1 
                      428 418 417 -1 
                      424 423 421 -1 
                      448 414 413 -1 
                      425 424 421 -1 
                      426 425 420 -1 
                      433 431 429 -1 
                      427 426 419 -1 
                      428 427 418 -1 
                      433 429 428 -1 
                      431 430 429 -1 
                      434 428 415 -1 
                      440 439 438 -1 
                      433 432 431 -1 
                      573 413 412 -1 
                      434 433 428 -1 
                      447 434 415 -1 
                      443 436 435 -1 
                      442 437 436 -1 
                      441 438 437 -1 
                      444 435 434 -1 
                      441 440 438 -1 
                      442 441 437 -1 
                      443 442 436 -1 
                      444 443 435 -1 
                      389 573 390 -1 
                      445 444 434 -1 
                      446 445 434 -1 
                      370 573 371 -1 
                      447 446 434 -1 
                      448 447 414 -1 
                      573 449 413 -1 
                      461 460 459 -1 
                      573 450 449 -1 
                      573 451 450 -1 
                      573 452 451 -1 
                      468 453 452 -1 
                      467 454 453 -1 
                      466 455 454 -1 
                      465 456 455 -1 
                      463 458 457 -1 
                      462 459 458 -1 
                      464 457 456 -1 
                      462 461 459 -1 
                      463 462 458 -1 
                      464 463 457 -1 
                      465 464 456 -1 
                      466 465 455 -1 
                      467 466 454 -1 
                      468 467 453 -1 
                      469 468 452 -1 
                      573 469 452 -1 
                      482 481 480 -1 
                      573 470 469 -1 
                      573 391 390 -1 
                      573 472 471 -1 
                      489 474 473 -1 
                      488 475 474 -1 
                      487 476 475 -1 
                      486 477 476 -1 
                      484 479 478 -1 
                      483 480 479 -1 
                      485 478 477 -1 
                      483 482 480 -1 
                      484 483 479 -1 
                      573 473 472 -1 
                      485 484 478 -1 
                      486 485 477 -1 
                      510 509 495 -1 
                      487 486 476 -1 
                      350 573 369 -1 
                      488 487 475 -1 
                      489 488 474 -1 
                      490 489 473 -1 
                      573 490 473 -1 
                      503 502 501 -1 
                      573 491 490 -1 
                      573 492 491 -1 
                      43 42 576 -1 
                      509 496 495 -1 
                      508 497 496 -1 
                      507 498 497 -1 
                      505 500 499 -1 
                      504 501 500 -1 
                      506 499 498 -1 
                      504 503 501 -1 
                      510 495 494 -1 
                      505 504 500 -1 
                      506 505 499 -1 
                      576 42 41 -1 
                      507 506 498 -1 
                      572 494 493 -1 
                      508 507 497 -1 
                      512 511 572 -1 
                      509 508 496 -1 
                      41 40 576 -1 
                      511 510 494 -1 
                      572 511 494 -1 
                      513 512 572 -1 
                      514 513 572 -1 
                      524 523 522 -1 
                      40 23 576 -1 
                      530 517 516 -1 
                      529 518 517 -1 
                      528 519 518 -1 
                      524 522 525 -1 
                      525 522 521 -1 
                      527 520 519 -1 
                      526 521 520 -1 
                      531 516 515 -1 
                      526 525 521 -1 
                      527 526 520 -1 
                      21 572 576 -1 
                      528 527 519 -1 
                      572 515 514 -1 
                      529 528 518 -1 
                      533 532 572 -1 
                      530 529 517 -1 
                      531 530 516 -1 
                      20 555 21 -1 
                      532 531 515 -1 
                      572 532 515 -1 
                      534 533 572 -1 
                      535 534 572 -1 
                      545 544 543 -1 
                      554 553 572 -1 
                      552 551 537 -1 
                      551 538 537 -1 
                      550 539 538 -1 
                      549 540 539 -1 
                      542 541 547 -1 
                      545 543 546 -1 
                      546 543 542 -1 
                      548 541 540 -1 
                      547 546 542 -1 
                      552 537 536 -1 
                      548 547 541 -1 
                      19 556 20 -1 
                      549 548 540 -1 
                      555 572 21 -1 
                      550 549 539 -1 
                      572 536 535 -1 
                      551 550 538 -1 
                      557 19 18 -1 
                      553 552 536 -1 
                      572 553 536 -1 
                      555 554 572 -1 
                      556 555 20 -1 
                      557 556 19 -1 
                      558 557 18 -1 
                      566 565 564 -1 
                      571 560 559 -1 
                      562 561 570 -1 
                      563 562 569 -1 
                      564 563 568 -1 
                      566 564 567 -1 
                      571 561 560 -1 
                      571 559 558 -1 
                      568 567 564 -1 
                      569 568 563 -1 
                      571 5 0 -1 
                      570 569 562 -1 
                      571 558 5 -1 
                      571 570 561 -1 
                      349 574 350 -1 
                      572 493 492 -1 
                      573 471 470 -1 
                      573 572 492 -1 
                      574 329 328 -1 
                      574 573 350 -1 
                      575 186 185 -1 
                      576 575 84 -1 
                      579 578 577 -1 
                      580 579 577 -1 
                      583 582 581 -1 
                      584 583 581 -1 
                      587 585 588 -1 
                      587 586 585 -1 
                      591 589 592 -1 
                      591 590 589 -1 
                      595 593 596 -1 
                      595 594 593 -1 
                      605 601 597 -1 
                      601 600 597 -1 
                      604 597 598 -1 
                      603 604 598 -1 
                      602 599 600 -1 
                      602 600 601 -1 
                      603 598 599 -1 
                      603 599 602 -1 
                      605 597 604 -1 
                      608 607 606 -1 
                      609 608 606 -1 
                      612 611 610 -1 
                      613 612 610 -1 
                      616 615 614 -1 
                      617 616 614 -1 
                      620 619 618 -1 
                      621 620 618 -1 
                      624 622 625 -1 
                      624 623 622 -1 
                      628 627 626 -1 
                      629 628 626 -1 
                      673 636 637 -1 
                      665 630 633 -1 
                      650 633 634 -1 
                      670 635 673 -1 
                      638 634 637 -1 
                      640 638 639 -1 
                      641 634 638 -1 
                      641 638 640 -1 
                      642 634 641 -1 
                      644 642 643 -1 
                      645 634 642 -1 
                      645 642 644 -1 
                      646 634 645 -1 
                      648 646 647 -1 
                      649 634 646 -1 
                      649 646 648 -1 
                      650 634 649 -1 
                      652 650 651 -1 
                      653 633 650 -1 
                      653 650 652 -1 
                      654 633 653 -1 
                      656 654 655 -1 
                      657 633 654 -1 
                      657 654 656 -1 
                      658 633 657 -1 
                      660 658 659 -1 
                      661 633 658 -1 
                      661 658 660 -1 
                      662 633 661 -1 
                      664 662 663 -1 
                      665 633 662 -1 
                      665 662 664 -1 
                      666 630 631 -1 
                      666 631 632 -1 
                      667 633 630 -1 
                      667 630 666 -1 
                      668 632 633 -1 
                      668 633 667 -1 
                      669 666 632 -1 
                      669 632 668 -1 
                      671 634 635 -1 
                      673 635 636 -1 
                      672 637 634 -1 
                      671 635 670 -1 
                      672 634 671 -1 
                      673 637 672 -1 
                      676 674 681 -1 
                      676 675 674 -1 
                      681 677 676 -1 
                      679 678 677 -1 
                      680 679 677 -1 
                      681 680 677 -1 
                      684 682 683 -1 
                      685 682 684 -1 
                      688 687 686 -1 
                      695 688 686 -1 
                      694 689 688 -1 
                      693 690 689 -1 
                      692 691 690 -1 
                      693 692 690 -1 
                      694 693 689 -1 
                      695 694 688 -1 
                      698 697 696 -1 
                      699 698 696 -1 
                      702 701 700 -1 
                      703 702 700 -1 
                      706 705 704 -1 
                      741 706 704 -1 
                      740 707 706 -1 
                      739 708 707 -1 
                      738 709 708 -1 
                      737 710 709 -1 
                      736 711 710 -1 
                      735 712 711 -1 
                      731 716 715 -1 
                      730 717 716 -1 
                      729 718 717 -1 
                      728 719 718 -1 
                      727 720 719 -1 
                      726 721 720 -1 
                      725 722 721 -1 
                      724 723 722 -1 
                      732 715 714 -1 
                      725 724 722 -1 
                      726 725 721 -1 
                      733 714 713 -1 
                      727 726 720 -1 
                      734 713 712 -1 
                      728 727 719 -1 
                      729 728 718 -1 
                      730 729 717 -1 
                      731 730 716 -1 
                      732 731 715 -1 
                      733 732 714 -1 
                      734 733 713 -1 
                      735 734 712 -1 
                      736 735 711 -1 
                      737 736 710 -1 
                      738 737 709 -1 
                      739 738 708 -1 
                      740 739 707 -1 
                      741 740 706 -1 
                      744 743 742 -1 
                      745 744 742 -1 
                      748 747 746 -1 
                      766 748 746 -1 
                      750 749 748 -1 
                      751 750 748 -1 
                      752 751 748 -1 
                      753 752 748 -1 
                      754 753 748 -1 
                      755 754 748 -1 
                      756 755 748 -1 
                      757 756 748 -1 
                      758 757 748 -1 
                      759 758 748 -1 
                      760 759 748 -1 
                      761 760 748 -1 
                      762 761 748 -1 
                      763 762 748 -1 
                      764 763 748 -1 
                      765 764 748 -1 
                      766 765 748 -1 
                      769 768 767 -1 
                      770 769 767 -1 
                      773 772 771 -1 
                      808 773 771 -1 
                      807 774 773 -1 
                      806 775 774 -1 
                      805 776 775 -1 
                      804 777 776 -1 
                      803 778 777 -1 
                      802 779 778 -1 
                      798 783 782 -1 
                      797 784 783 -1 
                      796 785 784 -1 
                      795 786 785 -1 
                      794 787 786 -1 
                      793 788 787 -1 
                      792 789 788 -1 
                      791 790 789 -1 
                      799 782 781 -1 
                      792 791 789 -1 
                      793 792 788 -1 
                      800 781 780 -1 
                      794 793 787 -1 
                      801 780 779 -1 
                      795 794 786 -1 
                      796 795 785 -1 
                      797 796 784 -1 
                      798 797 783 -1 
                      799 798 782 -1 
                      800 799 781 -1 
                      801 800 780 -1 
                      802 801 779 -1 
                      803 802 778 -1 
                      804 803 777 -1 
                      805 804 776 -1 
                      806 805 775 -1 
                      807 806 774 -1 
                      808 807 773 -1 
                      811 810 809 -1 
                      812 811 809 -1 
                      815 814 813 -1 
                      833 815 813 -1 
                      817 816 815 -1 
                      818 817 815 -1 
                      819 818 815 -1 
                      820 819 815 -1 
                      821 820 815 -1 
                      822 821 815 -1 
                      823 822 815 -1 
                      824 823 815 -1 
                      825 824 815 -1 
                      826 825 815 -1 
                      827 826 815 -1 
                      828 827 815 -1 
                      829 828 815 -1 
                      830 829 815 -1 
                      831 830 815 -1 
                      832 831 815 -1 
                      833 832 815 -1 
                      836 835 834 -1 
                      837 836 834 -1 
                      840 839 838 -1 
                      875 840 838 -1 
                      874 841 840 -1 
                      873 842 841 -1 
                      872 843 842 -1 
                      871 844 843 -1 
                      870 845 844 -1 
                      869 846 845 -1 
                      865 850 849 -1 
                      864 851 850 -1 
                      863 852 851 -1 
                      862 853 852 -1 
                      861 854 853 -1 
                      860 855 854 -1 
                      859 856 855 -1 
                      858 857 856 -1 
                      866 849 848 -1 
                      859 858 856 -1 
                      860 859 855 -1 
                      867 848 847 -1 
                      861 860 854 -1 
                      868 847 846 -1 
                      862 861 853 -1 
                      863 862 852 -1 
                      864 863 851 -1 
                      865 864 850 -1 
                      866 865 849 -1 
                      867 866 848 -1 
                      868 867 847 -1 
                      869 868 846 -1 
                      870 869 845 -1 
                      871 870 844 -1 
                      872 871 843 -1 
                      873 872 842 -1 
                      874 873 841 -1 
                      875 874 840 -1 
                      878 877 876 -1 
                      879 878 876 -1 
                      899 881 880 -1 
                      883 882 881 -1 
                      884 883 881 -1 
                      885 884 881 -1 
                      886 885 881 -1 
                      887 886 881 -1 
                      888 887 881 -1 
                      889 888 881 -1 
                      890 889 881 -1 
                      891 890 881 -1 
                      892 891 881 -1 
                      893 892 881 -1 
                      894 893 881 -1 
                      895 894 881 -1 
                      896 895 881 -1 
                      897 896 881 -1 
                      898 897 881 -1 
                      899 898 881 -1 
                      900 899 880 -1 
                      903 902 901 -1 
                      904 903 901 -1 
                      907 906 905 -1 
                      942 907 905 -1 
                      941 908 907 -1 
                      940 909 908 -1 
                      939 910 909 -1 
                      938 911 910 -1 
                      937 912 911 -1 
                      936 913 912 -1 
                      932 917 916 -1 
                      931 918 917 -1 
                      930 919 918 -1 
                      929 920 919 -1 
                      928 921 920 -1 
                      927 922 921 -1 
                      926 923 922 -1 
                      925 924 923 -1 
                      933 916 915 -1 
                      926 925 923 -1 
                      927 926 922 -1 
                      934 915 914 -1 
                      928 927 921 -1 
                      935 914 913 -1 
                      929 928 920 -1 
                      930 929 919 -1 
                      931 930 918 -1 
                      932 931 917 -1 
                      933 932 916 -1 
                      934 933 915 -1 
                      935 934 914 -1 
                      936 935 913 -1 
                      937 936 912 -1 
                      938 937 911 -1 
                      939 938 910 -1 
                      940 939 909 -1 
                      941 940 908 -1 
                      942 941 907 -1 
                      945 944 943 -1 
                      946 945 943 -1 
                      949 948 947 -1 
                      967 949 947 -1 
                      951 950 949 -1 
                      952 951 949 -1 
                      953 952 949 -1 
                      954 953 949 -1 
                      955 954 949 -1 
                      956 955 949 -1 
                      957 956 949 -1 
                      958 957 949 -1 
                      959 958 949 -1 
                      960 959 949 -1 
                      961 960 949 -1 
                      962 961 949 -1 
                      963 962 949 -1 
                      964 963 949 -1 
                      965 964 949 -1 
                      966 965 949 -1 
                      967 966 949 -1 
                      970 969 968 -1 
                      971 970 968 -1 
                      974 973 972 -1 
                      1009 974 972 -1 
                      1008 975 974 -1 
                      1007 976 975 -1 
                      1006 977 976 -1 
                      1005 978 977 -1 
                      1004 979 978 -1 
                      1003 980 979 -1 
                      999 984 983 -1 
                      998 985 984 -1 
                      997 986 985 -1 
                      996 987 986 -1 
                      995 988 987 -1 
                      994 989 988 -1 
                      993 990 989 -1 
                      992 991 990 -1 
                      1000 983 982 -1 
                      993 992 990 -1 
                      994 993 989 -1 
                      1001 982 981 -1 
                      995 994 988 -1 
                      1002 981 980 -1 
                      996 995 987 -1 
                      997 996 986 -1 
                      998 997 985 -1 
                      999 998 984 -1 
                      1000 999 983 -1 
                      1001 1000 982 -1 
                      1002 1001 981 -1 
                      1003 1002 980 -1 
                      1004 1003 979 -1 
                      1005 1004 978 -1 
                      1006 1005 977 -1 
                      1007 1006 976 -1 
                      1008 1007 975 -1 
                      1009 1008 974 -1 
                      1012 1011 1010 -1 
                      1013 1012 1010 -1 
                      1016 1015 1014 -1 
                      1034 1016 1014 -1 
                      1018 1017 1016 -1 
                      1019 1018 1016 -1 
                      1020 1019 1016 -1 
                      1021 1020 1016 -1 
                      1022 1021 1016 -1 
                      1023 1022 1016 -1 
                      1024 1023 1016 -1 
                      1025 1024 1016 -1 
                      1026 1025 1016 -1 
                      1027 1026 1016 -1 
                      1028 1027 1016 -1 
                      1029 1028 1016 -1 
                      1030 1029 1016 -1 
                      1031 1030 1016 -1 
                      1032 1031 1016 -1 
                      1033 1032 1016 -1 
                      1034 1033 1016 -1 
                      1037 1036 1035 -1 
                      1038 1037 1035 -1 
                      1041 1040 1039 -1 
                      1076 1041 1039 -1 
                      1075 1042 1041 -1 
                      1074 1043 1042 -1 
                      1073 1044 1043 -1 
                      1072 1045 1044 -1 
                      1071 1046 1045 -1 
                      1070 1047 1046 -1 
                      1066 1051 1050 -1 
                      1065 1052 1051 -1 
                      1064 1053 1052 -1 
                      1063 1054 1053 -1 
                      1062 1055 1054 -1 
                      1061 1056 1055 -1 
                      1060 1057 1056 -1 
                      1059 1058 1057 -1 
                      1067 1050 1049 -1 
                      1060 1059 1057 -1 
                      1061 1060 1056 -1 
                      1068 1049 1048 -1 
                      1062 1061 1055 -1 
                      1069 1048 1047 -1 
                      1063 1062 1054 -1 
                      1064 1063 1053 -1 
                      1065 1064 1052 -1 
                      1066 1065 1051 -1 
                      1067 1066 1050 -1 
                      1068 1067 1049 -1 
                      1069 1068 1048 -1 
                      1070 1069 1047 -1 
                      1071 1070 1046 -1 
                      1072 1071 1045 -1 
                      1073 1072 1044 -1 
                      1074 1073 1043 -1 
                      1075 1074 1042 -1 
                      1076 1075 1041 -1 
                      1079 1078 1077 -1 
                      1080 1079 1077 -1 
                      1083 1082 1081 -1 
                      1101 1083 1081 -1 
                      1085 1084 1083 -1 
                      1086 1085 1083 -1 
                      1087 1086 1083 -1 
                      1088 1087 1083 -1 
                      1089 1088 1083 -1 
                      1090 1089 1083 -1 
                      1091 1090 1083 -1 
                      1092 1091 1083 -1 
                      1093 1092 1083 -1 
                      1094 1093 1083 -1 
                      1095 1094 1083 -1 
                      1096 1095 1083 -1 
                      1097 1096 1083 -1 
                      1098 1097 1083 -1 
                      1099 1098 1083 -1 
                      1100 1099 1083 -1 
                      1101 1100 1083 -1 
                      1104 1103 1102 -1 
                      1105 1104 1102 -1 
                      1108 1107 1106 -1 
                      1115 1114 1108 -1 
                      1113 1112 1110 -1 
                      1113 1110 1109 -1 
                      1112 1111 1110 -1 
                      1114 1113 1109 -1 
                      1114 1109 1108 -1 
                      1115 1108 1106 -1 
                      1118 1116 1117 -1 
                      1119 1116 1118 -1 
                      1122 1121 1120 -1 
                      1123 1122 1120 -1 
                      1125 1124 1131 -1 
                      1131 1126 1125 -1 
                      1128 1127 1126 -1 
                      1129 1128 1126 -1 
                      1130 1129 1126 -1 
                      1131 1130 1126 -1 
                      1134 1132 1133 -1 
                      1135 1163 1134 -1 
                      1138 1163 1135 -1 
                      1137 1135 1136 -1 
                      1138 1135 1137 -1 
                      1139 1163 1138 -1 
                      1142 1163 1139 -1 
                      1141 1139 1140 -1 
                      1142 1139 1141 -1 
                      1143 1163 1142 -1 
                      1162 1163 1143 -1 
                      1145 1143 1144 -1 
                      1146 1143 1145 -1 
                      1162 1143 1146 -1 
                      1162 1146 1147 -1 
                      1149 1147 1148 -1 
                      1150 1147 1149 -1 
                      1162 1147 1150 -1 
                      1153 1154 1151 -1 
                      1153 1151 1152 -1 
                      1162 1150 1151 -1 
                      1162 1151 1154 -1 
                      1157 1158 1155 -1 
                      1157 1155 1156 -1 
                      1162 1154 1155 -1 
                      1162 1155 1158 -1 
                      1162 1158 1159 -1 
                      1167 1132 1134 -1 
                      1171 1165 1166 -1 
                      1167 1134 1163 -1 
                      1168 1164 1171 -1 
                      1167 1163 1166 -1 
                      1169 1163 1164 -1 
                      1171 1164 1165 -1 
                      1170 1166 1163 -1 
                      1169 1164 1168 -1 
                      1170 1163 1169 -1 
                      1171 1166 1170 -1 
                      1172 1159 1160 -1 
                      1172 1160 1161 -1 
                      1173 1162 1159 -1 
                      1173 1159 1172 -1 
                      1174 1161 1162 -1 
                      1174 1162 1173 -1 
                      1175 1172 1161 -1 
                      1175 1161 1174 -1 
                      1178 1177 1176 -1 
                      1179 1178 1176 -1 
                      1182 1181 1180 -1 
                      1189 1188 1182 -1 
                      1187 1186 1184 -1 
                      1187 1184 1183 -1 
                      1186 1185 1184 -1 
                      1188 1187 1183 -1 
                      1188 1183 1182 -1 
                      1189 1182 1180 -1 
                      1192 1190 1191 -1 
                      1193 1190 1192 -1 
                      1196 1195 1194 -1 
                      1197 1196 1194 -1 
                      1205 1199 1198 -1 
                      1205 1200 1199 -1 
                      1202 1201 1200 -1 
                      1203 1202 1200 -1 
                      1204 1203 1200 -1 
                      1205 1204 1200 -1 
                      1209 1238 1206 -1 
                      1208 1206 1207 -1 
                      1209 1206 1208 -1 
                      1210 1238 1209 -1 
                      1213 1238 1210 -1 
                      1212 1210 1211 -1 
                      1213 1210 1212 -1 
                      1214 1238 1213 -1 
                      1217 1238 1214 -1 
                      1216 1214 1215 -1 
                      1217 1214 1216 -1 
                      1218 1238 1217 -1 
                      1237 1238 1218 -1 
                      1220 1218 1219 -1 
                      1221 1218 1220 -1 
                      1237 1218 1221 -1 
                      1237 1221 1222 -1 
                      1224 1222 1223 -1 
                      1225 1222 1224 -1 
                      1237 1222 1225 -1 
                      1228 1229 1226 -1 
                      1228 1226 1227 -1 
                      1237 1225 1226 -1 
                      1237 1226 1229 -1 
                      1232 1233 1230 -1 
                      1232 1230 1231 -1 
                      1237 1229 1230 -1 
                      1237 1230 1233 -1 
                      1237 1233 1234 -1 
                      1245 1242 1239 -1 
                      1241 1206 1238 -1 
                      1245 1240 1241 -1 
                      1243 1238 1239 -1 
                      1245 1239 1240 -1 
                      1244 1241 1238 -1 
                      1243 1239 1242 -1 
                      1244 1238 1243 -1 
                      1245 1241 1244 -1 
                      1246 1234 1235 -1 
                      1246 1235 1236 -1 
                      1247 1237 1234 -1 
                      1247 1234 1246 -1 
                      1248 1236 1237 -1 
                      1248 1237 1247 -1 
                      1249 1246 1236 -1 
                      1249 1236 1248 -1 
                      1257 1250 1251 -1 
                      1256 1251 1252 -1 
                      1254 1252 1253 -1 
                      1255 1252 1254 -1 
                      1256 1252 1255 -1 
                      1257 1251 1256 -1 
                      1260 1261 1258 -1 
                      1260 1258 1259 -1 
                      1264 1263 1262 -1 
                      1271 1264 1262 -1 
                      1270 1265 1264 -1 
                      1269 1266 1265 -1 
                      1268 1267 1266 -1 
                      1269 1268 1266 -1 
                      1270 1269 1265 -1 
                      1271 1270 1264 -1 
                      1274 1272 1273 -1 
                      1275 1272 1274 -1 
                      1278 1276 1277 -1 
                      1279 1276 1278 -1 
                      1319 1286 1287 -1 
                      1315 1280 1283 -1 
                      1300 1283 1284 -1 
                      1316 1285 1319 -1 
                      1288 1284 1287 -1 
                      1290 1288 1289 -1 
                      1291 1284 1288 -1 
                      1291 1288 1290 -1 
                      1292 1284 1291 -1 
                      1294 1292 1293 -1 
                      1295 1284 1292 -1 
                      1295 1292 1294 -1 
                      1296 1284 1295 -1 
                      1298 1296 1297 -1 
                      1299 1284 1296 -1 
                      1299 1296 1298 -1 
                      1300 1284 1299 -1 
                      1302 1300 1301 -1 
                      1303 1283 1300 -1 
                      1303 1300 1302 -1 
                      1304 1283 1303 -1 
                      1306 1304 1305 -1 
                      1307 1283 1304 -1 
                      1307 1304 1306 -1 
                      1308 1283 1307 -1 
                      1310 1308 1309 -1 
                      1311 1283 1308 -1 
                      1311 1308 1310 -1 
                      1312 1283 1311 -1 
                      1314 1312 1313 -1 
                      1315 1283 1312 -1 
                      1315 1312 1314 -1 
                      1317 1284 1285 -1 
                      1319 1285 1286 -1 
                      1318 1287 1284 -1 
                      1317 1285 1316 -1 
                      1318 1284 1317 -1 
                      1319 1287 1318 -1 
                      1320 1280 1281 -1 
                      1320 1281 1282 -1 
                      1321 1283 1280 -1 
                      1321 1280 1320 -1 
                      1322 1282 1283 -1 
                      1322 1283 1321 -1 
                      1323 1320 1282 -1 
                      1323 1282 1322 -1 
                      1330 1324 1325 -1 
                      1327 1325 1326 -1 
                      1328 1325 1327 -1 
                      1329 1330 1325 -1 
                      1329 1325 1328 -1 
                      1331 1324 1330 -1 
                      1333 1334 1332 -1 
                      1335 1332 1334 -1 
                      1338 1336 1337 -1 
                      1339 1336 1338 -1 
                      1342 1341 1340 -1 
                      1349 1342 1340 -1 
                      1347 1346 1344 -1 
                      1347 1344 1343 -1 
                      1346 1345 1344 -1 
                      1348 1343 1342 -1 
                      1348 1347 1343 -1 
                      1349 1348 1342 -1 
                      1352 1350 1351 -1 
                      1353 1350 1352 -1 
                      1356 1357 1354 -1 
                      1356 1354 1355 -1 
                      1360 1359 1358 -1 
                      1395 1360 1358 -1 
                      1394 1361 1360 -1 
                      1393 1362 1361 -1 
                      1392 1363 1362 -1 
                      1391 1364 1363 -1 
                      1384 1371 1370 -1 
                      1383 1372 1371 -1 
                      1382 1373 1372 -1 
                      1381 1374 1373 -1 
                      1380 1375 1374 -1 
                      1379 1376 1375 -1 
                      1378 1377 1376 -1 
                      1379 1378 1376 -1 
                      1385 1370 1369 -1 
                      1380 1379 1375 -1 
                      1386 1369 1368 -1 
                      1381 1380 1374 -1 
                      1387 1368 1367 -1 
                      1382 1381 1373 -1 
                      1388 1367 1366 -1 
                      1383 1382 1372 -1 
                      1389 1366 1365 -1 
                      1384 1383 1371 -1 
                      1390 1365 1364 -1 
                      1385 1384 1370 -1 
                      1386 1385 1369 -1 
                      1387 1386 1368 -1 
                      1388 1387 1367 -1 
                      1389 1388 1366 -1 
                      1390 1389 1365 -1 
                      1391 1390 1364 -1 
                      1392 1391 1363 -1 
                      1393 1392 1362 -1 
                      1394 1393 1361 -1 
                      1395 1394 1360 -1 
                      1398 1396 1397 -1 
                      1399 1396 1398 -1 
                      1419 1400 1401 -1 
                      1403 1401 1402 -1 
                      1404 1401 1403 -1 
                      1405 1401 1404 -1 
                      1406 1401 1405 -1 
                      1407 1401 1406 -1 
                      1408 1401 1407 -1 
                      1409 1401 1408 -1 
                      1410 1401 1409 -1 
                      1411 1401 1410 -1 
                      1412 1401 1411 -1 
                      1413 1401 1412 -1 
                      1414 1401 1413 -1 
                      1415 1401 1414 -1 
                      1416 1401 1415 -1 
                      1417 1401 1416 -1 
                      1418 1401 1417 -1 
                      1419 1401 1418 -1 
                      1420 1400 1419 -1 
                      1423 1424 1421 -1 
                      1423 1421 1422 -1 
                      1427 1426 1425 -1 
                      1462 1427 1425 -1 
                      1461 1428 1427 -1 
                      1460 1429 1428 -1 
                      1459 1430 1429 -1 
                      1458 1431 1430 -1 
                      1451 1438 1437 -1 
                      1450 1439 1438 -1 
                      1449 1440 1439 -1 
                      1448 1441 1440 -1 
                      1447 1442 1441 -1 
                      1446 1443 1442 -1 
                      1445 1444 1443 -1 
                      1446 1445 1443 -1 
                      1452 1437 1436 -1 
                      1447 1446 1442 -1 
                      1453 1436 1435 -1 
                      1448 1447 1441 -1 
                      1454 1435 1434 -1 
                      1449 1448 1440 -1 
                      1455 1434 1433 -1 
                      1450 1449 1439 -1 
                      1456 1433 1432 -1 
                      1451 1450 1438 -1 
                      1457 1432 1431 -1 
                      1452 1451 1437 -1 
                      1453 1452 1436 -1 
                      1454 1453 1435 -1 
                      1455 1454 1434 -1 
                      1456 1455 1433 -1 
                      1457 1456 1432 -1 
                      1458 1457 1431 -1 
                      1459 1458 1430 -1 
                      1460 1459 1429 -1 
                      1461 1460 1428 -1 
                      1462 1461 1427 -1 
                      1465 1463 1464 -1 
                      1466 1463 1465 -1 
                      1486 1467 1468 -1 
                      1470 1468 1469 -1 
                      1471 1468 1470 -1 
                      1472 1468 1471 -1 
                      1473 1468 1472 -1 
                      1474 1468 1473 -1 
                      1475 1468 1474 -1 
                      1476 1468 1475 -1 
                      1477 1468 1476 -1 
                      1478 1468 1477 -1 
                      1479 1468 1478 -1 
                      1480 1468 1479 -1 
                      1481 1468 1480 -1 
                      1482 1468 1481 -1 
                      1483 1468 1482 -1 
                      1484 1468 1483 -1 
                      1485 1468 1484 -1 
                      1486 1468 1485 -1 
                      1487 1467 1486 -1 
                      1490 1491 1488 -1 
                      1490 1488 1489 -1 
                      1494 1493 1492 -1 
                      1529 1494 1492 -1 
                      1528 1495 1494 -1 
                      1527 1496 1495 -1 
                      1526 1497 1496 -1 
                      1525 1498 1497 -1 
                      1518 1505 1504 -1 
                      1517 1506 1505 -1 
                      1516 1507 1506 -1 
                      1515 1508 1507 -1 
                      1514 1509 1508 -1 
                      1513 1510 1509 -1 
                      1512 1511 1510 -1 
                      1513 1512 1510 -1 
                      1519 1504 1503 -1 
                      1514 1513 1509 -1 
                      1520 1503 1502 -1 
                      1515 1514 1508 -1 
                      1521 1502 1501 -1 
                      1516 1515 1507 -1 
                      1522 1501 1500 -1 
                      1517 1516 1506 -1 
                      1523 1500 1499 -1 
                      1518 1517 1505 -1 
                      1524 1499 1498 -1 
                      1519 1518 1504 -1 
                      1520 1519 1503 -1 
                      1521 1520 1502 -1 
                      1522 1521 1501 -1 
                      1523 1522 1500 -1 
                      1524 1523 1499 -1 
                      1525 1524 1498 -1 
                      1526 1525 1497 -1 
                      1527 1526 1496 -1 
                      1528 1527 1495 -1 
                      1529 1528 1494 -1 
                      1532 1530 1531 -1 
                      1533 1530 1532 -1 
                      1536 1534 1535 -1 
                      1537 1534 1536 -1 
                      1538 1534 1537 -1 
                      1539 1534 1538 -1 
                      1540 1534 1539 -1 
                      1541 1534 1540 -1 
                      1542 1534 1541 -1 
                      1543 1534 1542 -1 
                      1544 1534 1543 -1 
                      1545 1534 1544 -1 
                      1546 1534 1545 -1 
                      1547 1534 1546 -1 
                      1548 1534 1547 -1 
                      1549 1534 1548 -1 
                      1550 1534 1549 -1 
                      1551 1534 1550 -1 
                      1552 1534 1551 -1 
                      1553 1554 1534 -1 
                      1553 1534 1552 -1 
                      1557 1558 1555 -1 
                      1557 1555 1556 -1 
                      1561 1560 1559 -1 
                      1596 1561 1559 -1 
                      1595 1562 1561 -1 
                      1594 1563 1562 -1 
                      1593 1564 1563 -1 
                      1592 1565 1564 -1 
                      1585 1572 1571 -1 
                      1584 1573 1572 -1 
                      1583 1574 1573 -1 
                      1582 1575 1574 -1 
                      1581 1576 1575 -1 
                      1580 1577 1576 -1 
                      1579 1578 1577 -1 
                      1580 1579 1577 -1 
                      1586 1571 1570 -1 
                      1581 1580 1576 -1 
                      1587 1570 1569 -1 
                      1582 1581 1575 -1 
                      1588 1569 1568 -1 
                      1583 1582 1574 -1 
                      1589 1568 1567 -1 
                      1584 1583 1573 -1 
                      1590 1567 1566 -1 
                      1585 1584 1572 -1 
                      1591 1566 1565 -1 
                      1586 1585 1571 -1 
                      1587 1586 1570 -1 
                      1588 1587 1569 -1 
                      1589 1588 1568 -1 
                      1590 1589 1567 -1 
                      1591 1590 1566 -1 
                      1592 1591 1565 -1 
                      1593 1592 1564 -1 
                      1594 1593 1563 -1 
                      1595 1594 1562 -1 
                      1596 1595 1561 -1 
                      1599 1597 1598 -1 
                      1600 1597 1599 -1 
                      1620 1601 1602 -1 
                      1604 1602 1603 -1 
                      1605 1602 1604 -1 
                      1606 1602 1605 -1 
                      1607 1602 1606 -1 
                      1608 1602 1607 -1 
                      1609 1602 1608 -1 
                      1610 1602 1609 -1 
                      1611 1602 1610 -1 
                      1612 1602 1611 -1 
                      1613 1602 1612 -1 
                      1614 1602 1613 -1 
                      1615 1602 1614 -1 
                      1616 1602 1615 -1 
                      1617 1602 1616 -1 
                      1618 1602 1617 -1 
                      1619 1602 1618 -1 
                      1620 1602 1619 -1 
                      1621 1601 1620 -1 
                      1624 1625 1622 -1 
                      1624 1622 1623 -1 
                      1628 1627 1626 -1 
                      1663 1628 1626 -1 
                      1662 1629 1628 -1 
                      1661 1630 1629 -1 
                      1660 1631 1630 -1 
                      1659 1632 1631 -1 
                      1652 1639 1638 -1 
                      1651 1640 1639 -1 
                      1650 1641 1640 -1 
                      1649 1642 1641 -1 
                      1648 1643 1642 -1 
                      1647 1644 1643 -1 
                      1646 1645 1644 -1 
                      1647 1646 1644 -1 
                      1653 1638 1637 -1 
                      1648 1647 1643 -1 
                      1654 1637 1636 -1 
                      1649 1648 1642 -1 
                      1655 1636 1635 -1 
                      1650 1649 1641 -1 
                      1656 1635 1634 -1 
                      1651 1650 1640 -1 
                      1657 1634 1633 -1 
                      1652 1651 1639 -1 
                      1658 1633 1632 -1 
                      1653 1652 1638 -1 
                      1654 1653 1637 -1 
                      1655 1654 1636 -1 
                      1656 1655 1635 -1 
                      1657 1656 1634 -1 
                      1658 1657 1633 -1 
                      1659 1658 1632 -1 
                      1660 1659 1631 -1 
                      1661 1660 1630 -1 
                      1662 1661 1629 -1 
                      1663 1662 1628 -1 
                      1666 1664 1665 -1 
                      1667 1664 1666 -1 
                      1687 1668 1669 -1 
                      1671 1669 1670 -1 
                      1672 1669 1671 -1 
                      1673 1669 1672 -1 
                      1674 1669 1673 -1 
                      1675 1669 1674 -1 
                      1676 1669 1675 -1 
                      1677 1669 1676 -1 
                      1678 1669 1677 -1 
                      1679 1669 1678 -1 
                      1680 1669 1679 -1 
                      1681 1669 1680 -1 
                      1682 1669 1681 -1 
                      1683 1669 1682 -1 
                      1684 1669 1683 -1 
                      1685 1669 1684 -1 
                      1686 1669 1685 -1 
                      1687 1669 1686 -1 
                      1688 1668 1687 -1 
                      1691 1692 1689 -1 
                      1691 1689 1690 -1 
                      1695 1694 1693 -1 
                      1730 1695 1693 -1 
                      1729 1696 1695 -1 
                      1728 1697 1696 -1 
                      1727 1698 1697 -1 
                      1726 1699 1698 -1 
                      1719 1706 1705 -1 
                      1718 1707 1706 -1 
                      1717 1708 1707 -1 
                      1716 1709 1708 -1 
                      1715 1710 1709 -1 
                      1714 1711 1710 -1 
                      1713 1712 1711 -1 
                      1714 1713 1711 -1 
                      1720 1705 1704 -1 
                      1715 1714 1710 -1 
                      1721 1704 1703 -1 
                      1716 1715 1709 -1 
                      1722 1703 1702 -1 
                      1717 1716 1708 -1 
                      1723 1702 1701 -1 
                      1718 1717 1707 -1 
                      1724 1701 1700 -1 
                      1719 1718 1706 -1 
                      1725 1700 1699 -1 
                      1720 1719 1705 -1 
                      1721 1720 1704 -1 
                      1722 1721 1703 -1 
                      1723 1722 1702 -1 
                      1724 1723 1701 -1 
                      1725 1724 1700 -1 
                      1726 1725 1699 -1 
                      1727 1726 1698 -1 
                      1728 1727 1697 -1 
                      1729 1728 1696 -1 
                      1730 1729 1695 -1 
                      1733 1731 1732 -1 
                      1734 1731 1733 -1 
                      1754 1735 1736 -1 
                      1738 1736 1737 -1 
                      1739 1736 1738 -1 
                      1740 1736 1739 -1 
                      1741 1736 1740 -1 
                      1742 1736 1741 -1 
                      1743 1736 1742 -1 
                      1744 1736 1743 -1 
                      1745 1736 1744 -1 
                      1746 1736 1745 -1 
                      1747 1736 1746 -1 
                      1748 1736 1747 -1 
                      1749 1736 1748 -1 
                      1750 1736 1749 -1 
                      1751 1736 1750 -1 
                      1752 1736 1751 -1 
                      1753 1736 1752 -1 
                      1754 1736 1753 -1 
                      1755 1735 1754 -1 
                      1758 1759 1756 -1 
                      1758 1756 1757 -1 
                      1762 1761 1760 -1 
                      1769 1762 1760 -1 
                      1768 1763 1762 -1 
                      1767 1764 1763 -1 
                      1766 1765 1764 -1 
                      1767 1766 1764 -1 
                      1768 1767 1763 -1 
                      1769 1768 1762 -1 
                      1772 1770 1771 -1 
                      1773 1770 1772 -1 
                      1776 1774 1775 -1 
                      1777 1774 1776 -1 
                      1785 1778 1779 -1 
                      1784 1779 1780 -1 
                      1782 1780 1781 -1 
                      1783 1780 1782 -1 
                      1784 1780 1783 -1 
                      1785 1779 1784 -1 
                      1788 1786 1787 -1 
                      1789 1786 1788 -1 
                      1794 1795 1790 -1 
                      1794 1791 1792 -1 
                      1794 1790 1791 -1 
                      1794 1792 1793 -1 
                      1798 1797 1796 -1 
                      1799 1798 1796 -1 
                      1805 1801 1800 -1 
                      1805 1803 1802 -1 
                      1805 1802 1801 -1 
                      1805 1804 1803 -1 
                      1808 1807 1806 -1 
                      1809 1808 1806 -1 
                      1812 1811 1810 -1 
                      1813 1812 1810 -1 
                      1816 1815 1814 -1 
                      1817 1816 1814 -1 
                      1822 1823 1819 -1 
                      1821 1819 1820 -1 
                      1823 1818 1819 -1 
                      1822 1819 1821 -1 
                      1826 1825 1824 -1 
                      1827 1826 1824 -1 
                      1832 1830 1833 -1 
                      1830 1829 1828 -1 
                      1833 1830 1828 -1 
                      1832 1831 1830 -1 
                      1836 1835 1834 -1 
                      1837 1836 1834 -1 
                      1840 1839 1838 -1 
                      1841 1840 1838 -1 
                      1844 1843 1842 -1 
                      1845 1844 1842 -1 
                      1847 1848 1846 -1 
                      1849 1846 1848 -1 
                      1852 1850 1851 -1 
                      1853 1850 1852 -1 
                      1856 1855 1854 -1 
                      1863 1856 1854 -1 
                      1861 1860 1858 -1 
                      1861 1858 1857 -1 
                      1860 1859 1858 -1 
                      1862 1857 1856 -1 
                      1862 1861 1857 -1 
                      1863 1862 1856 -1 
                      1866 1864 1865 -1 
                      1867 1864 1866 -1 
                      1874 1868 1869 -1 
                      1871 1869 1870 -1 
                      1872 1869 1871 -1 
                      1873 1869 1872 -1 
                      1874 1875 1868 -1 
                      1874 1869 1873 -1 
                      1878 1879 1876 -1 
                      1878 1876 1877 -1 
                      1882 1881 1880 -1 
                      1917 1882 1880 -1 
                      1916 1883 1882 -1 
                      1915 1884 1883 -1 
                      1914 1885 1884 -1 
                      1913 1886 1885 -1 
                      1912 1887 1886 -1 
                      1911 1888 1887 -1 
                      1907 1892 1891 -1 
                      1906 1893 1892 -1 
                      1905 1894 1893 -1 
                      1904 1895 1894 -1 
                      1903 1896 1895 -1 
                      1902 1897 1896 -1 
                      1901 1898 1897 -1 
                      1900 1899 1898 -1 
                      1908 1891 1890 -1 
                      1901 1900 1898 -1 
                      1902 1901 1897 -1 
                      1909 1890 1889 -1 
                      1903 1902 1896 -1 
                      1910 1889 1888 -1 
                      1904 1903 1895 -1 
                      1905 1904 1894 -1 
                      1906 1905 1893 -1 
                      1907 1906 1892 -1 
                      1908 1907 1891 -1 
                      1909 1908 1890 -1 
                      1910 1909 1889 -1 
                      1911 1910 1888 -1 
                      1912 1911 1887 -1 
                      1913 1912 1886 -1 
                      1914 1913 1885 -1 
                      1915 1914 1884 -1 
                      1916 1915 1883 -1 
                      1917 1916 1882 -1 
                      1920 1918 1919 -1 
                      1921 1918 1920 -1 
                      1941 1922 1923 -1 
                      1925 1923 1924 -1 
                      1926 1923 1925 -1 
                      1927 1923 1926 -1 
                      1928 1923 1927 -1 
                      1929 1923 1928 -1 
                      1930 1923 1929 -1 
                      1931 1923 1930 -1 
                      1932 1923 1931 -1 
                      1933 1923 1932 -1 
                      1934 1923 1933 -1 
                      1935 1923 1934 -1 
                      1936 1923 1935 -1 
                      1937 1923 1936 -1 
                      1938 1923 1937 -1 
                      1939 1923 1938 -1 
                      1940 1923 1939 -1 
                      1941 1942 1922 -1 
                      1941 1923 1940 -1 
                      1945 1946 1943 -1 
                      1945 1943 1944 -1 
                      1949 1948 1947 -1 
                      1984 1949 1947 -1 
                      1983 1950 1949 -1 
                      1982 1951 1950 -1 
                      1981 1952 1951 -1 
                      1980 1953 1952 -1 
                      1979 1954 1953 -1 
                      1978 1955 1954 -1 
                      1974 1959 1958 -1 
                      1973 1960 1959 -1 
                      1972 1961 1960 -1 
                      1971 1962 1961 -1 
                      1970 1963 1962 -1 
                      1969 1964 1963 -1 
                      1968 1965 1964 -1 
                      1967 1966 1965 -1 
                      1975 1958 1957 -1 
                      1968 1967 1965 -1 
                      1969 1968 1964 -1 
                      1976 1957 1956 -1 
                      1970 1969 1963 -1 
                      1977 1956 1955 -1 
                      1971 1970 1962 -1 
                      1972 1971 1961 -1 
                      1973 1972 1960 -1 
                      1974 1973 1959 -1 
                      1975 1974 1958 -1 
                      1976 1975 1957 -1 
                      1977 1976 1956 -1 
                      1978 1977 1955 -1 
                      1979 1978 1954 -1 
                      1980 1979 1953 -1 
                      1981 1980 1952 -1 
                      1982 1981 1951 -1 
                      1983 1982 1950 -1 
                      1984 1983 1949 -1 
                      1987 1985 1986 -1 
                      1988 1985 1987 -1 
                      2008 1989 1990 -1 
                      1992 1990 1991 -1 
                      1993 1990 1992 -1 
                      1994 1990 1993 -1 
                      1995 1990 1994 -1 
                      1996 1990 1995 -1 
                      1997 1990 1996 -1 
                      1998 1990 1997 -1 
                      1999 1990 1998 -1 
                      2000 1990 1999 -1 
                      2001 1990 2000 -1 
                      2002 1990 2001 -1 
                      2003 1990 2002 -1 
                      2004 1990 2003 -1 
                      2005 1990 2004 -1 
                      2006 1990 2005 -1 
                      2007 1990 2006 -1 
                      2008 2009 1989 -1 
                      2008 1990 2007 -1 
                      2012 2013 2010 -1 
                      2012 2010 2011 -1 
                      2016 2015 2014 -1 
                      2051 2016 2014 -1 
                      2050 2017 2016 -1 
                      2049 2018 2017 -1 
                      2048 2019 2018 -1 
                      2047 2020 2019 -1 
                      2046 2021 2020 -1 
                      2045 2022 2021 -1 
                      2041 2026 2025 -1 
                      2040 2027 2026 -1 
                      2039 2028 2027 -1 
                      2038 2029 2028 -1 
                      2037 2030 2029 -1 
                      2036 2031 2030 -1 
                      2035 2032 2031 -1 
                      2034 2033 2032 -1 
                      2042 2025 2024 -1 
                      2035 2034 2032 -1 
                      2036 2035 2031 -1 
                      2043 2024 2023 -1 
                      2037 2036 2030 -1 
                      2044 2023 2022 -1 
                      2038 2037 2029 -1 
                      2039 2038 2028 -1 
                      2040 2039 2027 -1 
                      2041 2040 2026 -1 
                      2042 2041 2025 -1 
                      2043 2042 2024 -1 
                      2044 2043 2023 -1 
                      2045 2044 2022 -1 
                      2046 2045 2021 -1 
                      2047 2046 2020 -1 
                      2048 2047 2019 -1 
                      2049 2048 2018 -1 
                      2050 2049 2017 -1 
                      2051 2050 2016 -1 
                      2054 2052 2053 -1 
                      2055 2052 2054 -1 
                      2075 2056 2057 -1 
                      2059 2057 2058 -1 
                      2060 2057 2059 -1 
                      2061 2057 2060 -1 
                      2062 2057 2061 -1 
                      2063 2057 2062 -1 
                      2064 2057 2063 -1 
                      2065 2057 2064 -1 
                      2066 2057 2065 -1 
                      2067 2057 2066 -1 
                      2068 2057 2067 -1 
                      2069 2057 2068 -1 
                      2070 2057 2069 -1 
                      2071 2057 2070 -1 
                      2072 2057 2071 -1 
                      2073 2057 2072 -1 
                      2074 2057 2073 -1 
                      2075 2057 2074 -1 
                      2076 2056 2075 -1 
                      2079 2080 2077 -1 
                      2079 2077 2078 -1 
                      2083 2082 2081 -1 
                      2118 2083 2081 -1 
                      2117 2084 2083 -1 
                      2116 2085 2084 -1 
                      2115 2086 2085 -1 
                      2114 2087 2086 -1 
                      2113 2088 2087 -1 
                      2112 2089 2088 -1 
                      2108 2093 2092 -1 
                      2107 2094 2093 -1 
                      2106 2095 2094 -1 
                      2105 2096 2095 -1 
                      2104 2097 2096 -1 
                      2103 2098 2097 -1 
                      2102 2099 2098 -1 
                      2101 2100 2099 -1 
                      2109 2092 2091 -1 
                      2102 2101 2099 -1 
                      2103 2102 2098 -1 
                      2110 2091 2090 -1 
                      2104 2103 2097 -1 
                      2111 2090 2089 -1 
                      2105 2104 2096 -1 
                      2106 2105 2095 -1 
                      2107 2106 2094 -1 
                      2108 2107 2093 -1 
                      2109 2108 2092 -1 
                      2110 2109 2091 -1 
                      2111 2110 2090 -1 
                      2112 2111 2089 -1 
                      2113 2112 2088 -1 
                      2114 2113 2087 -1 
                      2115 2114 2086 -1 
                      2116 2115 2085 -1 
                      2117 2116 2084 -1 
                      2118 2117 2083 -1 
                      2121 2119 2120 -1 
                      2122 2119 2121 -1 
                      2142 2123 2124 -1 
                      2126 2124 2125 -1 
                      2127 2124 2126 -1 
                      2128 2124 2127 -1 
                      2129 2124 2128 -1 
                      2130 2124 2129 -1 
                      2131 2124 2130 -1 
                      2132 2124 2131 -1 
                      2133 2124 2132 -1 
                      2134 2124 2133 -1 
                      2135 2124 2134 -1 
                      2136 2124 2135 -1 
                      2137 2124 2136 -1 
                      2138 2124 2137 -1 
                      2139 2124 2138 -1 
                      2140 2124 2139 -1 
                      2141 2124 2140 -1 
                      2142 2124 2141 -1 
                      2143 2123 2142 -1 
                      2146 2147 2144 -1 
                      2146 2144 2145 -1 
                      2150 2149 2148 -1 
                      2185 2150 2148 -1 
                      2184 2151 2150 -1 
                      2183 2152 2151 -1 
                      2182 2153 2152 -1 
                      2181 2154 2153 -1 
                      2180 2155 2154 -1 
                      2179 2156 2155 -1 
                      2175 2160 2159 -1 
                      2174 2161 2160 -1 
                      2173 2162 2161 -1 
                      2172 2163 2162 -1 
                      2171 2164 2163 -1 
                      2170 2165 2164 -1 
                      2169 2166 2165 -1 
                      2168 2167 2166 -1 
                      2176 2159 2158 -1 
                      2169 2168 2166 -1 
                      2170 2169 2165 -1 
                      2177 2158 2157 -1 
                      2171 2170 2164 -1 
                      2178 2157 2156 -1 
                      2172 2171 2163 -1 
                      2173 2172 2162 -1 
                      2174 2173 2161 -1 
                      2175 2174 2160 -1 
                      2176 2175 2159 -1 
                      2177 2176 2158 -1 
                      2178 2177 2157 -1 
                      2179 2178 2156 -1 
                      2180 2179 2155 -1 
                      2181 2180 2154 -1 
                      2182 2181 2153 -1 
                      2183 2182 2152 -1 
                      2184 2183 2151 -1 
                      2185 2184 2150 -1 
                      2188 2186 2187 -1 
                      2189 2186 2188 -1 
                      2209 2190 2191 -1 
                      2193 2191 2192 -1 
                      2194 2191 2193 -1 
                      2195 2191 2194 -1 
                      2196 2191 2195 -1 
                      2197 2191 2196 -1 
                      2198 2191 2197 -1 
                      2199 2191 2198 -1 
                      2200 2191 2199 -1 
                      2201 2191 2200 -1 
                      2202 2191 2201 -1 
                      2203 2191 2202 -1 
                      2204 2191 2203 -1 
                      2205 2191 2204 -1 
                      2206 2191 2205 -1 
                      2207 2191 2206 -1 
                      2208 2191 2207 -1 
                      2209 2191 2208 -1 
                      2210 2190 2209 -1 
                      2213 2214 2211 -1 
                      2213 2211 2212 -1 
                      2217 2216 2215 -1 
                      2252 2217 2215 -1 
                      2251 2218 2217 -1 
                      2250 2219 2218 -1 
                      2249 2220 2219 -1 
                      2248 2221 2220 -1 
                      2247 2222 2221 -1 
                      2246 2223 2222 -1 
                      2242 2227 2226 -1 
                      2241 2228 2227 -1 
                      2240 2229 2228 -1 
                      2239 2230 2229 -1 
                      2238 2231 2230 -1 
                      2237 2232 2231 -1 
                      2236 2233 2232 -1 
                      2235 2234 2233 -1 
                      2243 2226 2225 -1 
                      2236 2235 2233 -1 
                      2237 2236 2232 -1 
                      2244 2225 2224 -1 
                      2238 2237 2231 -1 
                      2245 2224 2223 -1 
                      2239 2238 2230 -1 
                      2240 2239 2229 -1 
                      2241 2240 2228 -1 
                      2242 2241 2227 -1 
                      2243 2242 2226 -1 
                      2244 2243 2225 -1 
                      2245 2244 2224 -1 
                      2246 2245 2223 -1 
                      2247 2246 2222 -1 
                      2248 2247 2221 -1 
                      2249 2248 2220 -1 
                      2250 2249 2219 -1 
                      2251 2250 2218 -1 
                      2252 2251 2217 -1 
                      2255 2253 2254 -1 
                      2256 2253 2255 -1 
                      2276 2257 2258 -1 
                      2260 2258 2259 -1 
                      2261 2258 2260 -1 
                      2262 2258 2261 -1 
                      2263 2258 2262 -1 
                      2264 2258 2263 -1 
                      2265 2258 2264 -1 
                      2266 2258 2265 -1 
                      2267 2258 2266 -1 
                      2268 2258 2267 -1 
                      2269 2258 2268 -1 
                      2270 2258 2269 -1 
                      2271 2258 2270 -1 
                      2272 2258 2271 -1 
                      2273 2258 2272 -1 
                      2274 2258 2273 -1 
                      2275 2258 2274 -1 
                      2276 2258 2275 -1 
                      2277 2257 2276 -1 
                      2282 2283 2279 -1 
                      2281 2279 2280 -1 
                      2283 2278 2279 -1 
                      2282 2279 2281 -1 
                      2286 2285 2284 -1 
                      2287 2286 2284 -1 
                      2292 2290 2293 -1 
                      2290 2289 2288 -1 
                      2293 2290 2288 -1 
                      2292 2291 2290 -1 
                      2296 2295 2294 -1 
                      2297 2296 2294 -1 
                      2300 2299 2298 -1 
                      2301 2300 2298 -1 
                      2304 2303 2302 -1 
                      2305 2304 2302 -1 
                      2308 2307 2306 -1 
                      2309 2308 2306 -1 
                      2312 2310 2311 -1 
                      2313 2310 2312 -1 
                      2316 2315 2314 -1 
                      2323 2316 2314 -1 
                      2322 2317 2316 -1 
                      2321 2318 2317 -1 
                      2320 2319 2318 -1 
                      2321 2320 2318 -1 
                      2322 2321 2317 -1 
                      2323 2322 2316 -1 
                      2326 2325 2324 -1 
                      2327 2326 2324 -1 
                      2330 2329 2328 -1 
                      2335 2330 2328 -1 
                      2335 2331 2330 -1 
                      2333 2332 2331 -1 
                      2334 2333 2331 -1 
                      2335 2334 2331 -1 
                      2338 2337 2336 -1 
                      2339 2338 2336 -1 
                      2342 2341 2340 -1 
                      2377 2342 2340 -1 
                      2376 2343 2342 -1 
                      2375 2344 2343 -1 
                      2374 2345 2344 -1 
                      2373 2346 2345 -1 
                      2366 2353 2352 -1 
                      2365 2354 2353 -1 
                      2364 2355 2354 -1 
                      2363 2356 2355 -1 
                      2362 2357 2356 -1 
                      2361 2358 2357 -1 
                      2360 2359 2358 -1 
                      2361 2360 2358 -1 
                      2367 2352 2351 -1 
                      2362 2361 2357 -1 
                      2368 2351 2350 -1 
                      2363 2362 2356 -1 
                      2369 2350 2349 -1 
                      2364 2363 2355 -1 
                      2370 2349 2348 -1 
                      2365 2364 2354 -1 
                      2371 2348 2347 -1 
                      2366 2365 2353 -1 
                      2372 2347 2346 -1 
                      2367 2366 2352 -1 
                      2368 2367 2351 -1 
                      2369 2368 2350 -1 
                      2370 2369 2349 -1 
                      2371 2370 2348 -1 
                      2372 2371 2347 -1 
                      2373 2372 2346 -1 
                      2374 2373 2345 -1 
                      2375 2374 2344 -1 
                      2376 2375 2343 -1 
                      2377 2376 2342 -1 
                      2380 2379 2378 -1 
                      2381 2380 2378 -1 
                      2384 2383 2382 -1 
                      2402 2384 2382 -1 
                      2386 2385 2384 -1 
                      2387 2386 2384 -1 
                      2388 2387 2384 -1 
                      2389 2388 2384 -1 
                      2390 2389 2384 -1 
                      2391 2390 2384 -1 
                      2392 2391 2384 -1 
                      2393 2392 2384 -1 
                      2394 2393 2384 -1 
                      2395 2394 2384 -1 
                      2396 2395 2384 -1 
                      2397 2396 2384 -1 
                      2398 2397 2384 -1 
                      2399 2398 2384 -1 
                      2400 2399 2384 -1 
                      2401 2400 2384 -1 
                      2402 2401 2384 -1 
                      2405 2404 2403 -1 
                      2406 2405 2403 -1 
                      2409 2408 2407 -1 
                      2444 2409 2407 -1 
                      2443 2410 2409 -1 
                      2442 2411 2410 -1 
                      2441 2412 2411 -1 
                      2440 2413 2412 -1 
                      2433 2420 2419 -1 
                      2432 2421 2420 -1 
                      2431 2422 2421 -1 
                      2430 2423 2422 -1 
                      2429 2424 2423 -1 
                      2428 2425 2424 -1 
                      2427 2426 2425 -1 
                      2428 2427 2425 -1 
                      2434 2419 2418 -1 
                      2429 2428 2424 -1 
                      2435 2418 2417 -1 
                      2430 2429 2423 -1 
                      2436 2417 2416 -1 
                      2431 2430 2422 -1 
                      2437 2416 2415 -1 
                      2432 2431 2421 -1 
                      2438 2415 2414 -1 
                      2433 2432 2420 -1 
                      2439 2414 2413 -1 
                      2434 2433 2419 -1 
                      2435 2434 2418 -1 
                      2436 2435 2417 -1 
                      2437 2436 2416 -1 
                      2438 2437 2415 -1 
                      2439 2438 2414 -1 
                      2440 2439 2413 -1 
                      2441 2440 2412 -1 
                      2442 2441 2411 -1 
                      2443 2442 2410 -1 
                      2444 2443 2409 -1 
                      2447 2446 2445 -1 
                      2448 2447 2445 -1 
                      2451 2450 2449 -1 
                      2469 2451 2449 -1 
                      2453 2452 2451 -1 
                      2454 2453 2451 -1 
                      2455 2454 2451 -1 
                      2456 2455 2451 -1 
                      2457 2456 2451 -1 
                      2458 2457 2451 -1 
                      2459 2458 2451 -1 
                      2460 2459 2451 -1 
                      2461 2460 2451 -1 
                      2462 2461 2451 -1 
                      2463 2462 2451 -1 
                      2464 2463 2451 -1 
                      2465 2464 2451 -1 
                      2466 2465 2451 -1 
                      2467 2466 2451 -1 
                      2468 2467 2451 -1 
                      2469 2468 2451 -1 
                      2472 2471 2470 -1 
                      2473 2472 2470 -1 
                      2476 2475 2474 -1 
                      2511 2476 2474 -1 
                      2510 2477 2476 -1 
                      2509 2478 2477 -1 
                      2508 2479 2478 -1 
                      2507 2480 2479 -1 
                      2500 2487 2486 -1 
                      2499 2488 2487 -1 
                      2498 2489 2488 -1 
                      2497 2490 2489 -1 
                      2496 2491 2490 -1 
                      2495 2492 2491 -1 
                      2494 2493 2492 -1 
                      2495 2494 2492 -1 
                      2501 2486 2485 -1 
                      2496 2495 2491 -1 
                      2502 2485 2484 -1 
                      2497 2496 2490 -1 
                      2503 2484 2483 -1 
                      2498 2497 2489 -1 
                      2504 2483 2482 -1 
                      2499 2498 2488 -1 
                      2505 2482 2481 -1 
                      2500 2499 2487 -1 
                      2506 2481 2480 -1 
                      2501 2500 2486 -1 
                      2502 2501 2485 -1 
                      2503 2502 2484 -1 
                      2504 2503 2483 -1 
                      2505 2504 2482 -1 
                      2506 2505 2481 -1 
                      2507 2506 2480 -1 
                      2508 2507 2479 -1 
                      2509 2508 2478 -1 
                      2510 2509 2477 -1 
                      2511 2510 2476 -1 
                      2514 2513 2512 -1 
                      2515 2514 2512 -1 
                      2518 2517 2516 -1 
                      2536 2518 2516 -1 
                      2520 2519 2518 -1 
                      2521 2520 2518 -1 
                      2522 2521 2518 -1 
                      2523 2522 2518 -1 
                      2524 2523 2518 -1 
                      2525 2524 2518 -1 
                      2526 2525 2518 -1 
                      2527 2526 2518 -1 
                      2528 2527 2518 -1 
                      2529 2528 2518 -1 
                      2530 2529 2518 -1 
                      2531 2530 2518 -1 
                      2532 2531 2518 -1 
                      2533 2532 2518 -1 
                      2534 2533 2518 -1 
                      2535 2534 2518 -1 
                      2536 2535 2518 -1 
                      2539 2538 2537 -1 
                      2540 2539 2537 -1 
                      2543 2542 2541 -1 
                      2578 2543 2541 -1 
                      2577 2544 2543 -1 
                      2576 2545 2544 -1 
                      2575 2546 2545 -1 
                      2574 2547 2546 -1 
                      2567 2554 2553 -1 
                      2566 2555 2554 -1 
                      2565 2556 2555 -1 
                      2564 2557 2556 -1 
                      2563 2558 2557 -1 
                      2562 2559 2558 -1 
                      2561 2560 2559 -1 
                      2562 2561 2559 -1 
                      2568 2553 2552 -1 
                      2563 2562 2558 -1 
                      2569 2552 2551 -1 
                      2564 2563 2557 -1 
                      2570 2551 2550 -1 
                      2565 2564 2556 -1 
                      2571 2550 2549 -1 
                      2566 2565 2555 -1 
                      2572 2549 2548 -1 
                      2567 2566 2554 -1 
                      2573 2548 2547 -1 
                      2568 2567 2553 -1 
                      2569 2568 2552 -1 
                      2570 2569 2551 -1 
                      2571 2570 2550 -1 
                      2572 2571 2549 -1 
                      2573 2572 2548 -1 
                      2574 2573 2547 -1 
                      2575 2574 2546 -1 
                      2576 2575 2545 -1 
                      2577 2576 2544 -1 
                      2578 2577 2543 -1 
                      2581 2580 2579 -1 
                      2582 2581 2579 -1 
                      2602 2584 2583 -1 
                      2586 2585 2584 -1 
                      2587 2586 2584 -1 
                      2588 2587 2584 -1 
                      2589 2588 2584 -1 
                      2590 2589 2584 -1 
                      2591 2590 2584 -1 
                      2592 2591 2584 -1 
                      2593 2592 2584 -1 
                      2594 2593 2584 -1 
                      2595 2594 2584 -1 
                      2596 2595 2584 -1 
                      2597 2596 2584 -1 
                      2598 2597 2584 -1 
                      2599 2598 2584 -1 
                      2600 2599 2584 -1 
                      2601 2600 2584 -1 
                      2602 2601 2584 -1 
                      2603 2602 2583 -1 
                      2606 2605 2604 -1 
                      2607 2606 2604 -1 
                      2610 2609 2608 -1 
                      2645 2610 2608 -1 
                      2644 2611 2610 -1 
                      2643 2612 2611 -1 
                      2642 2613 2612 -1 
                      2641 2614 2613 -1 
                      2634 2621 2620 -1 
                      2633 2622 2621 -1 
                      2632 2623 2622 -1 
                      2631 2624 2623 -1 
                      2630 2625 2624 -1 
                      2629 2626 2625 -1 
                      2628 2627 2626 -1 
                      2629 2628 2626 -1 
                      2635 2620 2619 -1 
                      2630 2629 2625 -1 
                      2636 2619 2618 -1 
                      2631 2630 2624 -1 
                      2637 2618 2617 -1 
                      2632 2631 2623 -1 
                      2638 2617 2616 -1 
                      2633 2632 2622 -1 
                      2639 2616 2615 -1 
                      2634 2633 2621 -1 
                      2640 2615 2614 -1 
                      2635 2634 2620 -1 
                      2636 2635 2619 -1 
                      2637 2636 2618 -1 
                      2638 2637 2617 -1 
                      2639 2638 2616 -1 
                      2640 2639 2615 -1 
                      2641 2640 2614 -1 
                      2642 2641 2613 -1 
                      2643 2642 2612 -1 
                      2644 2643 2611 -1 
                      2645 2644 2610 -1 
                      2648 2647 2646 -1 
                      2649 2648 2646 -1 
                      2652 2651 2650 -1 
                      2670 2652 2650 -1 
                      2654 2653 2652 -1 
                      2655 2654 2652 -1 
                      2656 2655 2652 -1 
                      2657 2656 2652 -1 
                      2658 2657 2652 -1 
                      2659 2658 2652 -1 
                      2660 2659 2652 -1 
                      2661 2660 2652 -1 
                      2662 2661 2652 -1 
                      2663 2662 2652 -1 
                      2664 2663 2652 -1 
                      2665 2664 2652 -1 
                      2666 2665 2652 -1 
                      2667 2666 2652 -1 
                      2668 2667 2652 -1 
                      2669 2668 2652 -1 
                      2670 2669 2652 -1 
                      2673 2672 2671 -1 
                      2674 2673 2671 -1 
                      2677 2676 2675 -1 
                      2712 2677 2675 -1 
                      2711 2678 2677 -1 
                      2710 2679 2678 -1 
                      2709 2680 2679 -1 
                      2708 2681 2680 -1 
                      2701 2688 2687 -1 
                      2700 2689 2688 -1 
                      2699 2690 2689 -1 
                      2698 2691 2690 -1 
                      2697 2692 2691 -1 
                      2696 2693 2692 -1 
                      2695 2694 2693 -1 
                      2696 2695 2693 -1 
                      2702 2687 2686 -1 
                      2697 2696 2692 -1 
                      2703 2686 2685 -1 
                      2698 2697 2691 -1 
                      2704 2685 2684 -1 
                      2699 2698 2690 -1 
                      2705 2684 2683 -1 
                      2700 2699 2689 -1 
                      2706 2683 2682 -1 
                      2701 2700 2688 -1 
                      2707 2682 2681 -1 
                      2702 2701 2687 -1 
                      2703 2702 2686 -1 
                      2704 2703 2685 -1 
                      2705 2704 2684 -1 
                      2706 2705 2683 -1 
                      2707 2706 2682 -1 
                      2708 2707 2681 -1 
                      2709 2708 2680 -1 
                      2710 2709 2679 -1 
                      2711 2710 2678 -1 
                      2712 2711 2677 -1 
                      2715 2714 2713 -1 
                      2716 2715 2713 -1 
                      2719 2718 2717 -1 
                      2737 2719 2717 -1 
                      2721 2720 2719 -1 
                      2722 2721 2719 -1 
                      2723 2722 2719 -1 
                      2724 2723 2719 -1 
                      2725 2724 2719 -1 
                      2726 2725 2719 -1 
                      2727 2726 2719 -1 
                      2728 2727 2719 -1 
                      2729 2728 2719 -1 
                      2730 2729 2719 -1 
                      2731 2730 2719 -1 
                      2732 2731 2719 -1 
                      2733 2732 2719 -1 
                      2734 2733 2719 -1 
                      2735 2734 2719 -1 
                      2736 2735 2719 -1 
                      2737 2736 2719 -1 
                      2742 2743 2739 -1 
                      2741 2739 2740 -1 
                      2743 2738 2739 -1 
                      2742 2739 2741 -1 
                      2746 2745 2744 -1 
                      2747 2746 2744 -1 
                      2752 2750 2753 -1 
                      2750 2749 2748 -1 
                      2753 2750 2748 -1 
                      2752 2751 2750 -1 
                      2756 2755 2754 -1 
                      2757 2756 2754 -1 
                      2760 2759 2758 -1 
                      2761 2760 2758 -1 
                      2764 2763 2762 -1 
                      2765 2764 2762 -1 
                    ]
                  }
                }
              ]
            }
          ]
        }
        DEF FRAME-RSM0032A Transform {
          rotation 1 0 0 1.57079632679
          children [
            DEF FRAME-RSM0032A_1 Group {
              children [
                DEF FRAME-RSM0032A_2 Shape {
                  appearance DEF __12 Appearance {
                    material DEF __13 Material {
                      ambientIntensity 0.221739053726
                      diffuseColor 0.901961028576 0.901961028576 0.901961028576
                      shininess 0
                    }
                  }
                  geometry DEF __14 IndexedFaceSet {
                    solid FALSE
                    coord Coordinate {
                      point [
                        -0.0007 0 -0.00035,
                        -0.0007 0.0001 -0.00035,
                        -0.00035 0 -0.0007,
                        -0.00035 0.0001 -0.0007,
                        -0.0007 0.0001 0.0007,
                        -0.0007 0 0.0007,
                        -0.0008 0.0001 -0.0008,
                        -0.0008 0.0001 0.0008,
                        0.0008 0.0001 0.0008,
                        0.0008 0.0001 -0.0008,
                        0.0007 0.0001 -0.0007,
                        0.0007 0.0001 0.0007,
                        -0.0008 0.0002 -0.0008,
                        -0.0008 0.0002 0.0008,
                        0.0008 0.0002 -0.0008,
                        0.0008 0.0002 0.0008,
                        0.0007 0 -0.0007,
                        0.0007 0 0.0007

                      ]
                    }
                    normal Normal {
                      vector [
                        -0.70710677 0 -0.70710677,
                        -0.70710677 0 -0.70710677,
                        -0.70710677 0 -0.70710677,
                        -0.70710677 0 -0.70710677,
                        -1 0 0,
                        -1 0 0,
                        -1 0 0,
                        -1 0 0,
                        -0 -1 -0,
                        -0 -1 -0,
                        -0 -1 -0,
                        -0 -1 -0,
                        -0 -1 -0,
                        -0 -1 -0,
                        -0 -1 -0,
                        -0 -1 -0,
                        -0 -1 -0,
                        -1 0 0,
                        -1 0 0,
                        -1 0 0,
                        -1 0 0,
                        0 0 -1,
                        0 0 -1,
                        0 0 -1,
                        0 0 -1,
                        1 0 0,
                        1 0 0,
                        1 0 0,
                        1 0 0,
                        0 0 1,
                        0 0 1,
                        0 0 1,
                        0 0 1,
                        0 1 0,
                        0 1 0,
                        0 1 0,
                        0 1 0,
                        0 0 -1,
                        0 0 -1,
                        0 0 -1,
                        0 0 -1,
                        0 -1 0,
                        0 -1 0,
                        0 -1 0,
                        0 -1 0,
                        0 -1 0,
                        0 0 1,
                        0 0 1,
                        0 0 1,
                        0 0 1,
                        1 0 0,
                        1 0 0,
                        1 0 0,
                        1 0 0

                      ]
                    }
                    coordIndex [
                      2 0 1 -1 
                      2 1 3 -1 
                      4 1 0 -1 
                      4 0 5 -1 
                      11 8 4 -1 
                      1 7 6 -1 
                      4 8 7 -1 
                      10 8 11 -1 
                      1 4 7 -1 
                      3 6 9 -1 
                      3 1 6 -1 
                      10 9 8 -1 
                      10 3 9 -1 
                      12 7 13 -1 
                      6 7 12 -1 
                      14 6 12 -1 
                      9 6 14 -1 
                      15 9 14 -1 
                      8 9 15 -1 
                      13 8 15 -1 
                      7 8 13 -1 
                      14 13 15 -1 
                      12 13 14 -1 
                      16 3 10 -1 
                      2 3 16 -1 
                      16 17 2 -1 
                      0 2 17 -1 
                      0 17 5 -1 
                      17 4 5 -1 
                      11 4 17 -1 
                      16 11 17 -1 
                      10 11 16 -1 
                    ]
                    normalIndex [
                      2 3 0 -1 
                      2 0 1 -1 
                      6 7 4 -1 
                      6 4 5 -1 
                      16 10 12 -1 
                      13 9 8 -1 
                      12 10 9 -1 
                      15 10 16 -1 
                      13 12 9 -1 
                      14 8 11 -1 
                      14 13 8 -1 
                      15 11 10 -1 
                      15 14 11 -1 
                      19 17 18 -1 
                      20 17 19 -1 
                      23 21 22 -1 
                      24 21 23 -1 
                      27 25 26 -1 
                      28 25 27 -1 
                      31 29 30 -1 
                      32 29 31 -1 
                      35 33 34 -1 
                      36 33 35 -1 
                      39 37 38 -1 
                      40 37 39 -1 
                      42 43 41 -1 
                      45 41 43 -1 
                      45 43 44 -1 
                      48 46 47 -1 
                      49 46 48 -1 
                      52 50 51 -1 
                      53 50 52 -1 
                    ]
                  }
                }
                DEF FRAME-RSM0032A_3 Shape {
                  appearance DEF __16 Appearance {
                    material DEF __17 Material {
                      ambientIntensity 0.221739053726
                      diffuseColor 0.901961028576 0.901961028576 0.901961028576
                      shininess 0
                    }
                  }
                  geometry DEF __18 IndexedFaceSet {
                    solid FALSE
                    coord Coordinate {
                      point [
                        0.00181819805153 0 0.0015,
                        0.00163897622113 0 0.0013207781696,
                        0.002 0 0.0015,
                        0.002 0 0.0013,
                        0.0017 0 0.0013,
                        0.00163897622113 0.0002 0.0013207781696,
                        0.00181819805153 0.0002 0.0015,
                        0.0017 0.0002 0.0013,
                        0.002 0.0002 0.0013,
                        0.002 0.0002 0.0015,
                        0.0016836645202 0 0.00130134326125,
                        0.00166776789675 0 0.001305336958,
                        0.00165273719601 0 0.00131187379868,
                        0.0016836645202 0.0002 0.00130134326125,
                        0.00166776789675 0.0002 0.001305336958,
                        0.00165273719601 0.0002 0.00131187379868

                      ]
                    }
                    normal Normal {
                      vector [
                        -0 -1 -0,
                        -0 -1 -0,
                        -0 -1 -0,
                        -0 -1 -0,
                        -0 -1 -0,
                        -0 -1 -0,
                        -0 -1 -0,
                        -0 -1 -0,
                        -0.70710677 -0 0.70710677,
                        -0.70710677 -0 0.70710677,
                        -0.70710677 -0 0.70710677,
                        -0.70710677 -0 0.70710677,
                        -0.61023778 0 -0.79221833,
                        -0.47262803 0 -0.881262,
                        -0.32232103 0 -0.94663042,
                        -0.1633548 0 -0.98656738,
                        0 0 -1,
                        0 0 -1,
                        -0.1633548 0 -0.98656738,
                        -0.32232103 0 -0.94663042,
                        -0.47262803 0 -0.881262,
                        -0.61023778 0 -0.79221833,
                        0 0 -1,
                        0 0 -1,
                        0 0 -1,
                        0 0 -1,
                        0 0 1,
                        0 0 1,
                        0 0 1,
                        0 0 1,
                        0 1 0,
                        0 1 0,
                        0 1 0,
                        0 1 0,
                        0 1 0,
                        0 1 0,
                        0 1 0,
                        0 1 0

                      ]
                    }
                    coordIndex [
                      4 0 1 -1 
                      3 2 0 -1 
                      4 3 0 -1 
                      10 4 1 -1 
                      11 10 1 -1 
                      12 11 1 -1 
                      5 1 0 -1 
                      6 5 0 -1 
                      15 12 5 -1 
                      14 11 15 -1 
                      13 10 14 -1 
                      7 4 13 -1 
                      10 13 4 -1 
                      11 14 10 -1 
                      12 15 11 -1 
                      1 5 12 -1 
                      8 4 7 -1 
                      3 4 8 -1 
                      9 0 2 -1 
                      6 0 9 -1 
                      8 6 9 -1 
                      7 6 8 -1 
                      5 6 7 -1 
                      14 7 13 -1 
                      15 7 14 -1 
                      5 7 15 -1 
                    ]
                    normalIndex [
                      4 1 0 -1 
                      3 2 1 -1 
                      4 3 1 -1 
                      5 4 0 -1 
                      6 5 0 -1 
                      7 6 0 -1 
                      10 9 8 -1 
                      11 10 8 -1 
                      13 20 12 -1 
                      14 19 13 -1 
                      15 18 14 -1 
                      16 17 15 -1 
                      18 15 17 -1 
                      19 14 18 -1 
                      20 13 19 -1 
                      21 12 20 -1 
                      24 22 23 -1 
                      25 22 24 -1 
                      28 26 27 -1 
                      29 26 28 -1 
                      32 30 31 -1 
                      33 30 32 -1 
                      37 30 33 -1 
                      35 33 34 -1 
                      36 33 35 -1 
                      37 33 36 -1 
                    ]
                  }
                }
                DEF FRAME-RSM0032A_4 Shape {
                  appearance DEF __20 Appearance {
                    material DEF __21 Material {
                      ambientIntensity 0.28835144639
                      diffuseColor 1 0.620000004768 0.519999980927
                      shininess 0
                    }
                  }
                  geometry DEF __22 IndexedFaceSet {
                    solid FALSE
                    coord Coordinate {
                      point [
                        0.002 0 0.0015,
                        0.002 0 0.0013,
                        0.002 0.0002 0.0015,
                        0.002 0.0002 0.0013

                      ]
                    }
                    normal Normal {
                      vector [
                        1 0 0,
                        1 0 0,
                        1 0 0,
                        1 0 0

                      ]
                    }
                    coordIndex [
                      2 1 3 -1 
                      0 1 2 -1 
                    ]
                    normalIndex [
                      2 0 1 -1 
                      3 0 2 -1 
                    ]
                  }
                }
                DEF FRAME-RSM0032A_5 Shape {
                  appearance DEF __24 Appearance {
                    material DEF __25 Material {
                      ambientIntensity 0.221739053726
                      diffuseColor 0.901961028576 0.901961028576 0.901961028576
                      shininess 0
                    }
                  }
                  geometry DEF __26 IndexedFaceSet {
                    solid FALSE
                    coord Coordinate {
                      point [
                        0.002 0 0.0009,
                        0.0017 0 0.0009,
                        0.0017 0 0.0011,
                        0.002 0 0.0011,
                        0.002 0.0002 0.0009,
                        0.0017 0.0002 0.0009,
                        0.0017 0.0002 0.0011,
                        0.002 0.0002 0.0011,
                        0.00168263518223 0 0.000901519224699,
                        0.00166579798567 0 0.000906030737921,
                        0.00165 0 0.000913397459622,
                        0.00163572123903 0 0.000923395555688,
                        0.00162339555569 0 0.000935721239031,
                        0.00161339745962 0 0.00095,
                        0.00160603073792 0 0.000965797985667,
                        0.0016015192247 0 0.000982635182233,
                        0.0016 0 0.001,
                        0.0016015192247 0 0.00101736481777,
                        0.00160603073792 0 0.00103420201433,
                        0.00161339745962 0 0.00105,
                        0.00162339555569 0 0.00106427876097,
                        0.00163572123903 0 0.00107660444431,
                        0.00165 0 0.00108660254038,
                        0.00166579798567 0 0.00109396926208,
                        0.00168263518223 0 0.0010984807753,
                        0.00168263518223 0.0002 0.000901519224699,
                        0.00166579798567 0.0002 0.000906030737921,
                        0.00165 0.0002 0.000913397459622,
                        0.00163572123903 0.0002 0.000923395555688,
                        0.00162339555569 0.0002 0.000935721239031,
                        0.00161339745962 0.0002 0.00095,
                        0.00160603073792 0.0002 0.000965797985667,
                        0.0016015192247 0.0002 0.000982635182233,
                        0.0016 0.0002 0.001,
                        0.0016015192247 0.0002 0.00101736481777,
                        0.00160603073792 0.0002 0.00103420201433,
                        0.00161339745962 0.0002 0.00105,
                        0.00162339555569 0.0002 0.00106427876097,
                        0.00163572123903 0.0002 0.00107660444431,
                        0.00165 0.0002 0.00108660254038,
                        0.00166579798567 0.0002 0.00109396926208,
                        0.00168263518223 0.0002 0.0010984807753

                      ]
                    }
                    normal Normal {
                      vector [
                        -0 -1 -0,
                        -0 -1 -0,
                        -0 -1 -0,
                        -0 -1 -0,
                        -0 -1 -0,
                        -0 -1 -0,
                        -0 -1 -0,
                        -0 -1 -0,
                        -0 -1 -0,
                        -0 -1 -0,
                        -0 -1 -0,
                        -0 -1 -0,
                        -0 -1 -0,
                        -0 -1 -0,
                        -0 -1 -0,
                        -0 -1 -0,
                        -0 -1 -0,
                        -0 -1 -0,
                        -0 -1 -0,
                        -0 -1 -0,
                        -0 -1 -0,
                        0 0 -1,
                        0 0 -1,
                        0 0 -1,
                        0 0 -1,
                        0 0 1,
                        0 0 1,
                        0 0 1,
                        0 0 1,
                        -2.220446e-16 0 1,
                        -2.220446e-16 0 1,
                        -0.17364818 0 0.98480773,
                        -0.34202015 0 0.93969262,
                        -0.5 0 0.86602539,
                        -0.64278764 0 0.76604444,
                        -0.76604444 0 0.64278764,
                        -0.86602539 0 0.5,
                        -0.93969262 0 0.34202015,
                        -0.98480773 0 0.17364818,
                        -1 0 -1.110223e-16,
                        -0.98480773 0 -0.17364818,
                        -0.93969262 0 -0.34202015,
                        -0.86602539 0 -0.5,
                        -0.76604444 0 -0.64278764,
                        -0.64278764 0 -0.76604444,
                        -0.5 0 -0.86602539,
                        -0.34202015 0 -0.93969262,
                        -0.17364818 0 -0.98480773,
                        0 0 -1,
                        0 0 -1,
                        -0.17364818 0 -0.98480773,
                        -0.34202015 0 -0.93969262,
                        -0.5 0 -0.86602539,
                        -0.64278764 0 -0.76604444,
                        -0.76604444 0 -0.64278764,
                        -0.86602539 0 -0.5,
                        -0.93969262 0 -0.34202015,
                        -0.98480773 0 -0.17364818,
                        -1 0 -1.110223e-16,
                        -0.98480773 0 0.17364818,
                        -0.93969262 0 0.34202015,
                        -0.86602539 0 0.5,
                        -0.76604444 0 0.64278764,
                        -0.64278764 0 0.76604444,
                        -0.5 0 0.86602539,
                        -0.34202015 0 0.93969262,
                        -0.17364818 0 0.98480773,
                        0 1 0,
                        0 1 0,
                        0 1 0,
                        0 1 0,
                        0 1 0,
                        0 1 0,
                        0 1 0,
                        0 1 0,
                        0 1 0,
                        0 1 0,
                        0 1 0,
                        0 1 0,
                        0 1 0,
                        0 1 0,
                        0 1 0,
                        0 1 0,
                        0 1 0,
                        0 1 0,
                        0 1 0,
                        0 1 0,
                        0 1 0

                      ]
                    }
                    coordIndex [
                      2 1 0 -1 
                      9 8 1 -1 
                      10 9 1 -1 
                      11 10 1 -1 
                      12 11 1 -1 
                      13 12 1 -1 
                      14 13 1 -1 
                      15 14 1 -1 
                      16 15 1 -1 
                      17 16 1 -1 
                      18 17 1 -1 
                      19 18 1 -1 
                      20 19 1 -1 
                      21 20 1 -1 
                      22 21 1 -1 
                      23 22 1 -1 
                      24 23 1 -1 
                      2 24 1 -1 
                      3 2 0 -1 
                      4 1 5 -1 
                      0 1 4 -1 
                      6 3 7 -1 
                      2 3 6 -1 
                      41 2 6 -1 
                      24 2 41 -1 
                      23 41 40 -1 
                      22 40 39 -1 
                      21 39 38 -1 
                      20 38 37 -1 
                      19 37 36 -1 
                      18 36 35 -1 
                      17 35 34 -1 
                      16 34 33 -1 
                      15 33 32 -1 
                      14 32 31 -1 
                      29 12 30 -1 
                      28 11 29 -1 
                      27 10 28 -1 
                      26 9 27 -1 
                      25 8 26 -1 
                      5 1 25 -1 
                      13 31 30 -1 
                      8 25 1 -1 
                      9 26 8 -1 
                      10 27 9 -1 
                      11 28 10 -1 
                      12 29 11 -1 
                      13 30 12 -1 
                      14 31 13 -1 
                      15 32 14 -1 
                      16 33 15 -1 
                      17 34 16 -1 
                      18 35 17 -1 
                      19 36 18 -1 
                      20 37 19 -1 
                      21 38 20 -1 
                      22 39 21 -1 
                      23 40 22 -1 
                      24 41 23 -1 
                      26 5 25 -1 
                      27 5 26 -1 
                      28 5 27 -1 
                      29 5 28 -1 
                      30 5 29 -1 
                      31 5 30 -1 
                      32 5 31 -1 
                      33 5 32 -1 
                      34 5 33 -1 
                      35 5 34 -1 
                      36 5 35 -1 
                      37 5 36 -1 
                      38 5 37 -1 
                      39 5 38 -1 
                      40 5 39 -1 
                      41 5 40 -1 
                      6 5 41 -1 
                      7 5 6 -1 
                      4 5 7 -1 
                    ]
                    normalIndex [
                      19 1 0 -1 
                      3 2 1 -1 
                      4 3 1 -1 
                      5 4 1 -1 
                      6 5 1 -1 
                      7 6 1 -1 
                      8 7 1 -1 
                      9 8 1 -1 
                      10 9 1 -1 
                      11 10 1 -1 
                      12 11 1 -1 
                      13 12 1 -1 
                      14 13 1 -1 
                      15 14 1 -1 
                      16 15 1 -1 
                      17 16 1 -1 
                      18 17 1 -1 
                      19 18 1 -1 
                      20 19 0 -1 
                      23 21 22 -1 
                      24 21 23 -1 
                      27 25 26 -1 
                      28 25 27 -1 
                      31 29 30 -1 
                      66 29 31 -1 
                      65 31 32 -1 
                      64 32 33 -1 
                      63 33 34 -1 
                      62 34 35 -1 
                      61 35 36 -1 
                      60 36 37 -1 
                      59 37 38 -1 
                      58 38 39 -1 
                      57 39 40 -1 
                      56 40 41 -1 
                      43 54 42 -1 
                      44 53 43 -1 
                      45 52 44 -1 
                      46 51 45 -1 
                      47 50 46 -1 
                      48 49 47 -1 
                      55 41 42 -1 
                      50 47 49 -1 
                      51 46 50 -1 
                      52 45 51 -1 
                      53 44 52 -1 
                      54 43 53 -1 
                      55 42 54 -1 
                      56 41 55 -1 
                      57 40 56 -1 
                      58 39 57 -1 
                      59 38 58 -1 
                      60 37 59 -1 
                      61 36 60 -1 
                      62 35 61 -1 
                      63 34 62 -1 
                      64 33 63 -1 
                      65 32 64 -1 
                      66 31 65 -1 
                      69 67 68 -1 
                      70 67 69 -1 
                      71 67 70 -1 
                      72 67 71 -1 
                      73 67 72 -1 
                      74 67 73 -1 
                      75 67 74 -1 
                      76 67 75 -1 
                      77 67 76 -1 
                      78 67 77 -1 
                      79 67 78 -1 
                      80 67 79 -1 
                      81 67 80 -1 
                      82 67 81 -1 
                      83 67 82 -1 
                      84 67 83 -1 
                      85 67 84 -1 
                      86 67 85 -1 
                      87 67 86 -1 
                    ]
                  }
                }
                DEF FRAME-RSM0032A_6 Shape {
                  appearance DEF __28 Appearance {
                    material DEF __29 Material {
                      ambientIntensity 0.28835144639
                      diffuseColor 1 0.620000004768 0.519999980927
                      shininess 0
                    }
                  }
                  geometry DEF __30 IndexedFaceSet {
                    solid FALSE
                    coord Coordinate {
                      point [
                        0.002 0 0.0011,
                        0.002 0 0.0009,
                        0.002 0.0002 0.0011,
                        0.002 0.0002 0.0009

                      ]
                    }
                    normal Normal {
                      vector [
                        1 0 0,
                        1 0 0,
                        1 0 0,
                        1 0 0

                      ]
                    }
                    coordIndex [
                      2 1 3 -1 
                      0 1 2 -1 
                    ]
                    normalIndex [
                      2 0 1 -1 
                      3 0 2 -1 
                    ]
                  }
                }
                DEF FRAME-RSM0032A_7 Shape {
                  appearance DEF __32 Appearance {
                    material DEF __33 Material {
                      ambientIntensity 0.221739053726
                      diffuseColor 0.901961028576 0.901961028576 0.901961028576
                      shininess 0
                    }
                  }
                  geometry DEF __34 IndexedFaceSet {
                    solid FALSE
                    coord Coordinate {
                      point [
                        0.002 0 0.0005,
                        0.0017 0 0.0005,
                        0.0017 0 0.0007,
                        0.002 0 0.0007,
                        0.002 0.0002 0.0005,
                        0.0017 0.0002 0.0005,
                        0.0017 0.0002 0.0007,
                        0.002 0.0002 0.0007,
                        0.00168263518223 0 0.000501519224699,
                        0.00166579798567 0 0.000506030737921,
                        0.00165 0 0.000513397459622,
                        0.00163572123903 0 0.000523395555688,
                        0.00162339555569 0 0.000535721239031,
                        0.00161339745962 0 0.00055,
                        0.00160603073792 0 0.000565797985667,
                        0.0016015192247 0 0.000582635182233,
                        0.0016 0 0.0006,
                        0.0016015192247 0 0.000617364817767,
                        0.00160603073792 0 0.000634202014333,
                        0.00161339745962 0 0.00065,
                        0.00162339555569 0 0.000664278760969,
                        0.00163572123903 0 0.000676604444312,
                        0.00165 0 0.000686602540378,
                        0.00166579798567 0 0.000693969262079,
                        0.00168263518223 0 0.000698480775301,
                        0.00168263518223 0.0002 0.000501519224699,
                        0.00166579798567 0.0002 0.000506030737921,
                        0.00165 0.0002 0.000513397459622,
                        0.00163572123903 0.0002 0.000523395555688,
                        0.00162339555569 0.0002 0.000535721239031,
                        0.00161339745962 0.0002 0.00055,
                        0.00160603073792 0.0002 0.000565797985667,
                        0.0016015192247 0.0002 0.000582635182233,
                        0.0016 0.0002 0.0006,
                        0.0016015192247 0.0002 0.000617364817767,
                        0.00160603073792 0.0002 0.000634202014333,
                        0.00161339745962 0.0002 0.00065,
                        0.00162339555569 0.0002 0.000664278760969,
                        0.00163572123903 0.0002 0.000676604444312,
                        0.00165 0.0002 0.000686602540378,
                        0.00166579798567 0.0002 0.000693969262079,
                        0.00168263518223 0.0002 0.000698480775301

                      ]
                    }
                    normal Normal {
                      vector [
                        -0 -1 -0,
                        -0 -1 -0,
                        -0 -1 -0,
                        -0 -1 -0,
                        -0 -1 -0,
                        -0 -1 -0,
                        -0 -1 -0,
                        -0 -1 -0,
                        -0 -1 -0,
                        -0 -1 -0,
                        -0 -1 -0,
                        -0 -1 -0,
                        -0 -1 -0,
                        -0 -1 -0,
                        -0 -1 -0,
                        -0 -1 -0,
                        -0 -1 -0,
                        -0 -1 -0,
                        -0 -1 -0,
                        -0 -1 -0,
                        -0 -1 -0,
                        0 0 -1,
                        0 0 -1,
                        0 0 -1,
                        0 0 -1,
                        0 0 1,
                        0 0 1,
                        0 0 1,
                        0 0 1,
                        -2.220446e-16 0 1,
                        -2.220446e-16 0 1,
                        -0.17364818 0 0.98480773,
                        -0.34202015 0 0.93969262,
                        -0.5 0 0.86602539,
                        -0.64278764 0 0.76604444,
                        -0.76604444 0 0.64278764,
                        -0.86602539 0 0.5,
                        -0.93969262 0 0.34202015,
                        -0.98480773 0 0.17364818,
                        -1 0 -1.110223e-16,
                        -0.98480773 0 -0.17364818,
                        -0.93969262 0 -0.34202015,
                        -0.86602539 0 -0.5,
                        -0.76604444 0 -0.64278764,
                        -0.64278764 0 -0.76604444,
                        -0.5 0 -0.86602539,
                        -0.34202015 0 -0.93969262,
                        -0.17364818 0 -0.98480773,
                        0 0 -1,
                        0 0 -1,
                        -0.17364818 0 -0.98480773,
                        -0.34202015 0 -0.93969262,
                        -0.5 0 -0.86602539,
                        -0.64278764 0 -0.76604444,
                        -0.76604444 0 -0.64278764,
                        -0.86602539 0 -0.5,
                        -0.93969262 0 -0.34202015,
                        -0.98480773 0 -0.17364818,
                        -1 0 -1.110223e-16,
                        -0.98480773 0 0.17364818,
                        -0.93969262 0 0.34202015,
                        -0.86602539 0 0.5,
                        -0.76604444 0 0.64278764,
                        -0.64278764 0 0.76604444,
                        -0.5 0 0.86602539,
                        -0.34202015 0 0.93969262,
                        -0.17364818 0 0.98480773,
                        0 1 0,
                        0 1 0,
                        0 1 0,
                        0 1 0,
                        0 1 0,
                        0 1 0,
                        0 1 0,
                        0 1 0,
                        0 1 0,
                        0 1 0,
                        0 1 0,
                        0 1 0,
                        0 1 0,
                        0 1 0,
                        0 1 0,
                        0 1 0,
                        0 1 0,
                        0 1 0,
                        0 1 0,
                        0 1 0,
                        0 1 0

                      ]
                    }
                    coordIndex [
                      2 1 0 -1 
                      9 8 1 -1 
                      10 9 1 -1 
                      11 10 1 -1 
                      12 11 1 -1 
                      13 12 1 -1 
                      14 13 1 -1 
                      15 14 1 -1 
                      16 15 1 -1 
                      17 16 1 -1 
                      18 17 1 -1 
                      19 18 1 -1 
                      20 19 1 -1 
                      21 20 1 -1 
                      22 21 1 -1 
                      23 22 1 -1 
                      24 23 1 -1 
                      2 24 1 -1 
                      3 2 0 -1 
                      4 1 5 -1 
                      0 1 4 -1 
                      6 3 7 -1 
                      2 3 6 -1 
                      41 2 6 -1 
                      24 2 41 -1 
                      23 41 40 -1 
                      22 40 39 -1 
                      21 39 38 -1 
                      20 38 37 -1 
                      19 37 36 -1 
                      18 36 35 -1 
                      17 35 34 -1 
                      16 34 33 -1 
                      15 33 32 -1 
                      14 32 31 -1 
                      29 12 30 -1 
                      28 11 29 -1 
                      27 10 28 -1 
                      26 9 27 -1 
                      25 8 26 -1 
                      5 1 25 -1 
                      13 31 30 -1 
                      8 25 1 -1 
                      9 26 8 -1 
                      10 27 9 -1 
                      11 28 10 -1 
                      12 29 11 -1 
                      13 30 12 -1 
                      14 31 13 -1 
                      15 32 14 -1 
                      16 33 15 -1 
                      17 34 16 -1 
                      18 35 17 -1 
                      19 36 18 -1 
                      20 37 19 -1 
                      21 38 20 -1 
                      22 39 21 -1 
                      23 40 22 -1 
                      24 41 23 -1 
                      26 5 25 -1 
                      27 5 26 -1 
                      28 5 27 -1 
                      29 5 28 -1 
                      30 5 29 -1 
                      31 5 30 -1 
                      32 5 31 -1 
                      33 5 32 -1 
                      34 5 33 -1 
                      35 5 34 -1 
                      36 5 35 -1 
                      37 5 36 -1 
                      38 5 37 -1 
                      39 5 38 -1 
                      40 5 39 -1 
                      41 5 40 -1 
                      6 5 41 -1 
                      7 5 6 -1 
                      4 5 7 -1 
                    ]
                    normalIndex [
                      19 1 0 -1 
                      3 2 1 -1 
                      4 3 1 -1 
                      5 4 1 -1 
                      6 5 1 -1 
                      7 6 1 -1 
                      8 7 1 -1 
                      9 8 1 -1 
                      10 9 1 -1 
                      11 10 1 -1 
                      12 11 1 -1 
                      13 12 1 -1 
                      14 13 1 -1 
                      15 14 1 -1 
                      16 15 1 -1 
                      17 16 1 -1 
                      18 17 1 -1 
                      19 18 1 -1 
                      20 19 0 -1 
                      23 21 22 -1 
                      24 21 23 -1 
                      27 25 26 -1 
                      28 25 27 -1 
                      31 29 30 -1 
                      66 29 31 -1 
                      65 31 32 -1 
                      64 32 33 -1 
                      63 33 34 -1 
                      62 34 35 -1 
                      61 35 36 -1 
                      60 36 37 -1 
                      59 37 38 -1 
                      58 38 39 -1 
                      57 39 40 -1 
                      56 40 41 -1 
                      43 54 42 -1 
                      44 53 43 -1 
                      45 52 44 -1 
                      46 51 45 -1 
                      47 50 46 -1 
                      48 49 47 -1 
                      55 41 42 -1 
                      50 47 49 -1 
                      51 46 50 -1 
                      52 45 51 -1 
                      53 44 52 -1 
                      54 43 53 -1 
                      55 42 54 -1 
                      56 41 55 -1 
                      57 40 56 -1 
                      58 39 57 -1 
                      59 38 58 -1 
                      60 37 59 -1 
                      61 36 60 -1 
                      62 35 61 -1 
                      63 34 62 -1 
                      64 33 63 -1 
                      65 32 64 -1 
                      66 31 65 -1 
                      69 67 68 -1 
                      70 67 69 -1 
                      71 67 70 -1 
                      72 67 71 -1 
                      73 67 72 -1 
                      74 67 73 -1 
                      75 67 74 -1 
                      76 67 75 -1 
                      77 67 76 -1 
                      78 67 77 -1 
                      79 67 78 -1 
                      80 67 79 -1 
                      81 67 80 -1 
                      82 67 81 -1 
                      83 67 82 -1 
                      84 67 83 -1 
                      85 67 84 -1 
                      86 67 85 -1 
                      87 67 86 -1 
                    ]
                  }
                }
                DEF FRAME-RSM0032A_8 Shape {
                  appearance DEF __36 Appearance {
                    material DEF __37 Material {
                      ambientIntensity 0.28835144639
                      diffuseColor 1 0.620000004768 0.519999980927
                      shininess 0
                    }
                  }
                  geometry DEF __38 IndexedFaceSet {
                    solid FALSE
                    coord Coordinate {
                      point [
                        0.002 0 0.0007,
                        0.002 0 0.0005,
                        0.002 0.0002 0.0007,
                        0.002 0.0002 0.0005

                      ]
                    }
                    normal Normal {
                      vector [
                        1 0 0,
                        1 0 0,
                        1 0 0,
                        1 0 0

                      ]
                    }
                    coordIndex [
                      2 1 3 -1 
                      0 1 2 -1 
                    ]
                    normalIndex [
                      2 0 1 -1 
                      3 0 2 -1 
                    ]
                  }
                }
                DEF FRAME-RSM0032A_9 Shape {
                  appearance DEF __40 Appearance {
                    material DEF __41 Material {
                      ambientIntensity 0.221739053726
                      diffuseColor 0.901961028576 0.901961028576 0.901961028576
                      shininess 0
                    }
                  }
                  geometry DEF __42 IndexedFaceSet {
                    solid FALSE
                    coord Coordinate {
                      point [
                        0.002 0 0.0001,
                        0.0017 0 0.0001,
                        0.0017 0 0.0003,
                        0.002 0 0.0003,
                        0.002 0.0002 0.0001,
                        0.0017 0.0002 0.0001,
                        0.0017 0.0002 0.0003,
                        0.002 0.0002 0.0003,
                        0.00168263518223 0 0.000101519224699,
                        0.00166579798567 0 0.000106030737921,
                        0.00165 0 0.000113397459622,
                        0.00163572123903 0 0.000123395555688,
                        0.00162339555569 0 0.000135721239031,
                        0.00161339745962 0 0.00015,
                        0.00160603073792 0 0.000165797985667,
                        0.0016015192247 0 0.000182635182233,
                        0.0016 0 0.0002,
                        0.0016015192247 0 0.000217364817767,
                        0.00160603073792 0 0.000234202014333,
                        0.00161339745962 0 0.00025,
                        0.00162339555569 0 0.000264278760969,
                        0.00163572123903 0 0.000276604444312,
                        0.00165 0 0.000286602540378,
                        0.00166579798567 0 0.000293969262079,
                        0.00168263518223 0 0.000298480775301,
                        0.00168263518223 0.0002 0.000101519224699,
                        0.00166579798567 0.0002 0.000106030737921,
                        0.00165 0.0002 0.000113397459622,
                        0.00163572123903 0.0002 0.000123395555688,
                        0.00162339555569 0.0002 0.000135721239031,
                        0.00161339745962 0.0002 0.00015,
                        0.00160603073792 0.0002 0.000165797985667,
                        0.0016015192247 0.0002 0.000182635182233,
                        0.0016 0.0002 0.0002,
                        0.0016015192247 0.0002 0.000217364817767,
                        0.00160603073792 0.0002 0.000234202014333,
                        0.00161339745962 0.0002 0.00025,
                        0.00162339555569 0.0002 0.000264278760969,
                        0.00163572123903 0.0002 0.000276604444312,
                        0.00165 0.0002 0.000286602540378,
                        0.00166579798567 0.0002 0.000293969262079,
                        0.00168263518223 0.0002 0.000298480775301

                      ]
                    }
                    normal Normal {
                      vector [
                        -0 -1 -0,
                        -0 -1 -0,
                        -0 -1 -0,
                        -0 -1 -0,
                        -0 -1 -0,
                        -0 -1 -0,
                        -0 -1 -0,
                        -0 -1 -0,
                        -0 -1 -0,
                        -0 -1 -0,
                        -0 -1 -0,
                        -0 -1 -0,
                        -0 -1 -0,
                        -0 -1 -0,
                        -0 -1 -0,
                        -0 -1 -0,
                        -0 -1 -0,
                        -0 -1 -0,
                        -0 -1 -0,
                        -0 -1 -0,
                        -0 -1 -0,
                        0 0 -1,
                        0 0 -1,
                        0 0 -1,
                        0 0 -1,
                        0 0 1,
                        0 0 1,
                        0 0 1,
                        0 0 1,
                        -2.220446e-16 0 1,
                        -2.220446e-16 0 1,
                        -0.17364818 0 0.98480773,
                        -0.34202015 0 0.93969262,
                        -0.5 0 0.86602539,
                        -0.64278764 0 0.76604444,
                        -0.76604444 0 0.64278764,
                        -0.86602539 0 0.5,
                        -0.93969262 0 0.34202015,
                        -0.98480773 0 0.17364818,
                        -1 0 -1.110223e-16,
                        -0.98480773 0 -0.17364818,
                        -0.93969262 0 -0.34202015,
                        -0.86602539 0 -0.5,
                        -0.76604444 0 -0.64278764,
                        -0.64278764 0 -0.76604444,
                        -0.5 0 -0.86602539,
                        -0.34202015 0 -0.93969262,
                        -0.17364818 0 -0.98480773,
                        0 0 -1,
                        0 0 -1,
                        -0.17364818 0 -0.98480773,
                        -0.34202015 0 -0.93969262,
                        -0.5 0 -0.86602539,
                        -0.64278764 0 -0.76604444,
                        -0.76604444 0 -0.64278764,
                        -0.86602539 0 -0.5,
                        -0.93969262 0 -0.34202015,
                        -0.98480773 0 -0.17364818,
                        -1 0 -1.110223e-16,
                        -0.98480773 0 0.17364818,
                        -0.93969262 0 0.34202015,
                        -0.86602539 0 0.5,
                        -0.76604444 0 0.64278764,
                        -0.64278764 0 0.76604444,
                        -0.5 0 0.86602539,
                        -0.34202015 0 0.93969262,
                        -0.17364818 0 0.98480773,
                        0 1 0,
                        0 1 0,
                        0 1 0,
                        0 1 0,
                        0 1 0,
                        0 1 0,
                        0 1 0,
                        0 1 0,
                        0 1 0,
                        0 1 0,
                        0 1 0,
                        0 1 0,
                        0 1 0,
                        0 1 0,
                        0 1 0,
                        0 1 0,
                        0 1 0,
                        0 1 0,
                        0 1 0,
                        0 1 0,
                        0 1 0

                      ]
                    }
                    coordIndex [
                      2 1 0 -1 
                      9 8 1 -1 
                      10 9 1 -1 
                      11 10 1 -1 
                      12 11 1 -1 
                      13 12 1 -1 
                      14 13 1 -1 
                      15 14 1 -1 
                      16 15 1 -1 
                      17 16 1 -1 
                      18 17 1 -1 
                      19 18 1 -1 
                      20 19 1 -1 
                      21 20 1 -1 
                      22 21 1 -1 
                      23 22 1 -1 
                      24 23 1 -1 
                      2 24 1 -1 
                      3 2 0 -1 
                      4 1 5 -1 
                      0 1 4 -1 
                      6 3 7 -1 
                      2 3 6 -1 
                      41 2 6 -1 
                      24 2 41 -1 
                      23 41 40 -1 
                      22 40 39 -1 
                      21 39 38 -1 
                      20 38 37 -1 
                      19 37 36 -1 
                      18 36 35 -1 
                      17 35 34 -1 
                      16 34 33 -1 
                      15 33 32 -1 
                      14 32 31 -1 
                      29 12 30 -1 
                      28 11 29 -1 
                      27 10 28 -1 
                      26 9 27 -1 
                      25 8 26 -1 
                      5 1 25 -1 
                      13 31 30 -1 
                      8 25 1 -1 
                      9 26 8 -1 
                      10 27 9 -1 
                      11 28 10 -1 
                      12 29 11 -1 
                      13 30 12 -1 
                      14 31 13 -1 
                      15 32 14 -1 
                      16 33 15 -1 
                      17 34 16 -1 
                      18 35 17 -1 
                      19 36 18 -1 
                      20 37 19 -1 
                      21 38 20 -1 
                      22 39 21 -1 
                      23 40 22 -1 
                      24 41 23 -1 
                      26 5 25 -1 
                      27 5 26 -1 
                      28 5 27 -1 
                      29 5 28 -1 
                      30 5 29 -1 
                      31 5 30 -1 
                      32 5 31 -1 
                      33 5 32 -1 
                      34 5 33 -1 
                      35 5 34 -1 
                      36 5 35 -1 
                      37 5 36 -1 
                      38 5 37 -1 
                      39 5 38 -1 
                      40 5 39 -1 
                      41 5 40 -1 
                      6 5 41 -1 
                      7 4 5 -1 
                      7 5 6 -1 
                    ]
                    normalIndex [
                      19 1 0 -1 
                      3 2 1 -1 
                      4 3 1 -1 
                      5 4 1 -1 
                      6 5 1 -1 
                      7 6 1 -1 
                      8 7 1 -1 
                      9 8 1 -1 
                      10 9 1 -1 
                      11 10 1 -1 
                      12 11 1 -1 
                      13 12 1 -1 
                      14 13 1 -1 
                      15 14 1 -1 
                      16 15 1 -1 
                      17 16 1 -1 
                      18 17 1 -1 
                      19 18 1 -1 
                      20 19 0 -1 
                      23 21 22 -1 
                      24 21 23 -1 
                      27 25 26 -1 
                      28 25 27 -1 
                      31 29 30 -1 
                      66 29 31 -1 
                      65 31 32 -1 
                      64 32 33 -1 
                      63 33 34 -1 
                      62 34 35 -1 
                      61 35 36 -1 
                      60 36 37 -1 
                      59 37 38 -1 
                      58 38 39 -1 
                      57 39 40 -1 
                      56 40 41 -1 
                      43 54 42 -1 
                      44 53 43 -1 
                      45 52 44 -1 
                      46 51 45 -1 
                      47 50 46 -1 
                      48 49 47 -1 
                      55 41 42 -1 
                      50 47 49 -1 
                      51 46 50 -1 
                      52 45 51 -1 
                      53 44 52 -1 
                      54 43 53 -1 
                      55 42 54 -1 
                      56 41 55 -1 
                      57 40 56 -1 
                      58 39 57 -1 
                      59 38 58 -1 
                      60 37 59 -1 
                      61 36 60 -1 
                      62 35 61 -1 
                      63 34 62 -1 
                      64 33 63 -1 
                      65 32 64 -1 
                      66 31 65 -1 
                      69 67 68 -1 
                      70 67 69 -1 
                      71 67 70 -1 
                      72 67 71 -1 
                      73 67 72 -1 
                      74 67 73 -1 
                      75 67 74 -1 
                      76 67 75 -1 
                      77 67 76 -1 
                      78 67 77 -1 
                      79 67 78 -1 
                      80 67 79 -1 
                      81 67 80 -1 
                      82 67 81 -1 
                      83 67 82 -1 
                      84 67 83 -1 
                      85 67 84 -1 
                      86 87 67 -1 
                      86 67 85 -1 
                    ]
                  }
                }
                DEF FRAME-RSM0032A_10 Shape {
                  appearance DEF __44 Appearance {
                    material DEF __45 Material {
                      ambientIntensity 0.28835144639
                      diffuseColor 1 0.620000004768 0.519999980927
                      shininess 0
                    }
                  }
                  geometry DEF __46 IndexedFaceSet {
                    solid FALSE
                    coord Coordinate {
                      point [
                        0.002 0 0.0003,
                        0.002 0 0.0001,
                        0.002 0.0002 0.0003,
                        0.002 0.0002 0.0001

                      ]
                    }
                    normal Normal {
                      vector [
                        1 0 0,
                        1 0 0,
                        1 0 0,
                        1 0 0

                      ]
                    }
                    coordIndex [
                      2 1 3 -1 
                      0 1 2 -1 
                    ]
                    normalIndex [
                      2 0 1 -1 
                      3 0 2 -1 
                    ]
                  }
                }
                DEF FRAME-RSM0032A_11 Shape {
                  appearance DEF __48 Appearance {
                    material DEF __49 Material {
                      ambientIntensity 0.221739053726
                      diffuseColor 0.901961028576 0.901961028576 0.901961028576
                      shininess 0
                    }
                  }
                  geometry DEF __50 IndexedFaceSet {
                    solid FALSE
                    coord Coordinate {
                      point [
                        0.002 0 -0.0003,
                        0.0017 0 -0.0003,
                        0.0017 0 -0.0001,
                        0.002 0 -0.0001,
                        0.002 0.0002 -0.0003,
                        0.0017 0.0002 -0.0003,
                        0.0017 0.0002 -0.0001,
                        0.002 0.0002 -0.0001,
                        0.00168263518223 0 -0.000298480775301,
                        0.00166579798567 0 -0.000293969262079,
                        0.00165 0 -0.000286602540378,
                        0.00163572123903 0 -0.000276604444312,
                        0.00162339555569 0 -0.000264278760969,
                        0.00161339745962 0 -0.00025,
                        0.00160603073792 0 -0.000234202014333,
                        0.0016015192247 0 -0.000217364817767,
                        0.0016 0 -0.0002,
                        0.0016015192247 0 -0.000182635182233,
                        0.00160603073792 0 -0.000165797985667,
                        0.00161339745962 0 -0.00015,
                        0.00162339555569 0 -0.000135721239031,
                        0.00163572123903 0 -0.000123395555688,
                        0.00165 0 -0.000113397459622,
                        0.00166579798567 0 -0.000106030737921,
                        0.00168263518223 0 -0.000101519224699,
                        0.00168263518223 0.0002 -0.000298480775301,
                        0.00166579798567 0.0002 -0.000293969262079,
                        0.00165 0.0002 -0.000286602540378,
                        0.00163572123903 0.0002 -0.000276604444312,
                        0.00162339555569 0.0002 -0.000264278760969,
                        0.00161339745962 0.0002 -0.00025,
                        0.00160603073792 0.0002 -0.000234202014333,
                        0.0016015192247 0.0002 -0.000217364817767,
                        0.0016 0.0002 -0.0002,
                        0.0016015192247 0.0002 -0.000182635182233,
                        0.00160603073792 0.0002 -0.000165797985667,
                        0.00161339745962 0.0002 -0.00015,
                        0.00162339555569 0.0002 -0.000135721239031,
                        0.00163572123903 0.0002 -0.000123395555688,
                        0.00165 0.0002 -0.000113397459622,
                        0.00166579798567 0.0002 -0.000106030737921,
                        0.00168263518223 0.0002 -0.000101519224699

                      ]
                    }
                    normal Normal {
                      vector [
                        -0 -1 -0,
                        -0 -1 -0,
                        -0 -1 -0,
                        -0 -1 -0,
                        -0 -1 -0,
                        -0 -1 -0,
                        -0 -1 -0,
                        -0 -1 -0,
                        -0 -1 -0,
                        -0 -1 -0,
                        -0 -1 -0,
                        -0 -1 -0,
                        -0 -1 -0,
                        -0 -1 -0,
                        -0 -1 -0,
                        -0 -1 -0,
                        -0 -1 -0,
                        -0 -1 -0,
                        -0 -1 -0,
                        -0 -1 -0,
                        -0 -1 -0,
                        0 0 -1,
                        0 0 -1,
                        0 0 -1,
                        0 0 -1,
                        0 0 1,
                        0 0 1,
                        0 0 1,
                        0 0 1,
                        -2.220446e-16 0 1,
                        -2.220446e-16 0 1,
                        -0.17364818 0 0.98480773,
                        -0.34202015 0 0.93969262,
                        -0.5 0 0.86602539,
                        -0.64278764 0 0.76604444,
                        -0.76604444 0 0.64278764,
                        -0.86602539 0 0.5,
                        -0.93969262 0 0.34202015,
                        -0.98480773 0 0.17364818,
                        -1 0 -1.110223e-16,
                        -0.98480773 0 -0.17364818,
                        -0.93969262 0 -0.34202015,
                        -0.86602539 0 -0.5,
                        -0.76604444 0 -0.64278764,
                        -0.64278764 0 -0.76604444,
                        -0.5 0 -0.86602539,
                        -0.34202015 0 -0.93969262,
                        -0.17364818 0 -0.98480773,
                        0 0 -1,
                        0 0 -1,
                        -0.17364818 0 -0.98480773,
                        -0.34202015 0 -0.93969262,
                        -0.5 0 -0.86602539,
                        -0.64278764 0 -0.76604444,
                        -0.76604444 0 -0.64278764,
                        -0.86602539 0 -0.5,
                        -0.93969262 0 -0.34202015,
                        -0.98480773 0 -0.17364818,
                        -1 0 -1.110223e-16,
                        -0.98480773 0 0.17364818,
                        -0.93969262 0 0.34202015,
                        -0.86602539 0 0.5,
                        -0.76604444 0 0.64278764,
                        -0.64278764 0 0.76604444,
                        -0.5 0 0.86602539,
                        -0.34202015 0 0.93969262,
                        -0.17364818 0 0.98480773,
                        0 1 0,
                        0 1 0,
                        0 1 0,
                        0 1 0,
                        0 1 0,
                        0 1 0,
                        0 1 0,
                        0 1 0,
                        0 1 0,
                        0 1 0,
                        0 1 0,
                        0 1 0,
                        0 1 0,
                        0 1 0,
                        0 1 0,
                        0 1 0,
                        0 1 0,
                        0 1 0,
                        0 1 0,
                        0 1 0,
                        0 1 0

                      ]
                    }
                    coordIndex [
                      2 1 0 -1 
                      9 8 1 -1 
                      10 9 1 -1 
                      11 10 1 -1 
                      12 11 1 -1 
                      13 12 1 -1 
                      14 13 1 -1 
                      15 14 1 -1 
                      16 15 1 -1 
                      17 16 1 -1 
                      18 17 1 -1 
                      19 18 1 -1 
                      20 19 1 -1 
                      21 20 1 -1 
                      22 21 1 -1 
                      23 22 1 -1 
                      24 23 1 -1 
                      2 24 1 -1 
                      3 2 0 -1 
                      4 1 5 -1 
                      0 1 4 -1 
                      6 3 7 -1 
                      2 3 6 -1 
                      41 2 6 -1 
                      24 2 41 -1 
                      23 41 40 -1 
                      22 40 39 -1 
                      21 39 38 -1 
                      20 38 37 -1 
                      19 37 36 -1 
                      18 36 35 -1 
                      17 35 34 -1 
                      16 34 33 -1 
                      15 33 32 -1 
                      14 32 31 -1 
                      29 12 30 -1 
                      28 11 29 -1 
                      27 10 28 -1 
                      26 9 27 -1 
                      25 8 26 -1 
                      5 1 25 -1 
                      13 31 30 -1 
                      8 25 1 -1 
                      9 26 8 -1 
                      10 27 9 -1 
                      11 28 10 -1 
                      12 29 11 -1 
                      13 30 12 -1 
                      14 31 13 -1 
                      15 32 14 -1 
                      16 33 15 -1 
                      17 34 16 -1 
                      18 35 17 -1 
                      19 36 18 -1 
                      20 37 19 -1 
                      21 38 20 -1 
                      22 39 21 -1 
                      23 40 22 -1 
                      24 41 23 -1 
                      26 5 25 -1 
                      27 5 26 -1 
                      28 5 27 -1 
                      29 5 28 -1 
                      30 5 29 -1 
                      31 5 30 -1 
                      32 5 31 -1 
                      33 5 32 -1 
                      34 5 33 -1 
                      35 5 34 -1 
                      36 5 35 -1 
                      37 5 36 -1 
                      38 5 37 -1 
                      39 5 38 -1 
                      40 5 39 -1 
                      41 5 40 -1 
                      6 5 41 -1 
                      7 4 5 -1 
                      7 5 6 -1 
                    ]
                    normalIndex [
                      19 1 0 -1 
                      3 2 1 -1 
                      4 3 1 -1 
                      5 4 1 -1 
                      6 5 1 -1 
                      7 6 1 -1 
                      8 7 1 -1 
                      9 8 1 -1 
                      10 9 1 -1 
                      11 10 1 -1 
                      12 11 1 -1 
                      13 12 1 -1 
                      14 13 1 -1 
                      15 14 1 -1 
                      16 15 1 -1 
                      17 16 1 -1 
                      18 17 1 -1 
                      19 18 1 -1 
                      20 19 0 -1 
                      23 21 22 -1 
                      24 21 23 -1 
                      27 25 26 -1 
                      28 25 27 -1 
                      31 29 30 -1 
                      66 29 31 -1 
                      65 31 32 -1 
                      64 32 33 -1 
                      63 33 34 -1 
                      62 34 35 -1 
                      61 35 36 -1 
                      60 36 37 -1 
                      59 37 38 -1 
                      58 38 39 -1 
                      57 39 40 -1 
                      56 40 41 -1 
                      43 54 42 -1 
                      44 53 43 -1 
                      45 52 44 -1 
                      46 51 45 -1 
                      47 50 46 -1 
                      48 49 47 -1 
                      55 41 42 -1 
                      50 47 49 -1 
                      51 46 50 -1 
                      52 45 51 -1 
                      53 44 52 -1 
                      54 43 53 -1 
                      55 42 54 -1 
                      56 41 55 -1 
                      57 40 56 -1 
                      58 39 57 -1 
                      59 38 58 -1 
                      60 37 59 -1 
                      61 36 60 -1 
                      62 35 61 -1 
                      63 34 62 -1 
                      64 33 63 -1 
                      65 32 64 -1 
                      66 31 65 -1 
                      69 67 68 -1 
                      70 67 69 -1 
                      71 67 70 -1 
                      72 67 71 -1 
                      73 67 72 -1 
                      74 67 73 -1 
                      75 67 74 -1 
                      76 67 75 -1 
                      77 67 76 -1 
                      78 67 77 -1 
                      79 67 78 -1 
                      80 67 79 -1 
                      81 67 80 -1 
                      82 67 81 -1 
                      83 67 82 -1 
                      84 67 83 -1 
                      85 67 84 -1 
                      86 87 67 -1 
                      86 67 85 -1 
                    ]
                  }
                }
                DEF FRAME-RSM0032A_12 Shape {
                  appearance DEF __52 Appearance {
                    material DEF __53 Material {
                      ambientIntensity 0.28835144639
                      diffuseColor 1 0.620000004768 0.519999980927
                      shininess 0
                    }
                  }
                  geometry DEF __54 IndexedFaceSet {
                    solid FALSE
                    coord Coordinate {
                      point [
                        0.002 0 -0.0001,
                        0.002 0 -0.0003,
                        0.002 0.0002 -0.0001,
                        0.002 0.0002 -0.0003

                      ]
                    }
                    normal Normal {
                      vector [
                        1 0 0,
                        1 0 0,
                        1 0 0,
                        1 0 0

                      ]
                    }
                    coordIndex [
                      2 1 3 -1 
                      0 1 2 -1 
                    ]
                    normalIndex [
                      2 0 1 -1 
                      3 0 2 -1 
                    ]
                  }
                }
                DEF FRAME-RSM0032A_13 Shape {
                  appearance DEF __56 Appearance {
                    material DEF __57 Material {
                      ambientIntensity 0.221739053726
                      diffuseColor 0.901961028576 0.901961028576 0.901961028576
                      shininess 0
                    }
                  }
                  geometry DEF __58 IndexedFaceSet {
                    solid FALSE
                    coord Coordinate {
                      point [
                        -0.00163897622113 0 0.0013207781696,
                        -0.00181819805153 0 0.0015,
                        -0.0017 0 0.0013,
                        -0.002 0 0.0013,
                        -0.002 0 0.0015,
                        -0.00181819805153 0.0002 0.0015,
                        -0.00163897622113 0.0002 0.0013207781696,
                        -0.002 0.0002 0.0015,
                        -0.0017 0.0002 0.0013,
                        -0.002 0.0002 0.0013,
                        -0.0016836645202 0 0.00130134326125,
                        -0.00166776789675 0 0.001305336958,
                        -0.00165273719601 0 0.00131187379868,
                        -0.0016836645202 0.0002 0.00130134326125,
                        -0.00166776789675 0.0002 0.001305336958,
                        -0.00165273719601 0.0002 0.00131187379868

                      ]
                    }
                    normal Normal {
                      vector [
                        0 -1 0,
                        0 -1 0,
                        0 -1 0,
                        0 -1 0,
                        0 -1 0,
                        0 -1 0,
                        0 -1 0,
                        0 -1 0,
                        0.70710677 -0 0.70710677,
                        0.70710677 -0 0.70710677,
                        0.70710677 -0 0.70710677,
                        0.70710677 -0 0.70710677,
                        -0 -0 1,
                        -0 -0 1,
                        -0 -0 1,
                        -0 -0 1,
                        -0 -0 -1,
                        -0 -0 -1,
                        -0 -0 -1,
                        -0 -0 -1,
                        0.61023778 0 -0.79221833,
                        0.47262803 0 -0.881262,
                        0.32232103 0 -0.94663042,
                        0.1633548 0 -0.98656738,
                        0 0 -1,
                        0 0 -1,
                        0.1633548 0 -0.98656738,
                        0.32232103 0 -0.94663042,
                        0.47262803 0 -0.881262,
                        0.61023778 0 -0.79221833,
                        -0 1 -0,
                        -0 1 -0,
                        -0 1 -0,
                        -0 1 -0,
                        -0 1 -0,
                        -0 1 -0,
                        -0 1 -0,
                        -0 1 -0

                      ]
                    }
                    coordIndex [
                      3 1 4 -1 
                      2 1 3 -1 
                      0 1 2 -1 
                      11 2 10 -1 
                      12 2 11 -1 
                      0 2 12 -1 
                      5 1 0 -1 
                      6 5 0 -1 
                      4 5 7 -1 
                      4 1 5 -1 
                      8 2 3 -1 
                      9 8 3 -1 
                      12 15 0 -1 
                      11 14 12 -1 
                      10 13 11 -1 
                      2 8 10 -1 
                      13 10 8 -1 
                      14 11 13 -1 
                      15 12 14 -1 
                      6 0 15 -1 
                      8 5 6 -1 
                      9 7 5 -1 
                      8 9 5 -1 
                      13 8 6 -1 
                      14 13 6 -1 
                      15 14 6 -1 
                    ]
                    normalIndex [
                      2 0 1 -1 
                      3 0 2 -1 
                      7 0 3 -1 
                      5 3 4 -1 
                      6 3 5 -1 
                      7 3 6 -1 
                      10 9 8 -1 
                      11 10 8 -1 
                      14 12 15 -1 
                      14 13 12 -1 
                      18 17 16 -1 
                      19 18 16 -1 
                      21 28 20 -1 
                      22 27 21 -1 
                      23 26 22 -1 
                      24 25 23 -1 
                      26 23 25 -1 
                      27 22 26 -1 
                      28 21 27 -1 
                      29 20 28 -1 
                      34 31 30 -1 
                      33 32 31 -1 
                      34 33 31 -1 
                      35 34 30 -1 
                      36 35 30 -1 
                      37 36 30 -1 
                    ]
                  }
                }
                DEF FRAME-RSM0032A_14 Shape {
                  appearance DEF __60 Appearance {
                    material DEF __61 Material {
                      ambientIntensity 0.28835144639
                      diffuseColor 1 0.620000004768 0.519999980927
                      shininess 0
                    }
                  }
                  geometry DEF __62 IndexedFaceSet {
                    solid FALSE
                    coord Coordinate {
                      point [
                        -0.002 0 0.0015,
                        -0.002 0 0.0013,
                        -0.002 0.0002 0.0013,
                        -0.002 0.0002 0.0015

                      ]
                    }
                    normal Normal {
                      vector [
                        -1 -0 -0,
                        -1 -0 -0,
                        -1 -0 -0,
                        -1 -0 -0

                      ]
                    }
                    coordIndex [
                      2 1 0 -1 
                      3 2 0 -1 
                    ]
                    normalIndex [
                      2 1 0 -1 
                      3 2 0 -1 
                    ]
                  }
                }
                DEF FRAME-RSM0032A_15 Shape {
                  appearance DEF __64 Appearance {
                    material DEF __65 Material {
                      ambientIntensity 0.221739053726
                      diffuseColor 0.901961028576 0.901961028576 0.901961028576
                      shininess 0
                    }
                  }
                  geometry DEF __66 IndexedFaceSet {
                    solid FALSE
                    coord Coordinate {
                      point [
                        -0.002 0 0.0009,
                        -0.0017 0 0.0009,
                        -0.002 0 0.0011,
                        -0.0017 0 0.0011,
                        -0.0017 0.0002 0.0009,
                        -0.002 0.0002 0.0009,
                        -0.0017 0.0002 0.0011,
                        -0.002 0.0002 0.0011,
                        -0.00168263518223 0 0.000901519224699,
                        -0.00166579798567 0 0.000906030737921,
                        -0.00165 0 0.000913397459622,
                        -0.00163572123903 0 0.000923395555688,
                        -0.00162339555569 0 0.000935721239031,
                        -0.00161339745962 0 0.00095,
                        -0.00160603073792 0 0.000965797985667,
                        -0.0016015192247 0 0.000982635182233,
                        -0.0016 0 0.001,
                        -0.0016015192247 0 0.00101736481777,
                        -0.00160603073792 0 0.00103420201433,
                        -0.00161339745962 0 0.00105,
                        -0.00162339555569 0 0.00106427876097,
                        -0.00163572123903 0 0.00107660444431,
                        -0.00165 0 0.00108660254038,
                        -0.00166579798567 0 0.00109396926208,
                        -0.00168263518223 0 0.0010984807753,
                        -0.00168263518223 0.0002 0.000901519224699,
                        -0.00166579798567 0.0002 0.000906030737921,
                        -0.00165 0.0002 0.000913397459622,
                        -0.00163572123903 0.0002 0.000923395555688,
                        -0.00162339555569 0.0002 0.000935721239031,
                        -0.00161339745962 0.0002 0.00095,
                        -0.00160603073792 0.0002 0.000965797985667,
                        -0.0016015192247 0.0002 0.000982635182233,
                        -0.0016 0.0002 0.001,
                        -0.0016015192247 0.0002 0.00101736481777,
                        -0.00160603073792 0.0002 0.00103420201433,
                        -0.00161339745962 0.0002 0.00105,
                        -0.00162339555569 0.0002 0.00106427876097,
                        -0.00163572123903 0.0002 0.00107660444431,
                        -0.00165 0.0002 0.00108660254038,
                        -0.00166579798567 0.0002 0.00109396926208,
                        -0.00168263518223 0.0002 0.0010984807753

                      ]
                    }
                    normal Normal {
                      vector [
                        0 -1 0,
                        0 -1 0,
                        0 -1 0,
                        0 -1 0,
                        0 -1 0,
                        0 -1 0,
                        0 -1 0,
                        0 -1 0,
                        0 -1 0,
                        0 -1 0,
                        0 -1 0,
                        0 -1 0,
                        0 -1 0,
                        0 -1 0,
                        0 -1 0,
                        0 -1 0,
                        0 -1 0,
                        0 -1 0,
                        0 -1 0,
                        0 -1 0,
                        0 -1 0,
                        -0 -0 -1,
                        -0 -0 -1,
                        -0 -0 -1,
                        -0 -0 -1,
                        0 0 -1,
                        0 0 -1,
                        0.17364818 0 -0.98480773,
                        0.34202015 0 -0.93969262,
                        0.5 0 -0.86602539,
                        0.64278764 0 -0.76604444,
                        0.76604444 0 -0.64278764,
                        0.86602539 0 -0.5,
                        0.93969262 0 -0.34202015,
                        0.98480773 0 -0.17364818,
                        1 0 -1.110223e-16,
                        0.98480773 0 0.17364818,
                        0.93969262 0 0.34202015,
                        0.86602539 0 0.5,
                        0.76604444 0 0.64278764,
                        0.64278764 0 0.76604444,
                        0.5 0 0.86602539,
                        0.34202015 0 0.93969262,
                        0.17364818 0 0.98480773,
                        2.220446e-16 0 1,
                        2.220446e-16 0 1,
                        0.17364818 0 0.98480773,
                        0.34202015 0 0.93969262,
                        0.5 0 0.86602539,
                        0.64278764 0 0.76604444,
                        0.76604444 0 0.64278764,
                        0.86602539 0 0.5,
                        0.93969262 0 0.34202015,
                        0.98480773 0 0.17364818,
                        1 0 -1.110223e-16,
                        0.98480773 0 -0.17364818,
                        0.93969262 0 -0.34202015,
                        0.86602539 0 -0.5,
                        0.76604444 0 -0.64278764,
                        0.64278764 0 -0.76604444,
                        0.5 0 -0.86602539,
                        0.34202015 0 -0.93969262,
                        0.17364818 0 -0.98480773,
                        -0 -0 1,
                        -0 -0 1,
                        -0 -0 1,
                        -0 -0 1,
                        -0 1 -0,
                        -0 1 -0,
                        -0 1 -0,
                        -0 1 -0,
                        -0 1 -0,
                        -0 1 -0,
                        -0 1 -0,
                        -0 1 -0,
                        -0 1 -0,
                        -0 1 -0,
                        -0 1 -0,
                        -0 1 -0,
                        -0 1 -0,
                        -0 1 -0,
                        -0 1 -0,
                        -0 1 -0,
                        -0 1 -0,
                        -0 1 -0,
                        -0 1 -0,
                        -0 1 -0,
                        -0 1 -0

                      ]
                    }
                    coordIndex [
                      9 1 8 -1 
                      10 1 9 -1 
                      11 1 10 -1 
                      12 1 11 -1 
                      13 1 12 -1 
                      14 1 13 -1 
                      15 1 14 -1 
                      16 1 15 -1 
                      17 1 16 -1 
                      18 1 17 -1 
                      19 1 18 -1 
                      20 1 19 -1 
                      21 1 20 -1 
                      22 1 21 -1 
                      23 1 22 -1 
                      24 1 23 -1 
                      3 1 24 -1 
                      2 1 3 -1 
                      0 1 2 -1 
                      4 1 0 -1 
                      5 4 0 -1 
                      25 1 4 -1 
                      8 1 25 -1 
                      9 25 26 -1 
                      10 26 27 -1 
                      11 27 28 -1 
                      12 28 29 -1 
                      13 29 30 -1 
                      19 35 36 -1 
                      20 36 37 -1 
                      21 37 38 -1 
                      22 38 39 -1 
                      23 39 40 -1 
                      24 40 41 -1 
                      3 41 6 -1 
                      18 34 35 -1 
                      24 41 3 -1 
                      17 33 34 -1 
                      23 40 24 -1 
                      16 32 33 -1 
                      22 39 23 -1 
                      15 31 32 -1 
                      21 38 22 -1 
                      20 37 21 -1 
                      14 30 31 -1 
                      19 36 20 -1 
                      18 35 19 -1 
                      17 34 18 -1 
                      16 33 17 -1 
                      15 32 16 -1 
                      14 31 15 -1 
                      13 30 14 -1 
                      12 29 13 -1 
                      11 28 12 -1 
                      10 27 11 -1 
                      9 26 10 -1 
                      8 25 9 -1 
                      7 2 3 -1 
                      6 7 3 -1 
                      6 4 5 -1 
                      26 25 4 -1 
                      27 26 4 -1 
                      28 27 4 -1 
                      29 28 4 -1 
                      30 29 4 -1 
                      31 30 4 -1 
                      32 31 4 -1 
                      33 32 4 -1 
                      34 33 4 -1 
                      35 34 4 -1 
                      36 35 4 -1 
                      37 36 4 -1 
                      38 37 4 -1 
                      39 38 4 -1 
                      40 39 4 -1 
                      41 40 4 -1 
                      6 41 4 -1 
                      7 6 5 -1 
                    ]
                    normalIndex [
                      2 0 1 -1 
                      3 0 2 -1 
                      4 0 3 -1 
                      5 0 4 -1 
                      6 0 5 -1 
                      7 0 6 -1 
                      8 0 7 -1 
                      9 0 8 -1 
                      10 0 9 -1 
                      11 0 10 -1 
                      12 0 11 -1 
                      13 0 12 -1 
                      14 0 13 -1 
                      15 0 14 -1 
                      16 0 15 -1 
                      17 0 16 -1 
                      18 0 17 -1 
                      19 0 18 -1 
                      20 0 19 -1 
                      23 22 21 -1 
                      24 23 21 -1 
                      27 25 26 -1 
                      62 25 27 -1 
                      61 27 28 -1 
                      60 28 29 -1 
                      59 29 30 -1 
                      58 30 31 -1 
                      57 31 32 -1 
                      51 37 38 -1 
                      50 38 39 -1 
                      49 39 40 -1 
                      48 40 41 -1 
                      47 41 42 -1 
                      46 42 43 -1 
                      45 43 44 -1 
                      52 36 37 -1 
                      46 43 45 -1 
                      53 35 36 -1 
                      47 42 46 -1 
                      54 34 35 -1 
                      48 41 47 -1 
                      55 33 34 -1 
                      49 40 48 -1 
                      50 39 49 -1 
                      56 32 33 -1 
                      51 38 50 -1 
                      52 37 51 -1 
                      53 36 52 -1 
                      54 35 53 -1 
                      55 34 54 -1 
                      56 33 55 -1 
                      57 32 56 -1 
                      58 31 57 -1 
                      59 30 58 -1 
                      60 29 59 -1 
                      61 28 60 -1 
                      62 27 61 -1 
                      65 64 63 -1 
                      66 65 63 -1 
                      86 68 67 -1 
                      70 69 68 -1 
                      71 70 68 -1 
                      72 71 68 -1 
                      73 72 68 -1 
                      74 73 68 -1 
                      75 74 68 -1 
                      76 75 68 -1 
                      77 76 68 -1 
                      78 77 68 -1 
                      79 78 68 -1 
                      80 79 68 -1 
                      81 80 68 -1 
                      82 81 68 -1 
                      83 82 68 -1 
                      84 83 68 -1 
                      85 84 68 -1 
                      86 85 68 -1 
                      87 86 67 -1 
                    ]
                  }
                }
                DEF FRAME-RSM0032A_16 Shape {
                  appearance DEF __68 Appearance {
                    material DEF __69 Material {
                      ambientIntensity 0.28835144639
                      diffuseColor 1 0.620000004768 0.519999980927
                      shininess 0
                    }
                  }
                  geometry DEF __70 IndexedFaceSet {
                    solid FALSE
                    coord Coordinate {
                      point [
                        -0.002 0 0.0011,
                        -0.002 0 0.0009,
                        -0.002 0.0002 0.0009,
                        -0.002 0.0002 0.0011

                      ]
                    }
                    normal Normal {
                      vector [
                        -1 -0 -0,
                        -1 -0 -0,
                        -1 -0 -0,
                        -1 -0 -0

                      ]
                    }
                    coordIndex [
                      2 1 0 -1 
                      3 2 0 -1 
                    ]
                    normalIndex [
                      2 1 0 -1 
                      3 2 0 -1 
                    ]
                  }
                }
                DEF FRAME-RSM0032A_17 Shape {
                  appearance DEF __72 Appearance {
                    material DEF __73 Material {
                      ambientIntensity 0.221739053726
                      diffuseColor 0.901961028576 0.901961028576 0.901961028576
                      shininess 0
                    }
                  }
                  geometry DEF __74 IndexedFaceSet {
                    solid FALSE
                    coord Coordinate {
                      point [
                        -0.002 0 0.0005,
                        -0.0017 0 0.0005,
                        -0.002 0 0.0007,
                        -0.0017 0 0.0007,
                        -0.0017 0.0002 0.0005,
                        -0.002 0.0002 0.0005,
                        -0.0017 0.0002 0.0007,
                        -0.002 0.0002 0.0007,
                        -0.00168263518223 0 0.000501519224699,
                        -0.00166579798567 0 0.000506030737921,
                        -0.00165 0 0.000513397459622,
                        -0.00163572123903 0 0.000523395555688,
                        -0.00162339555569 0 0.000535721239031,
                        -0.00161339745962 0 0.00055,
                        -0.00160603073792 0 0.000565797985667,
                        -0.0016015192247 0 0.000582635182233,
                        -0.0016 0 0.0006,
                        -0.0016015192247 0 0.000617364817767,
                        -0.00160603073792 0 0.000634202014333,
                        -0.00161339745962 0 0.00065,
                        -0.00162339555569 0 0.000664278760969,
                        -0.00163572123903 0 0.000676604444312,
                        -0.00165 0 0.000686602540378,
                        -0.00166579798567 0 0.000693969262079,
                        -0.00168263518223 0 0.000698480775301,
                        -0.00168263518223 0.0002 0.000501519224699,
                        -0.00166579798567 0.0002 0.000506030737921,
                        -0.00165 0.0002 0.000513397459622,
                        -0.00163572123903 0.0002 0.000523395555688,
                        -0.00162339555569 0.0002 0.000535721239031,
                        -0.00161339745962 0.0002 0.00055,
                        -0.00160603073792 0.0002 0.000565797985667,
                        -0.0016015192247 0.0002 0.000582635182233,
                        -0.0016 0.0002 0.0006,
                        -0.0016015192247 0.0002 0.000617364817767,
                        -0.00160603073792 0.0002 0.000634202014333,
                        -0.00161339745962 0.0002 0.00065,
                        -0.00162339555569 0.0002 0.000664278760969,
                        -0.00163572123903 0.0002 0.000676604444312,
                        -0.00165 0.0002 0.000686602540378,
                        -0.00166579798567 0.0002 0.000693969262079,
                        -0.00168263518223 0.0002 0.000698480775301

                      ]
                    }
                    normal Normal {
                      vector [
                        0 -1 0,
                        0 -1 0,
                        0 -1 0,
                        0 -1 0,
                        0 -1 0,
                        0 -1 0,
                        0 -1 0,
                        0 -1 0,
                        0 -1 0,
                        0 -1 0,
                        0 -1 0,
                        0 -1 0,
                        0 -1 0,
                        0 -1 0,
                        0 -1 0,
                        0 -1 0,
                        0 -1 0,
                        0 -1 0,
                        0 -1 0,
                        0 -1 0,
                        0 -1 0,
                        -0 -0 -1,
                        -0 -0 -1,
                        -0 -0 -1,
                        -0 -0 -1,
                        0 0 -1,
                        0 0 -1,
                        0.17364818 0 -0.98480773,
                        0.34202015 0 -0.93969262,
                        0.5 0 -0.86602539,
                        0.64278764 0 -0.76604444,
                        0.76604444 0 -0.64278764,
                        0.86602539 0 -0.5,
                        0.93969262 0 -0.34202015,
                        0.98480773 0 -0.17364818,
                        1 0 -1.110223e-16,
                        0.98480773 0 0.17364818,
                        0.93969262 0 0.34202015,
                        0.86602539 0 0.5,
                        0.76604444 0 0.64278764,
                        0.64278764 0 0.76604444,
                        0.5 0 0.86602539,
                        0.34202015 0 0.93969262,
                        0.17364818 0 0.98480773,
                        2.220446e-16 0 1,
                        2.220446e-16 0 1,
                        0.17364818 0 0.98480773,
                        0.34202015 0 0.93969262,
                        0.5 0 0.86602539,
                        0.64278764 0 0.76604444,
                        0.76604444 0 0.64278764,
                        0.86602539 0 0.5,
                        0.93969262 0 0.34202015,
                        0.98480773 0 0.17364818,
                        1 0 -1.110223e-16,
                        0.98480773 0 -0.17364818,
                        0.93969262 0 -0.34202015,
                        0.86602539 0 -0.5,
                        0.76604444 0 -0.64278764,
                        0.64278764 0 -0.76604444,
                        0.5 0 -0.86602539,
                        0.34202015 0 -0.93969262,
                        0.17364818 0 -0.98480773,
                        -0 -0 1,
                        -0 -0 1,
                        -0 -0 1,
                        -0 -0 1,
                        -0 1 -0,
                        -0 1 -0,
                        -0 1 -0,
                        -0 1 -0,
                        -0 1 -0,
                        -0 1 -0,
                        -0 1 -0,
                        -0 1 -0,
                        -0 1 -0,
                        -0 1 -0,
                        -0 1 -0,
                        -0 1 -0,
                        -0 1 -0,
                        -0 1 -0,
                        -0 1 -0,
                        -0 1 -0,
                        -0 1 -0,
                        -0 1 -0,
                        -0 1 -0,
                        -0 1 -0,
                        -0 1 -0

                      ]
                    }
                    coordIndex [
                      9 1 8 -1 
                      10 1 9 -1 
                      11 1 10 -1 
                      12 1 11 -1 
                      13 1 12 -1 
                      14 1 13 -1 
                      15 1 14 -1 
                      16 1 15 -1 
                      17 1 16 -1 
                      18 1 17 -1 
                      19 1 18 -1 
                      20 1 19 -1 
                      21 1 20 -1 
                      22 1 21 -1 
                      23 1 22 -1 
                      24 1 23 -1 
                      3 1 24 -1 
                      2 1 3 -1 
                      0 1 2 -1 
                      4 1 0 -1 
                      5 4 0 -1 
                      25 1 4 -1 
                      8 1 25 -1 
                      9 25 26 -1 
                      10 26 27 -1 
                      11 27 28 -1 
                      12 28 29 -1 
                      13 29 30 -1 
                      19 35 36 -1 
                      20 36 37 -1 
                      21 37 38 -1 
                      22 38 39 -1 
                      23 39 40 -1 
                      24 40 41 -1 
                      3 41 6 -1 
                      18 34 35 -1 
                      24 41 3 -1 
                      17 33 34 -1 
                      23 40 24 -1 
                      16 32 33 -1 
                      22 39 23 -1 
                      15 31 32 -1 
                      21 38 22 -1 
                      20 37 21 -1 
                      14 30 31 -1 
                      19 36 20 -1 
                      18 35 19 -1 
                      17 34 18 -1 
                      16 33 17 -1 
                      15 32 16 -1 
                      14 31 15 -1 
                      13 30 14 -1 
                      12 29 13 -1 
                      11 28 12 -1 
                      10 27 11 -1 
                      9 26 10 -1 
                      8 25 9 -1 
                      7 2 3 -1 
                      6 7 3 -1 
                      6 4 5 -1 
                      26 25 4 -1 
                      27 26 4 -1 
                      28 27 4 -1 
                      29 28 4 -1 
                      30 29 4 -1 
                      31 30 4 -1 
                      32 31 4 -1 
                      33 32 4 -1 
                      34 33 4 -1 
                      35 34 4 -1 
                      36 35 4 -1 
                      37 36 4 -1 
                      38 37 4 -1 
                      39 38 4 -1 
                      40 39 4 -1 
                      41 40 4 -1 
                      6 41 4 -1 
                      7 6 5 -1 
                    ]
                    normalIndex [
                      2 0 1 -1 
                      3 0 2 -1 
                      4 0 3 -1 
                      5 0 4 -1 
                      6 0 5 -1 
                      7 0 6 -1 
                      8 0 7 -1 
                      9 0 8 -1 
                      10 0 9 -1 
                      11 0 10 -1 
                      12 0 11 -1 
                      13 0 12 -1 
                      14 0 13 -1 
                      15 0 14 -1 
                      16 0 15 -1 
                      17 0 16 -1 
                      18 0 17 -1 
                      19 0 18 -1 
                      20 0 19 -1 
                      23 22 21 -1 
                      24 23 21 -1 
                      27 25 26 -1 
                      62 25 27 -1 
                      61 27 28 -1 
                      60 28 29 -1 
                      59 29 30 -1 
                      58 30 31 -1 
                      57 31 32 -1 
                      51 37 38 -1 
                      50 38 39 -1 
                      49 39 40 -1 
                      48 40 41 -1 
                      47 41 42 -1 
                      46 42 43 -1 
                      45 43 44 -1 
                      52 36 37 -1 
                      46 43 45 -1 
                      53 35 36 -1 
                      47 42 46 -1 
                      54 34 35 -1 
                      48 41 47 -1 
                      55 33 34 -1 
                      49 40 48 -1 
                      50 39 49 -1 
                      56 32 33 -1 
                      51 38 50 -1 
                      52 37 51 -1 
                      53 36 52 -1 
                      54 35 53 -1 
                      55 34 54 -1 
                      56 33 55 -1 
                      57 32 56 -1 
                      58 31 57 -1 
                      59 30 58 -1 
                      60 29 59 -1 
                      61 28 60 -1 
                      62 27 61 -1 
                      65 64 63 -1 
                      66 65 63 -1 
                      86 68 67 -1 
                      70 69 68 -1 
                      71 70 68 -1 
                      72 71 68 -1 
                      73 72 68 -1 
                      74 73 68 -1 
                      75 74 68 -1 
                      76 75 68 -1 
                      77 76 68 -1 
                      78 77 68 -1 
                      79 78 68 -1 
                      80 79 68 -1 
                      81 80 68 -1 
                      82 81 68 -1 
                      83 82 68 -1 
                      84 83 68 -1 
                      85 84 68 -1 
                      86 85 68 -1 
                      87 86 67 -1 
                    ]
                  }
                }
                DEF FRAME-RSM0032A_18 Shape {
                  appearance DEF __76 Appearance {
                    material DEF __77 Material {
                      ambientIntensity 0.28835144639
                      diffuseColor 1 0.620000004768 0.519999980927
                      shininess 0
                    }
                  }
                  geometry DEF __78 IndexedFaceSet {
                    solid FALSE
                    coord Coordinate {
                      point [
                        -0.002 0 0.0007,
                        -0.002 0 0.0005,
                        -0.002 0.0002 0.0005,
                        -0.002 0.0002 0.0007

                      ]
                    }
                    normal Normal {
                      vector [
                        -1 -0 -0,
                        -1 -0 -0,
                        -1 -0 -0,
                        -1 -0 -0

                      ]
                    }
                    coordIndex [
                      2 1 0 -1 
                      3 2 0 -1 
                    ]
                    normalIndex [
                      2 1 0 -1 
                      3 2 0 -1 
                    ]
                  }
                }
                DEF FRAME-RSM0032A_19 Shape {
                  appearance DEF __80 Appearance {
                    material DEF __81 Material {
                      ambientIntensity 0.221739053726
                      diffuseColor 0.901961028576 0.901961028576 0.901961028576
                      shininess 0
                    }
                  }
                  geometry DEF __82 IndexedFaceSet {
                    solid FALSE
                    coord Coordinate {
                      point [
                        -0.002 0 0.0001,
                        -0.0017 0 0.0001,
                        -0.002 0 0.0003,
                        -0.0017 0 0.0003,
                        -0.0017 0.0002 0.0001,
                        -0.002 0.0002 0.0001,
                        -0.0017 0.0002 0.0003,
                        -0.002 0.0002 0.0003,
                        -0.00168263518223 0 0.000101519224699,
                        -0.00166579798567 0 0.000106030737921,
                        -0.00165 0 0.000113397459622,
                        -0.00163572123903 0 0.000123395555688,
                        -0.00162339555569 0 0.000135721239031,
                        -0.00161339745962 0 0.00015,
                        -0.00160603073792 0 0.000165797985667,
                        -0.0016015192247 0 0.000182635182233,
                        -0.0016 0 0.0002,
                        -0.0016015192247 0 0.000217364817767,
                        -0.00160603073792 0 0.000234202014333,
                        -0.00161339745962 0 0.00025,
                        -0.00162339555569 0 0.000264278760969,
                        -0.00163572123903 0 0.000276604444312,
                        -0.00165 0 0.000286602540378,
                        -0.00166579798567 0 0.000293969262079,
                        -0.00168263518223 0 0.000298480775301,
                        -0.00168263518223 0.0002 0.000101519224699,
                        -0.00166579798567 0.0002 0.000106030737921,
                        -0.00165 0.0002 0.000113397459622,
                        -0.00163572123903 0.0002 0.000123395555688,
                        -0.00162339555569 0.0002 0.000135721239031,
                        -0.00161339745962 0.0002 0.00015,
                        -0.00160603073792 0.0002 0.000165797985667,
                        -0.0016015192247 0.0002 0.000182635182233,
                        -0.0016 0.0002 0.0002,
                        -0.0016015192247 0.0002 0.000217364817767,
                        -0.00160603073792 0.0002 0.000234202014333,
                        -0.00161339745962 0.0002 0.00025,
                        -0.00162339555569 0.0002 0.000264278760969,
                        -0.00163572123903 0.0002 0.000276604444312,
                        -0.00165 0.0002 0.000286602540378,
                        -0.00166579798567 0.0002 0.000293969262079,
                        -0.00168263518223 0.0002 0.000298480775301

                      ]
                    }
                    normal Normal {
                      vector [
                        0 -1 0,
                        0 -1 0,
                        0 -1 0,
                        0 -1 0,
                        0 -1 0,
                        0 -1 0,
                        0 -1 0,
                        0 -1 0,
                        0 -1 0,
                        0 -1 0,
                        0 -1 0,
                        0 -1 0,
                        0 -1 0,
                        0 -1 0,
                        0 -1 0,
                        0 -1 0,
                        0 -1 0,
                        0 -1 0,
                        0 -1 0,
                        0 -1 0,
                        0 -1 0,
                        -0 -0 -1,
                        -0 -0 -1,
                        -0 -0 -1,
                        -0 -0 -1,
                        0 0 -1,
                        0 0 -1,
                        0.17364818 0 -0.98480773,
                        0.34202015 0 -0.93969262,
                        0.5 0 -0.86602539,
                        0.64278764 0 -0.76604444,
                        0.76604444 0 -0.64278764,
                        0.86602539 0 -0.5,
                        0.93969262 0 -0.34202015,
                        0.98480773 0 -0.17364818,
                        1 0 -1.110223e-16,
                        0.98480773 0 0.17364818,
                        0.93969262 0 0.34202015,
                        0.86602539 0 0.5,
                        0.76604444 0 0.64278764,
                        0.64278764 0 0.76604444,
                        0.5 0 0.86602539,
                        0.34202015 0 0.93969262,
                        0.17364818 0 0.98480773,
                        2.220446e-16 0 1,
                        2.220446e-16 0 1,
                        0.17364818 0 0.98480773,
                        0.34202015 0 0.93969262,
                        0.5 0 0.86602539,
                        0.64278764 0 0.76604444,
                        0.76604444 0 0.64278764,
                        0.86602539 0 0.5,
                        0.93969262 0 0.34202015,
                        0.98480773 0 0.17364818,
                        1 0 -1.110223e-16,
                        0.98480773 0 -0.17364818,
                        0.93969262 0 -0.34202015,
                        0.86602539 0 -0.5,
                        0.76604444 0 -0.64278764,
                        0.64278764 0 -0.76604444,
                        0.5 0 -0.86602539,
                        0.34202015 0 -0.93969262,
                        0.17364818 0 -0.98480773,
                        -0 -0 1,
                        -0 -0 1,
                        -0 -0 1,
                        -0 -0 1,
                        -0 1 -0,
                        -0 1 -0,
                        -0 1 -0,
                        -0 1 -0,
                        -0 1 -0,
                        -0 1 -0,
                        -0 1 -0,
                        -0 1 -0,
                        -0 1 -0,
                        -0 1 -0,
                        -0 1 -0,
                        -0 1 -0,
                        -0 1 -0,
                        -0 1 -0,
                        -0 1 -0,
                        -0 1 -0,
                        -0 1 -0,
                        -0 1 -0,
                        -0 1 -0,
                        -0 1 -0,
                        -0 1 -0

                      ]
                    }
                    coordIndex [
                      9 1 8 -1 
                      10 1 9 -1 
                      11 1 10 -1 
                      12 1 11 -1 
                      13 1 12 -1 
                      14 1 13 -1 
                      15 1 14 -1 
                      16 1 15 -1 
                      17 1 16 -1 
                      18 1 17 -1 
                      19 1 18 -1 
                      20 1 19 -1 
                      21 1 20 -1 
                      22 1 21 -1 
                      23 1 22 -1 
                      24 1 23 -1 
                      3 1 24 -1 
                      2 0 1 -1 
                      2 1 3 -1 
                      4 1 0 -1 
                      5 4 0 -1 
                      25 1 4 -1 
                      8 1 25 -1 
                      9 25 26 -1 
                      10 26 27 -1 
                      11 27 28 -1 
                      12 28 29 -1 
                      13 29 30 -1 
                      19 35 36 -1 
                      20 36 37 -1 
                      21 37 38 -1 
                      22 38 39 -1 
                      23 39 40 -1 
                      24 40 41 -1 
                      3 41 6 -1 
                      18 34 35 -1 
                      24 41 3 -1 
                      17 33 34 -1 
                      23 40 24 -1 
                      16 32 33 -1 
                      22 39 23 -1 
                      15 31 32 -1 
                      21 38 22 -1 
                      20 37 21 -1 
                      14 30 31 -1 
                      19 36 20 -1 
                      18 35 19 -1 
                      17 34 18 -1 
                      16 33 17 -1 
                      15 32 16 -1 
                      14 31 15 -1 
                      13 30 14 -1 
                      12 29 13 -1 
                      11 28 12 -1 
                      10 27 11 -1 
                      9 26 10 -1 
                      8 25 9 -1 
                      7 2 3 -1 
                      6 7 3 -1 
                      6 4 5 -1 
                      26 25 4 -1 
                      27 26 4 -1 
                      28 27 4 -1 
                      29 28 4 -1 
                      30 29 4 -1 
                      31 30 4 -1 
                      32 31 4 -1 
                      33 32 4 -1 
                      34 33 4 -1 
                      35 34 4 -1 
                      36 35 4 -1 
                      37 36 4 -1 
                      38 37 4 -1 
                      39 38 4 -1 
                      40 39 4 -1 
                      41 40 4 -1 
                      6 41 4 -1 
                      7 6 5 -1 
                    ]
                    normalIndex [
                      2 0 1 -1 
                      3 0 2 -1 
                      4 0 3 -1 
                      5 0 4 -1 
                      6 0 5 -1 
                      7 0 6 -1 
                      8 0 7 -1 
                      9 0 8 -1 
                      10 0 9 -1 
                      11 0 10 -1 
                      12 0 11 -1 
                      13 0 12 -1 
                      14 0 13 -1 
                      15 0 14 -1 
                      16 0 15 -1 
                      17 0 16 -1 
                      18 0 17 -1 
                      19 20 0 -1 
                      19 0 18 -1 
                      23 22 21 -1 
                      24 23 21 -1 
                      27 25 26 -1 
                      62 25 27 -1 
                      61 27 28 -1 
                      60 28 29 -1 
                      59 29 30 -1 
                      58 30 31 -1 
                      57 31 32 -1 
                      51 37 38 -1 
                      50 38 39 -1 
                      49 39 40 -1 
                      48 40 41 -1 
                      47 41 42 -1 
                      46 42 43 -1 
                      45 43 44 -1 
                      52 36 37 -1 
                      46 43 45 -1 
                      53 35 36 -1 
                      47 42 46 -1 
                      54 34 35 -1 
                      48 41 47 -1 
                      55 33 34 -1 
                      49 40 48 -1 
                      50 39 49 -1 
                      56 32 33 -1 
                      51 38 50 -1 
                      52 37 51 -1 
                      53 36 52 -1 
                      54 35 53 -1 
                      55 34 54 -1 
                      56 33 55 -1 
                      57 32 56 -1 
                      58 31 57 -1 
                      59 30 58 -1 
                      60 29 59 -1 
                      61 28 60 -1 
                      62 27 61 -1 
                      65 64 63 -1 
                      66 65 63 -1 
                      86 68 67 -1 
                      70 69 68 -1 
                      71 70 68 -1 
                      72 71 68 -1 
                      73 72 68 -1 
                      74 73 68 -1 
                      75 74 68 -1 
                      76 75 68 -1 
                      77 76 68 -1 
                      78 77 68 -1 
                      79 78 68 -1 
                      80 79 68 -1 
                      81 80 68 -1 
                      82 81 68 -1 
                      83 82 68 -1 
                      84 83 68 -1 
                      85 84 68 -1 
                      86 85 68 -1 
                      87 86 67 -1 
                    ]
                  }
                }
                DEF FRAME-RSM0032A_20 Shape {
                  appearance DEF __84 Appearance {
                    material DEF __85 Material {
                      ambientIntensity 0.28835144639
                      diffuseColor 1 0.620000004768 0.519999980927
                      shininess 0
                    }
                  }
                  geometry DEF __86 IndexedFaceSet {
                    solid FALSE
                    coord Coordinate {
                      point [
                        -0.002 0 0.0003,
                        -0.002 0 0.0001,
                        -0.002 0.0002 0.0001,
                        -0.002 0.0002 0.0003

                      ]
                    }
                    normal Normal {
                      vector [
                        -1 -0 -0,
                        -1 -0 -0,
                        -1 -0 -0,
                        -1 -0 -0

                      ]
                    }
                    coordIndex [
                      2 1 0 -1 
                      3 2 0 -1 
                    ]
                    normalIndex [
                      2 1 0 -1 
                      3 2 0 -1 
                    ]
                  }
                }
                DEF FRAME-RSM0032A_21 Shape {
                  appearance DEF __88 Appearance {
                    material DEF __89 Material {
                      ambientIntensity 0.221739053726
                      diffuseColor 0.901961028576 0.901961028576 0.901961028576
                      shininess 0
                    }
                  }
                  geometry DEF __90 IndexedFaceSet {
                    solid FALSE
                    coord Coordinate {
                      point [
                        -0.002 0 -0.0003,
                        -0.0017 0 -0.0003,
                        -0.002 0 -0.0001,
                        -0.0017 0 -0.0001,
                        -0.0017 0.0002 -0.0003,
                        -0.002 0.0002 -0.0003,
                        -0.0017 0.0002 -0.0001,
                        -0.002 0.0002 -0.0001,
                        -0.00168263518223 0 -0.000298480775301,
                        -0.00166579798567 0 -0.000293969262079,
                        -0.00165 0 -0.000286602540378,
                        -0.00163572123903 0 -0.000276604444312,
                        -0.00162339555569 0 -0.000264278760969,
                        -0.00161339745962 0 -0.00025,
                        -0.00160603073792 0 -0.000234202014333,
                        -0.0016015192247 0 -0.000217364817767,
                        -0.0016 0 -0.0002,
                        -0.0016015192247 0 -0.000182635182233,
                        -0.00160603073792 0 -0.000165797985667,
                        -0.00161339745962 0 -0.00015,
                        -0.00162339555569 0 -0.000135721239031,
                        -0.00163572123903 0 -0.000123395555688,
                        -0.00165 0 -0.000113397459622,
                        -0.00166579798567 0 -0.000106030737921,
                        -0.00168263518223 0 -0.000101519224699,
                        -0.00168263518223 0.0002 -0.000298480775301,
                        -0.00166579798567 0.0002 -0.000293969262079,
                        -0.00165 0.0002 -0.000286602540378,
                        -0.00163572123903 0.0002 -0.000276604444312,
                        -0.00162339555569 0.0002 -0.000264278760969,
                        -0.00161339745962 0.0002 -0.00025,
                        -0.00160603073792 0.0002 -0.000234202014333,
                        -0.0016015192247 0.0002 -0.000217364817767,
                        -0.0016 0.0002 -0.0002,
                        -0.0016015192247 0.0002 -0.000182635182233,
                        -0.00160603073792 0.0002 -0.000165797985667,
                        -0.00161339745962 0.0002 -0.00015,
                        -0.00162339555569 0.0002 -0.000135721239031,
                        -0.00163572123903 0.0002 -0.000123395555688,
                        -0.00165 0.0002 -0.000113397459622,
                        -0.00166579798567 0.0002 -0.000106030737921,
                        -0.00168263518223 0.0002 -0.000101519224699

                      ]
                    }
                    normal Normal {
                      vector [
                        0 -1 0,
                        0 -1 0,
                        0 -1 0,
                        0 -1 0,
                        0 -1 0,
                        0 -1 0,
                        0 -1 0,
                        0 -1 0,
                        0 -1 0,
                        0 -1 0,
                        0 -1 0,
                        0 -1 0,
                        0 -1 0,
                        0 -1 0,
                        0 -1 0,
                        0 -1 0,
                        0 -1 0,
                        0 -1 0,
                        0 -1 0,
                        0 -1 0,
                        0 -1 0,
                        -0 -0 -1,
                        -0 -0 -1,
                        -0 -0 -1,
                        -0 -0 -1,
                        0 0 -1,
                        0 0 -1,
                        0.17364818 0 -0.98480773,
                        0.34202015 0 -0.93969262,
                        0.5 0 -0.86602539,
                        0.64278764 0 -0.76604444,
                        0.76604444 0 -0.64278764,
                        0.86602539 0 -0.5,
                        0.93969262 0 -0.34202015,
                        0.98480773 0 -0.17364818,
                        1 0 -1.110223e-16,
                        0.98480773 0 0.17364818,
                        0.93969262 0 0.34202015,
                        0.86602539 0 0.5,
                        0.76604444 0 0.64278764,
                        0.64278764 0 0.76604444,
                        0.5 0 0.86602539,
                        0.34202015 0 0.93969262,
                        0.17364818 0 0.98480773,
                        2.220446e-16 0 1,
                        2.220446e-16 0 1,
                        0.17364818 0 0.98480773,
                        0.34202015 0 0.93969262,
                        0.5 0 0.86602539,
                        0.64278764 0 0.76604444,
                        0.76604444 0 0.64278764,
                        0.86602539 0 0.5,
                        0.93969262 0 0.34202015,
                        0.98480773 0 0.17364818,
                        1 0 -1.110223e-16,
                        0.98480773 0 -0.17364818,
                        0.93969262 0 -0.34202015,
                        0.86602539 0 -0.5,
                        0.76604444 0 -0.64278764,
                        0.64278764 0 -0.76604444,
                        0.5 0 -0.86602539,
                        0.34202015 0 -0.93969262,
                        0.17364818 0 -0.98480773,
                        -0 -0 1,
                        -0 -0 1,
                        -0 -0 1,
                        -0 -0 1,
                        -0 1 -0,
                        -0 1 -0,
                        -0 1 -0,
                        -0 1 -0,
                        -0 1 -0,
                        -0 1 -0,
                        -0 1 -0,
                        -0 1 -0,
                        -0 1 -0,
                        -0 1 -0,
                        -0 1 -0,
                        -0 1 -0,
                        -0 1 -0,
                        -0 1 -0,
                        -0 1 -0,
                        -0 1 -0,
                        -0 1 -0,
                        -0 1 -0,
                        -0 1 -0,
                        -0 1 -0,
                        -0 1 -0

                      ]
                    }
                    coordIndex [
                      9 1 8 -1 
                      10 1 9 -1 
                      11 1 10 -1 
                      12 1 11 -1 
                      13 1 12 -1 
                      14 1 13 -1 
                      15 1 14 -1 
                      16 1 15 -1 
                      17 1 16 -1 
                      18 1 17 -1 
                      19 1 18 -1 
                      20 1 19 -1 
                      21 1 20 -1 
                      22 1 21 -1 
                      23 1 22 -1 
                      24 1 23 -1 
                      3 1 24 -1 
                      2 0 1 -1 
                      2 1 3 -1 
                      4 1 0 -1 
                      5 4 0 -1 
                      25 1 4 -1 
                      8 1 25 -1 
                      9 25 26 -1 
                      10 26 27 -1 
                      11 27 28 -1 
                      12 28 29 -1 
                      13 29 30 -1 
                      19 35 36 -1 
                      20 36 37 -1 
                      21 37 38 -1 
                      22 38 39 -1 
                      23 39 40 -1 
                      24 40 41 -1 
                      3 41 6 -1 
                      18 34 35 -1 
                      24 41 3 -1 
                      17 33 34 -1 
                      23 40 24 -1 
                      16 32 33 -1 
                      22 39 23 -1 
                      15 31 32 -1 
                      21 38 22 -1 
                      20 37 21 -1 
                      14 30 31 -1 
                      19 36 20 -1 
                      18 35 19 -1 
                      17 34 18 -1 
                      16 33 17 -1 
                      15 32 16 -1 
                      14 31 15 -1 
                      13 30 14 -1 
                      12 29 13 -1 
                      11 28 12 -1 
                      10 27 11 -1 
                      9 26 10 -1 
                      8 25 9 -1 
                      7 2 3 -1 
                      6 7 3 -1 
                      6 4 5 -1 
                      26 25 4 -1 
                      27 26 4 -1 
                      28 27 4 -1 
                      29 28 4 -1 
                      30 29 4 -1 
                      31 30 4 -1 
                      32 31 4 -1 
                      33 32 4 -1 
                      34 33 4 -1 
                      35 34 4 -1 
                      36 35 4 -1 
                      37 36 4 -1 
                      38 37 4 -1 
                      39 38 4 -1 
                      40 39 4 -1 
                      41 40 4 -1 
                      6 41 4 -1 
                      7 6 5 -1 
                    ]
                    normalIndex [
                      2 0 1 -1 
                      3 0 2 -1 
                      4 0 3 -1 
                      5 0 4 -1 
                      6 0 5 -1 
                      7 0 6 -1 
                      8 0 7 -1 
                      9 0 8 -1 
                      10 0 9 -1 
                      11 0 10 -1 
                      12 0 11 -1 
                      13 0 12 -1 
                      14 0 13 -1 
                      15 0 14 -1 
                      16 0 15 -1 
                      17 0 16 -1 
                      18 0 17 -1 
                      19 20 0 -1 
                      19 0 18 -1 
                      23 22 21 -1 
                      24 23 21 -1 
                      27 25 26 -1 
                      62 25 27 -1 
                      61 27 28 -1 
                      60 28 29 -1 
                      59 29 30 -1 
                      58 30 31 -1 
                      57 31 32 -1 
                      51 37 38 -1 
                      50 38 39 -1 
                      49 39 40 -1 
                      48 40 41 -1 
                      47 41 42 -1 
                      46 42 43 -1 
                      45 43 44 -1 
                      52 36 37 -1 
                      46 43 45 -1 
                      53 35 36 -1 
                      47 42 46 -1 
                      54 34 35 -1 
                      48 41 47 -1 
                      55 33 34 -1 
                      49 40 48 -1 
                      50 39 49 -1 
                      56 32 33 -1 
                      51 38 50 -1 
                      52 37 51 -1 
                      53 36 52 -1 
                      54 35 53 -1 
                      55 34 54 -1 
                      56 33 55 -1 
                      57 32 56 -1 
                      58 31 57 -1 
                      59 30 58 -1 
                      60 29 59 -1 
                      61 28 60 -1 
                      62 27 61 -1 
                      65 64 63 -1 
                      66 65 63 -1 
                      86 68 67 -1 
                      70 69 68 -1 
                      71 70 68 -1 
                      72 71 68 -1 
                      73 72 68 -1 
                      74 73 68 -1 
                      75 74 68 -1 
                      76 75 68 -1 
                      77 76 68 -1 
                      78 77 68 -1 
                      79 78 68 -1 
                      80 79 68 -1 
                      81 80 68 -1 
                      82 81 68 -1 
                      83 82 68 -1 
                      84 83 68 -1 
                      85 84 68 -1 
                      86 85 68 -1 
                      87 86 67 -1 
                    ]
                  }
                }
                DEF FRAME-RSM0032A_22 Shape {
                  appearance DEF __92 Appearance {
                    material DEF __93 Material {
                      ambientIntensity 0.28835144639
                      diffuseColor 1 0.620000004768 0.519999980927
                      shininess 0
                    }
                  }
                  geometry DEF __94 IndexedFaceSet {
                    solid FALSE
                    coord Coordinate {
                      point [
                        -0.002 0 -0.0001,
                        -0.002 0 -0.0003,
                        -0.002 0.0002 -0.0003,
                        -0.002 0.0002 -0.0001

                      ]
                    }
                    normal Normal {
                      vector [
                        -1 -0 -0,
                        -1 -0 -0,
                        -1 -0 -0,
                        -1 -0 -0

                      ]
                    }
                    coordIndex [
                      2 1 0 -1 
                      3 2 0 -1 
                    ]
                    normalIndex [
                      2 1 0 -1 
                      3 2 0 -1 
                    ]
                  }
                }
                DEF FRAME-RSM0032A_23 Shape {
                  appearance DEF __96 Appearance {
                    material DEF __97 Material {
                      ambientIntensity 0.221739053726
                      diffuseColor 0.901961028576 0.901961028576 0.901961028576
                      shininess 0
                    }
                  }
                  geometry DEF __98 IndexedFaceSet {
                    solid FALSE
                    coord Coordinate {
                      point [
                        0.002 0 -0.0007,
                        0.0017 0 -0.0007,
                        0.0017 0 -0.0005,
                        0.002 0 -0.0005,
                        0.002 0.0002 -0.0007,
                        0.0017 0.0002 -0.0007,
                        0.0017 0.0002 -0.0005,
                        0.002 0.0002 -0.0005,
                        0.00168263518223 0 -0.000698480775301,
                        0.00166579798567 0 -0.000693969262079,
                        0.00165 0 -0.000686602540378,
                        0.00163572123903 0 -0.000676604444312,
                        0.00162339555569 0 -0.000664278760969,
                        0.00161339745962 0 -0.00065,
                        0.00160603073792 0 -0.000634202014333,
                        0.0016015192247 0 -0.000617364817767,
                        0.0016 0 -0.0006,
                        0.0016015192247 0 -0.000582635182233,
                        0.00160603073792 0 -0.000565797985667,
                        0.00161339745962 0 -0.00055,
                        0.00162339555569 0 -0.000535721239031,
                        0.00163572123903 0 -0.000523395555688,
                        0.00165 0 -0.000513397459622,
                        0.00166579798567 0 -0.000506030737921,
                        0.00168263518223 0 -0.000501519224699,
                        0.00168263518223 0.0002 -0.000698480775301,
                        0.00166579798567 0.0002 -0.000693969262079,
                        0.00165 0.0002 -0.000686602540378,
                        0.00163572123903 0.0002 -0.000676604444312,
                        0.00162339555569 0.0002 -0.000664278760969,
                        0.00161339745962 0.0002 -0.00065,
                        0.00160603073792 0.0002 -0.000634202014333,
                        0.0016015192247 0.0002 -0.000617364817767,
                        0.0016 0.0002 -0.0006,
                        0.0016015192247 0.0002 -0.000582635182233,
                        0.00160603073792 0.0002 -0.000565797985667,
                        0.00161339745962 0.0002 -0.00055,
                        0.00162339555569 0.0002 -0.000535721239031,
                        0.00163572123903 0.0002 -0.000523395555688,
                        0.00165 0.0002 -0.000513397459622,
                        0.00166579798567 0.0002 -0.000506030737921,
                        0.00168263518223 0.0002 -0.000501519224699

                      ]
                    }
                    normal Normal {
                      vector [
                        -0 -1 -0,
                        -0 -1 -0,
                        -0 -1 -0,
                        -0 -1 -0,
                        -0 -1 -0,
                        -0 -1 -0,
                        -0 -1 -0,
                        -0 -1 -0,
                        -0 -1 -0,
                        -0 -1 -0,
                        -0 -1 -0,
                        -0 -1 -0,
                        -0 -1 -0,
                        -0 -1 -0,
                        -0 -1 -0,
                        -0 -1 -0,
                        -0 -1 -0,
                        -0 -1 -0,
                        -0 -1 -0,
                        -0 -1 -0,
                        -0 -1 -0,
                        0 0 -1,
                        0 0 -1,
                        0 0 -1,
                        0 0 -1,
                        0 0 1,
                        0 0 1,
                        0 0 1,
                        0 0 1,
                        -2.220446e-16 0 1,
                        -2.220446e-16 0 1,
                        -0.17364818 0 0.98480773,
                        -0.34202015 0 0.93969262,
                        -0.5 0 0.86602539,
                        -0.64278764 0 0.76604444,
                        -0.76604444 0 0.64278764,
                        -0.86602539 0 0.5,
                        -0.93969262 0 0.34202015,
                        -0.98480773 0 0.17364818,
                        -1 0 -1.110223e-16,
                        -0.98480773 0 -0.17364818,
                        -0.93969262 0 -0.34202015,
                        -0.86602539 0 -0.5,
                        -0.76604444 0 -0.64278764,
                        -0.64278764 0 -0.76604444,
                        -0.5 0 -0.86602539,
                        -0.34202015 0 -0.93969262,
                        -0.17364818 0 -0.98480773,
                        0 0 -1,
                        0 0 -1,
                        -0.17364818 0 -0.98480773,
                        -0.34202015 0 -0.93969262,
                        -0.5 0 -0.86602539,
                        -0.64278764 0 -0.76604444,
                        -0.76604444 0 -0.64278764,
                        -0.86602539 0 -0.5,
                        -0.93969262 0 -0.34202015,
                        -0.98480773 0 -0.17364818,
                        -1 0 -1.110223e-16,
                        -0.98480773 0 0.17364818,
                        -0.93969262 0 0.34202015,
                        -0.86602539 0 0.5,
                        -0.76604444 0 0.64278764,
                        -0.64278764 0 0.76604444,
                        -0.5 0 0.86602539,
                        -0.34202015 0 0.93969262,
                        -0.17364818 0 0.98480773,
                        0 1 0,
                        0 1 0,
                        0 1 0,
                        0 1 0,
                        0 1 0,
                        0 1 0,
                        0 1 0,
                        0 1 0,
                        0 1 0,
                        0 1 0,
                        0 1 0,
                        0 1 0,
                        0 1 0,
                        0 1 0,
                        0 1 0,
                        0 1 0,
                        0 1 0,
                        0 1 0,
                        0 1 0,
                        0 1 0,
                        0 1 0

                      ]
                    }
                    coordIndex [
                      2 1 0 -1 
                      9 8 1 -1 
                      10 9 1 -1 
                      11 10 1 -1 
                      12 11 1 -1 
                      13 12 1 -1 
                      14 13 1 -1 
                      15 14 1 -1 
                      16 15 1 -1 
                      17 16 1 -1 
                      18 17 1 -1 
                      19 18 1 -1 
                      20 19 1 -1 
                      21 20 1 -1 
                      22 21 1 -1 
                      23 22 1 -1 
                      24 23 1 -1 
                      2 24 1 -1 
                      3 2 0 -1 
                      4 1 5 -1 
                      0 1 4 -1 
                      6 3 7 -1 
                      2 3 6 -1 
                      41 2 6 -1 
                      24 2 41 -1 
                      23 41 40 -1 
                      22 40 39 -1 
                      21 39 38 -1 
                      20 38 37 -1 
                      19 37 36 -1 
                      18 36 35 -1 
                      17 35 34 -1 
                      16 34 33 -1 
                      15 33 32 -1 
                      14 32 31 -1 
                      29 12 30 -1 
                      28 11 29 -1 
                      27 10 28 -1 
                      26 9 27 -1 
                      25 8 26 -1 
                      5 1 25 -1 
                      13 31 30 -1 
                      8 25 1 -1 
                      9 26 8 -1 
                      10 27 9 -1 
                      11 28 10 -1 
                      12 29 11 -1 
                      13 30 12 -1 
                      14 31 13 -1 
                      15 32 14 -1 
                      16 33 15 -1 
                      17 34 16 -1 
                      18 35 17 -1 
                      19 36 18 -1 
                      20 37 19 -1 
                      21 38 20 -1 
                      22 39 21 -1 
                      23 40 22 -1 
                      24 41 23 -1 
                      26 5 25 -1 
                      27 5 26 -1 
                      28 5 27 -1 
                      29 5 28 -1 
                      30 5 29 -1 
                      31 5 30 -1 
                      32 5 31 -1 
                      33 5 32 -1 
                      34 5 33 -1 
                      35 5 34 -1 
                      36 5 35 -1 
                      37 5 36 -1 
                      38 5 37 -1 
                      39 5 38 -1 
                      40 5 39 -1 
                      41 5 40 -1 
                      6 5 41 -1 
                      7 4 5 -1 
                      7 5 6 -1 
                    ]
                    normalIndex [
                      19 1 0 -1 
                      3 2 1 -1 
                      4 3 1 -1 
                      5 4 1 -1 
                      6 5 1 -1 
                      7 6 1 -1 
                      8 7 1 -1 
                      9 8 1 -1 
                      10 9 1 -1 
                      11 10 1 -1 
                      12 11 1 -1 
                      13 12 1 -1 
                      14 13 1 -1 
                      15 14 1 -1 
                      16 15 1 -1 
                      17 16 1 -1 
                      18 17 1 -1 
                      19 18 1 -1 
                      20 19 0 -1 
                      23 21 22 -1 
                      24 21 23 -1 
                      27 25 26 -1 
                      28 25 27 -1 
                      31 29 30 -1 
                      66 29 31 -1 
                      65 31 32 -1 
                      64 32 33 -1 
                      63 33 34 -1 
                      62 34 35 -1 
                      61 35 36 -1 
                      60 36 37 -1 
                      59 37 38 -1 
                      58 38 39 -1 
                      57 39 40 -1 
                      56 40 41 -1 
                      43 54 42 -1 
                      44 53 43 -1 
                      45 52 44 -1 
                      46 51 45 -1 
                      47 50 46 -1 
                      48 49 47 -1 
                      55 41 42 -1 
                      50 47 49 -1 
                      51 46 50 -1 
                      52 45 51 -1 
                      53 44 52 -1 
                      54 43 53 -1 
                      55 42 54 -1 
                      56 41 55 -1 
                      57 40 56 -1 
                      58 39 57 -1 
                      59 38 58 -1 
                      60 37 59 -1 
                      61 36 60 -1 
                      62 35 61 -1 
                      63 34 62 -1 
                      64 33 63 -1 
                      65 32 64 -1 
                      66 31 65 -1 
                      69 67 68 -1 
                      70 67 69 -1 
                      71 67 70 -1 
                      72 67 71 -1 
                      73 67 72 -1 
                      74 67 73 -1 
                      75 67 74 -1 
                      76 67 75 -1 
                      77 67 76 -1 
                      78 67 77 -1 
                      79 67 78 -1 
                      80 67 79 -1 
                      81 67 80 -1 
                      82 67 81 -1 
                      83 67 82 -1 
                      84 67 83 -1 
                      85 67 84 -1 
                      86 87 67 -1 
                      86 67 85 -1 
                    ]
                  }
                }
                DEF FRAME-RSM0032A_24 Shape {
                  appearance DEF __100 Appearance {
                    material DEF __101 Material {
                      ambientIntensity 0.28835144639
                      diffuseColor 1 0.620000004768 0.519999980927
                      shininess 0
                    }
                  }
                  geometry DEF __102 IndexedFaceSet {
                    solid FALSE
                    coord Coordinate {
                      point [
                        0.002 0 -0.0005,
                        0.002 0 -0.0007,
                        0.002 0.0002 -0.0005,
                        0.002 0.0002 -0.0007

                      ]
                    }
                    normal Normal {
                      vector [
                        1 0 0,
                        1 0 0,
                        1 0 0,
                        1 0 0

                      ]
                    }
                    coordIndex [
                      2 1 3 -1 
                      0 1 2 -1 
                    ]
                    normalIndex [
                      2 0 1 -1 
                      3 0 2 -1 
                    ]
                  }
                }
                DEF FRAME-RSM0032A_25 Shape {
                  appearance DEF __104 Appearance {
                    material DEF __105 Material {
                      ambientIntensity 0.221739053726
                      diffuseColor 0.901961028576 0.901961028576 0.901961028576
                      shininess 0
                    }
                  }
                  geometry DEF __106 IndexedFaceSet {
                    solid FALSE
                    coord Coordinate {
                      point [
                        0.002 0 -0.0011,
                        0.0017 0 -0.0011,
                        0.0017 0 -0.0009,
                        0.002 0 -0.0009,
                        0.002 0.0002 -0.0011,
                        0.0017 0.0002 -0.0011,
                        0.0017 0.0002 -0.0009,
                        0.002 0.0002 -0.0009,
                        0.00168263518223 0 -0.0010984807753,
                        0.00166579798567 0 -0.00109396926208,
                        0.00165 0 -0.00108660254038,
                        0.00163572123903 0 -0.00107660444431,
                        0.00162339555569 0 -0.00106427876097,
                        0.00161339745962 0 -0.00105,
                        0.00160603073792 0 -0.00103420201433,
                        0.0016015192247 0 -0.00101736481777,
                        0.0016 0 -0.001,
                        0.0016015192247 0 -0.000982635182233,
                        0.00160603073792 0 -0.000965797985667,
                        0.00161339745962 0 -0.00095,
                        0.00162339555569 0 -0.000935721239031,
                        0.00163572123903 0 -0.000923395555688,
                        0.00165 0 -0.000913397459622,
                        0.00166579798567 0 -0.000906030737921,
                        0.00168263518223 0 -0.000901519224699,
                        0.00168263518223 0.0002 -0.0010984807753,
                        0.00166579798567 0.0002 -0.00109396926208,
                        0.00165 0.0002 -0.00108660254038,
                        0.00163572123903 0.0002 -0.00107660444431,
                        0.00162339555569 0.0002 -0.00106427876097,
                        0.00161339745962 0.0002 -0.00105,
                        0.00160603073792 0.0002 -0.00103420201433,
                        0.0016015192247 0.0002 -0.00101736481777,
                        0.0016 0.0002 -0.001,
                        0.0016015192247 0.0002 -0.000982635182233,
                        0.00160603073792 0.0002 -0.000965797985667,
                        0.00161339745962 0.0002 -0.00095,
                        0.00162339555569 0.0002 -0.000935721239031,
                        0.00163572123903 0.0002 -0.000923395555688,
                        0.00165 0.0002 -0.000913397459622,
                        0.00166579798567 0.0002 -0.000906030737921,
                        0.00168263518223 0.0002 -0.000901519224699

                      ]
                    }
                    normal Normal {
                      vector [
                        -0 -1 -0,
                        -0 -1 -0,
                        -0 -1 -0,
                        -0 -1 -0,
                        -0 -1 -0,
                        -0 -1 -0,
                        -0 -1 -0,
                        -0 -1 -0,
                        -0 -1 -0,
                        -0 -1 -0,
                        -0 -1 -0,
                        -0 -1 -0,
                        -0 -1 -0,
                        -0 -1 -0,
                        -0 -1 -0,
                        -0 -1 -0,
                        -0 -1 -0,
                        -0 -1 -0,
                        -0 -1 -0,
                        -0 -1 -0,
                        -0 -1 -0,
                        0 0 -1,
                        0 0 -1,
                        0 0 -1,
                        0 0 -1,
                        0 0 1,
                        0 0 1,
                        0 0 1,
                        0 0 1,
                        -2.220446e-16 0 1,
                        -2.220446e-16 0 1,
                        -0.17364818 0 0.98480773,
                        -0.34202015 0 0.93969262,
                        -0.5 0 0.86602539,
                        -0.64278764 0 0.76604444,
                        -0.76604444 0 0.64278764,
                        -0.86602539 0 0.5,
                        -0.93969262 0 0.34202015,
                        -0.98480773 0 0.17364818,
                        -1 0 -2.220446e-16,
                        -0.98480773 0 -0.17364818,
                        -0.93969262 0 -0.34202015,
                        -0.86602539 0 -0.5,
                        -0.76604444 0 -0.64278764,
                        -0.64278764 0 -0.76604444,
                        -0.5 0 -0.86602539,
                        -0.34202015 0 -0.93969262,
                        -0.17364818 0 -0.98480773,
                        0 0 -1,
                        0 0 -1,
                        -0.17364818 0 -0.98480773,
                        -0.34202015 0 -0.93969262,
                        -0.5 0 -0.86602539,
                        -0.64278764 0 -0.76604444,
                        -0.76604444 0 -0.64278764,
                        -0.86602539 0 -0.5,
                        -0.93969262 0 -0.34202015,
                        -0.98480773 0 -0.17364818,
                        -1 0 -2.220446e-16,
                        -0.98480773 0 0.17364818,
                        -0.93969262 0 0.34202015,
                        -0.86602539 0 0.5,
                        -0.76604444 0 0.64278764,
                        -0.64278764 0 0.76604444,
                        -0.5 0 0.86602539,
                        -0.34202015 0 0.93969262,
                        -0.17364818 0 0.98480773,
                        0 1 0,
                        0 1 0,
                        0 1 0,
                        0 1 0,
                        0 1 0,
                        0 1 0,
                        0 1 0,
                        0 1 0,
                        0 1 0,
                        0 1 0,
                        0 1 0,
                        0 1 0,
                        0 1 0,
                        0 1 0,
                        0 1 0,
                        0 1 0,
                        0 1 0,
                        0 1 0,
                        0 1 0,
                        0 1 0,
                        0 1 0

                      ]
                    }
                    coordIndex [
                      2 1 0 -1 
                      9 8 1 -1 
                      10 9 1 -1 
                      11 10 1 -1 
                      12 11 1 -1 
                      13 12 1 -1 
                      14 13 1 -1 
                      15 14 1 -1 
                      16 15 1 -1 
                      17 16 1 -1 
                      18 17 1 -1 
                      19 18 1 -1 
                      20 19 1 -1 
                      21 20 1 -1 
                      22 21 1 -1 
                      23 22 1 -1 
                      24 23 1 -1 
                      2 24 1 -1 
                      3 2 0 -1 
                      4 1 5 -1 
                      0 1 4 -1 
                      6 3 7 -1 
                      2 3 6 -1 
                      41 2 6 -1 
                      24 2 41 -1 
                      23 41 40 -1 
                      22 40 39 -1 
                      21 39 38 -1 
                      20 38 37 -1 
                      19 37 36 -1 
                      18 36 35 -1 
                      17 35 34 -1 
                      16 34 33 -1 
                      15 33 32 -1 
                      14 32 31 -1 
                      29 12 30 -1 
                      28 11 29 -1 
                      27 10 28 -1 
                      26 9 27 -1 
                      25 8 26 -1 
                      5 1 25 -1 
                      13 31 30 -1 
                      8 25 1 -1 
                      9 26 8 -1 
                      10 27 9 -1 
                      11 28 10 -1 
                      12 29 11 -1 
                      13 30 12 -1 
                      14 31 13 -1 
                      15 32 14 -1 
                      16 33 15 -1 
                      17 34 16 -1 
                      18 35 17 -1 
                      19 36 18 -1 
                      20 37 19 -1 
                      21 38 20 -1 
                      22 39 21 -1 
                      23 40 22 -1 
                      24 41 23 -1 
                      26 5 25 -1 
                      27 5 26 -1 
                      28 5 27 -1 
                      29 5 28 -1 
                      30 5 29 -1 
                      31 5 30 -1 
                      32 5 31 -1 
                      33 5 32 -1 
                      34 5 33 -1 
                      35 5 34 -1 
                      36 5 35 -1 
                      37 5 36 -1 
                      38 5 37 -1 
                      39 5 38 -1 
                      40 5 39 -1 
                      41 5 40 -1 
                      6 5 41 -1 
                      7 4 5 -1 
                      7 5 6 -1 
                    ]
                    normalIndex [
                      19 1 0 -1 
                      3 2 1 -1 
                      4 3 1 -1 
                      5 4 1 -1 
                      6 5 1 -1 
                      7 6 1 -1 
                      8 7 1 -1 
                      9 8 1 -1 
                      10 9 1 -1 
                      11 10 1 -1 
                      12 11 1 -1 
                      13 12 1 -1 
                      14 13 1 -1 
                      15 14 1 -1 
                      16 15 1 -1 
                      17 16 1 -1 
                      18 17 1 -1 
                      19 18 1 -1 
                      20 19 0 -1 
                      23 21 22 -1 
                      24 21 23 -1 
                      27 25 26 -1 
                      28 25 27 -1 
                      31 29 30 -1 
                      66 29 31 -1 
                      65 31 32 -1 
                      64 32 33 -1 
                      63 33 34 -1 
                      62 34 35 -1 
                      61 35 36 -1 
                      60 36 37 -1 
                      59 37 38 -1 
                      58 38 39 -1 
                      57 39 40 -1 
                      56 40 41 -1 
                      43 54 42 -1 
                      44 53 43 -1 
                      45 52 44 -1 
                      46 51 45 -1 
                      47 50 46 -1 
                      48 49 47 -1 
                      55 41 42 -1 
                      50 47 49 -1 
                      51 46 50 -1 
                      52 45 51 -1 
                      53 44 52 -1 
                      54 43 53 -1 
                      55 42 54 -1 
                      56 41 55 -1 
                      57 40 56 -1 
                      58 39 57 -1 
                      59 38 58 -1 
                      60 37 59 -1 
                      61 36 60 -1 
                      62 35 61 -1 
                      63 34 62 -1 
                      64 33 63 -1 
                      65 32 64 -1 
                      66 31 65 -1 
                      69 67 68 -1 
                      70 67 69 -1 
                      71 67 70 -1 
                      72 67 71 -1 
                      73 67 72 -1 
                      74 67 73 -1 
                      75 67 74 -1 
                      76 67 75 -1 
                      77 67 76 -1 
                      78 67 77 -1 
                      79 67 78 -1 
                      80 67 79 -1 
                      81 67 80 -1 
                      82 67 81 -1 
                      83 67 82 -1 
                      84 67 83 -1 
                      85 67 84 -1 
                      86 87 67 -1 
                      86 67 85 -1 
                    ]
                  }
                }
                DEF FRAME-RSM0032A_26 Shape {
                  appearance DEF __108 Appearance {
                    material DEF __109 Material {
                      ambientIntensity 0.28835144639
                      diffuseColor 1 0.620000004768 0.519999980927
                      shininess 0
                    }
                  }
                  geometry DEF __110 IndexedFaceSet {
                    solid FALSE
                    coord Coordinate {
                      point [
                        0.002 0 -0.0009,
                        0.002 0 -0.0011,
                        0.002 0.0002 -0.0009,
                        0.002 0.0002 -0.0011

                      ]
                    }
                    normal Normal {
                      vector [
                        1 0 0,
                        1 0 0,
                        1 0 0,
                        1 0 0

                      ]
                    }
                    coordIndex [
                      2 1 3 -1 
                      0 1 2 -1 
                    ]
                    normalIndex [
                      2 0 1 -1 
                      3 0 2 -1 
                    ]
                  }
                }
                DEF FRAME-RSM0032A_27 Shape {
                  appearance DEF __112 Appearance {
                    material DEF __113 Material {
                      ambientIntensity 0.221739053726
                      diffuseColor 0.901961028576 0.901961028576 0.901961028576
                      shininess 0
                    }
                  }
                  geometry DEF __114 IndexedFaceSet {
                    solid FALSE
                    coord Coordinate {
                      point [
                        0.00163897622113 0 -0.0013207781696,
                        0.00181819805153 0 -0.0015,
                        0.0017 0 -0.0013,
                        0.002 0 -0.0013,
                        0.002 0 -0.0015,
                        0.00181819805153 0.0002 -0.0015,
                        0.00163897622113 0.0002 -0.0013207781696,
                        0.002 0.0002 -0.0015,
                        0.0017 0.0002 -0.0013,
                        0.002 0.0002 -0.0013,
                        0.00165273719601 0 -0.00131187379868,
                        0.00166776789675 0 -0.001305336958,
                        0.0016836645202 0 -0.00130134326125,
                        0.00165273719601 0.0002 -0.00131187379868,
                        0.00166776789675 0.0002 -0.001305336958,
                        0.0016836645202 0.0002 -0.00130134326125

                      ]
                    }
                    normal Normal {
                      vector [
                        -0 -1 -0,
                        -0 -1 -0,
                        -0 -1 -0,
                        -0 -1 -0,
                        -0 -1 -0,
                        -0 -1 -0,
                        -0 -1 -0,
                        -0 -1 -0,
                        -0.70710677 -0 -0.70710677,
                        -0.70710677 -0 -0.70710677,
                        -0.70710677 -0 -0.70710677,
                        -0.70710677 -0 -0.70710677,
                        0 0 -1,
                        0 0 -1,
                        0 0 -1,
                        0 0 -1,
                        0 0 1,
                        0 0 1,
                        0 0 1,
                        0 0 1,
                        -0.61023778 0 0.79221833,
                        -0.47262803 0 0.881262,
                        -0.32232103 0 0.94663042,
                        -0.1633548 0 0.98656738,
                        6.6613381e-16 0 1,
                        -2.220446e-16 0 1,
                        -0.1633548 0 0.98656738,
                        -0.32232103 0 0.94663042,
                        -0.47262803 0 0.881262,
                        -0.61023778 0 0.79221833,
                        0 1 0,
                        0 1 0,
                        0 1 0,
                        0 1 0,
                        0 1 0,
                        0 1 0,
                        0 1 0,
                        0 1 0

                      ]
                    }
                    coordIndex [
                      2 0 1 -1 
                      11 10 0 -1 
                      12 11 0 -1 
                      2 12 0 -1 
                      3 1 4 -1 
                      3 2 1 -1 
                      5 1 0 -1 
                      6 5 0 -1 
                      7 4 5 -1 
                      1 5 4 -1 
                      8 3 9 -1 
                      2 3 8 -1 
                      13 0 10 -1 
                      14 10 11 -1 
                      15 11 12 -1 
                      8 12 2 -1 
                      15 12 8 -1 
                      14 11 15 -1 
                      13 10 14 -1 
                      6 0 13 -1 
                      14 6 13 -1 
                      15 6 14 -1 
                      8 6 15 -1 
                      5 6 8 -1 
                      5 8 9 -1 
                      5 9 7 -1 
                    ]
                    normalIndex [
                      5 1 0 -1 
                      3 2 1 -1 
                      4 3 1 -1 
                      5 4 1 -1 
                      6 0 7 -1 
                      6 5 0 -1 
                      10 9 8 -1 
                      11 10 8 -1 
                      13 14 12 -1 
                      15 12 14 -1 
                      18 16 17 -1 
                      19 16 18 -1 
                      28 20 21 -1 
                      27 21 22 -1 
                      26 22 23 -1 
                      25 23 24 -1 
                      26 23 25 -1 
                      27 22 26 -1 
                      28 21 27 -1 
                      29 20 28 -1 
                      32 30 31 -1 
                      33 30 32 -1 
                      34 30 33 -1 
                      37 30 34 -1 
                      37 34 35 -1 
                      37 35 36 -1 
                    ]
                  }
                }
                DEF FRAME-RSM0032A_28 Shape {
                  appearance DEF __116 Appearance {
                    material DEF __117 Material {
                      ambientIntensity 0.28835144639
                      diffuseColor 1 0.620000004768 0.519999980927
                      shininess 0
                    }
                  }
                  geometry DEF __118 IndexedFaceSet {
                    solid FALSE
                    coord Coordinate {
                      point [
                        0.002 0 -0.0013,
                        0.002 0 -0.0015,
                        0.002 0.0002 -0.0013,
                        0.002 0.0002 -0.0015

                      ]
                    }
                    normal Normal {
                      vector [
                        1 0 0,
                        1 0 0,
                        1 0 0,
                        1 0 0

                      ]
                    }
                    coordIndex [
                      2 1 3 -1 
                      0 1 2 -1 
                    ]
                    normalIndex [
                      2 0 1 -1 
                      3 0 2 -1 
                    ]
                  }
                }
                DEF FRAME-RSM0032A_29 Shape {
                  appearance DEF __120 Appearance {
                    material DEF __121 Material {
                      ambientIntensity 0.221739053726
                      diffuseColor 0.901961028576 0.901961028576 0.901961028576
                      shininess 0
                    }
                  }
                  geometry DEF __122 IndexedFaceSet {
                    solid FALSE
                    coord Coordinate {
                      point [
                        -0.002 0 -0.0007,
                        -0.0017 0 -0.0007,
                        -0.002 0 -0.0005,
                        -0.0017 0 -0.0005,
                        -0.0017 0.0002 -0.0007,
                        -0.002 0.0002 -0.0007,
                        -0.0017 0.0002 -0.0005,
                        -0.002 0.0002 -0.0005,
                        -0.00168263518223 0 -0.000698480775301,
                        -0.00166579798567 0 -0.000693969262079,
                        -0.00165 0 -0.000686602540378,
                        -0.00163572123903 0 -0.000676604444312,
                        -0.00162339555569 0 -0.000664278760969,
                        -0.00161339745962 0 -0.00065,
                        -0.00160603073792 0 -0.000634202014333,
                        -0.0016015192247 0 -0.000617364817767,
                        -0.0016 0 -0.0006,
                        -0.0016015192247 0 -0.000582635182233,
                        -0.00160603073792 0 -0.000565797985667,
                        -0.00161339745962 0 -0.00055,
                        -0.00162339555569 0 -0.000535721239031,
                        -0.00163572123903 0 -0.000523395555688,
                        -0.00165 0 -0.000513397459622,
                        -0.00166579798567 0 -0.000506030737921,
                        -0.00168263518223 0 -0.000501519224699,
                        -0.00168263518223 0.0002 -0.000698480775301,
                        -0.00166579798567 0.0002 -0.000693969262079,
                        -0.00165 0.0002 -0.000686602540378,
                        -0.00163572123903 0.0002 -0.000676604444312,
                        -0.00162339555569 0.0002 -0.000664278760969,
                        -0.00161339745962 0.0002 -0.00065,
                        -0.00160603073792 0.0002 -0.000634202014333,
                        -0.0016015192247 0.0002 -0.000617364817767,
                        -0.0016 0.0002 -0.0006,
                        -0.0016015192247 0.0002 -0.000582635182233,
                        -0.00160603073792 0.0002 -0.000565797985667,
                        -0.00161339745962 0.0002 -0.00055,
                        -0.00162339555569 0.0002 -0.000535721239031,
                        -0.00163572123903 0.0002 -0.000523395555688,
                        -0.00165 0.0002 -0.000513397459622,
                        -0.00166579798567 0.0002 -0.000506030737921,
                        -0.00168263518223 0.0002 -0.000501519224699

                      ]
                    }
                    normal Normal {
                      vector [
                        0 -1 0,
                        0 -1 0,
                        0 -1 0,
                        0 -1 0,
                        0 -1 0,
                        0 -1 0,
                        0 -1 0,
                        0 -1 0,
                        0 -1 0,
                        0 -1 0,
                        0 -1 0,
                        0 -1 0,
                        0 -1 0,
                        0 -1 0,
                        0 -1 0,
                        0 -1 0,
                        0 -1 0,
                        0 -1 0,
                        0 -1 0,
                        0 -1 0,
                        0 -1 0,
                        -0 -0 -1,
                        -0 -0 -1,
                        -0 -0 -1,
                        -0 -0 -1,
                        0 0 -1,
                        0 0 -1,
                        0.17364818 0 -0.98480773,
                        0.34202015 0 -0.93969262,
                        0.5 0 -0.86602539,
                        0.64278764 0 -0.76604444,
                        0.76604444 0 -0.64278764,
                        0.86602539 0 -0.5,
                        0.93969262 0 -0.34202015,
                        0.98480773 0 -0.17364818,
                        1 0 -1.110223e-16,
                        0.98480773 0 0.17364818,
                        0.93969262 0 0.34202015,
                        0.86602539 0 0.5,
                        0.76604444 0 0.64278764,
                        0.64278764 0 0.76604444,
                        0.5 0 0.86602539,
                        0.34202015 0 0.93969262,
                        0.17364818 0 0.98480773,
                        2.220446e-16 0 1,
                        2.220446e-16 0 1,
                        0.17364818 0 0.98480773,
                        0.34202015 0 0.93969262,
                        0.5 0 0.86602539,
                        0.64278764 0 0.76604444,
                        0.76604444 0 0.64278764,
                        0.86602539 0 0.5,
                        0.93969262 0 0.34202015,
                        0.98480773 0 0.17364818,
                        1 0 -1.110223e-16,
                        0.98480773 0 -0.17364818,
                        0.93969262 0 -0.34202015,
                        0.86602539 0 -0.5,
                        0.76604444 0 -0.64278764,
                        0.64278764 0 -0.76604444,
                        0.5 0 -0.86602539,
                        0.34202015 0 -0.93969262,
                        0.17364818 0 -0.98480773,
                        -0 -0 1,
                        -0 -0 1,
                        -0 -0 1,
                        -0 -0 1,
                        -0 1 -0,
                        -0 1 -0,
                        -0 1 -0,
                        -0 1 -0,
                        -0 1 -0,
                        -0 1 -0,
                        -0 1 -0,
                        -0 1 -0,
                        -0 1 -0,
                        -0 1 -0,
                        -0 1 -0,
                        -0 1 -0,
                        -0 1 -0,
                        -0 1 -0,
                        -0 1 -0,
                        -0 1 -0,
                        -0 1 -0,
                        -0 1 -0,
                        -0 1 -0,
                        -0 1 -0,
                        -0 1 -0

                      ]
                    }
                    coordIndex [
                      9 1 8 -1 
                      10 1 9 -1 
                      11 1 10 -1 
                      12 1 11 -1 
                      13 1 12 -1 
                      14 1 13 -1 
                      15 1 14 -1 
                      16 1 15 -1 
                      17 1 16 -1 
                      18 1 17 -1 
                      19 1 18 -1 
                      20 1 19 -1 
                      21 1 20 -1 
                      22 1 21 -1 
                      23 1 22 -1 
                      24 1 23 -1 
                      3 1 24 -1 
                      2 0 1 -1 
                      2 1 3 -1 
                      4 1 0 -1 
                      5 4 0 -1 
                      25 1 4 -1 
                      8 1 25 -1 
                      9 25 26 -1 
                      10 26 27 -1 
                      11 27 28 -1 
                      12 28 29 -1 
                      13 29 30 -1 
                      19 35 36 -1 
                      20 36 37 -1 
                      21 37 38 -1 
                      22 38 39 -1 
                      23 39 40 -1 
                      24 40 41 -1 
                      3 41 6 -1 
                      18 34 35 -1 
                      24 41 3 -1 
                      17 33 34 -1 
                      23 40 24 -1 
                      16 32 33 -1 
                      22 39 23 -1 
                      15 31 32 -1 
                      21 38 22 -1 
                      20 37 21 -1 
                      14 30 31 -1 
                      19 36 20 -1 
                      18 35 19 -1 
                      17 34 18 -1 
                      16 33 17 -1 
                      15 32 16 -1 
                      14 31 15 -1 
                      13 30 14 -1 
                      12 29 13 -1 
                      11 28 12 -1 
                      10 27 11 -1 
                      9 26 10 -1 
                      8 25 9 -1 
                      7 2 3 -1 
                      6 7 3 -1 
                      6 4 5 -1 
                      26 25 4 -1 
                      27 26 4 -1 
                      28 27 4 -1 
                      29 28 4 -1 
                      30 29 4 -1 
                      31 30 4 -1 
                      32 31 4 -1 
                      33 32 4 -1 
                      34 33 4 -1 
                      35 34 4 -1 
                      36 35 4 -1 
                      37 36 4 -1 
                      38 37 4 -1 
                      39 38 4 -1 
                      40 39 4 -1 
                      41 40 4 -1 
                      6 41 4 -1 
                      7 6 5 -1 
                    ]
                    normalIndex [
                      2 0 1 -1 
                      3 0 2 -1 
                      4 0 3 -1 
                      5 0 4 -1 
                      6 0 5 -1 
                      7 0 6 -1 
                      8 0 7 -1 
                      9 0 8 -1 
                      10 0 9 -1 
                      11 0 10 -1 
                      12 0 11 -1 
                      13 0 12 -1 
                      14 0 13 -1 
                      15 0 14 -1 
                      16 0 15 -1 
                      17 0 16 -1 
                      18 0 17 -1 
                      19 20 0 -1 
                      19 0 18 -1 
                      23 22 21 -1 
                      24 23 21 -1 
                      27 25 26 -1 
                      62 25 27 -1 
                      61 27 28 -1 
                      60 28 29 -1 
                      59 29 30 -1 
                      58 30 31 -1 
                      57 31 32 -1 
                      51 37 38 -1 
                      50 38 39 -1 
                      49 39 40 -1 
                      48 40 41 -1 
                      47 41 42 -1 
                      46 42 43 -1 
                      45 43 44 -1 
                      52 36 37 -1 
                      46 43 45 -1 
                      53 35 36 -1 
                      47 42 46 -1 
                      54 34 35 -1 
                      48 41 47 -1 
                      55 33 34 -1 
                      49 40 48 -1 
                      50 39 49 -1 
                      56 32 33 -1 
                      51 38 50 -1 
                      52 37 51 -1 
                      53 36 52 -1 
                      54 35 53 -1 
                      55 34 54 -1 
                      56 33 55 -1 
                      57 32 56 -1 
                      58 31 57 -1 
                      59 30 58 -1 
                      60 29 59 -1 
                      61 28 60 -1 
                      62 27 61 -1 
                      65 64 63 -1 
                      66 65 63 -1 
                      86 68 67 -1 
                      70 69 68 -1 
                      71 70 68 -1 
                      72 71 68 -1 
                      73 72 68 -1 
                      74 73 68 -1 
                      75 74 68 -1 
                      76 75 68 -1 
                      77 76 68 -1 
                      78 77 68 -1 
                      79 78 68 -1 
                      80 79 68 -1 
                      81 80 68 -1 
                      82 81 68 -1 
                      83 82 68 -1 
                      84 83 68 -1 
                      85 84 68 -1 
                      86 85 68 -1 
                      87 86 67 -1 
                    ]
                  }
                }
                DEF FRAME-RSM0032A_30 Shape {
                  appearance DEF __124 Appearance {
                    material DEF __125 Material {
                      ambientIntensity 0.28835144639
                      diffuseColor 1 0.620000004768 0.519999980927
                      shininess 0
                    }
                  }
                  geometry DEF __126 IndexedFaceSet {
                    solid FALSE
                    coord Coordinate {
                      point [
                        -0.002 0 -0.0005,
                        -0.002 0 -0.0007,
                        -0.002 0.0002 -0.0007,
                        -0.002 0.0002 -0.0005

                      ]
                    }
                    normal Normal {
                      vector [
                        -1 -0 -0,
                        -1 -0 -0,
                        -1 -0 -0,
                        -1 -0 -0

                      ]
                    }
                    coordIndex [
                      2 1 0 -1 
                      3 2 0 -1 
                    ]
                    normalIndex [
                      2 1 0 -1 
                      3 2 0 -1 
                    ]
                  }
                }
                DEF FRAME-RSM0032A_31 Shape {
                  appearance DEF __128 Appearance {
                    material DEF __129 Material {
                      ambientIntensity 0.221739053726
                      diffuseColor 0.901961028576 0.901961028576 0.901961028576
                      shininess 0
                    }
                  }
                  geometry DEF __130 IndexedFaceSet {
                    solid FALSE
                    coord Coordinate {
                      point [
                        -0.002 0 -0.0011,
                        -0.0017 0 -0.0011,
                        -0.002 0 -0.0009,
                        -0.0017 0 -0.0009,
                        -0.0017 0.0002 -0.0011,
                        -0.002 0.0002 -0.0011,
                        -0.0017 0.0002 -0.0009,
                        -0.002 0.0002 -0.0009,
                        -0.00168263518223 0 -0.0010984807753,
                        -0.00166579798567 0 -0.00109396926208,
                        -0.00165 0 -0.00108660254038,
                        -0.00163572123903 0 -0.00107660444431,
                        -0.00162339555569 0 -0.00106427876097,
                        -0.00161339745962 0 -0.00105,
                        -0.00160603073792 0 -0.00103420201433,
                        -0.0016015192247 0 -0.00101736481777,
                        -0.0016 0 -0.001,
                        -0.0016015192247 0 -0.000982635182233,
                        -0.00160603073792 0 -0.000965797985667,
                        -0.00161339745962 0 -0.00095,
                        -0.00162339555569 0 -0.000935721239031,
                        -0.00163572123903 0 -0.000923395555688,
                        -0.00165 0 -0.000913397459622,
                        -0.00166579798567 0 -0.000906030737921,
                        -0.00168263518223 0 -0.000901519224699,
                        -0.00168263518223 0.0002 -0.0010984807753,
                        -0.00166579798567 0.0002 -0.00109396926208,
                        -0.00165 0.0002 -0.00108660254038,
                        -0.00163572123903 0.0002 -0.00107660444431,
                        -0.00162339555569 0.0002 -0.00106427876097,
                        -0.00161339745962 0.0002 -0.00105,
                        -0.00160603073792 0.0002 -0.00103420201433,
                        -0.0016015192247 0.0002 -0.00101736481777,
                        -0.0016 0.0002 -0.001,
                        -0.0016015192247 0.0002 -0.000982635182233,
                        -0.00160603073792 0.0002 -0.000965797985667,
                        -0.00161339745962 0.0002 -0.00095,
                        -0.00162339555569 0.0002 -0.000935721239031,
                        -0.00163572123903 0.0002 -0.000923395555688,
                        -0.00165 0.0002 -0.000913397459622,
                        -0.00166579798567 0.0002 -0.000906030737921,
                        -0.00168263518223 0.0002 -0.000901519224699

                      ]
                    }
                    normal Normal {
                      vector [
                        0 -1 0,
                        0 -1 0,
                        0 -1 0,
                        0 -1 0,
                        0 -1 0,
                        0 -1 0,
                        0 -1 0,
                        0 -1 0,
                        0 -1 0,
                        0 -1 0,
                        0 -1 0,
                        0 -1 0,
                        0 -1 0,
                        0 -1 0,
                        0 -1 0,
                        0 -1 0,
                        0 -1 0,
                        0 -1 0,
                        0 -1 0,
                        0 -1 0,
                        0 -1 0,
                        -0 -0 -1,
                        -0 -0 -1,
                        -0 -0 -1,
                        -0 -0 -1,
                        0 0 -1,
                        0 0 -1,
                        0.17364818 0 -0.98480773,
                        0.34202015 0 -0.93969262,
                        0.5 0 -0.86602539,
                        0.64278764 0 -0.76604444,
                        0.76604444 0 -0.64278764,
                        0.86602539 0 -0.5,
                        0.93969262 0 -0.34202015,
                        0.98480773 0 -0.17364818,
                        1 0 -2.220446e-16,
                        0.98480773 0 0.17364818,
                        0.93969262 0 0.34202015,
                        0.86602539 0 0.5,
                        0.76604444 0 0.64278764,
                        0.64278764 0 0.76604444,
                        0.5 0 0.86602539,
                        0.34202015 0 0.93969262,
                        0.17364818 0 0.98480773,
                        2.220446e-16 0 1,
                        2.220446e-16 0 1,
                        0.17364818 0 0.98480773,
                        0.34202015 0 0.93969262,
                        0.5 0 0.86602539,
                        0.64278764 0 0.76604444,
                        0.76604444 0 0.64278764,
                        0.86602539 0 0.5,
                        0.93969262 0 0.34202015,
                        0.98480773 0 0.17364818,
                        1 0 -2.220446e-16,
                        0.98480773 0 -0.17364818,
                        0.93969262 0 -0.34202015,
                        0.86602539 0 -0.5,
                        0.76604444 0 -0.64278764,
                        0.64278764 0 -0.76604444,
                        0.5 0 -0.86602539,
                        0.34202015 0 -0.93969262,
                        0.17364818 0 -0.98480773,
                        -0 -0 1,
                        -0 -0 1,
                        -0 -0 1,
                        -0 -0 1,
                        -0 1 -0,
                        -0 1 -0,
                        -0 1 -0,
                        -0 1 -0,
                        -0 1 -0,
                        -0 1 -0,
                        -0 1 -0,
                        -0 1 -0,
                        -0 1 -0,
                        -0 1 -0,
                        -0 1 -0,
                        -0 1 -0,
                        -0 1 -0,
                        -0 1 -0,
                        -0 1 -0,
                        -0 1 -0,
                        -0 1 -0,
                        -0 1 -0,
                        -0 1 -0,
                        -0 1 -0,
                        -0 1 -0

                      ]
                    }
                    coordIndex [
                      9 1 8 -1 
                      10 1 9 -1 
                      11 1 10 -1 
                      12 1 11 -1 
                      13 1 12 -1 
                      14 1 13 -1 
                      15 1 14 -1 
                      16 1 15 -1 
                      17 1 16 -1 
                      18 1 17 -1 
                      19 1 18 -1 
                      20 1 19 -1 
                      21 1 20 -1 
                      22 1 21 -1 
                      23 1 22 -1 
                      24 1 23 -1 
                      3 1 24 -1 
                      2 0 1 -1 
                      2 1 3 -1 
                      4 1 0 -1 
                      5 4 0 -1 
                      25 1 4 -1 
                      8 1 25 -1 
                      9 25 26 -1 
                      10 26 27 -1 
                      11 27 28 -1 
                      12 28 29 -1 
                      13 29 30 -1 
                      19 35 36 -1 
                      20 36 37 -1 
                      21 37 38 -1 
                      22 38 39 -1 
                      23 39 40 -1 
                      24 40 41 -1 
                      3 41 6 -1 
                      18 34 35 -1 
                      24 41 3 -1 
                      17 33 34 -1 
                      23 40 24 -1 
                      16 32 33 -1 
                      22 39 23 -1 
                      15 31 32 -1 
                      21 38 22 -1 
                      20 37 21 -1 
                      14 30 31 -1 
                      19 36 20 -1 
                      18 35 19 -1 
                      17 34 18 -1 
                      16 33 17 -1 
                      15 32 16 -1 
                      14 31 15 -1 
                      13 30 14 -1 
                      12 29 13 -1 
                      11 28 12 -1 
                      10 27 11 -1 
                      9 26 10 -1 
                      8 25 9 -1 
                      7 2 3 -1 
                      6 7 3 -1 
                      6 4 5 -1 
                      26 25 4 -1 
                      27 26 4 -1 
                      28 27 4 -1 
                      29 28 4 -1 
                      30 29 4 -1 
                      31 30 4 -1 
                      32 31 4 -1 
                      33 32 4 -1 
                      34 33 4 -1 
                      35 34 4 -1 
                      36 35 4 -1 
                      37 36 4 -1 
                      38 37 4 -1 
                      39 38 4 -1 
                      40 39 4 -1 
                      41 40 4 -1 
                      6 41 4 -1 
                      7 6 5 -1 
                    ]
                    normalIndex [
                      2 0 1 -1 
                      3 0 2 -1 
                      4 0 3 -1 
                      5 0 4 -1 
                      6 0 5 -1 
                      7 0 6 -1 
                      8 0 7 -1 
                      9 0 8 -1 
                      10 0 9 -1 
                      11 0 10 -1 
                      12 0 11 -1 
                      13 0 12 -1 
                      14 0 13 -1 
                      15 0 14 -1 
                      16 0 15 -1 
                      17 0 16 -1 
                      18 0 17 -1 
                      19 20 0 -1 
                      19 0 18 -1 
                      23 22 21 -1 
                      24 23 21 -1 
                      27 25 26 -1 
                      62 25 27 -1 
                      61 27 28 -1 
                      60 28 29 -1 
                      59 29 30 -1 
                      58 30 31 -1 
                      57 31 32 -1 
                      51 37 38 -1 
                      50 38 39 -1 
                      49 39 40 -1 
                      48 40 41 -1 
                      47 41 42 -1 
                      46 42 43 -1 
                      45 43 44 -1 
                      52 36 37 -1 
                      46 43 45 -1 
                      53 35 36 -1 
                      47 42 46 -1 
                      54 34 35 -1 
                      48 41 47 -1 
                      55 33 34 -1 
                      49 40 48 -1 
                      50 39 49 -1 
                      56 32 33 -1 
                      51 38 50 -1 
                      52 37 51 -1 
                      53 36 52 -1 
                      54 35 53 -1 
                      55 34 54 -1 
                      56 33 55 -1 
                      57 32 56 -1 
                      58 31 57 -1 
                      59 30 58 -1 
                      60 29 59 -1 
                      61 28 60 -1 
                      62 27 61 -1 
                      65 64 63 -1 
                      66 65 63 -1 
                      86 68 67 -1 
                      70 69 68 -1 
                      71 70 68 -1 
                      72 71 68 -1 
                      73 72 68 -1 
                      74 73 68 -1 
                      75 74 68 -1 
                      76 75 68 -1 
                      77 76 68 -1 
                      78 77 68 -1 
                      79 78 68 -1 
                      80 79 68 -1 
                      81 80 68 -1 
                      82 81 68 -1 
                      83 82 68 -1 
                      84 83 68 -1 
                      85 84 68 -1 
                      86 85 68 -1 
                      87 86 67 -1 
                    ]
                  }
                }
                DEF FRAME-RSM0032A_32 Shape {
                  appearance DEF __132 Appearance {
                    material DEF __133 Material {
                      ambientIntensity 0.28835144639
                      diffuseColor 1 0.620000004768 0.519999980927
                      shininess 0
                    }
                  }
                  geometry DEF __134 IndexedFaceSet {
                    solid FALSE
                    coord Coordinate {
                      point [
                        -0.002 0 -0.0009,
                        -0.002 0 -0.0011,
                        -0.002 0.0002 -0.0011,
                        -0.002 0.0002 -0.0009

                      ]
                    }
                    normal Normal {
                      vector [
                        -1 -0 -0,
                        -1 -0 -0,
                        -1 -0 -0,
                        -1 -0 -0

                      ]
                    }
                    coordIndex [
                      2 1 0 -1 
                      3 2 0 -1 
                    ]
                    normalIndex [
                      2 1 0 -1 
                      3 2 0 -1 
                    ]
                  }
                }
                DEF FRAME-RSM0032A_33 Shape {
                  appearance DEF __136 Appearance {
                    material DEF __137 Material {
                      ambientIntensity 0.221739053726
                      diffuseColor 0.901961028576 0.901961028576 0.901961028576
                      shininess 0
                    }
                  }
                  geometry DEF __138 IndexedFaceSet {
                    solid FALSE
                    coord Coordinate {
                      point [
                        -0.00181819805153 0 -0.0015,
                        -0.00163897622113 0 -0.0013207781696,
                        -0.002 0 -0.0015,
                        -0.002 0 -0.0013,
                        -0.0017 0 -0.0013,
                        -0.00163897622113 0.0002 -0.0013207781696,
                        -0.00181819805153 0.0002 -0.0015,
                        -0.0017 0.0002 -0.0013,
                        -0.002 0.0002 -0.0013,
                        -0.002 0.0002 -0.0015,
                        -0.00165273719601 0 -0.00131187379868,
                        -0.00166776789675 0 -0.001305336958,
                        -0.0016836645202 0 -0.00130134326125,
                        -0.00165273719601 0.0002 -0.00131187379868,
                        -0.00166776789675 0.0002 -0.001305336958,
                        -0.0016836645202 0.0002 -0.00130134326125

                      ]
                    }
                    normal Normal {
                      vector [
                        0 -1 0,
                        0 -1 0,
                        0 -1 0,
                        0 -1 0,
                        0 -1 0,
                        0 -1 0,
                        0 -1 0,
                        0 -1 0,
                        0.70710677 -0 -0.70710677,
                        0.70710677 -0 -0.70710677,
                        0.70710677 -0 -0.70710677,
                        0.70710677 -0 -0.70710677,
                        0.61023778 0 0.79221833,
                        0.47262803 0 0.881262,
                        0.32232103 0 0.94663042,
                        0.1633548 0 0.98656738,
                        -6.6613381e-16 0 1,
                        2.220446e-16 0 1,
                        0.1633548 0 0.98656738,
                        0.32232103 0 0.94663042,
                        0.47262803 0 0.881262,
                        0.61023778 0 0.79221833,
                        -0 -0 1,
                        -0 -0 1,
                        -0 -0 1,
                        -0 -0 1,
                        -0 -0 -1,
                        -0 -0 -1,
                        -0 -0 -1,
                        -0 -0 -1,
                        -0 1 -0,
                        -0 1 -0,
                        -0 1 -0,
                        -0 1 -0,
                        -0 1 -0,
                        -0 1 -0,
                        -0 1 -0,
                        -0 1 -0

                      ]
                    }
                    coordIndex [
                      11 1 10 -1 
                      12 1 11 -1 
                      4 1 12 -1 
                      0 1 4 -1 
                      0 4 3 -1 
                      0 3 2 -1 
                      5 1 0 -1 
                      6 5 0 -1 
                      10 5 13 -1 
                      11 13 14 -1 
                      12 14 15 -1 
                      4 15 7 -1 
                      12 15 4 -1 
                      11 14 12 -1 
                      10 13 11 -1 
                      1 5 10 -1 
                      8 3 4 -1 
                      7 8 4 -1 
                      9 6 0 -1 
                      2 9 0 -1 
                      7 5 6 -1 
                      14 13 5 -1 
                      15 14 5 -1 
                      7 15 5 -1 
                      8 6 9 -1 
                      8 7 6 -1 
                    ]
                    normalIndex [
                      2 0 1 -1 
                      3 0 2 -1 
                      4 0 3 -1 
                      7 0 4 -1 
                      7 4 5 -1 
                      7 5 6 -1 
                      10 9 8 -1 
                      11 10 8 -1 
                      20 12 13 -1 
                      19 13 14 -1 
                      18 14 15 -1 
                      17 15 16 -1 
                      18 15 17 -1 
                      19 14 18 -1 
                      20 13 19 -1 
                      21 12 20 -1 
                      24 23 22 -1 
                      25 24 22 -1 
                      28 27 26 -1 
                      29 28 26 -1 
                      35 31 30 -1 
                      33 32 31 -1 
                      34 33 31 -1 
                      35 34 31 -1 
                      36 30 37 -1 
                      36 35 30 -1 
                    ]
                  }
                }
                DEF FRAME-RSM0032A_34 Shape {
                  appearance DEF __140 Appearance {
                    material DEF __141 Material {
                      ambientIntensity 0.28835144639
                      diffuseColor 1 0.620000004768 0.519999980927
                      shininess 0
                    }
                  }
                  geometry DEF __142 IndexedFaceSet {
                    solid FALSE
                    coord Coordinate {
                      point [
                        -0.002 0 -0.0013,
                        -0.002 0 -0.0015,
                        -0.002 0.0002 -0.0015,
                        -0.002 0.0002 -0.0013

                      ]
                    }
                    normal Normal {
                      vector [
                        -1 -0 -0,
                        -1 -0 -0,
                        -1 -0 -0,
                        -1 -0 -0

                      ]
                    }
                    coordIndex [
                      2 1 0 -1 
                      3 2 0 -1 
                    ]
                    normalIndex [
                      2 1 0 -1 
                      3 2 0 -1 
                    ]
                  }
                }
                DEF FRAME-RSM0032A_35 Shape {
                  appearance DEF __144 Appearance {
                    material DEF __145 Material {
                      ambientIntensity 0.221739053726
                      diffuseColor 0.901961028576 0.901961028576 0.901961028576
                      shininess 0
                    }
                  }
                  geometry DEF __146 IndexedFaceSet {
                    solid FALSE
                    coord Coordinate {
                      point [
                        -0.0013207781696 0 -0.00163897622113,
                        -0.0015 0 -0.00181819805153,
                        -0.0013 0 -0.0017,
                        -0.0013 0 -0.002,
                        -0.0015 0 -0.002,
                        -0.0015 0.0002 -0.00181819805153,
                        -0.0013207781696 0.0002 -0.00163897622113,
                        -0.0015 0.0002 -0.002,
                        -0.0013 0.0002 -0.0017,
                        -0.0013 0.0002 -0.002,
                        -0.00131187379868 0 -0.00165273719601,
                        -0.001305336958 0 -0.00166776789675,
                        -0.00130134326125 0 -0.0016836645202,
                        -0.00131187379868 0.0002 -0.00165273719601,
                        -0.001305336958 0.0002 -0.00166776789675,
                        -0.00130134326125 0.0002 -0.0016836645202

                      ]
                    }
                    normal Normal {
                      vector [
                        -0 -1 -0,
                        -0 -1 -0,
                        -0 -1 -0,
                        -0 -1 -0,
                        -0 -1 -0,
                        -0 -1 -0,
                        -0 -1 -0,
                        -0 -1 -0,
                        -0.70710677 -0 0.70710677,
                        -0.70710677 -0 0.70710677,
                        -0.70710677 -0 0.70710677,
                        -0.70710677 -0 0.70710677,
                        -1 0 0,
                        -1 0 0,
                        -1 0 0,
                        -1 0 0,
                        1 0 0,
                        1 0 0,
                        1 0 0,
                        1 0 0,
                        0.79221833 0 0.61023778,
                        0.881262 0 0.47262803,
                        0.94663042 0 0.32232103,
                        0.98656738 0 0.1633548,
                        1 0 -6.6613381e-16,
                        1 0 2.220446e-16,
                        0.98656738 0 0.1633548,
                        0.94663042 0 0.32232103,
                        0.881262 0 0.47262803,
                        0.79221833 0 0.61023778,
                        0 1 0,
                        0 1 0,
                        0 1 0,
                        0 1 0,
                        0 1 0,
                        0 1 0,
                        0 1 0,
                        0 1 0

                      ]
                    }
                    coordIndex [
                      2 0 1 -1 
                      11 10 0 -1 
                      12 11 0 -1 
                      2 12 0 -1 
                      3 2 1 -1 
                      4 3 1 -1 
                      5 1 0 -1 
                      6 5 0 -1 
                      7 4 5 -1 
                      1 5 4 -1 
                      8 3 9 -1 
                      2 3 8 -1 
                      13 0 10 -1 
                      14 10 11 -1 
                      15 11 12 -1 
                      8 12 2 -1 
                      15 12 8 -1 
                      14 11 15 -1 
                      13 10 14 -1 
                      6 0 13 -1 
                      9 5 8 -1 
                      14 6 13 -1 
                      15 6 14 -1 
                      8 6 15 -1 
                      5 6 8 -1 
                      5 9 7 -1 
                    ]
                    normalIndex [
                      5 1 0 -1 
                      3 2 1 -1 
                      4 3 1 -1 
                      5 4 1 -1 
                      6 5 0 -1 
                      7 6 0 -1 
                      10 9 8 -1 
                      11 10 8 -1 
                      13 14 12 -1 
                      15 12 14 -1 
                      18 16 17 -1 
                      19 16 18 -1 
                      28 20 21 -1 
                      27 21 22 -1 
                      26 22 23 -1 
                      25 23 24 -1 
                      26 23 25 -1 
                      27 22 26 -1 
                      28 21 27 -1 
                      29 20 28 -1 
                      35 37 34 -1 
                      32 30 31 -1 
                      33 30 32 -1 
                      34 30 33 -1 
                      37 30 34 -1 
                      37 35 36 -1 
                    ]
                  }
                }
                DEF FRAME-RSM0032A_36 Shape {
                  appearance DEF __148 Appearance {
                    material DEF __149 Material {
                      ambientIntensity 0.28835144639
                      diffuseColor 1 0.620000004768 0.519999980927
                      shininess 0
                    }
                  }
                  geometry DEF __150 IndexedFaceSet {
                    solid FALSE
                    coord Coordinate {
                      point [
                        -0.0013 0 -0.002,
                        -0.0015 0 -0.002,
                        -0.0013 0.0002 -0.002,
                        -0.0015 0.0002 -0.002

                      ]
                    }
                    normal Normal {
                      vector [
                        0 0 -1,
                        0 0 -1,
                        0 0 -1,
                        0 0 -1

                      ]
                    }
                    coordIndex [
                      2 1 3 -1 
                      0 1 2 -1 
                    ]
                    normalIndex [
                      2 0 1 -1 
                      3 0 2 -1 
                    ]
                  }
                }
                DEF FRAME-RSM0032A_37 Shape {
                  appearance DEF __152 Appearance {
                    material DEF __153 Material {
                      ambientIntensity 0.221739053726
                      diffuseColor 0.901961028576 0.901961028576 0.901961028576
                      shininess 0
                    }
                  }
                  geometry DEF __154 IndexedFaceSet {
                    solid FALSE
                    coord Coordinate {
                      point [
                        -0.0011 0 -0.002,
                        -0.0011 0 -0.0017,
                        -0.0009 0 -0.0017,
                        -0.0009 0 -0.002,
                        -0.0011 0.0002 -0.002,
                        -0.0011 0.0002 -0.0017,
                        -0.0009 0.0002 -0.0017,
                        -0.0009 0.0002 -0.002,
                        -0.0010984807753 0 -0.00168263518223,
                        -0.00109396926208 0 -0.00166579798567,
                        -0.00108660254038 0 -0.00165,
                        -0.00107660444431 0 -0.00163572123903,
                        -0.00106427876097 0 -0.00162339555569,
                        -0.00105 0 -0.00161339745962,
                        -0.00103420201433 0 -0.00160603073792,
                        -0.00101736481777 0 -0.0016015192247,
                        -0.001 0 -0.0016,
                        -0.000982635182233 0 -0.0016015192247,
                        -0.000965797985667 0 -0.00160603073792,
                        -0.00095 0 -0.00161339745962,
                        -0.000935721239031 0 -0.00162339555569,
                        -0.000923395555688 0 -0.00163572123903,
                        -0.000913397459622 0 -0.00165,
                        -0.000906030737921 0 -0.00166579798567,
                        -0.000901519224699 0 -0.00168263518223,
                        -0.0010984807753 0.0002 -0.00168263518223,
                        -0.00109396926208 0.0002 -0.00166579798567,
                        -0.00108660254038 0.0002 -0.00165,
                        -0.00107660444431 0.0002 -0.00163572123903,
                        -0.00106427876097 0.0002 -0.00162339555569,
                        -0.00105 0.0002 -0.00161339745962,
                        -0.00103420201433 0.0002 -0.00160603073792,
                        -0.00101736481777 0.0002 -0.0016015192247,
                        -0.001 0.0002 -0.0016,
                        -0.000982635182233 0.0002 -0.0016015192247,
                        -0.000965797985667 0.0002 -0.00160603073792,
                        -0.00095 0.0002 -0.00161339745962,
                        -0.000935721239031 0.0002 -0.00162339555569,
                        -0.000923395555688 0.0002 -0.00163572123903,
                        -0.000913397459622 0.0002 -0.00165,
                        -0.000906030737921 0.0002 -0.00166579798567,
                        -0.000901519224699 0.0002 -0.00168263518223

                      ]
                    }
                    normal Normal {
                      vector [
                        -0 -1 -0,
                        -0 -1 -0,
                        -0 -1 -0,
                        -0 -1 -0,
                        -0 -1 -0,
                        -0 -1 -0,
                        -0 -1 -0,
                        -0 -1 -0,
                        -0 -1 -0,
                        -0 -1 -0,
                        -0 -1 -0,
                        -0 -1 -0,
                        -0 -1 -0,
                        -0 -1 -0,
                        -0 -1 -0,
                        -0 -1 -0,
                        -0 -1 -0,
                        -0 -1 -0,
                        -0 -1 -0,
                        -0 -1 -0,
                        -0 -1 -0,
                        -1 0 0,
                        -1 0 0,
                        -1 0 0,
                        -1 0 0,
                        1 0 0,
                        1 0 0,
                        1 0 0,
                        1 0 0,
                        1 0 2.220446e-16,
                        1 0 2.220446e-16,
                        0.98480773 0 0.17364818,
                        0.93969262 0 0.34202015,
                        0.86602539 0 0.5,
                        0.76604444 0 0.64278764,
                        0.64278764 0 0.76604444,
                        0.5 0 0.86602539,
                        0.34202015 0 0.93969262,
                        0.17364818 0 0.98480773,
                        -2.220446e-16 0 1,
                        -0.17364818 0 0.98480773,
                        -0.34202015 0 0.93969262,
                        -0.5 0 0.86602539,
                        -0.64278764 0 0.76604444,
                        -0.76604444 0 0.64278764,
                        -0.86602539 0 0.5,
                        -0.93969262 0 0.34202015,
                        -0.98480773 0 0.17364818,
                        -1 0 -2.220446e-16,
                        -1 0 -2.220446e-16,
                        -0.98480773 0 0.17364818,
                        -0.93969262 0 0.34202015,
                        -0.86602539 0 0.5,
                        -0.76604444 0 0.64278764,
                        -0.64278764 0 0.76604444,
                        -0.5 0 0.86602539,
                        -0.34202015 0 0.93969262,
                        -0.17364818 0 0.98480773,
                        -2.220446e-16 0 1,
                        0.17364818 0 0.98480773,
                        0.34202015 0 0.93969262,
                        0.5 0 0.86602539,
                        0.64278764 0 0.76604444,
                        0.76604444 0 0.64278764,
                        0.86602539 0 0.5,
                        0.93969262 0 0.34202015,
                        0.98480773 0 0.17364818,
                        0 1 0,
                        0 1 0,
                        0 1 0,
                        0 1 0,
                        0 1 0,
                        0 1 0,
                        0 1 0,
                        0 1 0,
                        0 1 0,
                        0 1 0,
                        0 1 0,
                        0 1 0,
                        0 1 0,
                        0 1 0,
                        0 1 0,
                        0 1 0,
                        0 1 0,
                        0 1 0,
                        0 1 0,
                        0 1 0,
                        0 1 0

                      ]
                    }
                    coordIndex [
                      2 1 0 -1 
                      9 8 1 -1 
                      10 9 1 -1 
                      11 10 1 -1 
                      12 11 1 -1 
                      13 12 1 -1 
                      14 13 1 -1 
                      15 14 1 -1 
                      16 15 1 -1 
                      17 16 1 -1 
                      18 17 1 -1 
                      19 18 1 -1 
                      20 19 1 -1 
                      21 20 1 -1 
                      22 21 1 -1 
                      23 22 1 -1 
                      24 23 1 -1 
                      2 24 1 -1 
                      3 2 0 -1 
                      4 1 5 -1 
                      0 1 4 -1 
                      6 3 7 -1 
                      2 3 6 -1 
                      41 2 6 -1 
                      24 2 41 -1 
                      23 41 40 -1 
                      22 40 39 -1 
                      21 39 38 -1 
                      20 38 37 -1 
                      19 37 36 -1 
                      18 36 35 -1 
                      17 35 34 -1 
                      16 34 33 -1 
                      15 33 32 -1 
                      14 32 31 -1 
                      13 31 30 -1 
                      12 30 29 -1 
                      11 29 28 -1 
                      10 28 27 -1 
                      25 8 26 -1 
                      5 1 25 -1 
                      9 27 26 -1 
                      8 25 1 -1 
                      9 26 8 -1 
                      10 27 9 -1 
                      11 28 10 -1 
                      12 29 11 -1 
                      13 30 12 -1 
                      14 31 13 -1 
                      15 32 14 -1 
                      16 33 15 -1 
                      17 34 16 -1 
                      18 35 17 -1 
                      19 36 18 -1 
                      20 37 19 -1 
                      21 38 20 -1 
                      22 39 21 -1 
                      23 40 22 -1 
                      24 41 23 -1 
                      26 5 25 -1 
                      27 5 26 -1 
                      28 5 27 -1 
                      29 5 28 -1 
                      30 5 29 -1 
                      31 5 30 -1 
                      32 5 31 -1 
                      33 5 32 -1 
                      34 5 33 -1 
                      35 5 34 -1 
                      36 5 35 -1 
                      37 5 36 -1 
                      38 5 37 -1 
                      39 5 38 -1 
                      40 5 39 -1 
                      41 5 40 -1 
                      6 5 41 -1 
                      7 5 6 -1 
                      4 5 7 -1 
                    ]
                    normalIndex [
                      19 1 0 -1 
                      3 2 1 -1 
                      4 3 1 -1 
                      5 4 1 -1 
                      6 5 1 -1 
                      7 6 1 -1 
                      8 7 1 -1 
                      9 8 1 -1 
                      10 9 1 -1 
                      11 10 1 -1 
                      12 11 1 -1 
                      13 12 1 -1 
                      14 13 1 -1 
                      15 14 1 -1 
                      16 15 1 -1 
                      17 16 1 -1 
                      18 17 1 -1 
                      19 18 1 -1 
                      20 19 0 -1 
                      23 21 22 -1 
                      24 21 23 -1 
                      27 25 26 -1 
                      28 25 27 -1 
                      31 29 30 -1 
                      66 29 31 -1 
                      65 31 32 -1 
                      64 32 33 -1 
                      63 33 34 -1 
                      62 34 35 -1 
                      61 35 36 -1 
                      60 36 37 -1 
                      59 37 38 -1 
                      58 38 39 -1 
                      57 39 40 -1 
                      56 40 41 -1 
                      55 41 42 -1 
                      54 42 43 -1 
                      53 43 44 -1 
                      52 44 45 -1 
                      47 50 46 -1 
                      48 49 47 -1 
                      51 45 46 -1 
                      50 47 49 -1 
                      51 46 50 -1 
                      52 45 51 -1 
                      53 44 52 -1 
                      54 43 53 -1 
                      55 42 54 -1 
                      56 41 55 -1 
                      57 40 56 -1 
                      58 39 57 -1 
                      59 38 58 -1 
                      60 37 59 -1 
                      61 36 60 -1 
                      62 35 61 -1 
                      63 34 62 -1 
                      64 33 63 -1 
                      65 32 64 -1 
                      66 31 65 -1 
                      69 67 68 -1 
                      70 67 69 -1 
                      71 67 70 -1 
                      72 67 71 -1 
                      73 67 72 -1 
                      74 67 73 -1 
                      75 67 74 -1 
                      76 67 75 -1 
                      77 67 76 -1 
                      78 67 77 -1 
                      79 67 78 -1 
                      80 67 79 -1 
                      81 67 80 -1 
                      82 67 81 -1 
                      83 67 82 -1 
                      84 67 83 -1 
                      85 67 84 -1 
                      86 67 85 -1 
                      87 67 86 -1 
                    ]
                  }
                }
                DEF FRAME-RSM0032A_38 Shape {
                  appearance DEF __156 Appearance {
                    material DEF __157 Material {
                      ambientIntensity 0.28835144639
                      diffuseColor 1 0.620000004768 0.519999980927
                      shininess 0
                    }
                  }
                  geometry DEF __158 IndexedFaceSet {
                    solid FALSE
                    coord Coordinate {
                      point [
                        -0.0009 0 -0.002,
                        -0.0011 0 -0.002,
                        -0.0009 0.0002 -0.002,
                        -0.0011 0.0002 -0.002

                      ]
                    }
                    normal Normal {
                      vector [
                        0 0 -1,
                        0 0 -1,
                        0 0 -1,
                        0 0 -1

                      ]
                    }
                    coordIndex [
                      2 1 3 -1 
                      0 1 2 -1 
                    ]
                    normalIndex [
                      2 0 1 -1 
                      3 0 2 -1 
                    ]
                  }
                }
                DEF FRAME-RSM0032A_39 Shape {
                  appearance DEF __160 Appearance {
                    material DEF __161 Material {
                      ambientIntensity 0.221739053726
                      diffuseColor 0.901961028576 0.901961028576 0.901961028576
                      shininess 0
                    }
                  }
                  geometry DEF __162 IndexedFaceSet {
                    solid FALSE
                    coord Coordinate {
                      point [
                        -0.0007 0 -0.002,
                        -0.0007 0 -0.0017,
                        -0.0005 0 -0.0017,
                        -0.0005 0 -0.002,
                        -0.0007 0.0002 -0.002,
                        -0.0007 0.0002 -0.0017,
                        -0.0005 0.0002 -0.0017,
                        -0.0005 0.0002 -0.002,
                        -0.000698480775301 0 -0.00168263518223,
                        -0.000693969262079 0 -0.00166579798567,
                        -0.000686602540378 0 -0.00165,
                        -0.000676604444312 0 -0.00163572123903,
                        -0.000664278760969 0 -0.00162339555569,
                        -0.00065 0 -0.00161339745962,
                        -0.000634202014333 0 -0.00160603073792,
                        -0.000617364817767 0 -0.0016015192247,
                        -0.0006 0 -0.0016,
                        -0.000582635182233 0 -0.0016015192247,
                        -0.000565797985667 0 -0.00160603073792,
                        -0.00055 0 -0.00161339745962,
                        -0.000535721239031 0 -0.00162339555569,
                        -0.000523395555688 0 -0.00163572123903,
                        -0.000513397459622 0 -0.00165,
                        -0.000506030737921 0 -0.00166579798567,
                        -0.000501519224699 0 -0.00168263518223,
                        -0.000698480775301 0.0002 -0.00168263518223,
                        -0.000693969262079 0.0002 -0.00166579798567,
                        -0.000686602540378 0.0002 -0.00165,
                        -0.000676604444312 0.0002 -0.00163572123903,
                        -0.000664278760969 0.0002 -0.00162339555569,
                        -0.00065 0.0002 -0.00161339745962,
                        -0.000634202014333 0.0002 -0.00160603073792,
                        -0.000617364817767 0.0002 -0.0016015192247,
                        -0.0006 0.0002 -0.0016,
                        -0.000582635182233 0.0002 -0.0016015192247,
                        -0.000565797985667 0.0002 -0.00160603073792,
                        -0.00055 0.0002 -0.00161339745962,
                        -0.000535721239031 0.0002 -0.00162339555569,
                        -0.000523395555688 0.0002 -0.00163572123903,
                        -0.000513397459622 0.0002 -0.00165,
                        -0.000506030737921 0.0002 -0.00166579798567,
                        -0.000501519224699 0.0002 -0.00168263518223

                      ]
                    }
                    normal Normal {
                      vector [
                        -0 -1 -0,
                        -0 -1 -0,
                        -0 -1 -0,
                        -0 -1 -0,
                        -0 -1 -0,
                        -0 -1 -0,
                        -0 -1 -0,
                        -0 -1 -0,
                        -0 -1 -0,
                        -0 -1 -0,
                        -0 -1 -0,
                        -0 -1 -0,
                        -0 -1 -0,
                        -0 -1 -0,
                        -0 -1 -0,
                        -0 -1 -0,
                        -0 -1 -0,
                        -0 -1 -0,
                        -0 -1 -0,
                        -0 -1 -0,
                        -0 -1 -0,
                        -1 0 0,
                        -1 0 0,
                        -1 0 0,
                        -1 0 0,
                        1 0 0,
                        1 0 0,
                        1 0 0,
                        1 0 0,
                        1 0 2.220446e-16,
                        1 0 2.220446e-16,
                        0.98480773 0 0.17364818,
                        0.93969262 0 0.34202015,
                        0.86602539 0 0.5,
                        0.76604444 0 0.64278764,
                        0.64278764 0 0.76604444,
                        0.5 0 0.86602539,
                        0.34202015 0 0.93969262,
                        0.17364818 0 0.98480773,
                        -2.220446e-16 0 1,
                        -0.17364818 0 0.98480773,
                        -0.34202015 0 0.93969262,
                        -0.5 0 0.86602539,
                        -0.64278764 0 0.76604444,
                        -0.76604444 0 0.64278764,
                        -0.86602539 0 0.5,
                        -0.93969262 0 0.34202015,
                        -0.98480773 0 0.17364818,
                        -1 0 -2.220446e-16,
                        -1 0 -2.220446e-16,
                        -0.98480773 0 0.17364818,
                        -0.93969262 0 0.34202015,
                        -0.86602539 0 0.5,
                        -0.76604444 0 0.64278764,
                        -0.64278764 0 0.76604444,
                        -0.5 0 0.86602539,
                        -0.34202015 0 0.93969262,
                        -0.17364818 0 0.98480773,
                        -2.220446e-16 0 1,
                        0.17364818 0 0.98480773,
                        0.34202015 0 0.93969262,
                        0.5 0 0.86602539,
                        0.64278764 0 0.76604444,
                        0.76604444 0 0.64278764,
                        0.86602539 0 0.5,
                        0.93969262 0 0.34202015,
                        0.98480773 0 0.17364818,
                        0 1 0,
                        0 1 0,
                        0 1 0,
                        0 1 0,
                        0 1 0,
                        0 1 0,
                        0 1 0,
                        0 1 0,
                        0 1 0,
                        0 1 0,
                        0 1 0,
                        0 1 0,
                        0 1 0,
                        0 1 0,
                        0 1 0,
                        0 1 0,
                        0 1 0,
                        0 1 0,
                        0 1 0,
                        0 1 0,
                        0 1 0

                      ]
                    }
                    coordIndex [
                      2 1 0 -1 
                      9 8 1 -1 
                      10 9 1 -1 
                      11 10 1 -1 
                      12 11 1 -1 
                      13 12 1 -1 
                      14 13 1 -1 
                      15 14 1 -1 
                      16 15 1 -1 
                      17 16 1 -1 
                      18 17 1 -1 
                      19 18 1 -1 
                      20 19 1 -1 
                      21 20 1 -1 
                      22 21 1 -1 
                      23 22 1 -1 
                      24 23 1 -1 
                      2 24 1 -1 
                      3 2 0 -1 
                      4 1 5 -1 
                      0 1 4 -1 
                      6 3 7 -1 
                      2 3 6 -1 
                      41 2 6 -1 
                      24 2 41 -1 
                      23 41 40 -1 
                      22 40 39 -1 
                      21 39 38 -1 
                      20 38 37 -1 
                      19 37 36 -1 
                      18 36 35 -1 
                      17 35 34 -1 
                      16 34 33 -1 
                      15 33 32 -1 
                      14 32 31 -1 
                      13 31 30 -1 
                      12 30 29 -1 
                      11 29 28 -1 
                      10 28 27 -1 
                      25 8 26 -1 
                      5 1 25 -1 
                      9 27 26 -1 
                      8 25 1 -1 
                      9 26 8 -1 
                      10 27 9 -1 
                      11 28 10 -1 
                      12 29 11 -1 
                      13 30 12 -1 
                      14 31 13 -1 
                      15 32 14 -1 
                      16 33 15 -1 
                      17 34 16 -1 
                      18 35 17 -1 
                      19 36 18 -1 
                      20 37 19 -1 
                      21 38 20 -1 
                      22 39 21 -1 
                      23 40 22 -1 
                      24 41 23 -1 
                      26 5 25 -1 
                      27 5 26 -1 
                      28 5 27 -1 
                      29 5 28 -1 
                      30 5 29 -1 
                      31 5 30 -1 
                      32 5 31 -1 
                      33 5 32 -1 
                      34 5 33 -1 
                      35 5 34 -1 
                      36 5 35 -1 
                      37 5 36 -1 
                      38 5 37 -1 
                      39 5 38 -1 
                      40 5 39 -1 
                      41 5 40 -1 
                      6 5 41 -1 
                      7 5 6 -1 
                      4 5 7 -1 
                    ]
                    normalIndex [
                      19 1 0 -1 
                      3 2 1 -1 
                      4 3 1 -1 
                      5 4 1 -1 
                      6 5 1 -1 
                      7 6 1 -1 
                      8 7 1 -1 
                      9 8 1 -1 
                      10 9 1 -1 
                      11 10 1 -1 
                      12 11 1 -1 
                      13 12 1 -1 
                      14 13 1 -1 
                      15 14 1 -1 
                      16 15 1 -1 
                      17 16 1 -1 
                      18 17 1 -1 
                      19 18 1 -1 
                      20 19 0 -1 
                      23 21 22 -1 
                      24 21 23 -1 
                      27 25 26 -1 
                      28 25 27 -1 
                      31 29 30 -1 
                      66 29 31 -1 
                      65 31 32 -1 
                      64 32 33 -1 
                      63 33 34 -1 
                      62 34 35 -1 
                      61 35 36 -1 
                      60 36 37 -1 
                      59 37 38 -1 
                      58 38 39 -1 
                      57 39 40 -1 
                      56 40 41 -1 
                      55 41 42 -1 
                      54 42 43 -1 
                      53 43 44 -1 
                      52 44 45 -1 
                      47 50 46 -1 
                      48 49 47 -1 
                      51 45 46 -1 
                      50 47 49 -1 
                      51 46 50 -1 
                      52 45 51 -1 
                      53 44 52 -1 
                      54 43 53 -1 
                      55 42 54 -1 
                      56 41 55 -1 
                      57 40 56 -1 
                      58 39 57 -1 
                      59 38 58 -1 
                      60 37 59 -1 
                      61 36 60 -1 
                      62 35 61 -1 
                      63 34 62 -1 
                      64 33 63 -1 
                      65 32 64 -1 
                      66 31 65 -1 
                      69 67 68 -1 
                      70 67 69 -1 
                      71 67 70 -1 
                      72 67 71 -1 
                      73 67 72 -1 
                      74 67 73 -1 
                      75 67 74 -1 
                      76 67 75 -1 
                      77 67 76 -1 
                      78 67 77 -1 
                      79 67 78 -1 
                      80 67 79 -1 
                      81 67 80 -1 
                      82 67 81 -1 
                      83 67 82 -1 
                      84 67 83 -1 
                      85 67 84 -1 
                      86 67 85 -1 
                      87 67 86 -1 
                    ]
                  }
                }
                DEF FRAME-RSM0032A_40 Shape {
                  appearance DEF __164 Appearance {
                    material DEF __165 Material {
                      ambientIntensity 0.28835144639
                      diffuseColor 1 0.620000004768 0.519999980927
                      shininess 0
                    }
                  }
                  geometry DEF __166 IndexedFaceSet {
                    solid FALSE
                    coord Coordinate {
                      point [
                        -0.0005 0 -0.002,
                        -0.0007 0 -0.002,
                        -0.0005 0.0002 -0.002,
                        -0.0007 0.0002 -0.002

                      ]
                    }
                    normal Normal {
                      vector [
                        0 0 -1,
                        0 0 -1,
                        0 0 -1,
                        0 0 -1

                      ]
                    }
                    coordIndex [
                      2 1 3 -1 
                      0 1 2 -1 
                    ]
                    normalIndex [
                      2 0 1 -1 
                      3 0 2 -1 
                    ]
                  }
                }
                DEF FRAME-RSM0032A_41 Shape {
                  appearance DEF __168 Appearance {
                    material DEF __169 Material {
                      ambientIntensity 0.221739053726
                      diffuseColor 0.901961028576 0.901961028576 0.901961028576
                      shininess 0
                    }
                  }
                  geometry DEF __170 IndexedFaceSet {
                    solid FALSE
                    coord Coordinate {
                      point [
                        -0.0003 0 -0.002,
                        -0.0003 0 -0.0017,
                        -0.0001 0 -0.0017,
                        -0.0001 0 -0.002,
                        -0.0003 0.0002 -0.002,
                        -0.0003 0.0002 -0.0017,
                        -0.0001 0.0002 -0.0017,
                        -0.0001 0.0002 -0.002,
                        -0.000298480775301 0 -0.00168263518223,
                        -0.000293969262079 0 -0.00166579798567,
                        -0.000286602540378 0 -0.00165,
                        -0.000276604444312 0 -0.00163572123903,
                        -0.000264278760969 0 -0.00162339555569,
                        -0.00025 0 -0.00161339745962,
                        -0.000234202014333 0 -0.00160603073792,
                        -0.000217364817767 0 -0.0016015192247,
                        -0.0002 0 -0.0016,
                        -0.000182635182233 0 -0.0016015192247,
                        -0.000165797985667 0 -0.00160603073792,
                        -0.00015 0 -0.00161339745962,
                        -0.000135721239031 0 -0.00162339555569,
                        -0.000123395555688 0 -0.00163572123903,
                        -0.000113397459622 0 -0.00165,
                        -0.000106030737921 0 -0.00166579798567,
                        -0.000101519224699 0 -0.00168263518223,
                        -0.000298480775301 0.0002 -0.00168263518223,
                        -0.000293969262079 0.0002 -0.00166579798567,
                        -0.000286602540378 0.0002 -0.00165,
                        -0.000276604444312 0.0002 -0.00163572123903,
                        -0.000264278760969 0.0002 -0.00162339555569,
                        -0.00025 0.0002 -0.00161339745962,
                        -0.000234202014333 0.0002 -0.00160603073792,
                        -0.000217364817767 0.0002 -0.0016015192247,
                        -0.0002 0.0002 -0.0016,
                        -0.000182635182233 0.0002 -0.0016015192247,
                        -0.000165797985667 0.0002 -0.00160603073792,
                        -0.00015 0.0002 -0.00161339745962,
                        -0.000135721239031 0.0002 -0.00162339555569,
                        -0.000123395555688 0.0002 -0.00163572123903,
                        -0.000113397459622 0.0002 -0.00165,
                        -0.000106030737921 0.0002 -0.00166579798567,
                        -0.000101519224699 0.0002 -0.00168263518223

                      ]
                    }
                    normal Normal {
                      vector [
                        -0 -1 -0,
                        -0 -1 -0,
                        -0 -1 -0,
                        -0 -1 -0,
                        -0 -1 -0,
                        -0 -1 -0,
                        -0 -1 -0,
                        -0 -1 -0,
                        -0 -1 -0,
                        -0 -1 -0,
                        -0 -1 -0,
                        -0 -1 -0,
                        -0 -1 -0,
                        -0 -1 -0,
                        -0 -1 -0,
                        -0 -1 -0,
                        -0 -1 -0,
                        -0 -1 -0,
                        -0 -1 -0,
                        -0 -1 -0,
                        -0 -1 -0,
                        -1 0 0,
                        -1 0 0,
                        -1 0 0,
                        -1 0 0,
                        1 0 0,
                        1 0 0,
                        1 0 0,
                        1 0 0,
                        1 0 2.220446e-16,
                        1 0 2.220446e-16,
                        0.98480773 0 0.17364818,
                        0.93969262 0 0.34202015,
                        0.86602539 0 0.5,
                        0.76604444 0 0.64278764,
                        0.64278764 0 0.76604444,
                        0.5 0 0.86602539,
                        0.34202015 0 0.93969262,
                        0.17364818 0 0.98480773,
                        -1.9428903e-16 0 1,
                        -0.17364818 0 0.98480773,
                        -0.34202015 0 0.93969262,
                        -0.5 0 0.86602539,
                        -0.64278764 0 0.76604444,
                        -0.76604444 0 0.64278764,
                        -0.86602539 0 0.5,
                        -0.93969262 0 0.34202015,
                        -0.98480773 0 0.17364818,
                        -1 0 -2.220446e-16,
                        -1 0 -2.220446e-16,
                        -0.98480773 0 0.17364818,
                        -0.93969262 0 0.34202015,
                        -0.86602539 0 0.5,
                        -0.76604444 0 0.64278764,
                        -0.64278764 0 0.76604444,
                        -0.5 0 0.86602539,
                        -0.34202015 0 0.93969262,
                        -0.17364818 0 0.98480773,
                        -1.9428903e-16 0 1,
                        0.17364818 0 0.98480773,
                        0.34202015 0 0.93969262,
                        0.5 0 0.86602539,
                        0.64278764 0 0.76604444,
                        0.76604444 0 0.64278764,
                        0.86602539 0 0.5,
                        0.93969262 0 0.34202015,
                        0.98480773 0 0.17364818,
                        0 1 0,
                        0 1 0,
                        0 1 0,
                        0 1 0,
                        0 1 0,
                        0 1 0,
                        0 1 0,
                        0 1 0,
                        0 1 0,
                        0 1 0,
                        0 1 0,
                        0 1 0,
                        0 1 0,
                        0 1 0,
                        0 1 0,
                        0 1 0,
                        0 1 0,
                        0 1 0,
                        0 1 0,
                        0 1 0,
                        0 1 0

                      ]
                    }
                    coordIndex [
                      2 1 0 -1 
                      9 8 1 -1 
                      10 9 1 -1 
                      11 10 1 -1 
                      12 11 1 -1 
                      13 12 1 -1 
                      14 13 1 -1 
                      15 14 1 -1 
                      16 15 1 -1 
                      17 16 1 -1 
                      18 17 1 -1 
                      19 18 1 -1 
                      20 19 1 -1 
                      21 20 1 -1 
                      22 21 1 -1 
                      23 22 1 -1 
                      24 23 1 -1 
                      2 24 1 -1 
                      3 2 0 -1 
                      4 1 5 -1 
                      0 1 4 -1 
                      6 3 7 -1 
                      2 3 6 -1 
                      41 2 6 -1 
                      24 2 41 -1 
                      23 41 40 -1 
                      22 40 39 -1 
                      21 39 38 -1 
                      20 38 37 -1 
                      19 37 36 -1 
                      18 36 35 -1 
                      17 35 34 -1 
                      16 34 33 -1 
                      15 33 32 -1 
                      14 32 31 -1 
                      13 31 30 -1 
                      12 30 29 -1 
                      11 29 28 -1 
                      10 28 27 -1 
                      25 8 26 -1 
                      5 1 25 -1 
                      9 27 26 -1 
                      8 25 1 -1 
                      9 26 8 -1 
                      10 27 9 -1 
                      11 28 10 -1 
                      12 29 11 -1 
                      13 30 12 -1 
                      14 31 13 -1 
                      15 32 14 -1 
                      16 33 15 -1 
                      17 34 16 -1 
                      18 35 17 -1 
                      19 36 18 -1 
                      20 37 19 -1 
                      21 38 20 -1 
                      22 39 21 -1 
                      23 40 22 -1 
                      24 41 23 -1 
                      26 5 25 -1 
                      27 5 26 -1 
                      28 5 27 -1 
                      29 5 28 -1 
                      30 5 29 -1 
                      31 5 30 -1 
                      32 5 31 -1 
                      33 5 32 -1 
                      34 5 33 -1 
                      35 5 34 -1 
                      36 5 35 -1 
                      37 5 36 -1 
                      38 5 37 -1 
                      39 5 38 -1 
                      40 5 39 -1 
                      41 5 40 -1 
                      6 5 41 -1 
                      7 5 6 -1 
                      4 5 7 -1 
                    ]
                    normalIndex [
                      19 1 0 -1 
                      3 2 1 -1 
                      4 3 1 -1 
                      5 4 1 -1 
                      6 5 1 -1 
                      7 6 1 -1 
                      8 7 1 -1 
                      9 8 1 -1 
                      10 9 1 -1 
                      11 10 1 -1 
                      12 11 1 -1 
                      13 12 1 -1 
                      14 13 1 -1 
                      15 14 1 -1 
                      16 15 1 -1 
                      17 16 1 -1 
                      18 17 1 -1 
                      19 18 1 -1 
                      20 19 0 -1 
                      23 21 22 -1 
                      24 21 23 -1 
                      27 25 26 -1 
                      28 25 27 -1 
                      31 29 30 -1 
                      66 29 31 -1 
                      65 31 32 -1 
                      64 32 33 -1 
                      63 33 34 -1 
                      62 34 35 -1 
                      61 35 36 -1 
                      60 36 37 -1 
                      59 37 38 -1 
                      58 38 39 -1 
                      57 39 40 -1 
                      56 40 41 -1 
                      55 41 42 -1 
                      54 42 43 -1 
                      53 43 44 -1 
                      52 44 45 -1 
                      47 50 46 -1 
                      48 49 47 -1 
                      51 45 46 -1 
                      50 47 49 -1 
                      51 46 50 -1 
                      52 45 51 -1 
                      53 44 52 -1 
                      54 43 53 -1 
                      55 42 54 -1 
                      56 41 55 -1 
                      57 40 56 -1 
                      58 39 57 -1 
                      59 38 58 -1 
                      60 37 59 -1 
                      61 36 60 -1 
                      62 35 61 -1 
                      63 34 62 -1 
                      64 33 63 -1 
                      65 32 64 -1 
                      66 31 65 -1 
                      69 67 68 -1 
                      70 67 69 -1 
                      71 67 70 -1 
                      72 67 71 -1 
                      73 67 72 -1 
                      74 67 73 -1 
                      75 67 74 -1 
                      76 67 75 -1 
                      77 67 76 -1 
                      78 67 77 -1 
                      79 67 78 -1 
                      80 67 79 -1 
                      81 67 80 -1 
                      82 67 81 -1 
                      83 67 82 -1 
                      84 67 83 -1 
                      85 67 84 -1 
                      86 67 85 -1 
                      87 67 86 -1 
                    ]
                  }
                }
                DEF FRAME-RSM0032A_42 Shape {
                  appearance DEF __172 Appearance {
                    material DEF __173 Material {
                      ambientIntensity 0.28835144639
                      diffuseColor 1 0.620000004768 0.519999980927
                      shininess 0
                    }
                  }
                  geometry DEF __174 IndexedFaceSet {
                    solid FALSE
                    coord Coordinate {
                      point [
                        -0.0001 0 -0.002,
                        -0.0003 0 -0.002,
                        -0.0001 0.0002 -0.002,
                        -0.0003 0.0002 -0.002

                      ]
                    }
                    normal Normal {
                      vector [
                        0 0 -1,
                        0 0 -1,
                        0 0 -1,
                        0 0 -1

                      ]
                    }
                    coordIndex [
                      2 1 3 -1 
                      0 1 2 -1 
                    ]
                    normalIndex [
                      2 0 1 -1 
                      3 0 2 -1 
                    ]
                  }
                }
                DEF FRAME-RSM0032A_43 Shape {
                  appearance DEF __176 Appearance {
                    material DEF __177 Material {
                      ambientIntensity 0.221739053726
                      diffuseColor 0.901961028576 0.901961028576 0.901961028576
                      shininess 0
                    }
                  }
                  geometry DEF __178 IndexedFaceSet {
                    solid FALSE
                    coord Coordinate {
                      point [
                        0.0001 0 -0.002,
                        0.0001 0 -0.0017,
                        0.0003 0 -0.0017,
                        0.0003 0 -0.002,
                        0.0001 0.0002 -0.002,
                        0.0001 0.0002 -0.0017,
                        0.0003 0.0002 -0.0017,
                        0.0003 0.0002 -0.002,
                        0.000101519224699 0 -0.00168263518223,
                        0.000106030737921 0 -0.00166579798567,
                        0.000113397459622 0 -0.00165,
                        0.000123395555688 0 -0.00163572123903,
                        0.000135721239031 0 -0.00162339555569,
                        0.00015 0 -0.00161339745962,
                        0.000165797985667 0 -0.00160603073792,
                        0.000182635182233 0 -0.0016015192247,
                        0.0002 0 -0.0016,
                        0.000217364817767 0 -0.0016015192247,
                        0.000234202014333 0 -0.00160603073792,
                        0.00025 0 -0.00161339745962,
                        0.000264278760969 0 -0.00162339555569,
                        0.000276604444312 0 -0.00163572123903,
                        0.000286602540378 0 -0.00165,
                        0.000293969262079 0 -0.00166579798567,
                        0.000298480775301 0 -0.00168263518223,
                        0.000101519224699 0.0002 -0.00168263518223,
                        0.000106030737921 0.0002 -0.00166579798567,
                        0.000113397459622 0.0002 -0.00165,
                        0.000123395555688 0.0002 -0.00163572123903,
                        0.000135721239031 0.0002 -0.00162339555569,
                        0.00015 0.0002 -0.00161339745962,
                        0.000165797985667 0.0002 -0.00160603073792,
                        0.000182635182233 0.0002 -0.0016015192247,
                        0.0002 0.0002 -0.0016,
                        0.000217364817767 0.0002 -0.0016015192247,
                        0.000234202014333 0.0002 -0.00160603073792,
                        0.00025 0.0002 -0.00161339745962,
                        0.000264278760969 0.0002 -0.00162339555569,
                        0.000276604444312 0.0002 -0.00163572123903,
                        0.000286602540378 0.0002 -0.00165,
                        0.000293969262079 0.0002 -0.00166579798567,
                        0.000298480775301 0.0002 -0.00168263518223

                      ]
                    }
                    normal Normal {
                      vector [
                        -0 -1 -0,
                        -0 -1 -0,
                        -0 -1 -0,
                        -0 -1 -0,
                        -0 -1 -0,
                        -0 -1 -0,
                        -0 -1 -0,
                        -0 -1 -0,
                        -0 -1 -0,
                        -0 -1 -0,
                        -0 -1 -0,
                        -0 -1 -0,
                        -0 -1 -0,
                        -0 -1 -0,
                        -0 -1 -0,
                        -0 -1 -0,
                        -0 -1 -0,
                        -0 -1 -0,
                        -0 -1 -0,
                        -0 -1 -0,
                        -0 -1 -0,
                        -1 0 0,
                        -1 0 0,
                        -1 0 0,
                        -1 0 0,
                        1 0 0,
                        1 0 0,
                        1 0 0,
                        1 0 0,
                        1 0 2.220446e-16,
                        1 0 2.220446e-16,
                        0.98480773 0 0.17364818,
                        0.93969262 0 0.34202015,
                        0.86602539 0 0.5,
                        0.76604444 0 0.64278764,
                        0.64278764 0 0.76604444,
                        0.5 0 0.86602539,
                        0.34202015 0 0.93969262,
                        0.17364818 0 0.98480773,
                        -1.9428903e-16 0 1,
                        -0.17364818 0 0.98480773,
                        -0.34202015 0 0.93969262,
                        -0.5 0 0.86602539,
                        -0.64278764 0 0.76604444,
                        -0.76604444 0 0.64278764,
                        -0.86602539 0 0.5,
                        -0.93969262 0 0.34202015,
                        -0.98480773 0 0.17364818,
                        -1 0 -2.220446e-16,
                        -1 0 -2.220446e-16,
                        -0.98480773 0 0.17364818,
                        -0.93969262 0 0.34202015,
                        -0.86602539 0 0.5,
                        -0.76604444 0 0.64278764,
                        -0.64278764 0 0.76604444,
                        -0.5 0 0.86602539,
                        -0.34202015 0 0.93969262,
                        -0.17364818 0 0.98480773,
                        -1.9428903e-16 0 1,
                        0.17364818 0 0.98480773,
                        0.34202015 0 0.93969262,
                        0.5 0 0.86602539,
                        0.64278764 0 0.76604444,
                        0.76604444 0 0.64278764,
                        0.86602539 0 0.5,
                        0.93969262 0 0.34202015,
                        0.98480773 0 0.17364818,
                        0 1 0,
                        0 1 0,
                        0 1 0,
                        0 1 0,
                        0 1 0,
                        0 1 0,
                        0 1 0,
                        0 1 0,
                        0 1 0,
                        0 1 0,
                        0 1 0,
                        0 1 0,
                        0 1 0,
                        0 1 0,
                        0 1 0,
                        0 1 0,
                        0 1 0,
                        0 1 0,
                        0 1 0,
                        0 1 0,
                        0 1 0

                      ]
                    }
                    coordIndex [
                      2 1 0 -1 
                      9 8 1 -1 
                      10 9 1 -1 
                      11 10 1 -1 
                      12 11 1 -1 
                      13 12 1 -1 
                      14 13 1 -1 
                      15 14 1 -1 
                      16 15 1 -1 
                      17 16 1 -1 
                      18 17 1 -1 
                      19 18 1 -1 
                      20 19 1 -1 
                      21 20 1 -1 
                      22 21 1 -1 
                      23 22 1 -1 
                      24 23 1 -1 
                      2 24 1 -1 
                      3 2 0 -1 
                      4 1 5 -1 
                      0 1 4 -1 
                      6 3 7 -1 
                      2 3 6 -1 
                      41 2 6 -1 
                      24 2 41 -1 
                      23 41 40 -1 
                      22 40 39 -1 
                      21 39 38 -1 
                      20 38 37 -1 
                      19 37 36 -1 
                      18 36 35 -1 
                      17 35 34 -1 
                      16 34 33 -1 
                      15 33 32 -1 
                      14 32 31 -1 
                      13 31 30 -1 
                      12 30 29 -1 
                      11 29 28 -1 
                      10 28 27 -1 
                      25 8 26 -1 
                      5 1 25 -1 
                      9 27 26 -1 
                      8 25 1 -1 
                      9 26 8 -1 
                      10 27 9 -1 
                      11 28 10 -1 
                      12 29 11 -1 
                      13 30 12 -1 
                      14 31 13 -1 
                      15 32 14 -1 
                      16 33 15 -1 
                      17 34 16 -1 
                      18 35 17 -1 
                      19 36 18 -1 
                      20 37 19 -1 
                      21 38 20 -1 
                      22 39 21 -1 
                      23 40 22 -1 
                      24 41 23 -1 
                      26 5 25 -1 
                      27 5 26 -1 
                      28 5 27 -1 
                      29 5 28 -1 
                      30 5 29 -1 
                      31 5 30 -1 
                      32 5 31 -1 
                      33 5 32 -1 
                      34 5 33 -1 
                      35 5 34 -1 
                      36 5 35 -1 
                      37 5 36 -1 
                      38 5 37 -1 
                      39 5 38 -1 
                      40 5 39 -1 
                      41 5 40 -1 
                      6 5 41 -1 
                      7 5 6 -1 
                      4 5 7 -1 
                    ]
                    normalIndex [
                      19 1 0 -1 
                      3 2 1 -1 
                      4 3 1 -1 
                      5 4 1 -1 
                      6 5 1 -1 
                      7 6 1 -1 
                      8 7 1 -1 
                      9 8 1 -1 
                      10 9 1 -1 
                      11 10 1 -1 
                      12 11 1 -1 
                      13 12 1 -1 
                      14 13 1 -1 
                      15 14 1 -1 
                      16 15 1 -1 
                      17 16 1 -1 
                      18 17 1 -1 
                      19 18 1 -1 
                      20 19 0 -1 
                      23 21 22 -1 
                      24 21 23 -1 
                      27 25 26 -1 
                      28 25 27 -1 
                      31 29 30 -1 
                      66 29 31 -1 
                      65 31 32 -1 
                      64 32 33 -1 
                      63 33 34 -1 
                      62 34 35 -1 
                      61 35 36 -1 
                      60 36 37 -1 
                      59 37 38 -1 
                      58 38 39 -1 
                      57 39 40 -1 
                      56 40 41 -1 
                      55 41 42 -1 
                      54 42 43 -1 
                      53 43 44 -1 
                      52 44 45 -1 
                      47 50 46 -1 
                      48 49 47 -1 
                      51 45 46 -1 
                      50 47 49 -1 
                      51 46 50 -1 
                      52 45 51 -1 
                      53 44 52 -1 
                      54 43 53 -1 
                      55 42 54 -1 
                      56 41 55 -1 
                      57 40 56 -1 
                      58 39 57 -1 
                      59 38 58 -1 
                      60 37 59 -1 
                      61 36 60 -1 
                      62 35 61 -1 
                      63 34 62 -1 
                      64 33 63 -1 
                      65 32 64 -1 
                      66 31 65 -1 
                      69 67 68 -1 
                      70 67 69 -1 
                      71 67 70 -1 
                      72 67 71 -1 
                      73 67 72 -1 
                      74 67 73 -1 
                      75 67 74 -1 
                      76 67 75 -1 
                      77 67 76 -1 
                      78 67 77 -1 
                      79 67 78 -1 
                      80 67 79 -1 
                      81 67 80 -1 
                      82 67 81 -1 
                      83 67 82 -1 
                      84 67 83 -1 
                      85 67 84 -1 
                      86 67 85 -1 
                      87 67 86 -1 
                    ]
                  }
                }
                DEF FRAME-RSM0032A_44 Shape {
                  appearance DEF __180 Appearance {
                    material DEF __181 Material {
                      ambientIntensity 0.28835144639
                      diffuseColor 1 0.620000004768 0.519999980927
                      shininess 0
                    }
                  }
                  geometry DEF __182 IndexedFaceSet {
                    solid FALSE
                    coord Coordinate {
                      point [
                        0.0003 0 -0.002,
                        0.0001 0 -0.002,
                        0.0003 0.0002 -0.002,
                        0.0001 0.0002 -0.002

                      ]
                    }
                    normal Normal {
                      vector [
                        0 0 -1,
                        0 0 -1,
                        0 0 -1,
                        0 0 -1

                      ]
                    }
                    coordIndex [
                      2 1 3 -1 
                      0 1 2 -1 
                    ]
                    normalIndex [
                      2 0 1 -1 
                      3 0 2 -1 
                    ]
                  }
                }
                DEF FRAME-RSM0032A_45 Shape {
                  appearance DEF __184 Appearance {
                    material DEF __185 Material {
                      ambientIntensity 0.221739053726
                      diffuseColor 0.901961028576 0.901961028576 0.901961028576
                      shininess 0
                    }
                  }
                  geometry DEF __186 IndexedFaceSet {
                    solid FALSE
                    coord Coordinate {
                      point [
                        0.0005 0 -0.002,
                        0.0005 0 -0.0017,
                        0.0007 0 -0.0017,
                        0.0007 0 -0.002,
                        0.0005 0.0002 -0.002,
                        0.0005 0.0002 -0.0017,
                        0.0007 0.0002 -0.0017,
                        0.0007 0.0002 -0.002,
                        0.000501519224699 0 -0.00168263518223,
                        0.000506030737921 0 -0.00166579798567,
                        0.000513397459622 0 -0.00165,
                        0.000523395555688 0 -0.00163572123903,
                        0.000535721239031 0 -0.00162339555569,
                        0.00055 0 -0.00161339745962,
                        0.000565797985667 0 -0.00160603073792,
                        0.000582635182233 0 -0.0016015192247,
                        0.0006 0 -0.0016,
                        0.000617364817767 0 -0.0016015192247,
                        0.000634202014333 0 -0.00160603073792,
                        0.00065 0 -0.00161339745962,
                        0.000664278760969 0 -0.00162339555569,
                        0.000676604444312 0 -0.00163572123903,
                        0.000686602540378 0 -0.00165,
                        0.000693969262079 0 -0.00166579798567,
                        0.000698480775301 0 -0.00168263518223,
                        0.000501519224699 0.0002 -0.00168263518223,
                        0.000506030737921 0.0002 -0.00166579798567,
                        0.000513397459622 0.0002 -0.00165,
                        0.000523395555688 0.0002 -0.00163572123903,
                        0.000535721239031 0.0002 -0.00162339555569,
                        0.00055 0.0002 -0.00161339745962,
                        0.000565797985667 0.0002 -0.00160603073792,
                        0.000582635182233 0.0002 -0.0016015192247,
                        0.0006 0.0002 -0.0016,
                        0.000617364817767 0.0002 -0.0016015192247,
                        0.000634202014333 0.0002 -0.00160603073792,
                        0.00065 0.0002 -0.00161339745962,
                        0.000664278760969 0.0002 -0.00162339555569,
                        0.000676604444312 0.0002 -0.00163572123903,
                        0.000686602540378 0.0002 -0.00165,
                        0.000693969262079 0.0002 -0.00166579798567,
                        0.000698480775301 0.0002 -0.00168263518223

                      ]
                    }
                    normal Normal {
                      vector [
                        -0 -1 -0,
                        -0 -1 -0,
                        -0 -1 -0,
                        -0 -1 -0,
                        -0 -1 -0,
                        -0 -1 -0,
                        -0 -1 -0,
                        -0 -1 -0,
                        -0 -1 -0,
                        -0 -1 -0,
                        -0 -1 -0,
                        -0 -1 -0,
                        -0 -1 -0,
                        -0 -1 -0,
                        -0 -1 -0,
                        -0 -1 -0,
                        -0 -1 -0,
                        -0 -1 -0,
                        -0 -1 -0,
                        -0 -1 -0,
                        -0 -1 -0,
                        -1 0 0,
                        -1 0 0,
                        -1 0 0,
                        -1 0 0,
                        1 0 0,
                        1 0 0,
                        1 0 0,
                        1 0 0,
                        1 0 2.220446e-16,
                        1 0 2.220446e-16,
                        0.98480773 0 0.17364818,
                        0.93969262 0 0.34202015,
                        0.86602539 0 0.5,
                        0.76604444 0 0.64278764,
                        0.64278764 0 0.76604444,
                        0.5 0 0.86602539,
                        0.34202015 0 0.93969262,
                        0.17364818 0 0.98480773,
                        -2.220446e-16 0 1,
                        -0.17364818 0 0.98480773,
                        -0.34202015 0 0.93969262,
                        -0.5 0 0.86602539,
                        -0.64278764 0 0.76604444,
                        -0.76604444 0 0.64278764,
                        -0.86602539 0 0.5,
                        -0.93969262 0 0.34202015,
                        -0.98480773 0 0.17364818,
                        -1 0 -2.220446e-16,
                        -1 0 -2.220446e-16,
                        -0.98480773 0 0.17364818,
                        -0.93969262 0 0.34202015,
                        -0.86602539 0 0.5,
                        -0.76604444 0 0.64278764,
                        -0.64278764 0 0.76604444,
                        -0.5 0 0.86602539,
                        -0.34202015 0 0.93969262,
                        -0.17364818 0 0.98480773,
                        -2.220446e-16 0 1,
                        0.17364818 0 0.98480773,
                        0.34202015 0 0.93969262,
                        0.5 0 0.86602539,
                        0.64278764 0 0.76604444,
                        0.76604444 0 0.64278764,
                        0.86602539 0 0.5,
                        0.93969262 0 0.34202015,
                        0.98480773 0 0.17364818,
                        0 1 0,
                        0 1 0,
                        0 1 0,
                        0 1 0,
                        0 1 0,
                        0 1 0,
                        0 1 0,
                        0 1 0,
                        0 1 0,
                        0 1 0,
                        0 1 0,
                        0 1 0,
                        0 1 0,
                        0 1 0,
                        0 1 0,
                        0 1 0,
                        0 1 0,
                        0 1 0,
                        0 1 0,
                        0 1 0,
                        0 1 0

                      ]
                    }
                    coordIndex [
                      2 1 0 -1 
                      9 8 1 -1 
                      10 9 1 -1 
                      11 10 1 -1 
                      12 11 1 -1 
                      13 12 1 -1 
                      14 13 1 -1 
                      15 14 1 -1 
                      16 15 1 -1 
                      17 16 1 -1 
                      18 17 1 -1 
                      19 18 1 -1 
                      20 19 1 -1 
                      21 20 1 -1 
                      22 21 1 -1 
                      23 22 1 -1 
                      24 23 1 -1 
                      2 0 3 -1 
                      2 24 1 -1 
                      4 1 5 -1 
                      0 1 4 -1 
                      6 3 7 -1 
                      2 3 6 -1 
                      41 2 6 -1 
                      24 2 41 -1 
                      23 41 40 -1 
                      22 40 39 -1 
                      21 39 38 -1 
                      20 38 37 -1 
                      19 37 36 -1 
                      18 36 35 -1 
                      17 35 34 -1 
                      16 34 33 -1 
                      15 33 32 -1 
                      14 32 31 -1 
                      13 31 30 -1 
                      12 30 29 -1 
                      11 29 28 -1 
                      10 28 27 -1 
                      25 8 26 -1 
                      5 1 25 -1 
                      9 27 26 -1 
                      8 25 1 -1 
                      9 26 8 -1 
                      10 27 9 -1 
                      11 28 10 -1 
                      12 29 11 -1 
                      13 30 12 -1 
                      14 31 13 -1 
                      15 32 14 -1 
                      16 33 15 -1 
                      17 34 16 -1 
                      18 35 17 -1 
                      19 36 18 -1 
                      20 37 19 -1 
                      21 38 20 -1 
                      22 39 21 -1 
                      23 40 22 -1 
                      24 41 23 -1 
                      26 5 25 -1 
                      27 5 26 -1 
                      28 5 27 -1 
                      29 5 28 -1 
                      30 5 29 -1 
                      31 5 30 -1 
                      32 5 31 -1 
                      33 5 32 -1 
                      34 5 33 -1 
                      35 5 34 -1 
                      36 5 35 -1 
                      37 5 36 -1 
                      38 5 37 -1 
                      39 5 38 -1 
                      40 5 39 -1 
                      41 5 40 -1 
                      6 5 41 -1 
                      7 5 6 -1 
                      4 5 7 -1 
                    ]
                    normalIndex [
                      19 1 0 -1 
                      3 2 1 -1 
                      4 3 1 -1 
                      5 4 1 -1 
                      6 5 1 -1 
                      7 6 1 -1 
                      8 7 1 -1 
                      9 8 1 -1 
                      10 9 1 -1 
                      11 10 1 -1 
                      12 11 1 -1 
                      13 12 1 -1 
                      14 13 1 -1 
                      15 14 1 -1 
                      16 15 1 -1 
                      17 16 1 -1 
                      18 17 1 -1 
                      19 0 20 -1 
                      19 18 1 -1 
                      23 21 22 -1 
                      24 21 23 -1 
                      27 25 26 -1 
                      28 25 27 -1 
                      31 29 30 -1 
                      66 29 31 -1 
                      65 31 32 -1 
                      64 32 33 -1 
                      63 33 34 -1 
                      62 34 35 -1 
                      61 35 36 -1 
                      60 36 37 -1 
                      59 37 38 -1 
                      58 38 39 -1 
                      57 39 40 -1 
                      56 40 41 -1 
                      55 41 42 -1 
                      54 42 43 -1 
                      53 43 44 -1 
                      52 44 45 -1 
                      47 50 46 -1 
                      48 49 47 -1 
                      51 45 46 -1 
                      50 47 49 -1 
                      51 46 50 -1 
                      52 45 51 -1 
                      53 44 52 -1 
                      54 43 53 -1 
                      55 42 54 -1 
                      56 41 55 -1 
                      57 40 56 -1 
                      58 39 57 -1 
                      59 38 58 -1 
                      60 37 59 -1 
                      61 36 60 -1 
                      62 35 61 -1 
                      63 34 62 -1 
                      64 33 63 -1 
                      65 32 64 -1 
                      66 31 65 -1 
                      69 67 68 -1 
                      70 67 69 -1 
                      71 67 70 -1 
                      72 67 71 -1 
                      73 67 72 -1 
                      74 67 73 -1 
                      75 67 74 -1 
                      76 67 75 -1 
                      77 67 76 -1 
                      78 67 77 -1 
                      79 67 78 -1 
                      80 67 79 -1 
                      81 67 80 -1 
                      82 67 81 -1 
                      83 67 82 -1 
                      84 67 83 -1 
                      85 67 84 -1 
                      86 67 85 -1 
                      87 67 86 -1 
                    ]
                  }
                }
                DEF FRAME-RSM0032A_46 Shape {
                  appearance DEF __188 Appearance {
                    material DEF __189 Material {
                      ambientIntensity 0.28835144639
                      diffuseColor 1 0.620000004768 0.519999980927
                      shininess 0
                    }
                  }
                  geometry DEF __190 IndexedFaceSet {
                    solid FALSE
                    coord Coordinate {
                      point [
                        0.0007 0 -0.002,
                        0.0005 0 -0.002,
                        0.0007 0.0002 -0.002,
                        0.0005 0.0002 -0.002

                      ]
                    }
                    normal Normal {
                      vector [
                        0 0 -1,
                        0 0 -1,
                        0 0 -1,
                        0 0 -1

                      ]
                    }
                    coordIndex [
                      2 1 3 -1 
                      0 1 2 -1 
                    ]
                    normalIndex [
                      2 0 1 -1 
                      3 0 2 -1 
                    ]
                  }
                }
                DEF FRAME-RSM0032A_47 Shape {
                  appearance DEF __192 Appearance {
                    material DEF __193 Material {
                      ambientIntensity 0.221739053726
                      diffuseColor 0.901961028576 0.901961028576 0.901961028576
                      shininess 0
                    }
                  }
                  geometry DEF __194 IndexedFaceSet {
                    solid FALSE
                    coord Coordinate {
                      point [
                        0.0009 0 -0.002,
                        0.0009 0 -0.0017,
                        0.0011 0 -0.0017,
                        0.0011 0 -0.002,
                        0.0009 0.0002 -0.002,
                        0.0009 0.0002 -0.0017,
                        0.0011 0.0002 -0.0017,
                        0.0011 0.0002 -0.002,
                        0.000901519224699 0 -0.00168263518223,
                        0.000906030737921 0 -0.00166579798567,
                        0.000913397459622 0 -0.00165,
                        0.000923395555688 0 -0.00163572123903,
                        0.000935721239031 0 -0.00162339555569,
                        0.00095 0 -0.00161339745962,
                        0.000965797985667 0 -0.00160603073792,
                        0.000982635182233 0 -0.0016015192247,
                        0.001 0 -0.0016,
                        0.00101736481777 0 -0.0016015192247,
                        0.00103420201433 0 -0.00160603073792,
                        0.00105 0 -0.00161339745962,
                        0.00106427876097 0 -0.00162339555569,
                        0.00107660444431 0 -0.00163572123903,
                        0.00108660254038 0 -0.00165,
                        0.00109396926208 0 -0.00166579798567,
                        0.0010984807753 0 -0.00168263518223,
                        0.000901519224699 0.0002 -0.00168263518223,
                        0.000906030737921 0.0002 -0.00166579798567,
                        0.000913397459622 0.0002 -0.00165,
                        0.000923395555688 0.0002 -0.00163572123903,
                        0.000935721239031 0.0002 -0.00162339555569,
                        0.00095 0.0002 -0.00161339745962,
                        0.000965797985667 0.0002 -0.00160603073792,
                        0.000982635182233 0.0002 -0.0016015192247,
                        0.001 0.0002 -0.0016,
                        0.00101736481777 0.0002 -0.0016015192247,
                        0.00103420201433 0.0002 -0.00160603073792,
                        0.00105 0.0002 -0.00161339745962,
                        0.00106427876097 0.0002 -0.00162339555569,
                        0.00107660444431 0.0002 -0.00163572123903,
                        0.00108660254038 0.0002 -0.00165,
                        0.00109396926208 0.0002 -0.00166579798567,
                        0.0010984807753 0.0002 -0.00168263518223

                      ]
                    }
                    normal Normal {
                      vector [
                        -0 -1 -0,
                        -0 -1 -0,
                        -0 -1 -0,
                        -0 -1 -0,
                        -0 -1 -0,
                        -0 -1 -0,
                        -0 -1 -0,
                        -0 -1 -0,
                        -0 -1 -0,
                        -0 -1 -0,
                        -0 -1 -0,
                        -0 -1 -0,
                        -0 -1 -0,
                        -0 -1 -0,
                        -0 -1 -0,
                        -0 -1 -0,
                        -0 -1 -0,
                        -0 -1 -0,
                        -0 -1 -0,
                        -0 -1 -0,
                        -0 -1 -0,
                        -1 0 0,
                        -1 0 0,
                        -1 0 0,
                        -1 0 0,
                        1 0 0,
                        1 0 0,
                        1 0 0,
                        1 0 0,
                        1 0 2.220446e-16,
                        1 0 2.220446e-16,
                        0.98480773 0 0.17364818,
                        0.93969262 0 0.34202015,
                        0.86602539 0 0.5,
                        0.76604444 0 0.64278764,
                        0.64278764 0 0.76604444,
                        0.5 0 0.86602539,
                        0.34202015 0 0.93969262,
                        0.17364818 0 0.98480773,
                        -2.220446e-16 0 1,
                        -0.17364818 0 0.98480773,
                        -0.34202015 0 0.93969262,
                        -0.5 0 0.86602539,
                        -0.64278764 0 0.76604444,
                        -0.76604444 0 0.64278764,
                        -0.86602539 0 0.5,
                        -0.93969262 0 0.34202015,
                        -0.98480773 0 0.17364818,
                        -1 0 -2.220446e-16,
                        -1 0 -2.220446e-16,
                        -0.98480773 0 0.17364818,
                        -0.93969262 0 0.34202015,
                        -0.86602539 0 0.5,
                        -0.76604444 0 0.64278764,
                        -0.64278764 0 0.76604444,
                        -0.5 0 0.86602539,
                        -0.34202015 0 0.93969262,
                        -0.17364818 0 0.98480773,
                        -2.220446e-16 0 1,
                        0.17364818 0 0.98480773,
                        0.34202015 0 0.93969262,
                        0.5 0 0.86602539,
                        0.64278764 0 0.76604444,
                        0.76604444 0 0.64278764,
                        0.86602539 0 0.5,
                        0.93969262 0 0.34202015,
                        0.98480773 0 0.17364818,
                        0 1 0,
                        0 1 0,
                        0 1 0,
                        0 1 0,
                        0 1 0,
                        0 1 0,
                        0 1 0,
                        0 1 0,
                        0 1 0,
                        0 1 0,
                        0 1 0,
                        0 1 0,
                        0 1 0,
                        0 1 0,
                        0 1 0,
                        0 1 0,
                        0 1 0,
                        0 1 0,
                        0 1 0,
                        0 1 0,
                        0 1 0

                      ]
                    }
                    coordIndex [
                      2 1 0 -1 
                      9 8 1 -1 
                      10 9 1 -1 
                      11 10 1 -1 
                      12 11 1 -1 
                      13 12 1 -1 
                      14 13 1 -1 
                      15 14 1 -1 
                      16 15 1 -1 
                      17 16 1 -1 
                      18 17 1 -1 
                      19 18 1 -1 
                      20 19 1 -1 
                      21 20 1 -1 
                      22 21 1 -1 
                      23 22 1 -1 
                      24 23 1 -1 
                      2 0 3 -1 
                      2 24 1 -1 
                      4 1 5 -1 
                      0 1 4 -1 
                      6 3 7 -1 
                      2 3 6 -1 
                      41 2 6 -1 
                      24 2 41 -1 
                      23 41 40 -1 
                      22 40 39 -1 
                      21 39 38 -1 
                      20 38 37 -1 
                      19 37 36 -1 
                      18 36 35 -1 
                      17 35 34 -1 
                      16 34 33 -1 
                      15 33 32 -1 
                      14 32 31 -1 
                      13 31 30 -1 
                      12 30 29 -1 
                      11 29 28 -1 
                      10 28 27 -1 
                      25 8 26 -1 
                      5 1 25 -1 
                      9 27 26 -1 
                      8 25 1 -1 
                      9 26 8 -1 
                      10 27 9 -1 
                      11 28 10 -1 
                      12 29 11 -1 
                      13 30 12 -1 
                      14 31 13 -1 
                      15 32 14 -1 
                      16 33 15 -1 
                      17 34 16 -1 
                      18 35 17 -1 
                      19 36 18 -1 
                      20 37 19 -1 
                      21 38 20 -1 
                      22 39 21 -1 
                      23 40 22 -1 
                      24 41 23 -1 
                      26 5 25 -1 
                      27 5 26 -1 
                      28 5 27 -1 
                      29 5 28 -1 
                      30 5 29 -1 
                      31 5 30 -1 
                      32 5 31 -1 
                      33 5 32 -1 
                      34 5 33 -1 
                      35 5 34 -1 
                      36 5 35 -1 
                      37 5 36 -1 
                      38 5 37 -1 
                      39 5 38 -1 
                      40 5 39 -1 
                      41 5 40 -1 
                      6 5 41 -1 
                      7 5 6 -1 
                      4 5 7 -1 
                    ]
                    normalIndex [
                      19 1 0 -1 
                      3 2 1 -1 
                      4 3 1 -1 
                      5 4 1 -1 
                      6 5 1 -1 
                      7 6 1 -1 
                      8 7 1 -1 
                      9 8 1 -1 
                      10 9 1 -1 
                      11 10 1 -1 
                      12 11 1 -1 
                      13 12 1 -1 
                      14 13 1 -1 
                      15 14 1 -1 
                      16 15 1 -1 
                      17 16 1 -1 
                      18 17 1 -1 
                      19 0 20 -1 
                      19 18 1 -1 
                      23 21 22 -1 
                      24 21 23 -1 
                      27 25 26 -1 
                      28 25 27 -1 
                      31 29 30 -1 
                      66 29 31 -1 
                      65 31 32 -1 
                      64 32 33 -1 
                      63 33 34 -1 
                      62 34 35 -1 
                      61 35 36 -1 
                      60 36 37 -1 
                      59 37 38 -1 
                      58 38 39 -1 
                      57 39 40 -1 
                      56 40 41 -1 
                      55 41 42 -1 
                      54 42 43 -1 
                      53 43 44 -1 
                      52 44 45 -1 
                      47 50 46 -1 
                      48 49 47 -1 
                      51 45 46 -1 
                      50 47 49 -1 
                      51 46 50 -1 
                      52 45 51 -1 
                      53 44 52 -1 
                      54 43 53 -1 
                      55 42 54 -1 
                      56 41 55 -1 
                      57 40 56 -1 
                      58 39 57 -1 
                      59 38 58 -1 
                      60 37 59 -1 
                      61 36 60 -1 
                      62 35 61 -1 
                      63 34 62 -1 
                      64 33 63 -1 
                      65 32 64 -1 
                      66 31 65 -1 
                      69 67 68 -1 
                      70 67 69 -1 
                      71 67 70 -1 
                      72 67 71 -1 
                      73 67 72 -1 
                      74 67 73 -1 
                      75 67 74 -1 
                      76 67 75 -1 
                      77 67 76 -1 
                      78 67 77 -1 
                      79 67 78 -1 
                      80 67 79 -1 
                      81 67 80 -1 
                      82 67 81 -1 
                      83 67 82 -1 
                      84 67 83 -1 
                      85 67 84 -1 
                      86 67 85 -1 
                      87 67 86 -1 
                    ]
                  }
                }
                DEF FRAME-RSM0032A_48 Shape {
                  appearance DEF __196 Appearance {
                    material DEF __197 Material {
                      ambientIntensity 0.28835144639
                      diffuseColor 1 0.620000004768 0.519999980927
                      shininess 0
                    }
                  }
                  geometry DEF __198 IndexedFaceSet {
                    solid FALSE
                    coord Coordinate {
                      point [
                        0.0011 0 -0.002,
                        0.0009 0 -0.002,
                        0.0011 0.0002 -0.002,
                        0.0009 0.0002 -0.002

                      ]
                    }
                    normal Normal {
                      vector [
                        0 0 -1,
                        0 0 -1,
                        0 0 -1,
                        0 0 -1

                      ]
                    }
                    coordIndex [
                      2 1 3 -1 
                      0 1 2 -1 
                    ]
                    normalIndex [
                      2 0 1 -1 
                      3 0 2 -1 
                    ]
                  }
                }
                DEF FRAME-RSM0032A_49 Shape {
                  appearance DEF __200 Appearance {
                    material DEF __201 Material {
                      ambientIntensity 0.221739053726
                      diffuseColor 0.901961028576 0.901961028576 0.901961028576
                      shininess 0
                    }
                  }
                  geometry DEF __202 IndexedFaceSet {
                    solid FALSE
                    coord Coordinate {
                      point [
                        0.0015 0 -0.00181819805153,
                        0.0013207781696 0 -0.00163897622113,
                        0.0015 0 -0.002,
                        0.0013 0 -0.002,
                        0.0013 0 -0.0017,
                        0.0013207781696 0.0002 -0.00163897622113,
                        0.0015 0.0002 -0.00181819805153,
                        0.0013 0.0002 -0.0017,
                        0.0013 0.0002 -0.002,
                        0.0015 0.0002 -0.002,
                        0.00130134326125 0 -0.0016836645202,
                        0.001305336958 0 -0.00166776789675,
                        0.00131187379868 0 -0.00165273719601,
                        0.00130134326125 0.0002 -0.0016836645202,
                        0.001305336958 0.0002 -0.00166776789675,
                        0.00131187379868 0.0002 -0.00165273719601

                      ]
                    }
                    normal Normal {
                      vector [
                        -0 -1 -0,
                        -0 -1 -0,
                        -0 -1 -0,
                        -0 -1 -0,
                        -0 -1 -0,
                        -0 -1 -0,
                        -0 -1 -0,
                        -0 -1 -0,
                        0.70710677 -0 0.70710677,
                        0.70710677 -0 0.70710677,
                        0.70710677 -0 0.70710677,
                        0.70710677 -0 0.70710677,
                        -0.79221833 0 0.61023778,
                        -0.881262 0 0.47262803,
                        -0.94663042 0 0.32232103,
                        -0.98656738 0 0.1633548,
                        -1 0 -2.220446e-16,
                        -1 0 -2.220446e-16,
                        -0.98656738 0 0.1633548,
                        -0.94663042 0 0.32232103,
                        -0.881262 0 0.47262803,
                        -0.79221833 0 0.61023778,
                        -1 0 0,
                        -1 0 0,
                        -1 0 0,
                        -1 0 0,
                        1 0 0,
                        1 0 0,
                        1 0 0,
                        1 0 0,
                        0 1 0,
                        0 1 0,
                        0 1 0,
                        0 1 0,
                        0 1 0,
                        0 1 0,
                        0 1 0,
                        0 1 0

                      ]
                    }
                    coordIndex [
                      4 0 1 -1 
                      3 2 0 -1 
                      4 3 0 -1 
                      10 4 1 -1 
                      11 10 1 -1 
                      12 11 1 -1 
                      5 1 0 -1 
                      6 5 0 -1 
                      15 12 5 -1 
                      14 11 15 -1 
                      13 10 14 -1 
                      7 4 13 -1 
                      10 13 4 -1 
                      11 14 10 -1 
                      12 15 11 -1 
                      1 5 12 -1 
                      8 4 7 -1 
                      3 4 8 -1 
                      9 0 2 -1 
                      6 0 9 -1 
                      9 8 6 -1 
                      7 6 8 -1 
                      5 6 7 -1 
                      14 7 13 -1 
                      15 7 14 -1 
                      5 7 15 -1 
                    ]
                    normalIndex [
                      4 1 0 -1 
                      3 2 1 -1 
                      4 3 1 -1 
                      5 4 0 -1 
                      6 5 0 -1 
                      7 6 0 -1 
                      10 9 8 -1 
                      11 10 8 -1 
                      13 20 12 -1 
                      14 19 13 -1 
                      15 18 14 -1 
                      16 17 15 -1 
                      18 15 17 -1 
                      19 14 18 -1 
                      20 13 19 -1 
                      21 12 20 -1 
                      24 22 23 -1 
                      25 22 24 -1 
                      28 26 27 -1 
                      29 26 28 -1 
                      31 32 30 -1 
                      33 30 32 -1 
                      37 30 33 -1 
                      35 33 34 -1 
                      36 33 35 -1 
                      37 33 36 -1 
                    ]
                  }
                }
                DEF FRAME-RSM0032A_50 Shape {
                  appearance DEF __204 Appearance {
                    material DEF __205 Material {
                      ambientIntensity 0.28835144639
                      diffuseColor 1 0.620000004768 0.519999980927
                      shininess 0
                    }
                  }
                  geometry DEF __206 IndexedFaceSet {
                    solid FALSE
                    coord Coordinate {
                      point [
                        0.0015 0 -0.002,
                        0.0013 0 -0.002,
                        0.0015 0.0002 -0.002,
                        0.0013 0.0002 -0.002

                      ]
                    }
                    normal Normal {
                      vector [
                        0 0 -1,
                        0 0 -1,
                        0 0 -1,
                        0 0 -1

                      ]
                    }
                    coordIndex [
                      2 1 3 -1 
                      0 1 2 -1 
                    ]
                    normalIndex [
                      2 0 1 -1 
                      3 0 2 -1 
                    ]
                  }
                }
                DEF FRAME-RSM0032A_51 Shape {
                  appearance DEF __208 Appearance {
                    material DEF __209 Material {
                      ambientIntensity 0.221739053726
                      diffuseColor 0.901961028576 0.901961028576 0.901961028576
                      shininess 0
                    }
                  }
                  geometry DEF __210 IndexedFaceSet {
                    solid FALSE
                    coord Coordinate {
                      point [
                        -0.0015 0 0.00181819805153,
                        -0.0013207781696 0 0.00163897622113,
                        -0.0015 0 0.002,
                        -0.0013 0 0.002,
                        -0.0013 0 0.0017,
                        -0.0013207781696 0.0002 0.00163897622113,
                        -0.0015 0.0002 0.00181819805153,
                        -0.0013 0.0002 0.0017,
                        -0.0013 0.0002 0.002,
                        -0.0015 0.0002 0.002,
                        -0.00131187379868 0 0.00165273719601,
                        -0.001305336958 0 0.00166776789675,
                        -0.00130134326125 0 0.0016836645202,
                        -0.00131187379868 0.0002 0.00165273719601,
                        -0.001305336958 0.0002 0.00166776789675,
                        -0.00130134326125 0.0002 0.0016836645202

                      ]
                    }
                    normal Normal {
                      vector [
                        0 -1 0,
                        0 -1 0,
                        0 -1 0,
                        0 -1 0,
                        0 -1 0,
                        0 -1 0,
                        0 -1 0,
                        0 -1 0,
                        -0.70710677 -0 -0.70710677,
                        -0.70710677 -0 -0.70710677,
                        -0.70710677 -0 -0.70710677,
                        -0.70710677 -0 -0.70710677,
                        0.79221833 0 -0.61023778,
                        0.881262 0 -0.47262803,
                        0.94663042 0 -0.32232103,
                        0.98656738 0 -0.1633548,
                        1 0 6.6613381e-16,
                        1 0 -2.220446e-16,
                        0.98656738 0 -0.1633548,
                        0.94663042 0 -0.32232103,
                        0.881262 0 -0.47262803,
                        0.79221833 0 -0.61023778,
                        1 -0 -0,
                        1 -0 -0,
                        1 -0 -0,
                        1 -0 -0,
                        -1 -0 -0,
                        -1 -0 -0,
                        -1 -0 -0,
                        -1 -0 -0,
                        -0 1 -0,
                        -0 1 -0,
                        -0 1 -0,
                        -0 1 -0,
                        -0 1 -0,
                        -0 1 -0,
                        -0 1 -0,
                        -0 1 -0

                      ]
                    }
                    coordIndex [
                      3 0 4 -1 
                      11 1 10 -1 
                      12 1 11 -1 
                      4 1 12 -1 
                      0 1 4 -1 
                      0 3 2 -1 
                      5 1 0 -1 
                      6 5 0 -1 
                      10 5 13 -1 
                      11 13 14 -1 
                      12 14 15 -1 
                      4 15 7 -1 
                      12 15 4 -1 
                      11 14 12 -1 
                      10 13 11 -1 
                      1 5 10 -1 
                      8 3 4 -1 
                      7 8 4 -1 
                      9 6 0 -1 
                      2 9 0 -1 
                      7 5 6 -1 
                      14 13 5 -1 
                      15 14 5 -1 
                      7 15 5 -1 
                      8 7 6 -1 
                      9 8 6 -1 
                    ]
                    normalIndex [
                      5 7 4 -1 
                      2 0 1 -1 
                      3 0 2 -1 
                      4 0 3 -1 
                      7 0 4 -1 
                      7 5 6 -1 
                      10 9 8 -1 
                      11 10 8 -1 
                      20 12 13 -1 
                      19 13 14 -1 
                      18 14 15 -1 
                      17 15 16 -1 
                      18 15 17 -1 
                      19 14 18 -1 
                      20 13 19 -1 
                      21 12 20 -1 
                      24 23 22 -1 
                      25 24 22 -1 
                      28 27 26 -1 
                      29 28 26 -1 
                      35 31 30 -1 
                      33 32 31 -1 
                      34 33 31 -1 
                      35 34 31 -1 
                      36 35 30 -1 
                      37 36 30 -1 
                    ]
                  }
                }
                DEF FRAME-RSM0032A_52 Shape {
                  appearance DEF __212 Appearance {
                    material DEF __213 Material {
                      ambientIntensity 0.28835144639
                      diffuseColor 1 0.620000004768 0.519999980927
                      shininess 0
                    }
                  }
                  geometry DEF __214 IndexedFaceSet {
                    solid FALSE
                    coord Coordinate {
                      point [
                        -0.0013 0 0.002,
                        -0.0015 0 0.002,
                        -0.0015 0.0002 0.002,
                        -0.0013 0.0002 0.002

                      ]
                    }
                    normal Normal {
                      vector [
                        -0 -0 1,
                        -0 -0 1,
                        -0 -0 1,
                        -0 -0 1

                      ]
                    }
                    coordIndex [
                      2 1 0 -1 
                      3 2 0 -1 
                    ]
                    normalIndex [
                      2 1 0 -1 
                      3 2 0 -1 
                    ]
                  }
                }
                DEF FRAME-RSM0032A_53 Shape {
                  appearance DEF __216 Appearance {
                    material DEF __217 Material {
                      ambientIntensity 0.221739053726
                      diffuseColor 0.901961028576 0.901961028576 0.901961028576
                      shininess 0
                    }
                  }
                  geometry DEF __218 IndexedFaceSet {
                    solid FALSE
                    coord Coordinate {
                      point [
                        -0.0011 0 0.002,
                        -0.0011 0 0.0017,
                        -0.0009 0 0.002,
                        -0.0009 0 0.0017,
                        -0.0011 0.0002 0.0017,
                        -0.0011 0.0002 0.002,
                        -0.0009 0.0002 0.0017,
                        -0.0009 0.0002 0.002,
                        -0.0010984807753 0 0.00168263518223,
                        -0.00109396926208 0 0.00166579798567,
                        -0.00108660254038 0 0.00165,
                        -0.00107660444431 0 0.00163572123903,
                        -0.00106427876097 0 0.00162339555569,
                        -0.00105 0 0.00161339745962,
                        -0.00103420201433 0 0.00160603073792,
                        -0.00101736481777 0 0.0016015192247,
                        -0.001 0 0.0016,
                        -0.000982635182233 0 0.0016015192247,
                        -0.000965797985667 0 0.00160603073792,
                        -0.00095 0 0.00161339745962,
                        -0.000935721239031 0 0.00162339555569,
                        -0.000923395555688 0 0.00163572123903,
                        -0.000913397459622 0 0.00165,
                        -0.000906030737921 0 0.00166579798567,
                        -0.000901519224699 0 0.00168263518223,
                        -0.0010984807753 0.0002 0.00168263518223,
                        -0.00109396926208 0.0002 0.00166579798567,
                        -0.00108660254038 0.0002 0.00165,
                        -0.00107660444431 0.0002 0.00163572123903,
                        -0.00106427876097 0.0002 0.00162339555569,
                        -0.00105 0.0002 0.00161339745962,
                        -0.00103420201433 0.0002 0.00160603073792,
                        -0.00101736481777 0.0002 0.0016015192247,
                        -0.001 0.0002 0.0016,
                        -0.000982635182233 0.0002 0.0016015192247,
                        -0.000965797985667 0.0002 0.00160603073792,
                        -0.00095 0.0002 0.00161339745962,
                        -0.000935721239031 0.0002 0.00162339555569,
                        -0.000923395555688 0.0002 0.00163572123903,
                        -0.000913397459622 0.0002 0.00165,
                        -0.000906030737921 0.0002 0.00166579798567,
                        -0.000901519224699 0.0002 0.00168263518223

                      ]
                    }
                    normal Normal {
                      vector [
                        0 -1 0,
                        0 -1 0,
                        0 -1 0,
                        0 -1 0,
                        0 -1 0,
                        0 -1 0,
                        0 -1 0,
                        0 -1 0,
                        0 -1 0,
                        0 -1 0,
                        0 -1 0,
                        0 -1 0,
                        0 -1 0,
                        0 -1 0,
                        0 -1 0,
                        0 -1 0,
                        0 -1 0,
                        0 -1 0,
                        0 -1 0,
                        0 -1 0,
                        0 -1 0,
                        -1 -0 -0,
                        -1 -0 -0,
                        -1 -0 -0,
                        -1 -0 -0,
                        -1 0 2.220446e-16,
                        -1 0 2.220446e-16,
                        -0.98480773 0 -0.17364818,
                        -0.93969262 0 -0.34202015,
                        -0.86602539 0 -0.5,
                        -0.76604444 0 -0.64278764,
                        -0.64278764 0 -0.76604444,
                        -0.5 0 -0.86602539,
                        -0.34202015 0 -0.93969262,
                        -0.17364818 0 -0.98480773,
                        -2.220446e-16 0 -1,
                        0.17364818 0 -0.98480773,
                        0.34202015 0 -0.93969262,
                        0.5 0 -0.86602539,
                        0.64278764 0 -0.76604444,
                        0.76604444 0 -0.64278764,
                        0.86602539 0 -0.5,
                        0.93969262 0 -0.34202015,
                        0.98480773 0 -0.17364818,
                        1 0 -2.220446e-16,
                        1 0 -2.220446e-16,
                        0.98480773 0 -0.17364818,
                        0.93969262 0 -0.34202015,
                        0.86602539 0 -0.5,
                        0.76604444 0 -0.64278764,
                        0.64278764 0 -0.76604444,
                        0.5 0 -0.86602539,
                        0.34202015 0 -0.93969262,
                        0.17364818 0 -0.98480773,
                        -2.220446e-16 0 -1,
                        -0.17364818 0 -0.98480773,
                        -0.34202015 0 -0.93969262,
                        -0.5 0 -0.86602539,
                        -0.64278764 0 -0.76604444,
                        -0.76604444 0 -0.64278764,
                        -0.86602539 0 -0.5,
                        -0.93969262 0 -0.34202015,
                        -0.98480773 0 -0.17364818,
                        1 -0 -0,
                        1 -0 -0,
                        1 -0 -0,
                        1 -0 -0,
                        -0 1 -0,
                        -0 1 -0,
                        -0 1 -0,
                        -0 1 -0,
                        -0 1 -0,
                        -0 1 -0,
                        -0 1 -0,
                        -0 1 -0,
                        -0 1 -0,
                        -0 1 -0,
                        -0 1 -0,
                        -0 1 -0,
                        -0 1 -0,
                        -0 1 -0,
                        -0 1 -0,
                        -0 1 -0,
                        -0 1 -0,
                        -0 1 -0,
                        -0 1 -0,
                        -0 1 -0,
                        -0 1 -0

                      ]
                    }
                    coordIndex [
                      9 1 8 -1 
                      10 1 9 -1 
                      11 1 10 -1 
                      12 1 11 -1 
                      13 1 12 -1 
                      14 1 13 -1 
                      15 1 14 -1 
                      16 1 15 -1 
                      17 1 16 -1 
                      18 1 17 -1 
                      19 1 18 -1 
                      20 1 19 -1 
                      21 1 20 -1 
                      22 1 21 -1 
                      23 1 22 -1 
                      24 1 23 -1 
                      3 1 24 -1 
                      2 1 3 -1 
                      0 1 2 -1 
                      4 1 0 -1 
                      5 4 0 -1 
                      25 1 4 -1 
                      8 1 25 -1 
                      9 25 26 -1 
                      10 26 27 -1 
                      11 27 28 -1 
                      12 28 29 -1 
                      13 29 30 -1 
                      14 30 31 -1 
                      18 34 35 -1 
                      19 35 36 -1 
                      20 36 37 -1 
                      21 37 38 -1 
                      22 38 39 -1 
                      23 39 40 -1 
                      24 40 41 -1 
                      3 41 6 -1 
                      17 33 34 -1 
                      24 41 3 -1 
                      16 32 33 -1 
                      23 40 24 -1 
                      15 31 32 -1 
                      22 39 23 -1 
                      21 38 22 -1 
                      20 37 21 -1 
                      19 36 20 -1 
                      18 35 19 -1 
                      17 34 18 -1 
                      16 33 17 -1 
                      15 32 16 -1 
                      14 31 15 -1 
                      13 30 14 -1 
                      12 29 13 -1 
                      11 28 12 -1 
                      10 27 11 -1 
                      9 26 10 -1 
                      8 25 9 -1 
                      7 2 3 -1 
                      6 7 3 -1 
                      6 4 5 -1 
                      26 25 4 -1 
                      27 26 4 -1 
                      28 27 4 -1 
                      29 28 4 -1 
                      30 29 4 -1 
                      31 30 4 -1 
                      32 31 4 -1 
                      33 32 4 -1 
                      34 33 4 -1 
                      35 34 4 -1 
                      36 35 4 -1 
                      37 36 4 -1 
                      38 37 4 -1 
                      39 38 4 -1 
                      40 39 4 -1 
                      41 40 4 -1 
                      6 41 4 -1 
                      7 6 5 -1 
                    ]
                    normalIndex [
                      2 0 1 -1 
                      3 0 2 -1 
                      4 0 3 -1 
                      5 0 4 -1 
                      6 0 5 -1 
                      7 0 6 -1 
                      8 0 7 -1 
                      9 0 8 -1 
                      10 0 9 -1 
                      11 0 10 -1 
                      12 0 11 -1 
                      13 0 12 -1 
                      14 0 13 -1 
                      15 0 14 -1 
                      16 0 15 -1 
                      17 0 16 -1 
                      18 0 17 -1 
                      19 0 18 -1 
                      20 0 19 -1 
                      23 22 21 -1 
                      24 23 21 -1 
                      27 25 26 -1 
                      62 25 27 -1 
                      61 27 28 -1 
                      60 28 29 -1 
                      59 29 30 -1 
                      58 30 31 -1 
                      57 31 32 -1 
                      56 32 33 -1 
                      52 36 37 -1 
                      51 37 38 -1 
                      50 38 39 -1 
                      49 39 40 -1 
                      48 40 41 -1 
                      47 41 42 -1 
                      46 42 43 -1 
                      45 43 44 -1 
                      53 35 36 -1 
                      46 43 45 -1 
                      54 34 35 -1 
                      47 42 46 -1 
                      55 33 34 -1 
                      48 41 47 -1 
                      49 40 48 -1 
                      50 39 49 -1 
                      51 38 50 -1 
                      52 37 51 -1 
                      53 36 52 -1 
                      54 35 53 -1 
                      55 34 54 -1 
                      56 33 55 -1 
                      57 32 56 -1 
                      58 31 57 -1 
                      59 30 58 -1 
                      60 29 59 -1 
                      61 28 60 -1 
                      62 27 61 -1 
                      65 64 63 -1 
                      66 65 63 -1 
                      86 68 67 -1 
                      70 69 68 -1 
                      71 70 68 -1 
                      72 71 68 -1 
                      73 72 68 -1 
                      74 73 68 -1 
                      75 74 68 -1 
                      76 75 68 -1 
                      77 76 68 -1 
                      78 77 68 -1 
                      79 78 68 -1 
                      80 79 68 -1 
                      81 80 68 -1 
                      82 81 68 -1 
                      83 82 68 -1 
                      84 83 68 -1 
                      85 84 68 -1 
                      86 85 68 -1 
                      87 86 67 -1 
                    ]
                  }
                }
                DEF FRAME-RSM0032A_54 Shape {
                  appearance DEF __220 Appearance {
                    material DEF __221 Material {
                      ambientIntensity 0.28835144639
                      diffuseColor 1 0.620000004768 0.519999980927
                      shininess 0
                    }
                  }
                  geometry DEF __222 IndexedFaceSet {
                    solid FALSE
                    coord Coordinate {
                      point [
                        -0.0009 0 0.002,
                        -0.0011 0 0.002,
                        -0.0011 0.0002 0.002,
                        -0.0009 0.0002 0.002

                      ]
                    }
                    normal Normal {
                      vector [
                        -0 -0 1,
                        -0 -0 1,
                        -0 -0 1,
                        -0 -0 1

                      ]
                    }
                    coordIndex [
                      2 1 0 -1 
                      3 2 0 -1 
                    ]
                    normalIndex [
                      2 1 0 -1 
                      3 2 0 -1 
                    ]
                  }
                }
                DEF FRAME-RSM0032A_55 Shape {
                  appearance DEF __224 Appearance {
                    material DEF __225 Material {
                      ambientIntensity 0.221739053726
                      diffuseColor 0.901961028576 0.901961028576 0.901961028576
                      shininess 0
                    }
                  }
                  geometry DEF __226 IndexedFaceSet {
                    solid FALSE
                    coord Coordinate {
                      point [
                        -0.0007 0 0.002,
                        -0.0007 0 0.0017,
                        -0.0005 0 0.002,
                        -0.0005 0 0.0017,
                        -0.0007 0.0002 0.0017,
                        -0.0007 0.0002 0.002,
                        -0.0005 0.0002 0.0017,
                        -0.0005 0.0002 0.002,
                        -0.000698480775301 0 0.00168263518223,
                        -0.000693969262079 0 0.00166579798567,
                        -0.000686602540378 0 0.00165,
                        -0.000676604444312 0 0.00163572123903,
                        -0.000664278760969 0 0.00162339555569,
                        -0.00065 0 0.00161339745962,
                        -0.000634202014333 0 0.00160603073792,
                        -0.000617364817767 0 0.0016015192247,
                        -0.0006 0 0.0016,
                        -0.000582635182233 0 0.0016015192247,
                        -0.000565797985667 0 0.00160603073792,
                        -0.00055 0 0.00161339745962,
                        -0.000535721239031 0 0.00162339555569,
                        -0.000523395555688 0 0.00163572123903,
                        -0.000513397459622 0 0.00165,
                        -0.000506030737921 0 0.00166579798567,
                        -0.000501519224699 0 0.00168263518223,
                        -0.000698480775301 0.0002 0.00168263518223,
                        -0.000693969262079 0.0002 0.00166579798567,
                        -0.000686602540378 0.0002 0.00165,
                        -0.000676604444312 0.0002 0.00163572123903,
                        -0.000664278760969 0.0002 0.00162339555569,
                        -0.00065 0.0002 0.00161339745962,
                        -0.000634202014333 0.0002 0.00160603073792,
                        -0.000617364817767 0.0002 0.0016015192247,
                        -0.0006 0.0002 0.0016,
                        -0.000582635182233 0.0002 0.0016015192247,
                        -0.000565797985667 0.0002 0.00160603073792,
                        -0.00055 0.0002 0.00161339745962,
                        -0.000535721239031 0.0002 0.00162339555569,
                        -0.000523395555688 0.0002 0.00163572123903,
                        -0.000513397459622 0.0002 0.00165,
                        -0.000506030737921 0.0002 0.00166579798567,
                        -0.000501519224699 0.0002 0.00168263518223

                      ]
                    }
                    normal Normal {
                      vector [
                        0 -1 0,
                        0 -1 0,
                        0 -1 0,
                        0 -1 0,
                        0 -1 0,
                        0 -1 0,
                        0 -1 0,
                        0 -1 0,
                        0 -1 0,
                        0 -1 0,
                        0 -1 0,
                        0 -1 0,
                        0 -1 0,
                        0 -1 0,
                        0 -1 0,
                        0 -1 0,
                        0 -1 0,
                        0 -1 0,
                        0 -1 0,
                        0 -1 0,
                        0 -1 0,
                        -1 -0 -0,
                        -1 -0 -0,
                        -1 -0 -0,
                        -1 -0 -0,
                        -1 0 2.220446e-16,
                        -1 0 2.220446e-16,
                        -0.98480773 0 -0.17364818,
                        -0.93969262 0 -0.34202015,
                        -0.86602539 0 -0.5,
                        -0.76604444 0 -0.64278764,
                        -0.64278764 0 -0.76604444,
                        -0.5 0 -0.86602539,
                        -0.34202015 0 -0.93969262,
                        -0.17364818 0 -0.98480773,
                        -2.220446e-16 0 -1,
                        0.17364818 0 -0.98480773,
                        0.34202015 0 -0.93969262,
                        0.5 0 -0.86602539,
                        0.64278764 0 -0.76604444,
                        0.76604444 0 -0.64278764,
                        0.86602539 0 -0.5,
                        0.93969262 0 -0.34202015,
                        0.98480773 0 -0.17364818,
                        1 0 -2.220446e-16,
                        1 0 -2.220446e-16,
                        0.98480773 0 -0.17364818,
                        0.93969262 0 -0.34202015,
                        0.86602539 0 -0.5,
                        0.76604444 0 -0.64278764,
                        0.64278764 0 -0.76604444,
                        0.5 0 -0.86602539,
                        0.34202015 0 -0.93969262,
                        0.17364818 0 -0.98480773,
                        -2.220446e-16 0 -1,
                        -0.17364818 0 -0.98480773,
                        -0.34202015 0 -0.93969262,
                        -0.5 0 -0.86602539,
                        -0.64278764 0 -0.76604444,
                        -0.76604444 0 -0.64278764,
                        -0.86602539 0 -0.5,
                        -0.93969262 0 -0.34202015,
                        -0.98480773 0 -0.17364818,
                        1 -0 -0,
                        1 -0 -0,
                        1 -0 -0,
                        1 -0 -0,
                        -0 1 -0,
                        -0 1 -0,
                        -0 1 -0,
                        -0 1 -0,
                        -0 1 -0,
                        -0 1 -0,
                        -0 1 -0,
                        -0 1 -0,
                        -0 1 -0,
                        -0 1 -0,
                        -0 1 -0,
                        -0 1 -0,
                        -0 1 -0,
                        -0 1 -0,
                        -0 1 -0,
                        -0 1 -0,
                        -0 1 -0,
                        -0 1 -0,
                        -0 1 -0,
                        -0 1 -0,
                        -0 1 -0

                      ]
                    }
                    coordIndex [
                      9 1 8 -1 
                      10 1 9 -1 
                      11 1 10 -1 
                      12 1 11 -1 
                      13 1 12 -1 
                      14 1 13 -1 
                      15 1 14 -1 
                      16 1 15 -1 
                      17 1 16 -1 
                      18 1 17 -1 
                      19 1 18 -1 
                      20 1 19 -1 
                      21 1 20 -1 
                      22 1 21 -1 
                      23 1 22 -1 
                      24 1 23 -1 
                      3 1 24 -1 
                      2 1 3 -1 
                      0 1 2 -1 
                      4 1 0 -1 
                      5 4 0 -1 
                      25 1 4 -1 
                      8 1 25 -1 
                      9 25 26 -1 
                      10 26 27 -1 
                      11 27 28 -1 
                      12 28 29 -1 
                      13 29 30 -1 
                      14 30 31 -1 
                      18 34 35 -1 
                      19 35 36 -1 
                      20 36 37 -1 
                      21 37 38 -1 
                      22 38 39 -1 
                      23 39 40 -1 
                      24 40 41 -1 
                      3 41 6 -1 
                      17 33 34 -1 
                      24 41 3 -1 
                      16 32 33 -1 
                      23 40 24 -1 
                      15 31 32 -1 
                      22 39 23 -1 
                      21 38 22 -1 
                      20 37 21 -1 
                      19 36 20 -1 
                      18 35 19 -1 
                      17 34 18 -1 
                      16 33 17 -1 
                      15 32 16 -1 
                      14 31 15 -1 
                      13 30 14 -1 
                      12 29 13 -1 
                      11 28 12 -1 
                      10 27 11 -1 
                      9 26 10 -1 
                      8 25 9 -1 
                      7 2 3 -1 
                      6 7 3 -1 
                      6 4 5 -1 
                      26 25 4 -1 
                      27 26 4 -1 
                      28 27 4 -1 
                      29 28 4 -1 
                      30 29 4 -1 
                      31 30 4 -1 
                      32 31 4 -1 
                      33 32 4 -1 
                      34 33 4 -1 
                      35 34 4 -1 
                      36 35 4 -1 
                      37 36 4 -1 
                      38 37 4 -1 
                      39 38 4 -1 
                      40 39 4 -1 
                      41 40 4 -1 
                      6 41 4 -1 
                      7 6 5 -1 
                    ]
                    normalIndex [
                      2 0 1 -1 
                      3 0 2 -1 
                      4 0 3 -1 
                      5 0 4 -1 
                      6 0 5 -1 
                      7 0 6 -1 
                      8 0 7 -1 
                      9 0 8 -1 
                      10 0 9 -1 
                      11 0 10 -1 
                      12 0 11 -1 
                      13 0 12 -1 
                      14 0 13 -1 
                      15 0 14 -1 
                      16 0 15 -1 
                      17 0 16 -1 
                      18 0 17 -1 
                      19 0 18 -1 
                      20 0 19 -1 
                      23 22 21 -1 
                      24 23 21 -1 
                      27 25 26 -1 
                      62 25 27 -1 
                      61 27 28 -1 
                      60 28 29 -1 
                      59 29 30 -1 
                      58 30 31 -1 
                      57 31 32 -1 
                      56 32 33 -1 
                      52 36 37 -1 
                      51 37 38 -1 
                      50 38 39 -1 
                      49 39 40 -1 
                      48 40 41 -1 
                      47 41 42 -1 
                      46 42 43 -1 
                      45 43 44 -1 
                      53 35 36 -1 
                      46 43 45 -1 
                      54 34 35 -1 
                      47 42 46 -1 
                      55 33 34 -1 
                      48 41 47 -1 
                      49 40 48 -1 
                      50 39 49 -1 
                      51 38 50 -1 
                      52 37 51 -1 
                      53 36 52 -1 
                      54 35 53 -1 
                      55 34 54 -1 
                      56 33 55 -1 
                      57 32 56 -1 
                      58 31 57 -1 
                      59 30 58 -1 
                      60 29 59 -1 
                      61 28 60 -1 
                      62 27 61 -1 
                      65 64 63 -1 
                      66 65 63 -1 
                      86 68 67 -1 
                      70 69 68 -1 
                      71 70 68 -1 
                      72 71 68 -1 
                      73 72 68 -1 
                      74 73 68 -1 
                      75 74 68 -1 
                      76 75 68 -1 
                      77 76 68 -1 
                      78 77 68 -1 
                      79 78 68 -1 
                      80 79 68 -1 
                      81 80 68 -1 
                      82 81 68 -1 
                      83 82 68 -1 
                      84 83 68 -1 
                      85 84 68 -1 
                      86 85 68 -1 
                      87 86 67 -1 
                    ]
                  }
                }
                DEF FRAME-RSM0032A_56 Shape {
                  appearance DEF __228 Appearance {
                    material DEF __229 Material {
                      ambientIntensity 0.28835144639
                      diffuseColor 1 0.620000004768 0.519999980927
                      shininess 0
                    }
                  }
                  geometry DEF __230 IndexedFaceSet {
                    solid FALSE
                    coord Coordinate {
                      point [
                        -0.0005 0 0.002,
                        -0.0007 0 0.002,
                        -0.0007 0.0002 0.002,
                        -0.0005 0.0002 0.002

                      ]
                    }
                    normal Normal {
                      vector [
                        -0 -0 1,
                        -0 -0 1,
                        -0 -0 1,
                        -0 -0 1

                      ]
                    }
                    coordIndex [
                      2 1 0 -1 
                      3 2 0 -1 
                    ]
                    normalIndex [
                      2 1 0 -1 
                      3 2 0 -1 
                    ]
                  }
                }
                DEF FRAME-RSM0032A_57 Shape {
                  appearance DEF __232 Appearance {
                    material DEF __233 Material {
                      ambientIntensity 0.221739053726
                      diffuseColor 0.901961028576 0.901961028576 0.901961028576
                      shininess 0
                    }
                  }
                  geometry DEF __234 IndexedFaceSet {
                    solid FALSE
                    coord Coordinate {
                      point [
                        -0.0003 0 0.002,
                        -0.0003 0 0.0017,
                        -0.0001 0 0.002,
                        -0.0001 0 0.0017,
                        -0.0003 0.0002 0.0017,
                        -0.0003 0.0002 0.002,
                        -0.0001 0.0002 0.0017,
                        -0.0001 0.0002 0.002,
                        -0.000298480775301 0 0.00168263518223,
                        -0.000293969262079 0 0.00166579798567,
                        -0.000286602540378 0 0.00165,
                        -0.000276604444312 0 0.00163572123903,
                        -0.000264278760969 0 0.00162339555569,
                        -0.00025 0 0.00161339745962,
                        -0.000234202014333 0 0.00160603073792,
                        -0.000217364817767 0 0.0016015192247,
                        -0.0002 0 0.0016,
                        -0.000182635182233 0 0.0016015192247,
                        -0.000165797985667 0 0.00160603073792,
                        -0.00015 0 0.00161339745962,
                        -0.000135721239031 0 0.00162339555569,
                        -0.000123395555688 0 0.00163572123903,
                        -0.000113397459622 0 0.00165,
                        -0.000106030737921 0 0.00166579798567,
                        -0.000101519224699 0 0.00168263518223,
                        -0.000298480775301 0.0002 0.00168263518223,
                        -0.000293969262079 0.0002 0.00166579798567,
                        -0.000286602540378 0.0002 0.00165,
                        -0.000276604444312 0.0002 0.00163572123903,
                        -0.000264278760969 0.0002 0.00162339555569,
                        -0.00025 0.0002 0.00161339745962,
                        -0.000234202014333 0.0002 0.00160603073792,
                        -0.000217364817767 0.0002 0.0016015192247,
                        -0.0002 0.0002 0.0016,
                        -0.000182635182233 0.0002 0.0016015192247,
                        -0.000165797985667 0.0002 0.00160603073792,
                        -0.00015 0.0002 0.00161339745962,
                        -0.000135721239031 0.0002 0.00162339555569,
                        -0.000123395555688 0.0002 0.00163572123903,
                        -0.000113397459622 0.0002 0.00165,
                        -0.000106030737921 0.0002 0.00166579798567,
                        -0.000101519224699 0.0002 0.00168263518223

                      ]
                    }
                    normal Normal {
                      vector [
                        0 -1 0,
                        0 -1 0,
                        0 -1 0,
                        0 -1 0,
                        0 -1 0,
                        0 -1 0,
                        0 -1 0,
                        0 -1 0,
                        0 -1 0,
                        0 -1 0,
                        0 -1 0,
                        0 -1 0,
                        0 -1 0,
                        0 -1 0,
                        0 -1 0,
                        0 -1 0,
                        0 -1 0,
                        0 -1 0,
                        0 -1 0,
                        0 -1 0,
                        0 -1 0,
                        -1 -0 -0,
                        -1 -0 -0,
                        -1 -0 -0,
                        -1 -0 -0,
                        -1 0 2.220446e-16,
                        -1 0 2.220446e-16,
                        -0.98480773 0 -0.17364818,
                        -0.93969262 0 -0.34202015,
                        -0.86602539 0 -0.5,
                        -0.76604444 0 -0.64278764,
                        -0.64278764 0 -0.76604444,
                        -0.5 0 -0.86602539,
                        -0.34202015 0 -0.93969262,
                        -0.17364818 0 -0.98480773,
                        -1.9428903e-16 0 -1,
                        0.17364818 0 -0.98480773,
                        0.34202015 0 -0.93969262,
                        0.5 0 -0.86602539,
                        0.64278764 0 -0.76604444,
                        0.76604444 0 -0.64278764,
                        0.86602539 0 -0.5,
                        0.93969262 0 -0.34202015,
                        0.98480773 0 -0.17364818,
                        1 0 -2.220446e-16,
                        1 0 -2.220446e-16,
                        0.98480773 0 -0.17364818,
                        0.93969262 0 -0.34202015,
                        0.86602539 0 -0.5,
                        0.76604444 0 -0.64278764,
                        0.64278764 0 -0.76604444,
                        0.5 0 -0.86602539,
                        0.34202015 0 -0.93969262,
                        0.17364818 0 -0.98480773,
                        -1.9428903e-16 0 -1,
                        -0.17364818 0 -0.98480773,
                        -0.34202015 0 -0.93969262,
                        -0.5 0 -0.86602539,
                        -0.64278764 0 -0.76604444,
                        -0.76604444 0 -0.64278764,
                        -0.86602539 0 -0.5,
                        -0.93969262 0 -0.34202015,
                        -0.98480773 0 -0.17364818,
                        1 -0 -0,
                        1 -0 -0,
                        1 -0 -0,
                        1 -0 -0,
                        -0 1 -0,
                        -0 1 -0,
                        -0 1 -0,
                        -0 1 -0,
                        -0 1 -0,
                        -0 1 -0,
                        -0 1 -0,
                        -0 1 -0,
                        -0 1 -0,
                        -0 1 -0,
                        -0 1 -0,
                        -0 1 -0,
                        -0 1 -0,
                        -0 1 -0,
                        -0 1 -0,
                        -0 1 -0,
                        -0 1 -0,
                        -0 1 -0,
                        -0 1 -0,
                        -0 1 -0,
                        -0 1 -0

                      ]
                    }
                    coordIndex [
                      9 1 8 -1 
                      10 1 9 -1 
                      11 1 10 -1 
                      12 1 11 -1 
                      13 1 12 -1 
                      14 1 13 -1 
                      15 1 14 -1 
                      16 1 15 -1 
                      17 1 16 -1 
                      18 1 17 -1 
                      19 1 18 -1 
                      20 1 19 -1 
                      21 1 20 -1 
                      22 1 21 -1 
                      23 1 22 -1 
                      24 1 23 -1 
                      3 1 24 -1 
                      2 1 3 -1 
                      0 1 2 -1 
                      4 1 0 -1 
                      5 4 0 -1 
                      25 1 4 -1 
                      8 1 25 -1 
                      9 25 26 -1 
                      10 26 27 -1 
                      11 27 28 -1 
                      12 28 29 -1 
                      13 29 30 -1 
                      14 30 31 -1 
                      18 34 35 -1 
                      19 35 36 -1 
                      20 36 37 -1 
                      21 37 38 -1 
                      22 38 39 -1 
                      23 39 40 -1 
                      24 40 41 -1 
                      3 41 6 -1 
                      17 33 34 -1 
                      24 41 3 -1 
                      16 32 33 -1 
                      23 40 24 -1 
                      15 31 32 -1 
                      22 39 23 -1 
                      21 38 22 -1 
                      20 37 21 -1 
                      19 36 20 -1 
                      18 35 19 -1 
                      17 34 18 -1 
                      16 33 17 -1 
                      15 32 16 -1 
                      14 31 15 -1 
                      13 30 14 -1 
                      12 29 13 -1 
                      11 28 12 -1 
                      10 27 11 -1 
                      9 26 10 -1 
                      8 25 9 -1 
                      7 2 3 -1 
                      6 7 3 -1 
                      6 4 5 -1 
                      26 25 4 -1 
                      27 26 4 -1 
                      28 27 4 -1 
                      29 28 4 -1 
                      30 29 4 -1 
                      31 30 4 -1 
                      32 31 4 -1 
                      33 32 4 -1 
                      34 33 4 -1 
                      35 34 4 -1 
                      36 35 4 -1 
                      37 36 4 -1 
                      38 37 4 -1 
                      39 38 4 -1 
                      40 39 4 -1 
                      41 40 4 -1 
                      6 41 4 -1 
                      7 6 5 -1 
                    ]
                    normalIndex [
                      2 0 1 -1 
                      3 0 2 -1 
                      4 0 3 -1 
                      5 0 4 -1 
                      6 0 5 -1 
                      7 0 6 -1 
                      8 0 7 -1 
                      9 0 8 -1 
                      10 0 9 -1 
                      11 0 10 -1 
                      12 0 11 -1 
                      13 0 12 -1 
                      14 0 13 -1 
                      15 0 14 -1 
                      16 0 15 -1 
                      17 0 16 -1 
                      18 0 17 -1 
                      19 0 18 -1 
                      20 0 19 -1 
                      23 22 21 -1 
                      24 23 21 -1 
                      27 25 26 -1 
                      62 25 27 -1 
                      61 27 28 -1 
                      60 28 29 -1 
                      59 29 30 -1 
                      58 30 31 -1 
                      57 31 32 -1 
                      56 32 33 -1 
                      52 36 37 -1 
                      51 37 38 -1 
                      50 38 39 -1 
                      49 39 40 -1 
                      48 40 41 -1 
                      47 41 42 -1 
                      46 42 43 -1 
                      45 43 44 -1 
                      53 35 36 -1 
                      46 43 45 -1 
                      54 34 35 -1 
                      47 42 46 -1 
                      55 33 34 -1 
                      48 41 47 -1 
                      49 40 48 -1 
                      50 39 49 -1 
                      51 38 50 -1 
                      52 37 51 -1 
                      53 36 52 -1 
                      54 35 53 -1 
                      55 34 54 -1 
                      56 33 55 -1 
                      57 32 56 -1 
                      58 31 57 -1 
                      59 30 58 -1 
                      60 29 59 -1 
                      61 28 60 -1 
                      62 27 61 -1 
                      65 64 63 -1 
                      66 65 63 -1 
                      86 68 67 -1 
                      70 69 68 -1 
                      71 70 68 -1 
                      72 71 68 -1 
                      73 72 68 -1 
                      74 73 68 -1 
                      75 74 68 -1 
                      76 75 68 -1 
                      77 76 68 -1 
                      78 77 68 -1 
                      79 78 68 -1 
                      80 79 68 -1 
                      81 80 68 -1 
                      82 81 68 -1 
                      83 82 68 -1 
                      84 83 68 -1 
                      85 84 68 -1 
                      86 85 68 -1 
                      87 86 67 -1 
                    ]
                  }
                }
                DEF FRAME-RSM0032A_58 Shape {
                  appearance DEF __236 Appearance {
                    material DEF __237 Material {
                      ambientIntensity 0.28835144639
                      diffuseColor 1 0.620000004768 0.519999980927
                      shininess 0
                    }
                  }
                  geometry DEF __238 IndexedFaceSet {
                    solid FALSE
                    coord Coordinate {
                      point [
                        -0.0001 0 0.002,
                        -0.0003 0 0.002,
                        -0.0003 0.0002 0.002,
                        -0.0001 0.0002 0.002

                      ]
                    }
                    normal Normal {
                      vector [
                        -0 -0 1,
                        -0 -0 1,
                        -0 -0 1,
                        -0 -0 1

                      ]
                    }
                    coordIndex [
                      2 1 0 -1 
                      3 2 0 -1 
                    ]
                    normalIndex [
                      2 1 0 -1 
                      3 2 0 -1 
                    ]
                  }
                }
                DEF FRAME-RSM0032A_59 Shape {
                  appearance DEF __240 Appearance {
                    material DEF __241 Material {
                      ambientIntensity 0.221739053726
                      diffuseColor 0.901961028576 0.901961028576 0.901961028576
                      shininess 0
                    }
                  }
                  geometry DEF __242 IndexedFaceSet {
                    solid FALSE
                    coord Coordinate {
                      point [
                        0.0001 0 0.002,
                        0.0001 0 0.0017,
                        0.0003 0 0.002,
                        0.0003 0 0.0017,
                        0.0001 0.0002 0.0017,
                        0.0001 0.0002 0.002,
                        0.0003 0.0002 0.0017,
                        0.0003 0.0002 0.002,
                        0.000101519224699 0 0.00168263518223,
                        0.000106030737921 0 0.00166579798567,
                        0.000113397459622 0 0.00165,
                        0.000123395555688 0 0.00163572123903,
                        0.000135721239031 0 0.00162339555569,
                        0.00015 0 0.00161339745962,
                        0.000165797985667 0 0.00160603073792,
                        0.000182635182233 0 0.0016015192247,
                        0.0002 0 0.0016,
                        0.000217364817767 0 0.0016015192247,
                        0.000234202014333 0 0.00160603073792,
                        0.00025 0 0.00161339745962,
                        0.000264278760969 0 0.00162339555569,
                        0.000276604444312 0 0.00163572123903,
                        0.000286602540378 0 0.00165,
                        0.000293969262079 0 0.00166579798567,
                        0.000298480775301 0 0.00168263518223,
                        0.000101519224699 0.0002 0.00168263518223,
                        0.000106030737921 0.0002 0.00166579798567,
                        0.000113397459622 0.0002 0.00165,
                        0.000123395555688 0.0002 0.00163572123903,
                        0.000135721239031 0.0002 0.00162339555569,
                        0.00015 0.0002 0.00161339745962,
                        0.000165797985667 0.0002 0.00160603073792,
                        0.000182635182233 0.0002 0.0016015192247,
                        0.0002 0.0002 0.0016,
                        0.000217364817767 0.0002 0.0016015192247,
                        0.000234202014333 0.0002 0.00160603073792,
                        0.00025 0.0002 0.00161339745962,
                        0.000264278760969 0.0002 0.00162339555569,
                        0.000276604444312 0.0002 0.00163572123903,
                        0.000286602540378 0.0002 0.00165,
                        0.000293969262079 0.0002 0.00166579798567,
                        0.000298480775301 0.0002 0.00168263518223

                      ]
                    }
                    normal Normal {
                      vector [
                        0 -1 0,
                        0 -1 0,
                        0 -1 0,
                        0 -1 0,
                        0 -1 0,
                        0 -1 0,
                        0 -1 0,
                        0 -1 0,
                        0 -1 0,
                        0 -1 0,
                        0 -1 0,
                        0 -1 0,
                        0 -1 0,
                        0 -1 0,
                        0 -1 0,
                        0 -1 0,
                        0 -1 0,
                        0 -1 0,
                        0 -1 0,
                        0 -1 0,
                        0 -1 0,
                        -1 -0 -0,
                        -1 -0 -0,
                        -1 -0 -0,
                        -1 -0 -0,
                        -1 0 2.220446e-16,
                        -1 0 2.220446e-16,
                        -0.98480773 0 -0.17364818,
                        -0.93969262 0 -0.34202015,
                        -0.86602539 0 -0.5,
                        -0.76604444 0 -0.64278764,
                        -0.64278764 0 -0.76604444,
                        -0.5 0 -0.86602539,
                        -0.34202015 0 -0.93969262,
                        -0.17364818 0 -0.98480773,
                        -1.9428903e-16 0 -1,
                        0.17364818 0 -0.98480773,
                        0.34202015 0 -0.93969262,
                        0.5 0 -0.86602539,
                        0.64278764 0 -0.76604444,
                        0.76604444 0 -0.64278764,
                        0.86602539 0 -0.5,
                        0.93969262 0 -0.34202015,
                        0.98480773 0 -0.17364818,
                        1 0 -2.220446e-16,
                        1 0 -2.220446e-16,
                        0.98480773 0 -0.17364818,
                        0.93969262 0 -0.34202015,
                        0.86602539 0 -0.5,
                        0.76604444 0 -0.64278764,
                        0.64278764 0 -0.76604444,
                        0.5 0 -0.86602539,
                        0.34202015 0 -0.93969262,
                        0.17364818 0 -0.98480773,
                        -1.9428903e-16 0 -1,
                        -0.17364818 0 -0.98480773,
                        -0.34202015 0 -0.93969262,
                        -0.5 0 -0.86602539,
                        -0.64278764 0 -0.76604444,
                        -0.76604444 0 -0.64278764,
                        -0.86602539 0 -0.5,
                        -0.93969262 0 -0.34202015,
                        -0.98480773 0 -0.17364818,
                        1 -0 -0,
                        1 -0 -0,
                        1 -0 -0,
                        1 -0 -0,
                        -0 1 -0,
                        -0 1 -0,
                        -0 1 -0,
                        -0 1 -0,
                        -0 1 -0,
                        -0 1 -0,
                        -0 1 -0,
                        -0 1 -0,
                        -0 1 -0,
                        -0 1 -0,
                        -0 1 -0,
                        -0 1 -0,
                        -0 1 -0,
                        -0 1 -0,
                        -0 1 -0,
                        -0 1 -0,
                        -0 1 -0,
                        -0 1 -0,
                        -0 1 -0,
                        -0 1 -0,
                        -0 1 -0

                      ]
                    }
                    coordIndex [
                      9 1 8 -1 
                      10 1 9 -1 
                      11 1 10 -1 
                      12 1 11 -1 
                      13 1 12 -1 
                      14 1 13 -1 
                      15 1 14 -1 
                      16 1 15 -1 
                      17 1 16 -1 
                      18 1 17 -1 
                      19 1 18 -1 
                      20 1 19 -1 
                      21 1 20 -1 
                      22 1 21 -1 
                      23 1 22 -1 
                      24 1 23 -1 
                      3 1 24 -1 
                      2 1 3 -1 
                      0 1 2 -1 
                      4 1 0 -1 
                      5 4 0 -1 
                      25 1 4 -1 
                      8 1 25 -1 
                      9 25 26 -1 
                      10 26 27 -1 
                      11 27 28 -1 
                      12 28 29 -1 
                      13 29 30 -1 
                      14 30 31 -1 
                      18 34 35 -1 
                      19 35 36 -1 
                      20 36 37 -1 
                      21 37 38 -1 
                      22 38 39 -1 
                      23 39 40 -1 
                      24 40 41 -1 
                      3 41 6 -1 
                      17 33 34 -1 
                      24 41 3 -1 
                      16 32 33 -1 
                      23 40 24 -1 
                      15 31 32 -1 
                      22 39 23 -1 
                      21 38 22 -1 
                      20 37 21 -1 
                      19 36 20 -1 
                      18 35 19 -1 
                      17 34 18 -1 
                      16 33 17 -1 
                      15 32 16 -1 
                      14 31 15 -1 
                      13 30 14 -1 
                      12 29 13 -1 
                      11 28 12 -1 
                      10 27 11 -1 
                      9 26 10 -1 
                      8 25 9 -1 
                      7 2 3 -1 
                      6 7 3 -1 
                      6 4 5 -1 
                      26 25 4 -1 
                      27 26 4 -1 
                      28 27 4 -1 
                      29 28 4 -1 
                      30 29 4 -1 
                      31 30 4 -1 
                      32 31 4 -1 
                      33 32 4 -1 
                      34 33 4 -1 
                      35 34 4 -1 
                      36 35 4 -1 
                      37 36 4 -1 
                      38 37 4 -1 
                      39 38 4 -1 
                      40 39 4 -1 
                      41 40 4 -1 
                      6 41 4 -1 
                      7 6 5 -1 
                    ]
                    normalIndex [
                      2 0 1 -1 
                      3 0 2 -1 
                      4 0 3 -1 
                      5 0 4 -1 
                      6 0 5 -1 
                      7 0 6 -1 
                      8 0 7 -1 
                      9 0 8 -1 
                      10 0 9 -1 
                      11 0 10 -1 
                      12 0 11 -1 
                      13 0 12 -1 
                      14 0 13 -1 
                      15 0 14 -1 
                      16 0 15 -1 
                      17 0 16 -1 
                      18 0 17 -1 
                      19 0 18 -1 
                      20 0 19 -1 
                      23 22 21 -1 
                      24 23 21 -1 
                      27 25 26 -1 
                      62 25 27 -1 
                      61 27 28 -1 
                      60 28 29 -1 
                      59 29 30 -1 
                      58 30 31 -1 
                      57 31 32 -1 
                      56 32 33 -1 
                      52 36 37 -1 
                      51 37 38 -1 
                      50 38 39 -1 
                      49 39 40 -1 
                      48 40 41 -1 
                      47 41 42 -1 
                      46 42 43 -1 
                      45 43 44 -1 
                      53 35 36 -1 
                      46 43 45 -1 
                      54 34 35 -1 
                      47 42 46 -1 
                      55 33 34 -1 
                      48 41 47 -1 
                      49 40 48 -1 
                      50 39 49 -1 
                      51 38 50 -1 
                      52 37 51 -1 
                      53 36 52 -1 
                      54 35 53 -1 
                      55 34 54 -1 
                      56 33 55 -1 
                      57 32 56 -1 
                      58 31 57 -1 
                      59 30 58 -1 
                      60 29 59 -1 
                      61 28 60 -1 
                      62 27 61 -1 
                      65 64 63 -1 
                      66 65 63 -1 
                      86 68 67 -1 
                      70 69 68 -1 
                      71 70 68 -1 
                      72 71 68 -1 
                      73 72 68 -1 
                      74 73 68 -1 
                      75 74 68 -1 
                      76 75 68 -1 
                      77 76 68 -1 
                      78 77 68 -1 
                      79 78 68 -1 
                      80 79 68 -1 
                      81 80 68 -1 
                      82 81 68 -1 
                      83 82 68 -1 
                      84 83 68 -1 
                      85 84 68 -1 
                      86 85 68 -1 
                      87 86 67 -1 
                    ]
                  }
                }
                DEF FRAME-RSM0032A_60 Shape {
                  appearance DEF __244 Appearance {
                    material DEF __245 Material {
                      ambientIntensity 0.28835144639
                      diffuseColor 1 0.620000004768 0.519999980927
                      shininess 0
                    }
                  }
                  geometry DEF __246 IndexedFaceSet {
                    solid FALSE
                    coord Coordinate {
                      point [
                        0.0003 0 0.002,
                        0.0001 0 0.002,
                        0.0001 0.0002 0.002,
                        0.0003 0.0002 0.002

                      ]
                    }
                    normal Normal {
                      vector [
                        -0 -0 1,
                        -0 -0 1,
                        -0 -0 1,
                        -0 -0 1

                      ]
                    }
                    coordIndex [
                      2 1 0 -1 
                      3 2 0 -1 
                    ]
                    normalIndex [
                      2 1 0 -1 
                      3 2 0 -1 
                    ]
                  }
                }
                DEF FRAME-RSM0032A_61 Shape {
                  appearance DEF __248 Appearance {
                    material DEF __249 Material {
                      ambientIntensity 0.221739053726
                      diffuseColor 0.901961028576 0.901961028576 0.901961028576
                      shininess 0
                    }
                  }
                  geometry DEF __250 IndexedFaceSet {
                    solid FALSE
                    coord Coordinate {
                      point [
                        0.0005 0 0.002,
                        0.0005 0 0.0017,
                        0.0007 0 0.002,
                        0.0007 0 0.0017,
                        0.0005 0.0002 0.0017,
                        0.0005 0.0002 0.002,
                        0.0007 0.0002 0.0017,
                        0.0007 0.0002 0.002,
                        0.000501519224699 0 0.00168263518223,
                        0.000506030737921 0 0.00166579798567,
                        0.000513397459622 0 0.00165,
                        0.000523395555688 0 0.00163572123903,
                        0.000535721239031 0 0.00162339555569,
                        0.00055 0 0.00161339745962,
                        0.000565797985667 0 0.00160603073792,
                        0.000582635182233 0 0.0016015192247,
                        0.0006 0 0.0016,
                        0.000617364817767 0 0.0016015192247,
                        0.000634202014333 0 0.00160603073792,
                        0.00065 0 0.00161339745962,
                        0.000664278760969 0 0.00162339555569,
                        0.000676604444312 0 0.00163572123903,
                        0.000686602540378 0 0.00165,
                        0.000693969262079 0 0.00166579798567,
                        0.000698480775301 0 0.00168263518223,
                        0.000501519224699 0.0002 0.00168263518223,
                        0.000506030737921 0.0002 0.00166579798567,
                        0.000513397459622 0.0002 0.00165,
                        0.000523395555688 0.0002 0.00163572123903,
                        0.000535721239031 0.0002 0.00162339555569,
                        0.00055 0.0002 0.00161339745962,
                        0.000565797985667 0.0002 0.00160603073792,
                        0.000582635182233 0.0002 0.0016015192247,
                        0.0006 0.0002 0.0016,
                        0.000617364817767 0.0002 0.0016015192247,
                        0.000634202014333 0.0002 0.00160603073792,
                        0.00065 0.0002 0.00161339745962,
                        0.000664278760969 0.0002 0.00162339555569,
                        0.000676604444312 0.0002 0.00163572123903,
                        0.000686602540378 0.0002 0.00165,
                        0.000693969262079 0.0002 0.00166579798567,
                        0.000698480775301 0.0002 0.00168263518223

                      ]
                    }
                    normal Normal {
                      vector [
                        0 -1 0,
                        0 -1 0,
                        0 -1 0,
                        0 -1 0,
                        0 -1 0,
                        0 -1 0,
                        0 -1 0,
                        0 -1 0,
                        0 -1 0,
                        0 -1 0,
                        0 -1 0,
                        0 -1 0,
                        0 -1 0,
                        0 -1 0,
                        0 -1 0,
                        0 -1 0,
                        0 -1 0,
                        0 -1 0,
                        0 -1 0,
                        0 -1 0,
                        0 -1 0,
                        -1 -0 -0,
                        -1 -0 -0,
                        -1 -0 -0,
                        -1 -0 -0,
                        -1 0 2.220446e-16,
                        -1 0 2.220446e-16,
                        -0.98480773 0 -0.17364818,
                        -0.93969262 0 -0.34202015,
                        -0.86602539 0 -0.5,
                        -0.76604444 0 -0.64278764,
                        -0.64278764 0 -0.76604444,
                        -0.5 0 -0.86602539,
                        -0.34202015 0 -0.93969262,
                        -0.17364818 0 -0.98480773,
                        -2.220446e-16 0 -1,
                        0.17364818 0 -0.98480773,
                        0.34202015 0 -0.93969262,
                        0.5 0 -0.86602539,
                        0.64278764 0 -0.76604444,
                        0.76604444 0 -0.64278764,
                        0.86602539 0 -0.5,
                        0.93969262 0 -0.34202015,
                        0.98480773 0 -0.17364818,
                        1 0 -2.220446e-16,
                        1 0 -2.220446e-16,
                        0.98480773 0 -0.17364818,
                        0.93969262 0 -0.34202015,
                        0.86602539 0 -0.5,
                        0.76604444 0 -0.64278764,
                        0.64278764 0 -0.76604444,
                        0.5 0 -0.86602539,
                        0.34202015 0 -0.93969262,
                        0.17364818 0 -0.98480773,
                        -2.220446e-16 0 -1,
                        -0.17364818 0 -0.98480773,
                        -0.34202015 0 -0.93969262,
                        -0.5 0 -0.86602539,
                        -0.64278764 0 -0.76604444,
                        -0.76604444 0 -0.64278764,
                        -0.86602539 0 -0.5,
                        -0.93969262 0 -0.34202015,
                        -0.98480773 0 -0.17364818,
                        1 -0 -0,
                        1 -0 -0,
                        1 -0 -0,
                        1 -0 -0,
                        -0 1 -0,
                        -0 1 -0,
                        -0 1 -0,
                        -0 1 -0,
                        -0 1 -0,
                        -0 1 -0,
                        -0 1 -0,
                        -0 1 -0,
                        -0 1 -0,
                        -0 1 -0,
                        -0 1 -0,
                        -0 1 -0,
                        -0 1 -0,
                        -0 1 -0,
                        -0 1 -0,
                        -0 1 -0,
                        -0 1 -0,
                        -0 1 -0,
                        -0 1 -0,
                        -0 1 -0,
                        -0 1 -0

                      ]
                    }
                    coordIndex [
                      9 1 8 -1 
                      10 1 9 -1 
                      11 1 10 -1 
                      12 1 11 -1 
                      13 1 12 -1 
                      14 1 13 -1 
                      15 1 14 -1 
                      16 1 15 -1 
                      17 1 16 -1 
                      18 1 17 -1 
                      19 1 18 -1 
                      20 1 19 -1 
                      21 1 20 -1 
                      22 1 21 -1 
                      23 1 22 -1 
                      24 1 23 -1 
                      3 1 24 -1 
                      2 1 3 -1 
                      0 1 2 -1 
                      4 1 0 -1 
                      5 4 0 -1 
                      25 1 4 -1 
                      8 1 25 -1 
                      9 25 26 -1 
                      10 26 27 -1 
                      11 27 28 -1 
                      12 28 29 -1 
                      13 29 30 -1 
                      14 30 31 -1 
                      18 34 35 -1 
                      19 35 36 -1 
                      20 36 37 -1 
                      21 37 38 -1 
                      22 38 39 -1 
                      23 39 40 -1 
                      24 40 41 -1 
                      3 41 6 -1 
                      17 33 34 -1 
                      24 41 3 -1 
                      16 32 33 -1 
                      23 40 24 -1 
                      15 31 32 -1 
                      22 39 23 -1 
                      21 38 22 -1 
                      20 37 21 -1 
                      19 36 20 -1 
                      18 35 19 -1 
                      17 34 18 -1 
                      16 33 17 -1 
                      15 32 16 -1 
                      14 31 15 -1 
                      13 30 14 -1 
                      12 29 13 -1 
                      11 28 12 -1 
                      10 27 11 -1 
                      9 26 10 -1 
                      8 25 9 -1 
                      7 2 3 -1 
                      6 7 3 -1 
                      6 4 5 -1 
                      26 25 4 -1 
                      27 26 4 -1 
                      28 27 4 -1 
                      29 28 4 -1 
                      30 29 4 -1 
                      31 30 4 -1 
                      32 31 4 -1 
                      33 32 4 -1 
                      34 33 4 -1 
                      35 34 4 -1 
                      36 35 4 -1 
                      37 36 4 -1 
                      38 37 4 -1 
                      39 38 4 -1 
                      40 39 4 -1 
                      41 40 4 -1 
                      6 5 7 -1 
                      6 41 4 -1 
                    ]
                    normalIndex [
                      2 0 1 -1 
                      3 0 2 -1 
                      4 0 3 -1 
                      5 0 4 -1 
                      6 0 5 -1 
                      7 0 6 -1 
                      8 0 7 -1 
                      9 0 8 -1 
                      10 0 9 -1 
                      11 0 10 -1 
                      12 0 11 -1 
                      13 0 12 -1 
                      14 0 13 -1 
                      15 0 14 -1 
                      16 0 15 -1 
                      17 0 16 -1 
                      18 0 17 -1 
                      19 0 18 -1 
                      20 0 19 -1 
                      23 22 21 -1 
                      24 23 21 -1 
                      27 25 26 -1 
                      62 25 27 -1 
                      61 27 28 -1 
                      60 28 29 -1 
                      59 29 30 -1 
                      58 30 31 -1 
                      57 31 32 -1 
                      56 32 33 -1 
                      52 36 37 -1 
                      51 37 38 -1 
                      50 38 39 -1 
                      49 39 40 -1 
                      48 40 41 -1 
                      47 41 42 -1 
                      46 42 43 -1 
                      45 43 44 -1 
                      53 35 36 -1 
                      46 43 45 -1 
                      54 34 35 -1 
                      47 42 46 -1 
                      55 33 34 -1 
                      48 41 47 -1 
                      49 40 48 -1 
                      50 39 49 -1 
                      51 38 50 -1 
                      52 37 51 -1 
                      53 36 52 -1 
                      54 35 53 -1 
                      55 34 54 -1 
                      56 33 55 -1 
                      57 32 56 -1 
                      58 31 57 -1 
                      59 30 58 -1 
                      60 29 59 -1 
                      61 28 60 -1 
                      62 27 61 -1 
                      65 64 63 -1 
                      66 65 63 -1 
                      86 68 67 -1 
                      70 69 68 -1 
                      71 70 68 -1 
                      72 71 68 -1 
                      73 72 68 -1 
                      74 73 68 -1 
                      75 74 68 -1 
                      76 75 68 -1 
                      77 76 68 -1 
                      78 77 68 -1 
                      79 78 68 -1 
                      80 79 68 -1 
                      81 80 68 -1 
                      82 81 68 -1 
                      83 82 68 -1 
                      84 83 68 -1 
                      85 84 68 -1 
                      86 67 87 -1 
                      86 85 68 -1 
                    ]
                  }
                }
                DEF FRAME-RSM0032A_62 Shape {
                  appearance DEF __252 Appearance {
                    material DEF __253 Material {
                      ambientIntensity 0.28835144639
                      diffuseColor 1 0.620000004768 0.519999980927
                      shininess 0
                    }
                  }
                  geometry DEF __254 IndexedFaceSet {
                    solid FALSE
                    coord Coordinate {
                      point [
                        0.0007 0 0.002,
                        0.0005 0 0.002,
                        0.0005 0.0002 0.002,
                        0.0007 0.0002 0.002

                      ]
                    }
                    normal Normal {
                      vector [
                        -0 -0 1,
                        -0 -0 1,
                        -0 -0 1,
                        -0 -0 1

                      ]
                    }
                    coordIndex [
                      2 1 0 -1 
                      3 2 0 -1 
                    ]
                    normalIndex [
                      2 1 0 -1 
                      3 2 0 -1 
                    ]
                  }
                }
                DEF FRAME-RSM0032A_63 Shape {
                  appearance DEF __256 Appearance {
                    material DEF __257 Material {
                      ambientIntensity 0.221739053726
                      diffuseColor 0.901961028576 0.901961028576 0.901961028576
                      shininess 0
                    }
                  }
                  geometry DEF __258 IndexedFaceSet {
                    solid FALSE
                    coord Coordinate {
                      point [
                        0.0009 0 0.002,
                        0.0009 0 0.0017,
                        0.0011 0 0.002,
                        0.0011 0 0.0017,
                        0.0009 0.0002 0.0017,
                        0.0009 0.0002 0.002,
                        0.0011 0.0002 0.0017,
                        0.0011 0.0002 0.002,
                        0.000901519224699 0 0.00168263518223,
                        0.000906030737921 0 0.00166579798567,
                        0.000913397459622 0 0.00165,
                        0.000923395555688 0 0.00163572123903,
                        0.000935721239031 0 0.00162339555569,
                        0.00095 0 0.00161339745962,
                        0.000965797985667 0 0.00160603073792,
                        0.000982635182233 0 0.0016015192247,
                        0.001 0 0.0016,
                        0.00101736481777 0 0.0016015192247,
                        0.00103420201433 0 0.00160603073792,
                        0.00105 0 0.00161339745962,
                        0.00106427876097 0 0.00162339555569,
                        0.00107660444431 0 0.00163572123903,
                        0.00108660254038 0 0.00165,
                        0.00109396926208 0 0.00166579798567,
                        0.0010984807753 0 0.00168263518223,
                        0.000901519224699 0.0002 0.00168263518223,
                        0.000906030737921 0.0002 0.00166579798567,
                        0.000913397459622 0.0002 0.00165,
                        0.000923395555688 0.0002 0.00163572123903,
                        0.000935721239031 0.0002 0.00162339555569,
                        0.00095 0.0002 0.00161339745962,
                        0.000965797985667 0.0002 0.00160603073792,
                        0.000982635182233 0.0002 0.0016015192247,
                        0.001 0.0002 0.0016,
                        0.00101736481777 0.0002 0.0016015192247,
                        0.00103420201433 0.0002 0.00160603073792,
                        0.00105 0.0002 0.00161339745962,
                        0.00106427876097 0.0002 0.00162339555569,
                        0.00107660444431 0.0002 0.00163572123903,
                        0.00108660254038 0.0002 0.00165,
                        0.00109396926208 0.0002 0.00166579798567,
                        0.0010984807753 0.0002 0.00168263518223

                      ]
                    }
                    normal Normal {
                      vector [
                        0 -1 0,
                        0 -1 0,
                        0 -1 0,
                        0 -1 0,
                        0 -1 0,
                        0 -1 0,
                        0 -1 0,
                        0 -1 0,
                        0 -1 0,
                        0 -1 0,
                        0 -1 0,
                        0 -1 0,
                        0 -1 0,
                        0 -1 0,
                        0 -1 0,
                        0 -1 0,
                        0 -1 0,
                        0 -1 0,
                        0 -1 0,
                        0 -1 0,
                        0 -1 0,
                        -1 -0 -0,
                        -1 -0 -0,
                        -1 -0 -0,
                        -1 -0 -0,
                        -1 0 2.220446e-16,
                        -1 0 2.220446e-16,
                        -0.98480773 0 -0.17364818,
                        -0.93969262 0 -0.34202015,
                        -0.86602539 0 -0.5,
                        -0.76604444 0 -0.64278764,
                        -0.64278764 0 -0.76604444,
                        -0.5 0 -0.86602539,
                        -0.34202015 0 -0.93969262,
                        -0.17364818 0 -0.98480773,
                        -2.220446e-16 0 -1,
                        0.17364818 0 -0.98480773,
                        0.34202015 0 -0.93969262,
                        0.5 0 -0.86602539,
                        0.64278764 0 -0.76604444,
                        0.76604444 0 -0.64278764,
                        0.86602539 0 -0.5,
                        0.93969262 0 -0.34202015,
                        0.98480773 0 -0.17364818,
                        1 0 -2.220446e-16,
                        1 0 -2.220446e-16,
                        0.98480773 0 -0.17364818,
                        0.93969262 0 -0.34202015,
                        0.86602539 0 -0.5,
                        0.76604444 0 -0.64278764,
                        0.64278764 0 -0.76604444,
                        0.5 0 -0.86602539,
                        0.34202015 0 -0.93969262,
                        0.17364818 0 -0.98480773,
                        -2.220446e-16 0 -1,
                        -0.17364818 0 -0.98480773,
                        -0.34202015 0 -0.93969262,
                        -0.5 0 -0.86602539,
                        -0.64278764 0 -0.76604444,
                        -0.76604444 0 -0.64278764,
                        -0.86602539 0 -0.5,
                        -0.93969262 0 -0.34202015,
                        -0.98480773 0 -0.17364818,
                        1 -0 -0,
                        1 -0 -0,
                        1 -0 -0,
                        1 -0 -0,
                        -0 1 -0,
                        -0 1 -0,
                        -0 1 -0,
                        -0 1 -0,
                        -0 1 -0,
                        -0 1 -0,
                        -0 1 -0,
                        -0 1 -0,
                        -0 1 -0,
                        -0 1 -0,
                        -0 1 -0,
                        -0 1 -0,
                        -0 1 -0,
                        -0 1 -0,
                        -0 1 -0,
                        -0 1 -0,
                        -0 1 -0,
                        -0 1 -0,
                        -0 1 -0,
                        -0 1 -0,
                        -0 1 -0

                      ]
                    }
                    coordIndex [
                      9 1 8 -1 
                      10 1 9 -1 
                      11 1 10 -1 
                      12 1 11 -1 
                      13 1 12 -1 
                      14 1 13 -1 
                      15 1 14 -1 
                      16 1 15 -1 
                      17 1 16 -1 
                      18 1 17 -1 
                      19 1 18 -1 
                      20 1 19 -1 
                      21 1 20 -1 
                      22 1 21 -1 
                      23 1 22 -1 
                      24 1 23 -1 
                      3 1 24 -1 
                      2 1 3 -1 
                      0 1 2 -1 
                      4 1 0 -1 
                      5 4 0 -1 
                      25 1 4 -1 
                      8 1 25 -1 
                      9 25 26 -1 
                      10 26 27 -1 
                      11 27 28 -1 
                      12 28 29 -1 
                      13 29 30 -1 
                      14 30 31 -1 
                      18 34 35 -1 
                      19 35 36 -1 
                      20 36 37 -1 
                      21 37 38 -1 
                      22 38 39 -1 
                      23 39 40 -1 
                      24 40 41 -1 
                      3 41 6 -1 
                      17 33 34 -1 
                      24 41 3 -1 
                      16 32 33 -1 
                      23 40 24 -1 
                      15 31 32 -1 
                      22 39 23 -1 
                      21 38 22 -1 
                      20 37 21 -1 
                      19 36 20 -1 
                      18 35 19 -1 
                      17 34 18 -1 
                      16 33 17 -1 
                      15 32 16 -1 
                      14 31 15 -1 
                      13 30 14 -1 
                      12 29 13 -1 
                      11 28 12 -1 
                      10 27 11 -1 
                      9 26 10 -1 
                      8 25 9 -1 
                      7 2 3 -1 
                      6 7 3 -1 
                      6 4 5 -1 
                      26 25 4 -1 
                      27 26 4 -1 
                      28 27 4 -1 
                      29 28 4 -1 
                      30 29 4 -1 
                      31 30 4 -1 
                      32 31 4 -1 
                      33 32 4 -1 
                      34 33 4 -1 
                      35 34 4 -1 
                      36 35 4 -1 
                      37 36 4 -1 
                      38 37 4 -1 
                      39 38 4 -1 
                      40 39 4 -1 
                      41 40 4 -1 
                      6 5 7 -1 
                      6 41 4 -1 
                    ]
                    normalIndex [
                      2 0 1 -1 
                      3 0 2 -1 
                      4 0 3 -1 
                      5 0 4 -1 
                      6 0 5 -1 
                      7 0 6 -1 
                      8 0 7 -1 
                      9 0 8 -1 
                      10 0 9 -1 
                      11 0 10 -1 
                      12 0 11 -1 
                      13 0 12 -1 
                      14 0 13 -1 
                      15 0 14 -1 
                      16 0 15 -1 
                      17 0 16 -1 
                      18 0 17 -1 
                      19 0 18 -1 
                      20 0 19 -1 
                      23 22 21 -1 
                      24 23 21 -1 
                      27 25 26 -1 
                      62 25 27 -1 
                      61 27 28 -1 
                      60 28 29 -1 
                      59 29 30 -1 
                      58 30 31 -1 
                      57 31 32 -1 
                      56 32 33 -1 
                      52 36 37 -1 
                      51 37 38 -1 
                      50 38 39 -1 
                      49 39 40 -1 
                      48 40 41 -1 
                      47 41 42 -1 
                      46 42 43 -1 
                      45 43 44 -1 
                      53 35 36 -1 
                      46 43 45 -1 
                      54 34 35 -1 
                      47 42 46 -1 
                      55 33 34 -1 
                      48 41 47 -1 
                      49 40 48 -1 
                      50 39 49 -1 
                      51 38 50 -1 
                      52 37 51 -1 
                      53 36 52 -1 
                      54 35 53 -1 
                      55 34 54 -1 
                      56 33 55 -1 
                      57 32 56 -1 
                      58 31 57 -1 
                      59 30 58 -1 
                      60 29 59 -1 
                      61 28 60 -1 
                      62 27 61 -1 
                      65 64 63 -1 
                      66 65 63 -1 
                      86 68 67 -1 
                      70 69 68 -1 
                      71 70 68 -1 
                      72 71 68 -1 
                      73 72 68 -1 
                      74 73 68 -1 
                      75 74 68 -1 
                      76 75 68 -1 
                      77 76 68 -1 
                      78 77 68 -1 
                      79 78 68 -1 
                      80 79 68 -1 
                      81 80 68 -1 
                      82 81 68 -1 
                      83 82 68 -1 
                      84 83 68 -1 
                      85 84 68 -1 
                      86 67 87 -1 
                      86 85 68 -1 
                    ]
                  }
                }
                DEF FRAME-RSM0032A_64 Shape {
                  appearance DEF __260 Appearance {
                    material DEF __261 Material {
                      ambientIntensity 0.28835144639
                      diffuseColor 1 0.620000004768 0.519999980927
                      shininess 0
                    }
                  }
                  geometry DEF __262 IndexedFaceSet {
                    solid FALSE
                    coord Coordinate {
                      point [
                        0.0011 0 0.002,
                        0.0009 0 0.002,
                        0.0009 0.0002 0.002,
                        0.0011 0.0002 0.002

                      ]
                    }
                    normal Normal {
                      vector [
                        -0 -0 1,
                        -0 -0 1,
                        -0 -0 1,
                        -0 -0 1

                      ]
                    }
                    coordIndex [
                      2 1 0 -1 
                      3 2 0 -1 
                    ]
                    normalIndex [
                      2 1 0 -1 
                      3 2 0 -1 
                    ]
                  }
                }
                DEF FRAME-RSM0032A_65 Shape {
                  appearance DEF __264 Appearance {
                    material DEF __265 Material {
                      ambientIntensity 0.221739053726
                      diffuseColor 0.901961028576 0.901961028576 0.901961028576
                      shininess 0
                    }
                  }
                  geometry DEF __266 IndexedFaceSet {
                    solid FALSE
                    coord Coordinate {
                      point [
                        0.0013207781696 0 0.00163897622113,
                        0.0015 0 0.00181819805153,
                        0.0013 0 0.0017,
                        0.0013 0 0.002,
                        0.0015 0 0.002,
                        0.0015 0.0002 0.00181819805153,
                        0.0013207781696 0.0002 0.00163897622113,
                        0.0015 0.0002 0.002,
                        0.0013 0.0002 0.0017,
                        0.0013 0.0002 0.002,
                        0.00130134326125 0 0.0016836645202,
                        0.001305336958 0 0.00166776789675,
                        0.00131187379868 0 0.00165273719601,
                        0.00130134326125 0.0002 0.0016836645202,
                        0.001305336958 0.0002 0.00166776789675,
                        0.00131187379868 0.0002 0.00165273719601

                      ]
                    }
                    normal Normal {
                      vector [
                        0 -1 0,
                        0 -1 0,
                        0 -1 0,
                        0 -1 0,
                        0 -1 0,
                        0 -1 0,
                        0 -1 0,
                        0 -1 0,
                        0.70710677 -0 -0.70710677,
                        0.70710677 -0 -0.70710677,
                        0.70710677 -0 -0.70710677,
                        0.70710677 -0 -0.70710677,
                        1 -0 -0,
                        1 -0 -0,
                        1 -0 -0,
                        1 -0 -0,
                        -1 -0 -0,
                        -1 -0 -0,
                        -1 -0 -0,
                        -1 -0 -0,
                        -0.79221833 0 -0.61023778,
                        -0.881262 0 -0.47262803,
                        -0.94663042 0 -0.32232103,
                        -0.98656738 0 -0.1633548,
                        -1 0 2.220446e-16,
                        -1 0 2.220446e-16,
                        -0.98656738 0 -0.1633548,
                        -0.94663042 0 -0.32232103,
                        -0.881262 0 -0.47262803,
                        -0.79221833 0 -0.61023778,
                        -0 1 -0,
                        -0 1 -0,
                        -0 1 -0,
                        -0 1 -0,
                        -0 1 -0,
                        -0 1 -0,
                        -0 1 -0,
                        -0 1 -0

                      ]
                    }
                    coordIndex [
                      4 3 1 -1 
                      2 1 3 -1 
                      0 1 2 -1 
                      11 2 10 -1 
                      12 2 11 -1 
                      0 2 12 -1 
                      5 1 0 -1 
                      6 5 0 -1 
                      4 5 7 -1 
                      4 1 5 -1 
                      8 2 3 -1 
                      9 8 3 -1 
                      12 15 0 -1 
                      11 14 12 -1 
                      10 13 11 -1 
                      2 8 10 -1 
                      13 10 8 -1 
                      14 11 13 -1 
                      15 12 14 -1 
                      6 0 15 -1 
                      8 5 6 -1 
                      9 7 5 -1 
                      8 9 5 -1 
                      13 8 6 -1 
                      14 13 6 -1 
                      15 14 6 -1 
                    ]
                    normalIndex [
                      1 2 0 -1 
                      3 0 2 -1 
                      7 0 3 -1 
                      5 3 4 -1 
                      6 3 5 -1 
                      7 3 6 -1 
                      10 9 8 -1 
                      11 10 8 -1 
                      14 12 15 -1 
                      14 13 12 -1 
                      18 17 16 -1 
                      19 18 16 -1 
                      21 28 20 -1 
                      22 27 21 -1 
                      23 26 22 -1 
                      24 25 23 -1 
                      26 23 25 -1 
                      27 22 26 -1 
                      28 21 27 -1 
                      29 20 28 -1 
                      34 31 30 -1 
                      33 32 31 -1 
                      34 33 31 -1 
                      35 34 30 -1 
                      36 35 30 -1 
                      37 36 30 -1 
                    ]
                  }
                }
                DEF FRAME-RSM0032A_66 Shape {
                  appearance DEF __268 Appearance {
                    material DEF __269 Material {
                      ambientIntensity 0.28835144639
                      diffuseColor 1 0.620000004768 0.519999980927
                      shininess 0
                    }
                  }
                  geometry DEF __270 IndexedFaceSet {
                    solid FALSE
                    coord Coordinate {
                      point [
                        0.0015 0 0.002,
                        0.0013 0 0.002,
                        0.0013 0.0002 0.002,
                        0.0015 0.0002 0.002

                      ]
                    }
                    normal Normal {
                      vector [
                        -0 -0 1,
                        -0 -0 1,
                        -0 -0 1,
                        -0 -0 1

                      ]
                    }
                    coordIndex [
                      2 1 0 -1 
                      3 2 0 -1 
                    ]
                    normalIndex [
                      2 1 0 -1 
                      3 2 0 -1 
                    ]
                  }
                }
                DEF FRAME-RSM0032A_67 Shape {
                  appearance DEF __272 Appearance {
                    material DEF __273 Material {
                      ambientIntensity 0.221739053726
                      diffuseColor 0.901961028576 0.901961028576 0.901961028576
                      shininess 0
                    }
                  }
                  geometry DEF __274 IndexedFaceSet {
                    solid FALSE
                    coord Coordinate {
                      point [
                        -0.001875 0.0001 -0.002,
                        -0.001875 0.0001 -0.001875,
                        -0.002 0.0001 -0.001875,
                        -0.002 0.0001 -0.001725,
                        -0.001725 0.0001 -0.001725,
                        -0.001725 0.0001 -0.002,
                        -0.001875 0.0002 -0.002,
                        -0.001875 0.0002 -0.001875,
                        -0.001725 0.0002 -0.001725,
                        -0.001725 0.0002 -0.002,
                        -0.002 0.0002 -0.001725,
                        -0.002 0.0002 -0.001875

                      ]
                    }
                    normal Normal {
                      vector [
                        -0 -1 -0,
                        -0 -1 -0,
                        -0 -1 -0,
                        -0 -1 -0,
                        -0 -1 -0,
                        -0 -1 -0,
                        -1 0 0,
                        -1 0 0,
                        -1 0 0,
                        -1 0 0,
                        1 0 0,
                        1 0 0,
                        1 0 0,
                        1 0 0,
                        0 0 1,
                        0 0 1,
                        0 0 1,
                        0 0 1,
                        0 0 -1,
                        0 0 -1,
                        0 0 -1,
                        0 0 -1,
                        0 1 0,
                        0 1 0,
                        0 1 0,
                        0 1 0,
                        0 1 0,
                        0 1 0

                      ]
                    }
                    coordIndex [
                      4 1 5 -1 
                      3 2 1 -1 
                      5 1 0 -1 
                      4 3 1 -1 
                      6 1 7 -1 
                      0 1 6 -1 
                      8 5 9 -1 
                      4 5 8 -1 
                      10 4 8 -1 
                      3 4 10 -1 
                      7 2 11 -1 
                      1 2 7 -1 
                      6 7 9 -1 
                      10 7 11 -1 
                      8 7 10 -1 
                      9 7 8 -1 
                    ]
                    normalIndex [
                      4 1 5 -1 
                      3 2 1 -1 
                      5 1 0 -1 
                      4 3 1 -1 
                      8 6 7 -1 
                      9 6 8 -1 
                      12 10 11 -1 
                      13 10 12 -1 
                      16 14 15 -1 
                      17 14 16 -1 
                      20 18 19 -1 
                      21 18 20 -1 
                      27 22 26 -1 
                      24 22 23 -1 
                      25 22 24 -1 
                      26 22 25 -1 
                    ]
                  }
                }
                DEF FRAME-RSM0032A_68 Shape {
                  appearance DEF __276 Appearance {
                    material DEF __277 Material {
                      ambientIntensity 0.28835144639
                      diffuseColor 1 0.620000004768 0.519999980927
                      shininess 0
                    }
                  }
                  geometry DEF __278 IndexedFaceSet {
                    solid FALSE
                    coord Coordinate {
                      point [
                        -0.001725 0.0001 -0.002,
                        -0.001875 0.0001 -0.002,
                        -0.001725 0.0002 -0.002,
                        -0.001875 0.0002 -0.002,
                        -0.002 0.0001 -0.001875,
                        -0.002 0.0001 -0.001725,
                        -0.002 0.0002 -0.001875,
                        -0.002 0.0002 -0.001725

                      ]
                    }
                    normal Normal {
                      vector [
                        0 0 -1,
                        0 0 -1,
                        0 0 -1,
                        0 0 -1,
                        -1 0 0,
                        -1 0 0,
                        -1 0 0,
                        -1 0 0

                      ]
                    }
                    coordIndex [
                      2 1 3 -1 
                      0 1 2 -1 
                      6 5 7 -1 
                      4 5 6 -1 
                    ]
                    normalIndex [
                      2 0 1 -1 
                      3 0 2 -1 
                      6 4 5 -1 
                      7 4 6 -1 
                    ]
                  }
                }
                DEF FRAME-RSM0032A_69 Shape {
                  appearance DEF __280 Appearance {
                    material DEF __281 Material {
                      ambientIntensity 0.221739053726
                      diffuseColor 0.901961028576 0.901961028576 0.901961028576
                      shininess 0
                    }
                  }
                  geometry DEF __282 IndexedFaceSet {
                    solid FALSE
                    coord Coordinate {
                      point [
                        -0.002 0.0001 0.001875,
                        -0.001875 0.0001 0.001875,
                        -0.001875 0.0001 0.002,
                        -0.001725 0.0001 0.002,
                        -0.001725 0.0001 0.001725,
                        -0.002 0.0001 0.001725,
                        -0.002 0.0002 0.001875,
                        -0.001875 0.0002 0.001875,
                        -0.001725 0.0002 0.001725,
                        -0.002 0.0002 0.001725,
                        -0.001725 0.0002 0.002,
                        -0.001875 0.0002 0.002

                      ]
                    }
                    normal Normal {
                      vector [
                        -0 -1 -0,
                        -0 -1 -0,
                        -0 -1 -0,
                        -0 -1 -0,
                        -0 -1 -0,
                        -0 -1 -0,
                        0 0 1,
                        0 0 1,
                        0 0 1,
                        0 0 1,
                        0 0 -1,
                        0 0 -1,
                        0 0 -1,
                        0 0 -1,
                        1 0 0,
                        1 0 0,
                        1 0 0,
                        1 0 0,
                        -1 0 0,
                        -1 0 0,
                        -1 0 0,
                        -1 0 0,
                        0 1 0,
                        0 1 0,
                        0 1 0,
                        0 1 0,
                        0 1 0,
                        0 1 0

                      ]
                    }
                    coordIndex [
                      4 1 5 -1 
                      3 2 1 -1 
                      5 1 0 -1 
                      4 3 1 -1 
                      6 1 7 -1 
                      0 1 6 -1 
                      8 5 9 -1 
                      4 5 8 -1 
                      10 4 8 -1 
                      3 4 10 -1 
                      7 2 11 -1 
                      1 2 7 -1 
                      6 7 9 -1 
                      10 7 11 -1 
                      8 7 10 -1 
                      9 7 8 -1 
                    ]
                    normalIndex [
                      4 1 5 -1 
                      3 2 1 -1 
                      5 1 0 -1 
                      4 3 1 -1 
                      8 6 7 -1 
                      9 6 8 -1 
                      12 10 11 -1 
                      13 10 12 -1 
                      16 14 15 -1 
                      17 14 16 -1 
                      20 18 19 -1 
                      21 18 20 -1 
                      27 22 26 -1 
                      24 22 23 -1 
                      25 22 24 -1 
                      26 22 25 -1 
                    ]
                  }
                }
                DEF FRAME-RSM0032A_70 Shape {
                  appearance DEF __284 Appearance {
                    material DEF __285 Material {
                      ambientIntensity 0.28835144639
                      diffuseColor 1 0.620000004768 0.519999980927
                      shininess 0
                    }
                  }
                  geometry DEF __286 IndexedFaceSet {
                    solid FALSE
                    coord Coordinate {
                      point [
                        -0.002 0.0001 0.001725,
                        -0.002 0.0001 0.001875,
                        -0.002 0.0002 0.001725,
                        -0.002 0.0002 0.001875,
                        -0.001875 0.0001 0.002,
                        -0.001725 0.0001 0.002,
                        -0.001875 0.0002 0.002,
                        -0.001725 0.0002 0.002

                      ]
                    }
                    normal Normal {
                      vector [
                        -1 0 0,
                        -1 0 0,
                        -1 0 0,
                        -1 0 0,
                        0 0 1,
                        0 0 1,
                        0 0 1,
                        0 0 1

                      ]
                    }
                    coordIndex [
                      2 1 3 -1 
                      0 1 2 -1 
                      6 5 7 -1 
                      4 5 6 -1 
                    ]
                    normalIndex [
                      2 0 1 -1 
                      3 0 2 -1 
                      6 4 5 -1 
                      7 4 6 -1 
                    ]
                  }
                }
                DEF FRAME-RSM0032A_71 Shape {
                  appearance DEF __288 Appearance {
                    material DEF __289 Material {
                      ambientIntensity 0.221739053726
                      diffuseColor 0.901961028576 0.901961028576 0.901961028576
                      shininess 0
                    }
                  }
                  geometry DEF __290 IndexedFaceSet {
                    solid FALSE
                    coord Coordinate {
                      point [
                        0.001875 0.0001 0.002,
                        0.001875 0.0001 0.001875,
                        0.002 0.0001 0.001875,
                        0.002 0.0001 0.001725,
                        0.001725 0.0001 0.001725,
                        0.001725 0.0001 0.002,
                        0.001875 0.0002 0.002,
                        0.001875 0.0002 0.001875,
                        0.001725 0.0002 0.001725,
                        0.001725 0.0002 0.002,
                        0.002 0.0002 0.001725,
                        0.002 0.0002 0.001875

                      ]
                    }
                    normal Normal {
                      vector [
                        -0 -1 -0,
                        -0 -1 -0,
                        -0 -1 -0,
                        -0 -1 -0,
                        -0 -1 -0,
                        -0 -1 -0,
                        1 0 0,
                        1 0 0,
                        1 0 0,
                        1 0 0,
                        -1 0 0,
                        -1 0 0,
                        -1 0 0,
                        -1 0 0,
                        0 0 -1,
                        0 0 -1,
                        0 0 -1,
                        0 0 -1,
                        0 0 1,
                        0 0 1,
                        0 0 1,
                        0 0 1,
                        0 1 0,
                        0 1 0,
                        0 1 0,
                        0 1 0,
                        0 1 0,
                        0 1 0

                      ]
                    }
                    coordIndex [
                      4 1 5 -1 
                      3 2 1 -1 
                      5 1 0 -1 
                      4 3 1 -1 
                      6 1 7 -1 
                      0 1 6 -1 
                      8 5 9 -1 
                      4 5 8 -1 
                      10 4 8 -1 
                      3 4 10 -1 
                      7 2 11 -1 
                      1 2 7 -1 
                      6 7 9 -1 
                      10 7 11 -1 
                      8 7 10 -1 
                      9 7 8 -1 
                    ]
                    normalIndex [
                      4 1 5 -1 
                      3 2 1 -1 
                      5 1 0 -1 
                      4 3 1 -1 
                      8 6 7 -1 
                      9 6 8 -1 
                      12 10 11 -1 
                      13 10 12 -1 
                      16 14 15 -1 
                      17 14 16 -1 
                      20 18 19 -1 
                      21 18 20 -1 
                      27 22 26 -1 
                      24 22 23 -1 
                      25 22 24 -1 
                      26 22 25 -1 
                    ]
                  }
                }
                DEF FRAME-RSM0032A_72 Shape {
                  appearance DEF __292 Appearance {
                    material DEF __293 Material {
                      ambientIntensity 0.28835144639
                      diffuseColor 1 0.620000004768 0.519999980927
                      shininess 0
                    }
                  }
                  geometry DEF __294 IndexedFaceSet {
                    solid FALSE
                    coord Coordinate {
                      point [
                        0.001725 0.0001 0.002,
                        0.001875 0.0001 0.002,
                        0.001725 0.0002 0.002,
                        0.001875 0.0002 0.002,
                        0.002 0.0001 0.001875,
                        0.002 0.0001 0.001725,
                        0.002 0.0002 0.001875,
                        0.002 0.0002 0.001725

                      ]
                    }
                    normal Normal {
                      vector [
                        0 0 1,
                        0 0 1,
                        0 0 1,
                        0 0 1,
                        1 0 0,
                        1 0 0,
                        1 0 0,
                        1 0 0

                      ]
                    }
                    coordIndex [
                      2 1 3 -1 
                      0 1 2 -1 
                      6 5 7 -1 
                      4 5 6 -1 
                    ]
                    normalIndex [
                      2 0 1 -1 
                      3 0 2 -1 
                      6 4 5 -1 
                      7 4 6 -1 
                    ]
                  }
                }
                DEF FRAME-RSM0032A_73 Shape {
                  appearance DEF __296 Appearance {
                    material DEF __297 Material {
                      ambientIntensity 0.221739053726
                      diffuseColor 0.901961028576 0.901961028576 0.901961028576
                      shininess 0
                    }
                  }
                  geometry DEF __298 IndexedFaceSet {
                    solid FALSE
                    coord Coordinate {
                      point [
                        0.002 0.0001 -0.001875,
                        0.001875 0.0001 -0.001875,
                        0.001875 0.0001 -0.002,
                        0.001725 0.0001 -0.002,
                        0.001725 0.0001 -0.001725,
                        0.002 0.0001 -0.001725,
                        0.002 0.0002 -0.001875,
                        0.001875 0.0002 -0.001875,
                        0.001725 0.0002 -0.001725,
                        0.002 0.0002 -0.001725,
                        0.001725 0.0002 -0.002,
                        0.001875 0.0002 -0.002

                      ]
                    }
                    normal Normal {
                      vector [
                        -0 -1 -0,
                        -0 -1 -0,
                        -0 -1 -0,
                        -0 -1 -0,
                        -0 -1 -0,
                        -0 -1 -0,
                        0 0 -1,
                        0 0 -1,
                        0 0 -1,
                        0 0 -1,
                        0 0 1,
                        0 0 1,
                        0 0 1,
                        0 0 1,
                        -1 0 0,
                        -1 0 0,
                        -1 0 0,
                        -1 0 0,
                        1 0 0,
                        1 0 0,
                        1 0 0,
                        1 0 0,
                        0 1 0,
                        0 1 0,
                        0 1 0,
                        0 1 0,
                        0 1 0,
                        0 1 0

                      ]
                    }
                    coordIndex [
                      4 1 5 -1 
                      3 2 1 -1 
                      5 1 0 -1 
                      4 3 1 -1 
                      6 1 7 -1 
                      0 1 6 -1 
                      8 5 9 -1 
                      4 5 8 -1 
                      10 4 8 -1 
                      3 4 10 -1 
                      7 2 11 -1 
                      1 2 7 -1 
                      6 7 9 -1 
                      10 7 11 -1 
                      8 7 10 -1 
                      9 7 8 -1 
                    ]
                    normalIndex [
                      4 1 5 -1 
                      3 2 1 -1 
                      5 1 0 -1 
                      4 3 1 -1 
                      8 6 7 -1 
                      9 6 8 -1 
                      12 10 11 -1 
                      13 10 12 -1 
                      16 14 15 -1 
                      17 14 16 -1 
                      20 18 19 -1 
                      21 18 20 -1 
                      27 22 26 -1 
                      24 22 23 -1 
                      25 22 24 -1 
                      26 22 25 -1 
                    ]
                  }
                }
                DEF FRAME-RSM0032A_74 Shape {
                  appearance DEF __300 Appearance {
                    material DEF __301 Material {
                      ambientIntensity 0.28835144639
                      diffuseColor 1 0.620000004768 0.519999980927
                      shininess 0
                    }
                  }
                  geometry DEF __302 IndexedFaceSet {
                    solid FALSE
                    coord Coordinate {
                      point [
                        0.002 0.0001 -0.001725,
                        0.002 0.0001 -0.001875,
                        0.002 0.0002 -0.001725,
                        0.002 0.0002 -0.001875,
                        0.001875 0.0001 -0.002,
                        0.001725 0.0001 -0.002,
                        0.001875 0.0002 -0.002,
                        0.001725 0.0002 -0.002

                      ]
                    }
                    normal Normal {
                      vector [
                        1 0 0,
                        1 0 0,
                        1 0 0,
                        1 0 0,
                        0 0 -1,
                        0 0 -1,
                        0 0 -1,
                        0 0 -1

                      ]
                    }
                    coordIndex [
                      2 1 3 -1 
                      0 1 2 -1 
                      6 5 7 -1 
                      4 5 6 -1 
                    ]
                    normalIndex [
                      2 0 1 -1 
                      3 0 2 -1 
                      6 4 5 -1 
                      7 4 6 -1 
                    ]
                  }
                }
              ]
            }
          ]
        }
      ]
    }
  ]
}
