#VRML V2.0 utf8
# META "generator" "CAD Exchanger 3.10.2 (cadexchanger.com)"
DEF __1 Transform {
  children [
    DEF ITV9550L5045MR Group {
      children [
        DEF ITV9550L5045MR_1 Shape {
          appearance DEF __4 Appearance {
            material DEF __5 Material {
              ambientIntensity 0.298579484224
              diffuseColor 0.800000011921 0.666434764862 0.319999992847
              shininess 0
            }
          }
          geometry DEF __6 IndexedFaceSet {
            solid FALSE
            coord Coordinate {
              point [
                -0.00475 -0.00025 0.000835335540389,
                -0.00475 -0.00025 0,
                -0.00475 0.00025 0.000835335540389,
                -0.00475 0.00025 0,
                0.00259743441865 -0.0025 0.000835335540389,
                0.00259743441865 -0.0025 0,
                0.00209743441865 -0.0025 0.000835335540389,
                0.00209743441865 -0.0025 0,
                -0.00201614605573 -0.0025 0.000835335540389,
                -0.00201614605573 -0.0025 0,
                -0.00251614605573 -0.0025 0.000835335540389,
                -0.00251614605573 -0.0025 0,
                0.0034695861831 -0.00202 0,
                0.00368 -0.0018095861831 0,
                0.00345715372648 -0.00202 0,
                0.00328 -0.00219715372648 0,
                0.00328 -0.0025 0,
                -0.00326 -0.0025 0,
                -0.00326 -0.00217241930438 0,
                -0.00341241930438 -0.00202 0,
                -0.0034695861831 -0.00202 0,
                -0.00368 -0.0018095861831 0,
                -0.00368 -0.00146831087103 0,
                -0.00346168912897 -0.00125 0,
                0.00346168912897 -0.00125 0,
                0.00368 -0.00146831087103 0,
                0.00368 0.00146831087103 0,
                0.00346168912897 0.00125 0,
                -0.00346168912897 0.00125 0,
                -0.00368 0.00146831087103 0,
                -0.00368 0.0018095861831 0,
                -0.0034695861831 0.00202 0,
                -0.00341241930438 0.00202 0,
                -0.00326 0.00217241930438 0,
                -0.00326 0.0025 0,
                -0.00251614605573 0.0025 0,
                -0.00201614605573 0.0025 0,
                0.00209743441865 0.0025 0,
                0.00259743441865 0.0025 0,
                0.00328 0.0025 0,
                0.00328 0.00219715372648 0,
                0.00345715372648 0.00202 0,
                0.0034695861831 0.00202 0,
                0.00368 0.0018095861831 0,
                -0.00386 0.000447497209988 0,
                -0.00475 0.00118 0,
                -0.00386 -0.000447497209988 0,
                -0.00475 -0.00118 0,
                0.00259743441865 0.0025 0.000835335540389,
                0.00209743441865 0.0025 0.000835335540389,
                -0.00201614605573 0.0025 0.000835335540389,
                -0.00251614605573 0.0025 0.000835335540389,
                0.00368 -0.0018095861831 1.02730255848e-05,
                0.0034695861831 -0.00202 1.02730255848e-05,
                0.00345715372648 -0.00202 1.02730255848e-05,
                0.00328 -0.00219715372648 1.02730255848e-05,
                0.00328 -0.0025 1.02730255848e-05,
                0.00328 0.0025 1.02730255848e-05,
                0.00328 0.00219715372648 1.02730255848e-05,
                0.00345715372648 0.00202 1.02730255848e-05,
                0.0034695861831 0.00202 1.02730255848e-05,
                0.00368 0.0018095861831 1.02730255848e-05,
                0.00368 0.00146831087103 1.02730255848e-05,
                0.00346168912897 0.00125 1.02730255848e-05,
                -0.00346168912897 0.00125 1.02730255848e-05,
                -0.00368 0.00146831087103 1.02730255848e-05,
                -0.00368 0.0018095861831 1.02730255848e-05,
                -0.0034695861831 0.00202 1.02730255848e-05,
                -0.00341241930438 0.00202 1.02730255848e-05,
                -0.00326 0.00217241930438 1.02730255848e-05,
                -0.00326 0.0025 1.02730255848e-05,
                -0.00475 0.00118 1.02730255848e-05,
                -0.00386 0.000447497209988 1.02730255848e-05,
                -0.00386 -0.000447497209988 1.02730255848e-05,
                -0.00475 -0.00118 1.02730255848e-05,
                -0.00326 -0.0025 1.02730255848e-05,
                -0.00326 -0.00217241930438 1.02730255848e-05,
                -0.00341241930438 -0.00202 1.02730255848e-05,
                -0.0034695861831 -0.00202 1.02730255848e-05,
                -0.00368 -0.0018095861831 1.02730255848e-05,
                -0.00368 -0.00146831087103 1.02730255848e-05,
                -0.00346168912897 -0.00125 1.02730255848e-05,
                0.00346168912897 -0.00125 1.02730255848e-05,
                0.00368 -0.00146831087103 1.02730255848e-05,
                -0.00470658795558 -0.000246201938253 0.000835335540389,
                -0.00466449496417 -0.000234923155196 0.000835335540389,
                -0.004625 -0.000216506350946 0.000835335540389,
                -0.00458930309758 -0.00019151111078 0.000835335540389,
                -0.00455848888922 -0.000160696902422 0.000835335540389,
                -0.00453349364905 -0.000125 0.000835335540389,
                -0.0045150768448 -8.55050358314e-05 0.000835335540389,
                -0.00450379806175 -4.34120444167e-05 0.000835335540389,
                -0.0045 -4.64297038973e-19 0.000835335540389,
                -0.00450379806175 4.34120444167e-05 0.000835335540389,
                -0.0045150768448 8.55050358314e-05 0.000835335540389,
                -0.00453349364905 0.000125 0.000835335540389,
                -0.00455848888922 0.000160696902422 0.000835335540389,
                -0.00458930309758 0.00019151111078 0.000835335540389,
                -0.004625 0.000216506350946 0.000835335540389,
                -0.00466449496417 0.000234923155196 0.000835335540389,
                -0.00470658795558 0.000246201938253 0.000835335540389,
                -0.00470658795558 -0.000246201938253 0,
                -0.00466449496417 -0.000234923155196 0,
                -0.004625 -0.000216506350946 0,
                -0.00458930309758 -0.00019151111078 0,
                -0.00455848888922 -0.000160696902422 0,
                -0.00453349364905 -0.000125 0,
                -0.0045150768448 -8.55050358314e-05 0,
                -0.00450379806175 -4.34120444167e-05 0,
                -0.0045 -4.94913208952e-19 0,
                -0.00450379806175 4.34120444167e-05 0,
                -0.0045150768448 8.55050358314e-05 0,
                -0.00453349364905 0.000125 0,
                -0.00455848888922 0.000160696902422 0,
                -0.00458930309758 0.00019151111078 0,
                -0.004625 0.000216506350946 0,
                -0.00466449496417 0.000234923155196 0,
                -0.00470658795558 0.000246201938253 0,
                0.00259363635691 -0.00245658795558 0.000835335540389,
                0.00258235757385 -0.00241449496417 0.000835335540389,
                0.0025639407696 -0.002375 0.000835335540389,
                0.00253894552943 -0.00233930309758 0.000835335540389,
                0.00250813132107 -0.00230848888922 0.000835335540389,
                0.00247243441865 -0.00228349364905 0.000835335540389,
                0.00243293945448 -0.0022650768448 0.000835335540389,
                0.00239084646307 -0.00225379806175 0.000835335540389,
                0.00234743441865 -0.00225 0.000835335540389,
                0.00230402237424 -0.00225379806175 0.000835335540389,
                0.00226192938282 -0.0022650768448 0.000835335540389,
                0.00222243441865 -0.00228349364905 0.000835335540389,
                0.00218673751623 -0.00230848888922 0.000835335540389,
                0.00215592330787 -0.00233930309758 0.000835335540389,
                0.00213092806771 -0.002375 0.000835335540389,
                0.00211251126346 -0.00241449496417 0.000835335540389,
                0.0021012324804 -0.00245658795558 0.000835335540389,
                0.00259363635691 -0.00245658795558 0,
                0.00258235757385 -0.00241449496417 0,
                0.0025639407696 -0.002375 0,
                0.00253894552943 -0.00233930309758 0,
                0.00250813132107 -0.00230848888922 0,
                0.00247243441865 -0.00228349364905 0,
                0.00243293945448 -0.0022650768448 0,
                0.00239084646307 -0.00225379806175 0,
                0.00234743441865 -0.00225 0,
                0.00230402237424 -0.00225379806175 0,
                0.00226192938282 -0.0022650768448 0,
                0.00222243441865 -0.00228349364905 0,
                0.00218673751623 -0.00230848888922 0,
                0.00215592330787 -0.00233930309758 0,
                0.00213092806771 -0.002375 0,
                0.00211251126346 -0.00241449496417 0,
                0.0021012324804 -0.00245658795558 0,
                -0.00201994411748 -0.00245658795558 0.000835335540389,
                -0.00203122290053 -0.00241449496417 0.000835335540389,
                -0.00204963970479 -0.002375 0.000835335540389,
                -0.00207463494495 -0.00233930309758 0.000835335540389,
                -0.00210544915331 -0.00230848888922 0.000835335540389,
                -0.00214114605573 -0.00228349364905 0.000835335540389,
                -0.0021806410199 -0.0022650768448 0.000835335540389,
                -0.00222273401131 -0.00225379806175 0.000835335540389,
                -0.00226614605573 -0.00225 0.000835335540389,
                -0.00230955810015 -0.00225379806175 0.000835335540389,
                -0.00235165109156 -0.0022650768448 0.000835335540389,
                -0.00239114605573 -0.00228349364905 0.000835335540389,
                -0.00242684295815 -0.00230848888922 0.000835335540389,
                -0.00245765716651 -0.00233930309758 0.000835335540389,
                -0.00248265240668 -0.002375 0.000835335540389,
                -0.00250106921093 -0.00241449496417 0.000835335540389,
                -0.00251234799398 -0.00245658795558 0.000835335540389,
                -0.00201994411748 -0.00245658795558 0,
                -0.00203122290053 -0.00241449496417 0,
                -0.00204963970479 -0.002375 0,
                -0.00207463494495 -0.00233930309758 0,
                -0.00210544915331 -0.00230848888922 0,
                -0.00214114605573 -0.00228349364905 0,
                -0.0021806410199 -0.0022650768448 0,
                -0.00222273401131 -0.00225379806175 0,
                -0.00226614605573 -0.00225 0,
                -0.00230955810015 -0.00225379806175 0,
                -0.00235165109156 -0.0022650768448 0,
                -0.00239114605573 -0.00228349364905 0,
                -0.00242684295815 -0.00230848888922 0,
                -0.00245765716651 -0.00233930309758 0,
                -0.00248265240668 -0.002375 0,
                -0.00250106921093 -0.00241449496417 0,
                -0.00251234799398 -0.00245658795558 0,
                0.00350612415896 -0.00201680334132 0,
                0.00354155194691 -0.00200731049415 0,
                0.00357479309155 -0.00199180989384 0,
                0.00360483757751 -0.00197077251829 0,
                0.00363077251829 -0.00194483757751 0,
                0.00365180989384 -0.00191479309155 0,
                0.00366731049415 -0.00188155194691 0,
                0.00367680334132 -0.00184612415896 0,
                0.00342639130471 -0.00202269136317 0,
                0.00339656358356 -0.00203068367696 0,
                0.00336857686324 -0.00204373409897 0,
                0.00334328150609 -0.00206144609873 0,
                0.00332144609873 -0.00208328150609 0,
                0.00330373409897 -0.00210857686324 0,
                0.00329068367696 -0.00213656358356 0,
                0.00328269136317 -0.00216639130471 0,
                -0.00338595196994 -0.00202231559172 0,
                -0.00336028883205 -0.00202919200879 0,
                -0.00333620965219 -0.00204042031476 0,
                -0.00331444606405 -0.00205565934324 0,
                -0.00329565934324 -0.00207444606405 0,
                -0.00328042031476 -0.00209620965219 0,
                -0.00326919200879 -0.00212028883205 0,
                -0.00326231559172 -0.00214595196994 0,
                -0.00350612415896 -0.00201680334132 0,
                -0.00354155194691 -0.00200731049415 0,
                -0.00357479309155 -0.00199180989384 0,
                -0.00360483757751 -0.00197077251829 0,
                -0.00363077251829 -0.00194483757751 0,
                -0.00365180989384 -0.00191479309155 0,
                -0.00366731049415 -0.00188155194691 0,
                -0.00367680334132 -0.00184612415896 0,
                -0.00367668336733 -0.00143040158611 0,
                -0.00366683424351 -0.00139364415563 0,
                -0.0036507518892 -0.00135915543551 0,
                -0.0036289249586 -0.00132798334807 0,
                -0.00360201665193 -0.0013010750414 0,
                -0.00357084456449 -0.0012792481108 0,
                -0.00353635584437 -0.00126316575649 0,
                -0.00349959841389 -0.00125331663267 0,
                0.00367668336733 -0.00143040158611 0,
                0.00366683424351 -0.00139364415563 0,
                0.0036507518892 -0.00135915543551 0,
                0.0036289249586 -0.00132798334807 0,
                0.00360201665193 -0.0013010750414 0,
                0.00357084456449 -0.0012792481108 0,
                0.00353635584437 -0.00126316575649 0,
                0.00349959841389 -0.00125331663267 0,
                0.00367668336733 0.00143040158611 0,
                0.00366683424351 0.00139364415563 0,
                0.0036507518892 0.00135915543551 0,
                0.0036289249586 0.00132798334807 0,
                0.00360201665193 0.0013010750414 0,
                0.00357084456449 0.0012792481108 0,
                0.00353635584437 0.00126316575649 0,
                0.00349959841389 0.00125331663267 0,
                -0.00367668336733 0.00143040158611 0,
                -0.00366683424351 0.00139364415563 0,
                -0.0036507518892 0.00135915543551 0,
                -0.0036289249586 0.00132798334807 0,
                -0.00360201665193 0.0013010750414 0,
                -0.00357084456449 0.0012792481108 0,
                -0.00353635584437 0.00126316575649 0,
                -0.00349959841389 0.00125331663267 0,
                -0.00350250215598 0.00201740945675 0,
                -0.00353460762837 0.00200970161478 0,
                -0.00356511205699 0.00199706626674 0,
                -0.00359326432155 0.00197981453682 0,
                -0.00361837121989 0.00195837121989 0,
                -0.00363981453682 0.00193326432155 0,
                -0.00365706626674 0.00190511205699 0,
                -0.00366970161478 0.00187460762837 0,
                -0.00367740945675 0.00184250215598 0,
                -0.00338595196994 0.00202231559172 0,
                -0.00336028883205 0.00202919200879 0,
                -0.00333620965219 0.00204042031476 0,
                -0.00331444606405 0.00205565934324 0,
                -0.00329565934324 0.00207444606405 0,
                -0.00328042031476 0.00209620965219 0,
                -0.00326919200879 0.00212028883205 0,
                -0.00326231559172 0.00214595196994 0,
                -0.00201994411748 0.00245658795558 0,
                -0.00203122290053 0.00241449496417 0,
                -0.00204963970479 0.002375 0,
                -0.00207463494495 0.00233930309758 0,
                -0.00210544915331 0.00230848888922 0,
                -0.00214114605573 0.00228349364905 0,
                -0.0021806410199 0.0022650768448 0,
                -0.00222273401131 0.00225379806175 0,
                -0.00226614605573 0.00225 0,
                -0.00230955810015 0.00225379806175 0,
                -0.00235165109156 0.0022650768448 0,
                -0.00239114605573 0.00228349364905 0,
                -0.00242684295815 0.00230848888922 0,
                -0.00245765716651 0.00233930309758 0,
                -0.00248265240668 0.002375 0,
                -0.00250106921093 0.00241449496417 0,
                -0.00251234799398 0.00245658795558 0,
                0.00259363635691 0.00245658795558 0,
                0.00258235757385 0.00241449496417 0,
                0.0025639407696 0.002375 0,
                0.00253894552943 0.00233930309758 0,
                0.00250813132107 0.00230848888922 0,
                0.00247243441865 0.00228349364905 0,
                0.00243293945448 0.0022650768448 0,
                0.00239084646307 0.00225379806175 0,
                0.00234743441865 0.00225 0,
                0.00230402237424 0.00225379806175 0,
                0.00226192938282 0.0022650768448 0,
                0.00222243441865 0.00228349364905 0,
                0.00218673751623 0.00230848888922 0,
                0.00215592330787 0.00233930309758 0,
                0.00213092806771 0.002375 0,
                0.00211251126346 0.00241449496417 0,
                0.0021012324804 0.00245658795558 0,
                0.00342639130471 0.00202269136317 0,
                0.00339656358356 0.00203068367696 0,
                0.00336857686324 0.00204373409897 0,
                0.00334328150609 0.00206144609873 0,
                0.00332144609873 0.00208328150609 0,
                0.00330373409897 0.00210857686324 0,
                0.00329068367696 0.00213656358356 0,
                0.00328269136317 0.00216639130471 0,
                0.00350612415896 0.00201680334132 0,
                0.00354155194691 0.00200731049415 0,
                0.00357479309155 0.00199180989384 0,
                0.00360483757751 0.00197077251829 0,
                0.00363077251829 0.00194483757751 0,
                0.00365180989384 0.00191479309155 0,
                0.00366731049415 0.00188155194691 0,
                0.00367680334132 0.00184612415896 0,
                0.0021012324804 0.00245658795558 0.000835335540389,
                0.00211251126346 0.00241449496417 0.000835335540389,
                0.00213092806771 0.002375 0.000835335540389,
                0.00215592330787 0.00233930309758 0.000835335540389,
                0.00218673751623 0.00230848888922 0.000835335540389,
                0.00222243441865 0.00228349364905 0.000835335540389,
                0.00226192938282 0.0022650768448 0.000835335540389,
                0.00230402237424 0.00225379806175 0.000835335540389,
                0.00234743441865 0.00225 0.000835335540389,
                0.00239084646307 0.00225379806175 0.000835335540389,
                0.00243293945448 0.0022650768448 0.000835335540389,
                0.00247243441865 0.00228349364905 0.000835335540389,
                0.00250813132107 0.00230848888922 0.000835335540389,
                0.00253894552943 0.00233930309758 0.000835335540389,
                0.0025639407696 0.002375 0.000835335540389,
                0.00258235757385 0.00241449496417 0.000835335540389,
                0.00259363635691 0.00245658795558 0.000835335540389,
                -0.00251234799398 0.00245658795558 0.000835335540389,
                -0.00250106921093 0.00241449496417 0.000835335540389,
                -0.00248265240668 0.002375 0.000835335540389,
                -0.00245765716651 0.00233930309758 0.000835335540389,
                -0.00242684295815 0.00230848888922 0.000835335540389,
                -0.00239114605573 0.00228349364905 0.000835335540389,
                -0.00235165109156 0.0022650768448 0.000835335540389,
                -0.00230955810015 0.00225379806175 0.000835335540389,
                -0.00226614605573 0.00225 0.000835335540389,
                -0.00222273401131 0.00225379806175 0.000835335540389,
                -0.0021806410199 0.0022650768448 0.000835335540389,
                -0.00214114605573 0.00228349364905 0.000835335540389,
                -0.00210544915331 0.00230848888922 0.000835335540389,
                -0.00207463494495 0.00233930309758 0.000835335540389,
                -0.00204963970479 0.002375 0.000835335540389,
                -0.00203122290053 0.00241449496417 0.000835335540389,
                -0.00201994411748 0.00245658795558 0.000835335540389,
                0.00367680334132 -0.00184612415896 1.02730255848e-05,
                0.00366731049415 -0.00188155194691 1.02730255848e-05,
                0.00365180989384 -0.00191479309155 1.02730255848e-05,
                0.00363077251829 -0.00194483757751 1.02730255848e-05,
                0.00360483757751 -0.00197077251829 1.02730255848e-05,
                0.00357479309155 -0.00199180989384 1.02730255848e-05,
                0.00354155194691 -0.00200731049415 1.02730255848e-05,
                0.00350612415896 -0.00201680334132 1.02730255848e-05,
                0.00342639130471 -0.00202269136317 1.02730255848e-05,
                0.00339656358356 -0.00203068367696 1.02730255848e-05,
                0.00336857686324 -0.00204373409897 1.02730255848e-05,
                0.00334328150609 -0.00206144609873 1.02730255848e-05,
                0.00332144609873 -0.00208328150609 1.02730255848e-05,
                0.00330373409897 -0.00210857686324 1.02730255848e-05,
                0.00329068367696 -0.00213656358356 1.02730255848e-05,
                0.00328269136317 -0.00216639130471 1.02730255848e-05,
                0.00328269136317 0.00216639130471 1.02730255848e-05,
                0.00329068367696 0.00213656358356 1.02730255848e-05,
                0.00330373409897 0.00210857686324 1.02730255848e-05,
                0.00332144609873 0.00208328150609 1.02730255848e-05,
                0.00334328150609 0.00206144609873 1.02730255848e-05,
                0.00336857686324 0.00204373409897 1.02730255848e-05,
                0.00339656358356 0.00203068367696 1.02730255848e-05,
                0.00342639130471 0.00202269136317 1.02730255848e-05,
                0.00350612415896 0.00201680334132 1.02730255848e-05,
                0.00354155194691 0.00200731049415 1.02730255848e-05,
                0.00357479309155 0.00199180989384 1.02730255848e-05,
                0.00360483757751 0.00197077251829 1.02730255848e-05,
                0.00363077251829 0.00194483757751 1.02730255848e-05,
                0.00365180989384 0.00191479309155 1.02730255848e-05,
                0.00366731049415 0.00188155194691 1.02730255848e-05,
                0.00367680334132 0.00184612415896 1.02730255848e-05,
                0.00367668336733 0.00143040158611 1.02730255848e-05,
                0.00366683424351 0.00139364415563 1.02730255848e-05,
                0.0036507518892 0.00135915543551 1.02730255848e-05,
                0.0036289249586 0.00132798334807 1.02730255848e-05,
                0.00360201665193 0.0013010750414 1.02730255848e-05,
                0.00357084456449 0.0012792481108 1.02730255848e-05,
                0.00353635584437 0.00126316575649 1.02730255848e-05,
                0.00349959841389 0.00125331663267 1.02730255848e-05,
                -0.00349959841389 0.00125331663267 1.02730255848e-05,
                -0.00353635584437 0.00126316575649 1.02730255848e-05,
                -0.00357084456449 0.0012792481108 1.02730255848e-05,
                -0.00360201665193 0.0013010750414 1.02730255848e-05,
                -0.0036289249586 0.00132798334807 1.02730255848e-05,
                -0.0036507518892 0.00135915543551 1.02730255848e-05,
                -0.00366683424351 0.00139364415563 1.02730255848e-05,
                -0.00367668336733 0.00143040158611 1.02730255848e-05,
                -0.00367740945675 0.00184250215598 1.02730255848e-05,
                -0.00366970161478 0.00187460762837 1.02730255848e-05,
                -0.00365706626674 0.00190511205699 1.02730255848e-05,
                -0.00363981453682 0.00193326432155 1.02730255848e-05,
                -0.00361837121989 0.00195837121989 1.02730255848e-05,
                -0.00359326432155 0.00197981453682 1.02730255848e-05,
                -0.00356511205699 0.00199706626674 1.02730255848e-05,
                -0.00353460762837 0.00200970161478 1.02730255848e-05,
                -0.00350250215598 0.00201740945675 1.02730255848e-05,
                -0.00338595196994 0.00202231559172 1.02730255848e-05,
                -0.00336028883205 0.00202919200879 1.02730255848e-05,
                -0.00333620965219 0.00204042031476 1.02730255848e-05,
                -0.00331444606405 0.00205565934324 1.02730255848e-05,
                -0.00329565934324 0.00207444606405 1.02730255848e-05,
                -0.00328042031476 0.00209620965219 1.02730255848e-05,
                -0.00326919200879 0.00212028883205 1.02730255848e-05,
                -0.00326231559172 0.00214595196994 1.02730255848e-05,
                -0.00326231559172 -0.00214595196994 1.02730255848e-05,
                -0.00326919200879 -0.00212028883205 1.02730255848e-05,
                -0.00328042031476 -0.00209620965219 1.02730255848e-05,
                -0.00329565934324 -0.00207444606405 1.02730255848e-05,
                -0.00331444606405 -0.00205565934324 1.02730255848e-05,
                -0.00333620965219 -0.00204042031476 1.02730255848e-05,
                -0.00336028883205 -0.00202919200879 1.02730255848e-05,
                -0.00338595196994 -0.00202231559172 1.02730255848e-05,
                -0.00350612415896 -0.00201680334132 1.02730255848e-05,
                -0.00354155194691 -0.00200731049415 1.02730255848e-05,
                -0.00357479309155 -0.00199180989384 1.02730255848e-05,
                -0.00360483757751 -0.00197077251829 1.02730255848e-05,
                -0.00363077251829 -0.00194483757751 1.02730255848e-05,
                -0.00365180989384 -0.00191479309155 1.02730255848e-05,
                -0.00366731049415 -0.00188155194691 1.02730255848e-05,
                -0.00367680334132 -0.00184612415896 1.02730255848e-05,
                -0.00367668336733 -0.00143040158611 1.02730255848e-05,
                -0.00366683424351 -0.00139364415563 1.02730255848e-05,
                -0.0036507518892 -0.00135915543551 1.02730255848e-05,
                -0.0036289249586 -0.00132798334807 1.02730255848e-05,
                -0.00360201665193 -0.0013010750414 1.02730255848e-05,
                -0.00357084456449 -0.0012792481108 1.02730255848e-05,
                -0.00353635584437 -0.00126316575649 1.02730255848e-05,
                -0.00349959841389 -0.00125331663267 1.02730255848e-05,
                0.00349959841389 -0.00125331663267 1.02730255848e-05,
                0.00353635584437 -0.00126316575649 1.02730255848e-05,
                0.00357084456449 -0.0012792481108 1.02730255848e-05,
                0.00360201665193 -0.0013010750414 1.02730255848e-05,
                0.0036289249586 -0.00132798334807 1.02730255848e-05,
                0.0036507518892 -0.00135915543551 1.02730255848e-05,
                0.00366683424351 -0.00139364415563 1.02730255848e-05,
                0.00367668336733 -0.00143040158611 1.02730255848e-05

              ]
            }
            normal Normal {
              vector [
                -0 1 -0,
                -0.17364818 0.98480773 -0,
                -0.34202015 0.93969262 -0,
                -0.5 0.86602539 -0,
                -0.64278764 0.76604444 -0,
                -0.76604444 0.64278764 -0,
                -0.86602539 0.5 -0,
                -0.93969262 0.34202015 -0,
                -0.98480773 0.17364818 -0,
                -1 -1.2246469e-16 -0,
                -0.98480773 -0.17364818 -0,
                -0.93969262 -0.34202015 -0,
                -0.86602539 -0.5 -0,
                -0.76604444 -0.64278764 -0,
                -0.64278764 -0.76604444 -0,
                -0.5 -0.86602539 -0,
                -0.34202015 -0.93969262 -0,
                -0.17364818 -0.98480773 -0,
                -0 -1 -0,
                -0 -1 -0,
                -0.17364818 -0.98480773 -0,
                -0.34202015 -0.93969262 -0,
                -0.5 -0.86602539 -0,
                -0.64278764 -0.76604444 -0,
                -0.76604444 -0.64278764 -0,
                -0.86602539 -0.5 -0,
                -0.93969262 -0.34202015 -0,
                -0.98480773 -0.17364818 -0,
                -1 -1.2246469e-16 -0,
                -0.98480773 0.17364818 -0,
                -0.93969262 0.34202015 -0,
                -0.86602539 0.5 -0,
                -0.76604444 0.64278764 -0,
                -0.64278764 0.76604444 -0,
                -0.5 0.86602539 -0,
                -0.34202015 0.93969262 -0,
                -0.17364818 0.98480773 -0,
                -0 1 -0,
                -1 -0 -0,
                -0.98480773 -0.17364818 -0,
                -0.93969262 -0.34202015 -0,
                -0.86602539 -0.5 -0,
                -0.76604444 -0.64278764 -0,
                -0.64278764 -0.76604444 -0,
                -0.5 -0.86602539 -0,
                -0.34202015 -0.93969262 -0,
                -0.17364818 -0.98480773 -0,
                -0 -1 -0,
                0.17364818 -0.98480773 -0,
                0.34202015 -0.93969262 -0,
                0.5 -0.86602539 -0,
                0.64278764 -0.76604444 -0,
                0.76604444 -0.64278764 -0,
                0.86602539 -0.5 -0,
                0.93969262 -0.34202015 -0,
                0.98480773 -0.17364818 -0,
                1 -0 -0,
                1 -0 -0,
                0.98480773 -0.17364818 -0,
                0.93969262 -0.34202015 -0,
                0.86602539 -0.5 -0,
                0.76604444 -0.64278764 -0,
                0.64278764 -0.76604444 -0,
                0.5 -0.86602539 -0,
                0.34202015 -0.93969262 -0,
                0.17364818 -0.98480773 -0,
                -0 -1 -0,
                -0.17364818 -0.98480773 -0,
                -0.34202015 -0.93969262 -0,
                -0.5 -0.86602539 -0,
                -0.64278764 -0.76604444 -0,
                -0.76604444 -0.64278764 -0,
                -0.86602539 -0.5 -0,
                -0.93969262 -0.34202015 -0,
                -0.98480773 -0.17364818 -0,
                -1 -0 -0,
                -1 -0 -0,
                -0.98480773 -0.17364818 -0,
                -0.93969262 -0.34202015 -0,
                -0.86602539 -0.5 -0,
                -0.76604444 -0.64278764 -0,
                -0.64278764 -0.76604444 -0,
                -0.5 -0.86602539 -0,
                -0.34202015 -0.93969262 -0,
                -0.17364818 -0.98480773 -0,
                -0 -1 -0,
                0.17364818 -0.98480773 -0,
                0.34202015 -0.93969262 -0,
                0.5 -0.86602539 -0,
                0.64278764 -0.76604444 -0,
                0.76604444 -0.64278764 -0,
                0.86602539 -0.5 -0,
                0.93969262 -0.34202015 -0,
                0.98480773 -0.17364818 -0,
                1 -0 -0,
                1 -0 -0,
                0.98480773 -0.17364818 -0,
                0.93969262 -0.34202015 -0,
                0.86602539 -0.5 -0,
                0.76604444 -0.64278764 -0,
                0.64278764 -0.76604444 -0,
                0.5 -0.86602539 -0,
                0.34202015 -0.93969262 -0,
                0.17364818 -0.98480773 -0,
                -0 -1 -0,
                -0.17364818 -0.98480773 -0,
                -0.34202015 -0.93969262 -0,
                -0.5 -0.86602539 -0,
                -0.64278764 -0.76604444 -0,
                -0.76604444 -0.64278764 -0,
                -0.86602539 -0.5 -0,
                -0.93969262 -0.34202015 -0,
                -0.98480773 -0.17364818 -0,
                -1 -0 -0,
                -0 -0 -1,
                -0 -0 -1,
                -0 -0 -1,
                -0 -0 -1,
                -0 -0 -1,
                -0 -0 -1,
                -0 -0 -1,
                -0 -0 -1,
                -0 -0 -1,
                -0 -0 -1,
                -0 -0 -1,
                -0 -0 -1,
                -0 -0 -1,
                -0 -0 -1,
                -0 -0 -1,
                -0 -0 -1,
                -0 -0 -1,
                -0 -0 -1,
                -0 -0 -1,
                -0 -0 -1,
                -0 -0 -1,
                -0 -0 -1,
                -0 -0 -1,
                -0 -0 -1,
                -0 -0 -1,
                -0 -0 -1,
                -0 -0 -1,
                -0 -0 -1,
                -0 -0 -1,
                -0 -0 -1,
                -0 -0 -1,
                -0 -0 -1,
                -0 -0 -1,
                -0 -0 -1,
                -0 -0 -1,
                -0 -0 -1,
                -0 -0 -1,
                -0 -0 -1,
                -0 -0 -1,
                -0 -0 -1,
                -0 -0 -1,
                -0 -0 -1,
                -0 -0 -1,
                -0 -0 -1,
                -0 -0 -1,
                -0 -0 -1,
                -0 -0 -1,
                -0 -0 -1,
                -0 -0 -1,
                -0 -0 -1,
                -0 -0 -1,
                -0 -0 -1,
                -0 -0 -1,
                -0 -0 -1,
                -0 -0 -1,
                -0 -0 -1,
                -0 -0 -1,
                -0 -0 -1,
                -0 -0 -1,
                -0 -0 -1,
                -0 -0 -1,
                -0 -0 -1,
                -0 -0 -1,
                -0 -0 -1,
                -0 -0 -1,
                -0 -0 -1,
                -0 -0 -1,
                -0 -0 -1,
                -0 -0 -1,
                -0 -0 -1,
                -0 -0 -1,
                -0 -0 -1,
                -0 -0 -1,
                -0 -0 -1,
                -0 -0 -1,
                -0 -0 -1,
                -0 -0 -1,
                -0 -0 -1,
                -0 -0 -1,
                -0 -0 -1,
                -0 -0 -1,
                -0 -0 -1,
                -0 -0 -1,
                -0 -0 -1,
                -0 -0 -1,
                -0 -0 -1,
                -0 -0 -1,
                -0 -0 -1,
                -0 -0 -1,
                -0 -0 -1,
                -0 -0 -1,
                -0 -0 -1,
                -0 -0 -1,
                -0 -0 -1,
                -0 -0 -1,
                -0 -0 -1,
                -0 -0 -1,
                -0 -0 -1,
                -0 -0 -1,
                -0 -0 -1,
                -0 -0 -1,
                -0 -0 -1,
                -0 -0 -1,
                -0 -0 -1,
                -0 -0 -1,
                -0 -0 -1,
                -0 -0 -1,
                -0 -0 -1,
                -0 -0 -1,
                -0 -0 -1,
                -0 -0 -1,
                -0 -0 -1,
                -0 -0 -1,
                -0 -0 -1,
                -0 -0 -1,
                -0 -0 -1,
                -0 -0 -1,
                -0 -0 -1,
                -0 -0 -1,
                -0 -0 -1,
                -0 -0 -1,
                -0 -0 -1,
                -0 -0 -1,
                -0 -0 -1,
                -0 -0 -1,
                -0 -0 -1,
                -0 -0 -1,
                -0 -0 -1,
                -0 -0 -1,
                -0 -0 -1,
                -0 -0 -1,
                -0 -0 -1,
                -0 -0 -1,
                -0 -0 -1,
                -0 -0 -1,
                -0 -0 -1,
                -0 -0 -1,
                -0 -0 -1,
                -0 -0 -1,
                -0 -0 -1,
                -0 -0 -1,
                -0 -0 -1,
                -0 -0 -1,
                -0 -0 -1,
                -0 -0 -1,
                -0 -0 -1,
                -0 -0 -1,
                -0 -0 -1,
                -0 -0 -1,
                -0 -0 -1,
                -0 -0 -1,
                -0 -0 -1,
                -0 -0 -1,
                -0 -0 -1,
                -0 -0 -1,
                -0 -0 -1,
                -0 -0 -1,
                -0 -0 -1,
                -0 -0 -1,
                -0 -0 -1,
                -0 -0 -1,
                -0 -0 -1,
                -0 -0 -1,
                -0 -0 -1,
                -0 -0 -1,
                -0 -0 -1,
                -0 -0 -1,
                -0 -0 -1,
                -0 -0 -1,
                -0 -0 -1,
                -0 -0 -1,
                -0 -0 -1,
                -0 -0 -1,
                -0 -0 -1,
                -0 -0 -1,
                -0 -0 -1,
                -0 -0 -1,
                -0 -0 -1,
                -0 -0 -1,
                -0 -0 -1,
                -0 -0 -1,
                -0 -0 -1,
                -0 -0 -1,
                -0 -0 -1,
                -0 -0 -1,
                -0 -0 -1,
                -0 -0 -1,
                -0 -0 -1,
                -0 -0 -1,
                -0 -0 -1,
                -0 -0 -1,
                -0 -0 -1,
                -0 -0 -1,
                -0 -0 -1,
                -0 -0 -1,
                -0 -0 -1,
                -0 -0 -1,
                -0 -0 -1,
                -0 -0 -1,
                -0 -0 -1,
                -0 -0 -1,
                -0 -0 -1,
                -0 -0 -1,
                -0 -0 -1,
                -0 -0 -1,
                -0 -0 -1,
                -0 -0 -1,
                -0 -0 -1,
                -0 -0 -1,
                -0 -0 -1,
                -0 -0 -1,
                -0 -0 -1,
                -0 -0 -1,
                -0 -0 -1,
                -0 -0 -1,
                -0 -0 -1,
                -0 -0 -1,
                -0 -0 -1,
                -0 -0 -1,
                -0 -0 -1,
                -0 -0 -1,
                -0 -0 -1,
                -0 -0 -1,
                -0 -0 -1,
                1 4.4408921e-16 -0,
                0.98480773 0.17364818 -0,
                0.93969262 0.34202015 -0,
                0.86602539 0.5 -0,
                0.76604444 0.64278764 -0,
                0.64278764 0.76604444 -0,
                0.5 0.86602539 -0,
                0.34202015 0.93969262 -0,
                0.17364818 0.98480773 -0,
                -0 1 -0,
                -0.17364818 0.98480773 -0,
                -0.34202015 0.93969262 -0,
                -0.5 0.86602539 -0,
                -0.64278764 0.76604444 -0,
                -0.76604444 0.64278764 -0,
                -0.86602539 0.5 -0,
                -0.93969262 0.34202015 -0,
                -0.98480773 0.17364818 -0,
                -1 -0 -0,
                -1 -0 -0,
                -0.98480773 0.17364818 -0,
                -0.93969262 0.34202015 -0,
                -0.86602539 0.5 -0,
                -0.76604444 0.64278764 -0,
                -0.64278764 0.76604444 -0,
                -0.5 0.86602539 -0,
                -0.34202015 0.93969262 -0,
                -0.17364818 0.98480773 -0,
                -0 1 -0,
                0.17364818 0.98480773 -0,
                0.34202015 0.93969262 -0,
                0.5 0.86602539 -0,
                0.64278764 0.76604444 -0,
                0.76604444 0.64278764 -0,
                0.86602539 0.5 -0,
                0.93969262 0.34202015 -0,
                0.98480773 0.17364818 -0,
                1 4.4408921e-16 -0,
                1 4.4408921e-16 -0,
                0.98480773 0.17364818 -0,
                0.93969262 0.34202015 -0,
                0.86602539 0.5 -0,
                0.76604444 0.64278764 -0,
                0.64278764 0.76604444 -0,
                0.5 0.86602539 -0,
                0.34202015 0.93969262 -0,
                0.17364818 0.98480773 -0,
                -0 1 -0,
                -0.17364818 0.98480773 -0,
                -0.34202015 0.93969262 -0,
                -0.5 0.86602539 -0,
                -0.64278764 0.76604444 -0,
                -0.76604444 0.64278764 -0,
                -0.86602539 0.5 -0,
                -0.93969262 0.34202015 -0,
                -0.98480773 0.17364818 -0,
                -1 -0 -0,
                -1 -0 -0,
                -0.98480773 0.17364818 -0,
                -0.93969262 0.34202015 -0,
                -0.86602539 0.5 -0,
                -0.76604444 0.64278764 -0,
                -0.64278764 0.76604444 -0,
                -0.5 0.86602539 -0,
                -0.34202015 0.93969262 -0,
                -0.17364818 0.98480773 -0,
                -0 1 -0,
                0.17364818 0.98480773 -0,
                0.34202015 0.93969262 -0,
                0.5 0.86602539 -0,
                0.64278764 0.76604444 -0,
                0.76604444 0.64278764 -0,
                0.86602539 0.5 -0,
                0.93969262 0.34202015 -0,
                0.98480773 0.17364818 -0,
                1 4.4408921e-16 -0,
                0 -1 0,
                0.17364818 -0.98480773 0,
                0.34202015 -0.93969262 0,
                0.5 -0.86602539 0,
                0.64278764 -0.76604444 0,
                0.76604444 -0.64278764 0,
                0.86602539 -0.5 0,
                0.93969262 -0.34202015 0,
                0.98480773 -0.17364818 0,
                1 2.220446e-16 0,
                1 2.220446e-16 0,
                0.98480773 -0.17364818 0,
                0.93969262 -0.34202015 0,
                0.86602539 -0.5 0,
                0.76604444 -0.64278764 0,
                0.64278764 -0.76604444 0,
                0.5 -0.86602539 0,
                0.34202015 -0.93969262 0,
                0.17364818 -0.98480773 0,
                0 -1 0,
                0 -1 0,
                0 -1 0,
                0 -1 0,
                0 -1 0,
                1 -0 -0,
                1 -0 -0,
                0.98480773 -0.17364818 -0,
                0.93969262 -0.34202015 -0,
                0.86602539 -0.5 -0,
                0.76604444 -0.64278764 -0,
                0.64278764 -0.76604444 -0,
                0.5 -0.86602539 -0,
                0.34202015 -0.93969262 -0,
                0.17364818 -0.98480773 -0,
                -0 -1 -0,
                -0 -1 -0,
                0.17364818 -0.98480773 -0,
                0.34202015 -0.93969262 -0,
                0.5 -0.86602539 -0,
                0.64278764 -0.76604444 -0,
                0.76604444 -0.64278764 -0,
                0.86602539 -0.5 -0,
                0.93969262 -0.34202015 -0,
                0.98480773 -0.17364818 -0,
                1 -1.4320166e-15 0,
                1 -1.4320166e-15 0,
                1 -1.4320166e-15 0,
                1 -1.4320166e-15 0,
                1 0 0,
                1 0 0,
                1 0 0,
                1 0 0,
                -0 1 -0,
                -0 1 -0,
                0.17364818 0.98480773 -0,
                0.34202015 0.93969262 -0,
                0.5 0.86602539 -0,
                0.64278764 0.76604444 -0,
                0.76604444 0.64278764 -0,
                0.86602539 0.5 -0,
                0.93969262 0.34202015 -0,
                0.98480773 0.17364818 -0,
                1 4.4408921e-16 -0,
                1 4.4408921e-16 -0,
                0.98480773 0.17364818 -0,
                0.93969262 0.34202015 -0,
                0.86602539 0.5 -0,
                0.76604444 0.64278764 -0,
                0.64278764 0.76604444 -0,
                0.5 0.86602539 -0,
                0.34202015 0.93969262 -0,
                0.17364818 0.98480773 -0,
                0 1 0,
                0 1 0,
                0 1 0,
                0 1 0,
                1 2.220446e-16 0,
                0.98480773 0.17364818 0,
                0.93969262 0.34202015 0,
                0.86602539 0.5 0,
                0.76604444 0.64278764 0,
                0.64278764 0.76604444 0,
                0.5 0.86602539 0,
                0.34202015 0.93969262 0,
                0.17364818 0.98480773 0,
                0 1 0,
                0 1 0,
                0.17364818 0.98480773 0,
                0.34202015 0.93969262 0,
                0.5 0.86602539 0,
                0.64278764 0.76604444 0,
                0.76604444 0.64278764 0,
                0.86602539 0.5 0,
                0.93969262 0.34202015 0,
                0.98480773 0.17364818 0,
                1 2.220446e-16 0,
                1 0 0,
                1 0 0,
                1 0 0,
                1 0 0,
                0 -1 0,
                0.17364818 -0.98480773 0,
                0.34202015 -0.93969262 0,
                0.5 -0.86602539 0,
                0.64278764 -0.76604444 0,
                0.76604444 -0.64278764 0,
                0.86602539 -0.5 0,
                0.93969262 -0.34202015 0,
                0.98480773 -0.17364818 0,
                1 2.220446e-16 0,
                1 2.220446e-16 0,
                0.98480773 -0.17364818 0,
                0.93969262 -0.34202015 0,
                0.86602539 -0.5 0,
                0.76604444 -0.64278764 0,
                0.64278764 -0.76604444 0,
                0.5 -0.86602539 0,
                0.34202015 -0.93969262 0,
                0.17364818 -0.98480773 0,
                0 -1 0,
                0 -1 0,
                0 -1 0,
                0 -1 0,
                0 -1 0,
                -1 -2.220446e-16 0,
                -0.98480773 -0.17364818 0,
                -0.93969262 -0.34202015 0,
                -0.86602539 -0.5 0,
                -0.76604444 -0.64278764 0,
                -0.64278764 -0.76604444 0,
                -0.5 -0.86602539 0,
                -0.34202015 -0.93969262 0,
                -0.17364818 -0.98480773 0,
                0 -1 0,
                0 -1 0,
                -0.17364818 -0.98480773 0,
                -0.34202015 -0.93969262 0,
                -0.5 -0.86602539 0,
                -0.64278764 -0.76604444 0,
                -0.76604444 -0.64278764 0,
                -0.86602539 -0.5 0,
                -0.93969262 -0.34202015 0,
                -0.98480773 -0.17364818 0,
                -1 -2.220446e-16 0,
                -1 0 0,
                -1 0 0,
                -1 0 0,
                -1 0 0,
                4.6185278e-14 1 0,
                -0.15643446 0.98768836 0,
                -0.309017 0.95105654 0,
                -0.45399049 0.89100653 0,
                -0.58778524 0.809017 0,
                -0.70710677 0.70710677 0,
                -0.809017 0.58778524 0,
                -0.89100653 0.45399049 0,
                -0.95105654 0.309017 0,
                -0.98768836 0.15643446 0,
                -1 0 0,
                -1 0 0,
                -0.98768836 0.15643446 0,
                -0.95105654 0.309017 0,
                -0.89100653 0.45399049 0,
                -0.809017 0.58778524 0,
                -0.70710677 0.70710677 0,
                -0.58778524 0.809017 0,
                -0.45399049 0.89100653 0,
                -0.309017 0.95105654 0,
                -0.15643446 0.98768836 0,
                4.6185278e-14 1 0,
                0 1 0,
                0 1 0,
                0 1 0,
                0 1 0,
                -1 -0 -0,
                -1 -0 -0,
                -0.98480773 0.17364818 -0,
                -0.93969262 0.34202015 -0,
                -0.86602539 0.5 -0,
                -0.76604444 0.64278764 -0,
                -0.64278764 0.76604444 -0,
                -0.5 0.86602539 -0,
                -0.34202015 0.93969262 -0,
                -0.17364818 0.98480773 -0,
                -0 1 -0,
                -0 1 -0,
                -0.17364818 0.98480773 -0,
                -0.34202015 0.93969262 -0,
                -0.5 0.86602539 -0,
                -0.64278764 0.76604444 -0,
                -0.76604444 0.64278764 -0,
                -0.86602539 0.5 -0,
                -0.93969262 0.34202015 -0,
                -0.98480773 0.17364818 -0,
                -1 0 0,
                -1 0 0,
                -1 0 0,
                -1 0 0,
                0.63548058 0.77211684 0,
                0.63548058 0.77211684 0,
                0.63548058 0.77211684 0,
                0.63548058 0.77211684 0,
                1 0 0,
                1 0 0,
                1 0 0,
                1 0 0,
                0.63548058 -0.77211684 0,
                0.63548058 -0.77211684 0,
                0.63548058 -0.77211684 0,
                0.63548058 -0.77211684 0,
                -1 0 0,
                -1 0 0,
                -1 0 0,
                -1 0 0,
                -0 -1 -0,
                -0 -1 -0,
                -0.17364818 -0.98480773 -0,
                -0.34202015 -0.93969262 -0,
                -0.5 -0.86602539 -0,
                -0.64278764 -0.76604444 -0,
                -0.76604444 -0.64278764 -0,
                -0.86602539 -0.5 -0,
                -0.93969262 -0.34202015 -0,
                -0.98480773 -0.17364818 -0,
                -1 -0 -0,
                -1 -0 -0,
                -0.98480773 -0.17364818 -0,
                -0.93969262 -0.34202015 -0,
                -0.86602539 -0.5 -0,
                -0.76604444 -0.64278764 -0,
                -0.64278764 -0.76604444 -0,
                -0.5 -0.86602539 -0,
                -0.34202015 -0.93969262 -0,
                -0.17364818 -0.98480773 -0,
                7.5862261e-15 -1 0,
                7.5862261e-15 -1 0,
                7.5862261e-15 -1 0,
                7.5862261e-15 -1 0,
                -1 -2.220446e-16 0,
                -0.98480773 -0.17364818 0,
                -0.93969262 -0.34202015 0,
                -0.86602539 -0.5 0,
                -0.76604444 -0.64278764 0,
                -0.64278764 -0.76604444 0,
                -0.5 -0.86602539 0,
                -0.34202015 -0.93969262 0,
                -0.17364818 -0.98480773 0,
                0 -1 0,
                0 -1 0,
                -0.17364818 -0.98480773 0,
                -0.34202015 -0.93969262 0,
                -0.5 -0.86602539 0,
                -0.64278764 -0.76604444 0,
                -0.76604444 -0.64278764 0,
                -0.86602539 -0.5 0,
                -0.93969262 -0.34202015 0,
                -0.98480773 -0.17364818 0,
                -1 -2.220446e-16 0,
                -1 0 0,
                -1 0 0,
                -1 0 0,
                -1 0 0,
                0 1 0,
                -0.17364818 0.98480773 0,
                -0.34202015 0.93969262 0,
                -0.5 0.86602539 0,
                -0.64278764 0.76604444 0,
                -0.76604444 0.64278764 0,
                -0.86602539 0.5 0,
                -0.93969262 0.34202015 0,
                -0.98480773 0.17364818 0,
                -1 0 0,
                -1 0 0,
                -0.98480773 0.17364818 0,
                -0.93969262 0.34202015 0,
                -0.86602539 0.5 0,
                -0.76604444 0.64278764 0,
                -0.64278764 0.76604444 0,
                -0.5 0.86602539 0,
                -0.34202015 0.93969262 0,
                -0.17364818 0.98480773 0,
                0 1 0,
                0 1 0,
                0 1 0,
                0 1 0,
                0 1 0,
                1 2.220446e-16 0,
                0.98480773 0.17364818 0,
                0.93969262 0.34202015 0,
                0.86602539 0.5 0,
                0.76604444 0.64278764 0,
                0.64278764 0.76604444 0,
                0.5 0.86602539 0,
                0.34202015 0.93969262 0,
                0.17364818 0.98480773 0,
                0 1 0,
                0 1 0,
                0.17364818 0.98480773 0,
                0.34202015 0.93969262 0,
                0.5 0.86602539 0,
                0.64278764 0.76604444 0,
                0.76604444 0.64278764 0,
                0.86602539 0.5 0,
                0.93969262 0.34202015 0,
                0.98480773 0.17364818 0,
                1 2.220446e-16 0,
                1 0 0,
                1 0 0,
                1 0 0,
                1 0 0

              ]
            }
            coordIndex [
              84 101 1 -1 
              85 102 101 -1 
              86 103 102 -1 
              87 104 103 -1 
              88 105 104 -1 
              89 106 105 -1 
              90 107 106 -1 
              91 108 107 -1 
              92 109 108 -1 
              93 110 109 -1 
              94 111 110 -1 
              95 112 111 -1 
              115 114 98 -1 
              116 115 99 -1 
              117 116 100 -1 
              3 117 2 -1 
              96 113 112 -1 
              97 114 113 -1 
              100 2 117 -1 
              99 100 116 -1 
              98 99 115 -1 
              97 98 114 -1 
              96 97 113 -1 
              95 96 112 -1 
              94 95 111 -1 
              93 94 110 -1 
              92 93 109 -1 
              91 92 108 -1 
              90 91 107 -1 
              89 90 106 -1 
              88 89 105 -1 
              87 88 104 -1 
              86 87 103 -1 
              85 86 102 -1 
              84 85 101 -1 
              0 84 1 -1 
              119 136 135 -1 
              122 139 138 -1 
              123 140 139 -1 
              124 141 140 -1 
              125 142 141 -1 
              126 143 142 -1 
              127 144 143 -1 
              128 145 144 -1 
              129 146 145 -1 
              130 147 146 -1 
              131 148 147 -1 
              132 149 148 -1 
              7 151 6 -1 
              133 150 149 -1 
              134 151 150 -1 
              121 138 137 -1 
              134 6 151 -1 
              120 137 136 -1 
              133 134 150 -1 
              118 135 5 -1 
              132 133 149 -1 
              131 132 148 -1 
              130 131 147 -1 
              129 130 146 -1 
              128 129 145 -1 
              127 128 144 -1 
              126 127 143 -1 
              125 126 142 -1 
              124 125 141 -1 
              123 124 140 -1 
              122 123 139 -1 
              121 122 138 -1 
              120 121 137 -1 
              119 120 136 -1 
              118 119 135 -1 
              4 118 5 -1 
              153 170 169 -1 
              156 173 172 -1 
              157 174 173 -1 
              158 175 174 -1 
              159 176 175 -1 
              160 177 176 -1 
              161 178 177 -1 
              162 179 178 -1 
              163 180 179 -1 
              164 181 180 -1 
              165 182 181 -1 
              166 183 182 -1 
              11 185 10 -1 
              167 184 183 -1 
              168 185 184 -1 
              155 172 171 -1 
              168 10 185 -1 
              154 171 170 -1 
              167 168 184 -1 
              152 169 9 -1 
              166 167 183 -1 
              165 166 182 -1 
              164 165 181 -1 
              163 164 180 -1 
              162 163 179 -1 
              161 162 178 -1 
              160 161 177 -1 
              159 160 176 -1 
              158 159 175 -1 
              157 158 174 -1 
              156 157 173 -1 
              155 156 172 -1 
              154 155 171 -1 
              153 154 170 -1 
              152 153 169 -1 
              8 152 9 -1 
              194 25 13 -1 
              227 226 25 -1 
              228 227 25 -1 
              229 228 25 -1 
              230 229 25 -1 
              231 230 25 -1 
              232 231 25 -1 
              233 232 25 -1 
              24 233 25 -1 
              224 225 23 -1 
              223 224 23 -1 
              222 223 23 -1 
              221 222 23 -1 
              220 221 23 -1 
              219 220 23 -1 
              218 219 23 -1 
              22 218 23 -1 
              202 22 23 -1 
              202 21 22 -1 
              216 217 21 -1 
              215 216 21 -1 
              214 215 21 -1 
              213 214 21 -1 
              212 213 21 -1 
              211 212 21 -1 
              210 211 21 -1 
              20 210 21 -1 
              19 20 21 -1 
              202 19 21 -1 
              203 202 23 -1 
              204 203 23 -1 
              205 204 23 -1 
              206 205 23 -1 
              179 206 23 -1 
              180 207 206 -1 
              181 208 207 -1 
              182 209 208 -1 
              183 18 209 -1 
              185 17 18 -1 
              185 11 17 -1 
              184 185 18 -1 
              183 184 18 -1 
              182 183 209 -1 
              181 182 208 -1 
              180 181 207 -1 
              179 180 206 -1 
              174 23 24 -1 
              178 179 23 -1 
              177 178 23 -1 
              176 177 23 -1 
              175 176 23 -1 
              174 175 23 -1 
              147 173 174 -1 
              148 172 173 -1 
              149 171 172 -1 
              150 170 171 -1 
              9 169 7 -1 
              151 169 170 -1 
              151 7 169 -1 
              150 151 170 -1 
              149 150 171 -1 
              148 149 172 -1 
              146 174 24 -1 
              147 148 173 -1 
              146 147 174 -1 
              145 146 24 -1 
              144 145 24 -1 
              143 144 24 -1 
              142 143 24 -1 
              141 142 24 -1 
              198 141 24 -1 
              199 139 140 -1 
              201 137 138 -1 
              15 136 137 -1 
              15 135 136 -1 
              16 5 135 -1 
              200 138 139 -1 
              15 16 135 -1 
              198 140 141 -1 
              201 15 137 -1 
              200 201 138 -1 
              199 200 139 -1 
              198 199 140 -1 
              195 24 25 -1 
              197 198 24 -1 
              196 197 24 -1 
              195 196 24 -1 
              194 195 25 -1 
              14 194 13 -1 
              12 14 13 -1 
              186 12 13 -1 
              187 13 188 -1 
              187 186 13 -1 
              189 188 13 -1 
              190 189 13 -1 
              191 190 13 -1 
              192 191 13 -1 
              193 192 13 -1 
              301 43 26 -1 
              315 316 43 -1 
              314 315 43 -1 
              313 314 43 -1 
              312 313 43 -1 
              311 312 43 -1 
              310 311 43 -1 
              309 310 43 -1 
              42 309 43 -1 
              41 42 43 -1 
              301 41 43 -1 
              302 301 26 -1 
              27 302 26 -1 
              27 303 302 -1 
              27 304 303 -1 
              27 305 304 -1 
              289 306 305 -1 
              288 307 306 -1 
              287 308 307 -1 
              286 40 308 -1 
              284 39 40 -1 
              284 38 39 -1 
              285 284 40 -1 
              286 285 40 -1 
              287 286 308 -1 
              288 287 307 -1 
              294 293 27 -1 
              289 288 306 -1 
              290 289 305 -1 
              27 290 305 -1 
              27 291 290 -1 
              27 292 291 -1 
              27 293 292 -1 
              271 296 295 -1 
              270 297 296 -1 
              269 298 297 -1 
              268 299 298 -1 
              267 300 299 -1 
              36 37 300 -1 
              267 36 300 -1 
              268 267 299 -1 
              269 268 298 -1 
              27 295 294 -1 
              270 269 297 -1 
              271 270 296 -1 
              272 271 295 -1 
              28 277 276 -1 
              264 279 278 -1 
              265 280 279 -1 
              266 281 280 -1 
              33 282 281 -1 
              33 283 282 -1 
              34 35 283 -1 
              263 278 277 -1 
              33 34 283 -1 
              28 276 275 -1 
              266 33 281 -1 
              265 266 280 -1 
              264 265 279 -1 
              263 264 278 -1 
              28 263 277 -1 
              28 262 263 -1 
              28 261 262 -1 
              28 259 260 -1 
              30 32 259 -1 
              30 31 32 -1 
              251 250 31 -1 
              252 251 31 -1 
              253 252 31 -1 
              254 253 31 -1 
              255 254 31 -1 
              256 255 31 -1 
              257 256 31 -1 
              28 260 261 -1 
              258 257 31 -1 
              30 258 31 -1 
              28 275 274 -1 
              29 30 259 -1 
              28 274 273 -1 
              28 29 259 -1 
              243 242 29 -1 
              244 243 29 -1 
              245 244 29 -1 
              246 245 29 -1 
              28 273 272 -1 
              247 246 29 -1 
              27 272 295 -1 
              248 247 29 -1 
              249 248 29 -1 
              28 272 27 -1 
              28 249 29 -1 
              241 27 26 -1 
              240 241 26 -1 
              239 240 26 -1 
              238 239 26 -1 
              237 238 26 -1 
              236 237 26 -1 
              235 236 26 -1 
              234 235 26 -1 
              117 3 45 -1 
              116 117 45 -1 
              115 116 45 -1 
              44 115 45 -1 
              44 114 115 -1 
              44 113 114 -1 
              44 112 113 -1 
              44 111 112 -1 
              44 110 111 -1 
              44 109 110 -1 
              46 108 109 -1 
              46 106 107 -1 
              104 105 46 -1 
              103 104 46 -1 
              102 103 47 -1 
              101 102 47 -1 
              1 101 47 -1 
              46 105 106 -1 
              46 107 108 -1 
              46 47 103 -1 
              44 46 109 -1 
              317 300 37 -1 
              318 299 300 -1 
              319 298 299 -1 
              320 297 298 -1 
              321 296 297 -1 
              322 295 296 -1 
              323 294 295 -1 
              324 293 294 -1 
              325 292 293 -1 
              326 291 292 -1 
              288 289 329 -1 
              287 288 330 -1 
              286 287 331 -1 
              285 286 332 -1 
              284 285 333 -1 
              38 284 48 -1 
              327 290 291 -1 
              328 289 290 -1 
              333 48 284 -1 
              332 333 285 -1 
              331 332 286 -1 
              330 331 287 -1 
              329 330 288 -1 
              328 329 289 -1 
              327 328 290 -1 
              326 327 291 -1 
              325 326 292 -1 
              324 325 293 -1 
              323 324 294 -1 
              322 323 295 -1 
              321 322 296 -1 
              320 321 297 -1 
              319 320 298 -1 
              318 319 299 -1 
              317 318 300 -1 
              49 317 37 -1 
              334 283 35 -1 
              335 282 283 -1 
              336 281 282 -1 
              337 280 281 -1 
              338 279 280 -1 
              339 278 279 -1 
              340 277 278 -1 
              341 276 277 -1 
              342 275 276 -1 
              343 274 275 -1 
              271 272 346 -1 
              270 271 347 -1 
              269 270 348 -1 
              268 269 349 -1 
              267 268 350 -1 
              36 267 50 -1 
              344 273 274 -1 
              345 272 273 -1 
              350 50 267 -1 
              349 350 268 -1 
              348 349 269 -1 
              347 348 270 -1 
              346 347 271 -1 
              345 346 272 -1 
              344 345 273 -1 
              343 344 274 -1 
              342 343 275 -1 
              341 342 276 -1 
              340 341 277 -1 
              339 340 278 -1 
              338 339 279 -1 
              337 338 280 -1 
              336 337 281 -1 
              335 336 282 -1 
              334 335 283 -1 
              51 334 35 -1 
              186 358 12 -1 
              187 357 186 -1 
              188 356 187 -1 
              189 355 188 -1 
              190 354 189 -1 
              191 353 190 -1 
              192 352 191 -1 
              193 351 192 -1 
              13 52 193 -1 
              351 193 52 -1 
              352 192 351 -1 
              353 191 352 -1 
              354 190 353 -1 
              355 189 354 -1 
              356 188 355 -1 
              357 187 356 -1 
              358 186 357 -1 
              53 12 358 -1 
              53 14 12 -1 
              54 14 53 -1 
              366 55 15 -1 
              14 54 359 -1 
              194 359 360 -1 
              194 14 359 -1 
              195 360 361 -1 
              195 194 360 -1 
              196 361 362 -1 
              196 195 361 -1 
              197 362 363 -1 
              197 196 362 -1 
              198 363 364 -1 
              198 197 363 -1 
              199 364 365 -1 
              199 198 364 -1 
              200 365 366 -1 
              200 199 365 -1 
              201 366 15 -1 
              201 200 366 -1 
              55 16 15 -1 
              56 16 55 -1 
              57 40 39 -1 
              58 40 57 -1 
              374 59 41 -1 
              301 374 41 -1 
              308 367 368 -1 
              40 58 367 -1 
              307 368 369 -1 
              308 40 367 -1 
              306 369 370 -1 
              307 308 368 -1 
              305 370 371 -1 
              306 307 369 -1 
              304 371 372 -1 
              305 306 370 -1 
              303 372 373 -1 
              304 305 371 -1 
              302 373 374 -1 
              303 304 372 -1 
              302 303 373 -1 
              301 302 374 -1 
              59 60 42 -1 
              59 42 41 -1 
              316 382 43 -1 
              315 381 316 -1 
              314 380 315 -1 
              313 379 314 -1 
              312 378 313 -1 
              311 377 312 -1 
              310 376 311 -1 
              309 375 310 -1 
              42 60 309 -1 
              375 309 60 -1 
              376 310 375 -1 
              377 311 376 -1 
              378 312 377 -1 
              379 313 378 -1 
              380 314 379 -1 
              381 315 380 -1 
              382 316 381 -1 
              61 43 382 -1 
              61 26 43 -1 
              62 26 61 -1 
              241 390 27 -1 
              240 389 241 -1 
              239 388 240 -1 
              238 387 239 -1 
              237 386 238 -1 
              236 385 237 -1 
              235 384 236 -1 
              234 383 235 -1 
              26 62 234 -1 
              383 234 62 -1 
              384 235 383 -1 
              385 236 384 -1 
              386 237 385 -1 
              387 238 386 -1 
              388 239 387 -1 
              389 240 388 -1 
              390 241 389 -1 
              63 27 390 -1 
              63 28 27 -1 
              64 28 63 -1 
              242 398 29 -1 
              243 397 242 -1 
              244 396 243 -1 
              245 395 244 -1 
              246 394 245 -1 
              247 393 246 -1 
              248 392 247 -1 
              249 391 248 -1 
              28 64 249 -1 
              391 249 64 -1 
              392 248 391 -1 
              393 247 392 -1 
              394 246 393 -1 
              395 245 394 -1 
              396 244 395 -1 
              397 243 396 -1 
              398 242 397 -1 
              65 29 398 -1 
              65 66 30 -1 
              65 30 29 -1 
              407 31 250 -1 
              406 250 251 -1 
              399 400 257 -1 
              403 253 254 -1 
              258 399 257 -1 
              66 399 258 -1 
              66 258 30 -1 
              402 254 255 -1 
              401 255 256 -1 
              405 251 252 -1 
              404 252 253 -1 
              402 255 401 -1 
              403 254 402 -1 
              404 253 403 -1 
              405 252 404 -1 
              406 251 405 -1 
              407 250 406 -1 
              67 31 407 -1 
              401 257 400 -1 
              257 401 256 -1 
              67 68 32 -1 
              67 32 31 -1 
              415 69 33 -1 
              266 415 33 -1 
              259 408 409 -1 
              32 68 408 -1 
              260 409 410 -1 
              259 32 408 -1 
              261 410 411 -1 
              260 259 409 -1 
              262 411 412 -1 
              261 260 410 -1 
              263 412 413 -1 
              262 261 411 -1 
              264 413 414 -1 
              263 262 412 -1 
              265 414 415 -1 
              264 263 413 -1 
              265 264 414 -1 
              266 265 415 -1 
              69 70 34 -1 
              69 34 33 -1 
              71 44 45 -1 
              72 44 71 -1 
              72 46 44 -1 
              73 46 72 -1 
              73 47 46 -1 
              74 47 73 -1 
              75 76 18 -1 
              75 18 17 -1 
              423 77 19 -1 
              202 423 19 -1 
              18 76 416 -1 
              209 416 417 -1 
              209 18 416 -1 
              208 417 418 -1 
              208 209 417 -1 
              207 418 419 -1 
              207 208 418 -1 
              206 419 420 -1 
              206 207 419 -1 
              205 420 421 -1 
              205 206 420 -1 
              204 421 422 -1 
              204 205 421 -1 
              203 422 423 -1 
              203 204 422 -1 
              202 203 423 -1 
              77 20 19 -1 
              78 20 77 -1 
              217 431 21 -1 
              216 430 217 -1 
              215 429 216 -1 
              214 428 215 -1 
              213 427 214 -1 
              212 426 213 -1 
              211 425 212 -1 
              210 424 211 -1 
              20 78 210 -1 
              424 210 78 -1 
              425 211 424 -1 
              426 212 425 -1 
              427 213 426 -1 
              428 214 427 -1 
              429 215 428 -1 
              430 216 429 -1 
              431 217 430 -1 
              79 21 431 -1 
              79 80 22 -1 
              79 22 21 -1 
              433 434 220 -1 
              439 23 225 -1 
              432 433 219 -1 
              436 223 222 -1 
              219 433 220 -1 
              218 432 219 -1 
              80 432 218 -1 
              80 218 22 -1 
              435 222 221 -1 
              434 221 220 -1 
              438 225 224 -1 
              437 224 223 -1 
              435 221 434 -1 
              436 222 435 -1 
              437 223 436 -1 
              438 224 437 -1 
              439 225 438 -1 
              81 23 439 -1 
              81 82 24 -1 
              81 24 23 -1 
              226 447 25 -1 
              227 446 226 -1 
              228 445 227 -1 
              229 444 228 -1 
              230 443 229 -1 
              231 442 230 -1 
              232 441 231 -1 
              233 440 232 -1 
              24 82 233 -1 
              440 233 82 -1 
              441 232 440 -1 
              442 231 441 -1 
              443 230 442 -1 
              444 229 443 -1 
              445 228 444 -1 
              446 227 445 -1 
              447 226 446 -1 
              83 25 447 -1 
              83 13 25 -1 
              52 13 83 -1 
            ]
            normalIndex [
              36 1 0 -1 
              35 2 1 -1 
              34 3 2 -1 
              33 4 3 -1 
              32 5 4 -1 
              31 6 5 -1 
              30 7 6 -1 
              29 8 7 -1 
              28 9 8 -1 
              27 10 9 -1 
              26 11 10 -1 
              25 12 11 -1 
              15 14 22 -1 
              16 15 21 -1 
              17 16 20 -1 
              18 17 19 -1 
              24 13 12 -1 
              23 14 13 -1 
              20 19 17 -1 
              21 20 16 -1 
              22 21 15 -1 
              23 22 14 -1 
              24 23 13 -1 
              25 24 12 -1 
              26 25 11 -1 
              27 26 10 -1 
              28 27 9 -1 
              29 28 8 -1 
              30 29 7 -1 
              31 30 6 -1 
              32 31 5 -1 
              33 32 4 -1 
              34 33 3 -1 
              35 34 2 -1 
              36 35 1 -1 
              37 36 0 -1 
              73 40 39 -1 
              70 43 42 -1 
              69 44 43 -1 
              68 45 44 -1 
              67 46 45 -1 
              66 47 46 -1 
              65 48 47 -1 
              64 49 48 -1 
              63 50 49 -1 
              62 51 50 -1 
              61 52 51 -1 
              60 53 52 -1 
              56 55 57 -1 
              59 54 53 -1 
              58 55 54 -1 
              71 42 41 -1 
              58 57 55 -1 
              72 41 40 -1 
              59 58 54 -1 
              74 39 38 -1 
              60 59 53 -1 
              61 60 52 -1 
              62 61 51 -1 
              63 62 50 -1 
              64 63 49 -1 
              65 64 48 -1 
              66 65 47 -1 
              67 66 46 -1 
              68 67 45 -1 
              69 68 44 -1 
              70 69 43 -1 
              71 70 42 -1 
              72 71 41 -1 
              73 72 40 -1 
              74 73 39 -1 
              75 74 38 -1 
              111 78 77 -1 
              108 81 80 -1 
              107 82 81 -1 
              106 83 82 -1 
              105 84 83 -1 
              104 85 84 -1 
              103 86 85 -1 
              102 87 86 -1 
              101 88 87 -1 
              100 89 88 -1 
              99 90 89 -1 
              98 91 90 -1 
              94 93 95 -1 
              97 92 91 -1 
              96 93 92 -1 
              109 80 79 -1 
              96 95 93 -1 
              110 79 78 -1 
              97 96 92 -1 
              112 77 76 -1 
              98 97 91 -1 
              99 98 90 -1 
              100 99 89 -1 
              101 100 88 -1 
              102 101 87 -1 
              103 102 86 -1 
              104 103 85 -1 
              105 104 84 -1 
              106 105 83 -1 
              107 106 82 -1 
              108 107 81 -1 
              109 108 80 -1 
              110 109 79 -1 
              111 110 78 -1 
              112 111 77 -1 
              113 112 76 -1 
              203 115 114 -1 
              117 116 115 -1 
              118 117 115 -1 
              119 118 115 -1 
              120 119 115 -1 
              121 120 115 -1 
              122 121 115 -1 
              123 122 115 -1 
              124 123 115 -1 
              127 126 125 -1 
              128 127 125 -1 
              129 128 125 -1 
              130 129 125 -1 
              131 130 125 -1 
              132 131 125 -1 
              133 132 125 -1 
              134 133 125 -1 
              146 134 125 -1 
              146 135 134 -1 
              137 136 135 -1 
              138 137 135 -1 
              139 138 135 -1 
              140 139 135 -1 
              141 140 135 -1 
              142 141 135 -1 
              143 142 135 -1 
              144 143 135 -1 
              145 144 135 -1 
              146 145 135 -1 
              147 146 125 -1 
              148 147 125 -1 
              149 148 125 -1 
              150 149 125 -1 
              163 150 125 -1 
              162 151 150 -1 
              161 152 151 -1 
              160 153 152 -1 
              159 154 153 -1 
              157 155 154 -1 
              157 156 155 -1 
              158 157 154 -1 
              159 158 154 -1 
              160 159 153 -1 
              161 160 152 -1 
              162 161 151 -1 
              163 162 150 -1 
              168 125 124 -1 
              164 163 125 -1 
              165 164 125 -1 
              166 165 125 -1 
              167 166 125 -1 
              168 167 125 -1 
              180 169 168 -1 
              179 170 169 -1 
              178 171 170 -1 
              177 172 171 -1 
              174 173 175 -1 
              176 173 172 -1 
              176 175 173 -1 
              177 176 172 -1 
              178 177 171 -1 
              179 178 170 -1 
              181 168 124 -1 
              180 179 169 -1 
              181 180 168 -1 
              182 181 124 -1 
              183 182 124 -1 
              184 183 124 -1 
              185 184 124 -1 
              186 185 124 -1 
              199 186 124 -1 
              198 188 187 -1 
              196 190 189 -1 
              195 191 190 -1 
              195 192 191 -1 
              194 193 192 -1 
              197 189 188 -1 
              195 194 192 -1 
              199 187 186 -1 
              196 195 190 -1 
              197 196 189 -1 
              198 197 188 -1 
              199 198 187 -1 
              202 124 115 -1 
              200 199 124 -1 
              201 200 124 -1 
              202 201 124 -1 
              203 202 115 -1 
              204 203 114 -1 
              205 204 114 -1 
              206 205 114 -1 
              207 114 208 -1 
              207 206 114 -1 
              209 208 114 -1 
              210 209 114 -1 
              211 210 114 -1 
              212 211 114 -1 
              213 212 114 -1 
              226 215 214 -1 
              217 216 215 -1 
              218 217 215 -1 
              219 218 215 -1 
              220 219 215 -1 
              221 220 215 -1 
              222 221 215 -1 
              223 222 215 -1 
              224 223 215 -1 
              225 224 215 -1 
              226 225 215 -1 
              227 226 214 -1 
              306 227 214 -1 
              306 228 227 -1 
              306 229 228 -1 
              306 230 229 -1 
              242 231 230 -1 
              241 232 231 -1 
              240 233 232 -1 
              239 234 233 -1 
              237 235 234 -1 
              237 236 235 -1 
              238 237 234 -1 
              239 238 234 -1 
              240 239 233 -1 
              241 240 232 -1 
              247 246 306 -1 
              242 241 231 -1 
              243 242 230 -1 
              306 243 230 -1 
              306 244 243 -1 
              306 245 244 -1 
              306 246 245 -1 
              260 249 248 -1 
              259 250 249 -1 
              258 251 250 -1 
              257 252 251 -1 
              256 253 252 -1 
              255 254 253 -1 
              256 255 253 -1 
              257 256 252 -1 
              258 257 251 -1 
              306 248 247 -1 
              259 258 250 -1 
              260 259 249 -1 
              261 260 248 -1 
              305 266 265 -1 
              278 268 267 -1 
              277 269 268 -1 
              276 270 269 -1 
              275 271 270 -1 
              275 272 271 -1 
              274 273 272 -1 
              279 267 266 -1 
              275 274 272 -1 
              305 265 264 -1 
              276 275 270 -1 
              277 276 269 -1 
              278 277 268 -1 
              279 278 267 -1 
              305 279 266 -1 
              305 280 279 -1 
              305 281 280 -1 
              305 283 282 -1 
              295 284 283 -1 
              295 285 284 -1 
              287 286 285 -1 
              288 287 285 -1 
              289 288 285 -1 
              290 289 285 -1 
              291 290 285 -1 
              292 291 285 -1 
              293 292 285 -1 
              305 282 281 -1 
              294 293 285 -1 
              295 294 285 -1 
              305 264 263 -1 
              296 295 283 -1 
              305 263 262 -1 
              305 296 283 -1 
              298 297 296 -1 
              299 298 296 -1 
              300 299 296 -1 
              301 300 296 -1 
              305 262 261 -1 
              302 301 296 -1 
              306 261 248 -1 
              303 302 296 -1 
              304 303 296 -1 
              305 261 306 -1 
              305 304 296 -1 
              307 306 214 -1 
              308 307 214 -1 
              309 308 214 -1 
              310 309 214 -1 
              311 310 214 -1 
              312 311 214 -1 
              313 312 214 -1 
              314 313 214 -1 
              317 316 315 -1 
              318 317 315 -1 
              319 318 315 -1 
              337 319 315 -1 
              337 320 319 -1 
              337 321 320 -1 
              337 322 321 -1 
              337 323 322 -1 
              337 324 323 -1 
              337 325 324 -1 
              336 326 325 -1 
              336 328 327 -1 
              330 329 336 -1 
              331 330 336 -1 
              332 331 335 -1 
              333 332 335 -1 
              334 333 335 -1 
              336 329 328 -1 
              336 327 326 -1 
              336 335 331 -1 
              337 336 325 -1 
              374 339 338 -1 
              373 340 339 -1 
              372 341 340 -1 
              371 342 341 -1 
              370 343 342 -1 
              369 344 343 -1 
              368 345 344 -1 
              367 346 345 -1 
              366 347 346 -1 
              365 348 347 -1 
              351 350 362 -1 
              352 351 361 -1 
              353 352 360 -1 
              354 353 359 -1 
              355 354 358 -1 
              356 355 357 -1 
              364 349 348 -1 
              363 350 349 -1 
              358 357 355 -1 
              359 358 354 -1 
              360 359 353 -1 
              361 360 352 -1 
              362 361 351 -1 
              363 362 350 -1 
              364 363 349 -1 
              365 364 348 -1 
              366 365 347 -1 
              367 366 346 -1 
              368 367 345 -1 
              369 368 344 -1 
              370 369 343 -1 
              371 370 342 -1 
              372 371 341 -1 
              373 372 340 -1 
              374 373 339 -1 
              375 374 338 -1 
              412 377 376 -1 
              411 378 377 -1 
              410 379 378 -1 
              409 380 379 -1 
              408 381 380 -1 
              407 382 381 -1 
              406 383 382 -1 
              405 384 383 -1 
              404 385 384 -1 
              403 386 385 -1 
              389 388 400 -1 
              390 389 399 -1 
              391 390 398 -1 
              392 391 397 -1 
              393 392 396 -1 
              394 393 395 -1 
              402 387 386 -1 
              401 388 387 -1 
              396 395 393 -1 
              397 396 392 -1 
              398 397 391 -1 
              399 398 390 -1 
              400 399 389 -1 
              401 400 388 -1 
              402 401 387 -1 
              403 402 386 -1 
              404 403 385 -1 
              405 404 384 -1 
              406 405 383 -1 
              407 406 382 -1 
              408 407 381 -1 
              409 408 380 -1 
              410 409 379 -1 
              411 410 378 -1 
              412 411 377 -1 
              413 412 376 -1 
              415 432 414 -1 
              416 431 415 -1 
              417 430 416 -1 
              418 429 417 -1 
              419 428 418 -1 
              420 427 419 -1 
              421 426 420 -1 
              422 425 421 -1 
              423 424 422 -1 
              425 422 424 -1 
              426 421 425 -1 
              427 420 426 -1 
              428 419 427 -1 
              429 418 428 -1 
              430 417 429 -1 
              431 416 430 -1 
              432 415 431 -1 
              433 414 432 -1 
              436 434 435 -1 
              437 434 436 -1 
              440 439 438 -1 
              449 448 447 -1 
              450 447 446 -1 
              450 449 447 -1 
              451 446 445 -1 
              451 450 446 -1 
              452 445 444 -1 
              452 451 445 -1 
              453 444 443 -1 
              453 452 444 -1 
              454 443 442 -1 
              454 453 443 -1 
              455 442 441 -1 
              455 454 442 -1 
              456 441 440 -1 
              456 455 441 -1 
              457 440 438 -1 
              457 456 440 -1 
              460 458 459 -1 
              461 458 460 -1 
              464 462 463 -1 
              465 462 464 -1 
              468 467 466 -1 
              485 468 466 -1 
              478 475 474 -1 
              477 476 475 -1 
              479 474 473 -1 
              478 477 475 -1 
              480 473 472 -1 
              479 478 474 -1 
              481 472 471 -1 
              480 479 473 -1 
              482 471 470 -1 
              481 480 472 -1 
              483 470 469 -1 
              482 481 471 -1 
              484 469 468 -1 
              483 482 470 -1 
              484 483 469 -1 
              485 484 468 -1 
              488 489 486 -1 
              488 486 487 -1 
              491 508 490 -1 
              492 507 491 -1 
              493 506 492 -1 
              494 505 493 -1 
              495 504 494 -1 
              496 503 495 -1 
              497 502 496 -1 
              498 501 497 -1 
              499 500 498 -1 
              501 498 500 -1 
              502 497 501 -1 
              503 496 502 -1 
              504 495 503 -1 
              505 494 504 -1 
              506 493 505 -1 
              507 492 506 -1 
              508 491 507 -1 
              509 490 508 -1 
              512 510 511 -1 
              513 510 512 -1 
              515 532 514 -1 
              516 531 515 -1 
              517 530 516 -1 
              518 529 517 -1 
              519 528 518 -1 
              520 527 519 -1 
              521 526 520 -1 
              522 525 521 -1 
              523 524 522 -1 
              525 522 524 -1 
              526 521 525 -1 
              527 520 526 -1 
              528 519 527 -1 
              529 518 528 -1 
              530 517 529 -1 
              531 516 530 -1 
              532 515 531 -1 
              533 514 532 -1 
              536 534 535 -1 
              537 534 536 -1 
              539 556 538 -1 
              540 555 539 -1 
              541 554 540 -1 
              542 553 541 -1 
              543 552 542 -1 
              544 551 543 -1 
              545 550 544 -1 
              546 549 545 -1 
              547 548 546 -1 
              549 546 548 -1 
              550 545 549 -1 
              551 544 550 -1 
              552 543 551 -1 
              553 542 552 -1 
              554 541 553 -1 
              555 540 554 -1 
              556 539 555 -1 
              557 538 556 -1 
              560 561 558 -1 
              560 558 559 -1 
              582 562 563 -1 
              581 563 564 -1 
              574 575 570 -1 
              578 566 567 -1 
              571 574 570 -1 
              573 574 571 -1 
              573 571 572 -1 
              577 567 568 -1 
              576 568 569 -1 
              580 564 565 -1 
              579 565 566 -1 
              577 568 576 -1 
              578 567 577 -1 
              579 566 578 -1 
              580 565 579 -1 
              581 564 580 -1 
              582 563 581 -1 
              583 562 582 -1 
              576 570 575 -1 
              570 576 569 -1 
              586 587 584 -1 
              586 584 585 -1 
              590 589 588 -1 
              607 590 588 -1 
              600 597 596 -1 
              599 598 597 -1 
              601 596 595 -1 
              600 599 597 -1 
              602 595 594 -1 
              601 600 596 -1 
              603 594 593 -1 
              602 601 595 -1 
              604 593 592 -1 
              603 602 594 -1 
              605 592 591 -1 
              604 603 593 -1 
              606 591 590 -1 
              605 604 592 -1 
              606 605 591 -1 
              607 606 590 -1 
              610 611 608 -1 
              610 608 609 -1 
              614 612 613 -1 
              615 612 614 -1 
              618 616 617 -1 
              619 616 618 -1 
              622 620 621 -1 
              623 620 622 -1 
              626 627 624 -1 
              626 624 625 -1 
              630 629 628 -1 
              647 630 628 -1 
              639 638 637 -1 
              640 637 636 -1 
              640 639 637 -1 
              641 636 635 -1 
              641 640 636 -1 
              642 635 634 -1 
              642 641 635 -1 
              643 634 633 -1 
              643 642 634 -1 
              644 633 632 -1 
              644 643 633 -1 
              645 632 631 -1 
              645 644 632 -1 
              646 631 630 -1 
              646 645 631 -1 
              647 646 630 -1 
              650 648 649 -1 
              651 648 650 -1 
              653 670 652 -1 
              654 669 653 -1 
              655 668 654 -1 
              656 667 655 -1 
              657 666 656 -1 
              658 665 657 -1 
              659 664 658 -1 
              660 663 659 -1 
              661 662 660 -1 
              663 660 662 -1 
              664 659 663 -1 
              665 658 664 -1 
              666 657 665 -1 
              667 656 666 -1 
              668 655 667 -1 
              669 654 668 -1 
              670 653 669 -1 
              671 652 670 -1 
              674 675 672 -1 
              674 672 673 -1 
              688 689 682 -1 
              694 676 677 -1 
              687 688 683 -1 
              691 679 680 -1 
              683 688 682 -1 
              684 687 683 -1 
              686 687 684 -1 
              686 684 685 -1 
              690 680 681 -1 
              689 681 682 -1 
              693 677 678 -1 
              692 678 679 -1 
              690 681 689 -1 
              691 680 690 -1 
              692 679 691 -1 
              693 678 692 -1 
              694 677 693 -1 
              695 676 694 -1 
              698 699 696 -1 
              698 696 697 -1 
              701 718 700 -1 
              702 717 701 -1 
              703 716 702 -1 
              704 715 703 -1 
              705 714 704 -1 
              706 713 705 -1 
              707 712 706 -1 
              708 711 707 -1 
              709 710 708 -1 
              711 708 710 -1 
              712 707 711 -1 
              713 706 712 -1 
              714 705 713 -1 
              715 704 714 -1 
              716 703 715 -1 
              717 702 716 -1 
              718 701 717 -1 
              719 700 718 -1 
              722 720 721 -1 
              723 720 722 -1 
            ]
          }
        }
        DEF ITV9550L5045MR_2 Shape {
          appearance DEF __8 Appearance {
            material DEF __9 Material {
              diffuseColor 1 1 1
              shininess 0
            }
          }
          geometry DEF __10 IndexedFaceSet {
            solid FALSE
            coord Coordinate {
              point [
                0.00209743441865 -0.0025 0.000835335540389,
                0.00209743441865 -0.0025 0,
                -0.00201614605573 -0.0025 0.000835335540389,
                -0.00201614605573 -0.0025 0,
                -0.00475 -0.0025 1.02730255848e-05,
                -0.00326 -0.0025 1.02730255848e-05,
                -0.00326 -0.0025 0,
                -0.00251614605573 -0.0025 0,
                -0.00251614605573 -0.0025 0.000835335540389,
                -0.00475 -0.0025 0.000835335540389,
                0.00328 -0.0025 1.02730255848e-05,
                0.00328 -0.0025 0,
                0.00475 -0.0025 1.02730255848e-05,
                0.00475 -0.0025 0.000835335540389,
                0.00259743441865 -0.0025 0.000835335540389,
                0.00259743441865 -0.0025 0,
                -0.00326 0.0025 1.02730255848e-05,
                -0.00326 0.0025 0,
                -0.00475 0.0025 1.02730255848e-05,
                -0.00475 0.0025 0.000835335540389,
                -0.00251614605573 0.0025 0.000835335540389,
                -0.00251614605573 0.0025 0,
                -0.00201614605573 0.0025 0.000835335540389,
                -0.00201614605573 0.0025 0,
                0.00209743441865 0.0025 0.000835335540389,
                0.00209743441865 0.0025 0,
                -0.00475 -0.00118 1.02730255848e-05,
                -0.00475 -0.00118 0,
                -0.00475 -0.00025 0.000835335540389,
                -0.00475 -0.00025 0,
                -0.00475 0.00118 1.02730255848e-05,
                -0.00475 0.00118 0,
                -0.00475 0.00025 0,
                -0.00475 0.00025 0.000835335540389,
                0.00475 0.0025 1.02730255848e-05,
                0.00475 0.0025 0.000835335540389,
                0.00328 0.0025 1.02730255848e-05,
                0.00328 0.0025 0,
                0.00259743441865 0.0025 0,
                0.00259743441865 0.0025 0.000835335540389,
                0.00448702531646 -0.0022417721519 0.000835335540389,
                -0.00448702531646 -0.0022417721519 0.000835335540389,
                -0.00448702531646 0.0022417721519 0.000835335540389,
                0.00448702531646 0.0022417721519 0.000835335540389,
                0.00368 -0.0018095861831 1.02730255848e-05,
                0.0034695861831 -0.00202 1.02730255848e-05,
                0.00368 -0.00146831087103 1.02730255848e-05,
                0.00346168912897 -0.00125 1.02730255848e-05,
                -0.00346168912897 -0.00125 1.02730255848e-05,
                -0.00368 -0.00146831087103 1.02730255848e-05,
                -0.00368 -0.0018095861831 1.02730255848e-05,
                -0.0034695861831 -0.00202 1.02730255848e-05,
                -0.00341241930438 -0.00202 1.02730255848e-05,
                -0.00326 -0.00217241930438 1.02730255848e-05,
                -0.00386 -0.000447497209988 1.02730255848e-05,
                -0.00386 0.000447497209988 1.02730255848e-05,
                -0.00326 0.00217241930438 1.02730255848e-05,
                -0.00341241930438 0.00202 1.02730255848e-05,
                -0.0034695861831 0.00202 1.02730255848e-05,
                -0.00368 0.0018095861831 1.02730255848e-05,
                -0.00368 0.00146831087103 1.02730255848e-05,
                -0.00346168912897 0.00125 1.02730255848e-05,
                0.00346168912897 0.00125 1.02730255848e-05,
                0.00368 0.00146831087103 1.02730255848e-05,
                0.00368 0.0018095861831 1.02730255848e-05,
                0.0034695861831 0.00202 1.02730255848e-05,
                0.00345715372648 0.00202 1.02730255848e-05,
                0.00328 0.00219715372648 1.02730255848e-05,
                0.00328 -0.00219715372648 1.02730255848e-05,
                0.00345715372648 -0.00202 1.02730255848e-05,
                -0.00251234799398 0.00245658795558 0.000835335540389,
                -0.00250106921093 0.00241449496417 0.000835335540389,
                -0.00248265240668 0.002375 0.000835335540389,
                -0.00245765716651 0.00233930309758 0.000835335540389,
                -0.00242684295815 0.00230848888922 0.000835335540389,
                -0.00239114605573 0.00228349364905 0.000835335540389,
                -0.00235165109156 0.0022650768448 0.000835335540389,
                -0.00230955810015 0.00225379806175 0.000835335540389,
                -0.00226614605573 0.00225 0.000835335540389,
                -0.00222273401131 0.00225379806175 0.000835335540389,
                -0.0021806410199 0.0022650768448 0.000835335540389,
                -0.00214114605573 0.00228349364905 0.000835335540389,
                -0.00210544915331 0.00230848888922 0.000835335540389,
                -0.00207463494495 0.00233930309758 0.000835335540389,
                -0.00204963970479 0.002375 0.000835335540389,
                -0.00203122290053 0.00241449496417 0.000835335540389,
                -0.00201994411748 0.00245658795558 0.000835335540389,
                -0.00470658795558 -0.000246201938253 0.000835335540389,
                -0.00466449496417 -0.000234923155196 0.000835335540389,
                -0.004625 -0.000216506350946 0.000835335540389,
                -0.00458930309758 -0.00019151111078 0.000835335540389,
                -0.00455848888922 -0.000160696902422 0.000835335540389,
                -0.00453349364905 -0.000125 0.000835335540389,
                -0.0045150768448 -8.55050358314e-05 0.000835335540389,
                -0.00450379806175 -4.34120444167e-05 0.000835335540389,
                -0.0045 -4.64297038973e-19 0.000835335540389,
                -0.00450379806175 4.34120444167e-05 0.000835335540389,
                -0.0045150768448 8.55050358314e-05 0.000835335540389,
                -0.00453349364905 0.000125 0.000835335540389,
                -0.00455848888922 0.000160696902422 0.000835335540389,
                -0.00458930309758 0.00019151111078 0.000835335540389,
                -0.004625 0.000216506350946 0.000835335540389,
                -0.00466449496417 0.000234923155196 0.000835335540389,
                -0.00470658795558 0.000246201938253 0.000835335540389,
                -0.00201994411748 -0.00245658795558 0.000835335540389,
                -0.00203122290053 -0.00241449496417 0.000835335540389,
                -0.00204963970479 -0.002375 0.000835335540389,
                -0.00207463494495 -0.00233930309758 0.000835335540389,
                -0.00210544915331 -0.00230848888922 0.000835335540389,
                -0.00214114605573 -0.00228349364905 0.000835335540389,
                -0.0021806410199 -0.0022650768448 0.000835335540389,
                -0.00222273401131 -0.00225379806175 0.000835335540389,
                -0.00226614605573 -0.00225 0.000835335540389,
                -0.00230955810015 -0.00225379806175 0.000835335540389,
                -0.00235165109156 -0.0022650768448 0.000835335540389,
                -0.00239114605573 -0.00228349364905 0.000835335540389,
                -0.00242684295815 -0.00230848888922 0.000835335540389,
                -0.00245765716651 -0.00233930309758 0.000835335540389,
                -0.00248265240668 -0.002375 0.000835335540389,
                -0.00250106921093 -0.00241449496417 0.000835335540389,
                -0.00251234799398 -0.00245658795558 0.000835335540389,
                0.00259363635691 -0.00245658795558 0.000835335540389,
                0.00258235757385 -0.00241449496417 0.000835335540389,
                0.0025639407696 -0.002375 0.000835335540389,
                0.00253894552943 -0.00233930309758 0.000835335540389,
                0.00250813132107 -0.00230848888922 0.000835335540389,
                0.00247243441865 -0.00228349364905 0.000835335540389,
                0.00243293945448 -0.0022650768448 0.000835335540389,
                0.00239084646307 -0.00225379806175 0.000835335540389,
                0.00234743441865 -0.00225 0.000835335540389,
                0.00230402237424 -0.00225379806175 0.000835335540389,
                0.00226192938282 -0.0022650768448 0.000835335540389,
                0.00222243441865 -0.00228349364905 0.000835335540389,
                0.00218673751623 -0.00230848888922 0.000835335540389,
                0.00215592330787 -0.00233930309758 0.000835335540389,
                0.00213092806771 -0.002375 0.000835335540389,
                0.00211251126346 -0.00241449496417 0.000835335540389,
                0.0021012324804 -0.00245658795558 0.000835335540389,
                0.0021012324804 0.00245658795558 0.000835335540389,
                0.00211251126346 0.00241449496417 0.000835335540389,
                0.00213092806771 0.002375 0.000835335540389,
                0.00215592330787 0.00233930309758 0.000835335540389,
                0.00218673751623 0.00230848888922 0.000835335540389,
                0.00222243441865 0.00228349364905 0.000835335540389,
                0.00226192938282 0.0022650768448 0.000835335540389,
                0.00230402237424 0.00225379806175 0.000835335540389,
                0.00234743441865 0.00225 0.000835335540389,
                0.00239084646307 0.00225379806175 0.000835335540389,
                0.00243293945448 0.0022650768448 0.000835335540389,
                0.00247243441865 0.00228349364905 0.000835335540389,
                0.00250813132107 0.00230848888922 0.000835335540389,
                0.00253894552943 0.00233930309758 0.000835335540389,
                0.0025639407696 0.002375 0.000835335540389,
                0.00258235757385 0.00241449496417 0.000835335540389,
                0.00259363635691 0.00245658795558 0.000835335540389,
                0.00367680334132 -0.00184612415896 1.02730255848e-05,
                0.00366731049415 -0.00188155194691 1.02730255848e-05,
                0.00365180989384 -0.00191479309155 1.02730255848e-05,
                0.00363077251829 -0.00194483757751 1.02730255848e-05,
                0.00360483757751 -0.00197077251829 1.02730255848e-05,
                0.00357479309155 -0.00199180989384 1.02730255848e-05,
                0.00354155194691 -0.00200731049415 1.02730255848e-05,
                0.00350612415896 -0.00201680334132 1.02730255848e-05,
                0.00349959841389 -0.00125331663267 1.02730255848e-05,
                0.00353635584437 -0.00126316575649 1.02730255848e-05,
                0.00357084456449 -0.0012792481108 1.02730255848e-05,
                0.00360201665193 -0.0013010750414 1.02730255848e-05,
                0.0036289249586 -0.00132798334807 1.02730255848e-05,
                0.0036507518892 -0.00135915543551 1.02730255848e-05,
                0.00366683424351 -0.00139364415563 1.02730255848e-05,
                0.00367668336733 -0.00143040158611 1.02730255848e-05,
                -0.00367668336733 -0.00143040158611 1.02730255848e-05,
                -0.00366683424351 -0.00139364415563 1.02730255848e-05,
                -0.0036507518892 -0.00135915543551 1.02730255848e-05,
                -0.0036289249586 -0.00132798334807 1.02730255848e-05,
                -0.00360201665193 -0.0013010750414 1.02730255848e-05,
                -0.00357084456449 -0.0012792481108 1.02730255848e-05,
                -0.00353635584437 -0.00126316575649 1.02730255848e-05,
                -0.00349959841389 -0.00125331663267 1.02730255848e-05,
                -0.00350612415896 -0.00201680334132 1.02730255848e-05,
                -0.00354155194691 -0.00200731049415 1.02730255848e-05,
                -0.00357479309155 -0.00199180989384 1.02730255848e-05,
                -0.00360483757751 -0.00197077251829 1.02730255848e-05,
                -0.00363077251829 -0.00194483757751 1.02730255848e-05,
                -0.00365180989384 -0.00191479309155 1.02730255848e-05,
                -0.00366731049415 -0.00188155194691 1.02730255848e-05,
                -0.00367680334132 -0.00184612415896 1.02730255848e-05,
                -0.00326231559172 -0.00214595196994 1.02730255848e-05,
                -0.00326919200879 -0.00212028883205 1.02730255848e-05,
                -0.00328042031476 -0.00209620965219 1.02730255848e-05,
                -0.00329565934324 -0.00207444606405 1.02730255848e-05,
                -0.00331444606405 -0.00205565934324 1.02730255848e-05,
                -0.00333620965219 -0.00204042031476 1.02730255848e-05,
                -0.00336028883205 -0.00202919200879 1.02730255848e-05,
                -0.00338595196994 -0.00202231559172 1.02730255848e-05,
                -0.00338595196994 0.00202231559172 1.02730255848e-05,
                -0.00336028883205 0.00202919200879 1.02730255848e-05,
                -0.00333620965219 0.00204042031476 1.02730255848e-05,
                -0.00331444606405 0.00205565934324 1.02730255848e-05,
                -0.00329565934324 0.00207444606405 1.02730255848e-05,
                -0.00328042031476 0.00209620965219 1.02730255848e-05,
                -0.00326919200879 0.00212028883205 1.02730255848e-05,
                -0.00326231559172 0.00214595196994 1.02730255848e-05,
                -0.00367740945675 0.00184250215598 1.02730255848e-05,
                -0.00366970161478 0.00187460762837 1.02730255848e-05,
                -0.00365706626674 0.00190511205699 1.02730255848e-05,
                -0.00363981453682 0.00193326432155 1.02730255848e-05,
                -0.00361837121989 0.00195837121989 1.02730255848e-05,
                -0.00359326432155 0.00197981453682 1.02730255848e-05,
                -0.00356511205699 0.00199706626674 1.02730255848e-05,
                -0.00353460762837 0.00200970161478 1.02730255848e-05,
                -0.00350250215598 0.00201740945675 1.02730255848e-05,
                -0.00349959841389 0.00125331663267 1.02730255848e-05,
                -0.00353635584437 0.00126316575649 1.02730255848e-05,
                -0.00357084456449 0.0012792481108 1.02730255848e-05,
                -0.00360201665193 0.0013010750414 1.02730255848e-05,
                -0.0036289249586 0.00132798334807 1.02730255848e-05,
                -0.0036507518892 0.00135915543551 1.02730255848e-05,
                -0.00366683424351 0.00139364415563 1.02730255848e-05,
                -0.00367668336733 0.00143040158611 1.02730255848e-05,
                0.00367668336733 0.00143040158611 1.02730255848e-05,
                0.00366683424351 0.00139364415563 1.02730255848e-05,
                0.0036507518892 0.00135915543551 1.02730255848e-05,
                0.0036289249586 0.00132798334807 1.02730255848e-05,
                0.00360201665193 0.0013010750414 1.02730255848e-05,
                0.00357084456449 0.0012792481108 1.02730255848e-05,
                0.00353635584437 0.00126316575649 1.02730255848e-05,
                0.00349959841389 0.00125331663267 1.02730255848e-05,
                0.00350612415896 0.00201680334132 1.02730255848e-05,
                0.00354155194691 0.00200731049415 1.02730255848e-05,
                0.00357479309155 0.00199180989384 1.02730255848e-05,
                0.00360483757751 0.00197077251829 1.02730255848e-05,
                0.00363077251829 0.00194483757751 1.02730255848e-05,
                0.00365180989384 0.00191479309155 1.02730255848e-05,
                0.00366731049415 0.00188155194691 1.02730255848e-05,
                0.00367680334132 0.00184612415896 1.02730255848e-05,
                0.00328269136317 0.00216639130471 1.02730255848e-05,
                0.00329068367696 0.00213656358356 1.02730255848e-05,
                0.00330373409897 0.00210857686324 1.02730255848e-05,
                0.00332144609873 0.00208328150609 1.02730255848e-05,
                0.00334328150609 0.00206144609873 1.02730255848e-05,
                0.00336857686324 0.00204373409897 1.02730255848e-05,
                0.00339656358356 0.00203068367696 1.02730255848e-05,
                0.00342639130471 0.00202269136317 1.02730255848e-05,
                0.00342639130471 -0.00202269136317 1.02730255848e-05,
                0.00339656358356 -0.00203068367696 1.02730255848e-05,
                0.00336857686324 -0.00204373409897 1.02730255848e-05,
                0.00334328150609 -0.00206144609873 1.02730255848e-05,
                0.00332144609873 -0.00208328150609 1.02730255848e-05,
                0.00330373409897 -0.00210857686324 1.02730255848e-05,
                0.00329068367696 -0.00213656358356 1.02730255848e-05,
                0.00328269136317 -0.00216639130471 1.02730255848e-05

              ]
            }
            normal Normal {
              vector [
                -0 -1 -0,
                -0 -1 -0,
                -0 -1 -0,
                -0 -1 -0,
                -0 -1 -0,
                -0 -1 -0,
                -0 -1 -0,
                -0 -1 -0,
                -0 -1 -0,
                -0 -1 -0,
                -0 -1 -0,
                -0 -1 -0,
                -0 -1 -0,
                -0 -1 -0,
                -0 -1 -0,
                -0 -1 -0,
                -0 1 -0,
                -0 1 -0,
                -0 1 -0,
                -0 1 -0,
                -0 1 -0,
                -0 1 -0,
                -0 1 -0,
                -0 1 -0,
                -0 1 -0,
                -0 1 -0,
                -1 -0 -0,
                -1 -0 -0,
                -1 -0 -0,
                -1 -0 -0,
                -1 -0 -0,
                -1 -0 -0,
                -1 -0 -0,
                -1 -0 -0,
                -1 -0 -0,
                -1 -0 -0,
                -1 -0 -0,
                -1 -0 -0,
                1 -0 -0,
                1 -0 -0,
                1 -0 -0,
                1 -0 -0,
                -0 1 -0,
                -0 1 -0,
                -0 1 -0,
                -0 1 -0,
                -0 1 -0,
                -0 1 -0,
                0 0 1,
                0 0 1,
                0 0 1,
                0 0 1,
                0 0 1,
                0 0 1,
                0 0 1,
                0 0 1,
                0 0 1,
                0 0 1,
                0 0 1,
                0 0 1,
                0 0 1,
                0 0 1,
                0 0 1,
                0 0 1,
                0 0 1,
                0 0 1,
                0 0 1,
                0 0 1,
                0 0 1,
                0 0 1,
                0 0 1,
                0 0 1,
                0 0 1,
                0 0 1,
                0 0 1,
                0 0 1,
                0 0 1,
                0 0 1,
                0 0 1,
                0 0 1,
                0 0 1,
                0 0 1,
                0 0 1,
                0 0 1,
                0 0 1,
                0 0 1,
                0 0 1,
                0 0 1,
                0 0 1,
                0 0 1,
                0 0 1,
                0 0 1,
                0 0 1,
                0 0 1,
                0 0 1,
                0 0 1,
                0 0 1,
                0 0 1,
                0 0 1,
                0 0 1,
                0 0 1,
                0 0 1,
                0 0 1,
                0 0 1,
                0 0 1,
                0 0 1,
                0 0 1,
                0 0 1,
                0 0 1,
                0 0 1,
                0 0 1,
                0 0 1,
                0 0 1,
                0 0 1,
                0 0 1,
                0 0 1,
                0 0 1,
                0 0 1,
                0 0 1,
                0 0 1,
                0 0 1,
                0 0 1,
                0 0 1,
                0 0 1,
                0 0 1,
                0 0 1,
                0 0 1,
                0 0 1,
                0 0 1,
                0 0 1,
                0 0 1,
                0 0 1,
                0 0 1,
                0 0 1,
                0 0 1,
                0 0 1,
                0 0 1,
                0 0 1,
                0 0 1,
                0 0 1,
                0 0 1,
                0 0 1,
                0 0 1,
                0 0 1,
                0 0 1,
                0 0 1,
                0 0 1,
                0 0 1,
                0 0 1,
                0 0 1,
                0 0 1,
                0 0 -1,
                0 0 -1,
                0 0 -1,
                0 0 -1,
                0 0 -1,
                0 0 -1,
                0 0 -1,
                0 0 -1,
                0 0 -1,
                0 0 -1,
                0 0 -1,
                0 0 -1,
                0 0 -1,
                0 0 -1,
                0 0 -1,
                0 0 -1,
                0 0 -1,
                0 0 -1,
                0 0 -1,
                0 0 -1,
                0 0 -1,
                0 0 -1,
                0 0 -1,
                0 0 -1,
                0 0 -1,
                0 0 -1,
                0 0 -1,
                0 0 -1,
                0 0 -1,
                0 0 -1,
                0 0 -1,
                0 0 -1,
                0 0 -1,
                0 0 -1,
                0 0 -1,
                0 0 -1,
                0 0 -1,
                0 0 -1,
                0 0 -1,
                0 0 -1,
                0 0 -1,
                0 0 -1,
                0 0 -1,
                0 0 -1,
                0 0 -1,
                0 0 -1,
                0 0 -1,
                0 0 -1,
                0 0 -1,
                0 0 -1,
                0 0 -1,
                0 0 -1,
                0 0 -1,
                0 0 -1,
                0 0 -1,
                0 0 -1,
                0 0 -1,
                0 0 -1,
                0 0 -1,
                0 0 -1,
                0 0 -1,
                0 0 -1,
                0 0 -1,
                0 0 -1,
                0 0 -1,
                0 0 -1,
                0 0 -1,
                0 0 -1,
                0 0 -1,
                0 0 -1,
                0 0 -1,
                0 0 -1,
                0 0 -1,
                0 0 -1,
                0 0 -1,
                0 0 -1,
                0 0 -1,
                0 0 -1,
                0 0 -1,
                0 0 -1,
                0 0 -1,
                0 0 -1,
                0 0 -1,
                0 0 -1,
                0 0 -1,
                0 0 -1,
                0 0 -1,
                0 0 -1,
                0 0 -1,
                0 0 -1,
                0 0 -1,
                0 0 -1,
                0 0 -1,
                0 0 -1,
                0 0 -1,
                0 0 -1,
                0 0 -1,
                0 0 -1,
                0 0 -1,
                0 0 -1,
                0 0 -1,
                0 0 -1,
                0 0 -1,
                0 0 -1,
                0 0 -1,
                0 0 -1,
                0 0 -1,
                0 0 -1,
                0 0 -1,
                0 0 -1,
                0 0 -1,
                0 0 -1,
                0 0 -1,
                0 0 -1,
                0 0 -1,
                0 0 -1,
                0 0 -1,
                0 0 -1,
                0 0 -1,
                0 0 -1,
                0 0 -1,
                0 0 -1,
                0 0 -1,
                0 0 -1,
                0 0 -1,
                0 0 -1,
                0 0 -1,
                0 0 -1,
                0 0 -1,
                0 0 -1,
                0 0 -1,
                0 0 -1,
                0 0 -1

              ]
            }
            coordIndex [
              2 1 0 -1 
              2 3 1 -1 
              5 9 4 -1 
              5 7 8 -1 
              5 8 9 -1 
              5 6 7 -1 
              10 15 11 -1 
              12 13 10 -1 
              10 14 15 -1 
              10 13 14 -1 
              16 19 20 -1 
              16 21 17 -1 
              18 19 16 -1 
              16 20 21 -1 
              24 25 23 -1 
              22 24 23 -1 
              26 9 28 -1 
              26 29 27 -1 
              4 9 26 -1 
              26 28 29 -1 
              30 19 18 -1 
              30 32 33 -1 
              30 33 19 -1 
              30 31 32 -1 
              34 35 13 -1 
              12 34 13 -1 
              36 35 34 -1 
              36 38 39 -1 
              36 39 35 -1 
              36 37 38 -1 
              86 24 22 -1 
              42 73 72 -1 
              42 72 71 -1 
              42 71 70 -1 
              42 70 20 -1 
              42 74 73 -1 
              42 19 33 -1 
              42 33 103 -1 
              42 103 102 -1 
              42 102 101 -1 
              99 42 100 -1 
              89 41 90 -1 
              88 41 89 -1 
              87 41 88 -1 
              28 41 87 -1 
              41 91 90 -1 
              41 9 8 -1 
              41 8 120 -1 
              41 120 119 -1 
              142 83 82 -1 
              41 119 118 -1 
              116 41 117 -1 
              134 108 107 -1 
              135 107 106 -1 
              136 106 105 -1 
              137 105 104 -1 
              0 104 2 -1 
              137 104 0 -1 
              136 105 137 -1 
              135 106 136 -1 
              134 107 135 -1 
              133 108 134 -1 
              40 126 125 -1 
              40 125 124 -1 
              40 124 123 -1 
              40 123 122 -1 
              14 40 121 -1 
              40 13 35 -1 
              40 122 121 -1 
              43 35 39 -1 
              43 39 154 -1 
              43 154 153 -1 
              43 153 152 -1 
              43 152 151 -1 
              43 151 150 -1 
              148 43 149 -1 
              141 84 83 -1 
              140 85 84 -1 
              141 83 142 -1 
              139 86 85 -1 
              140 84 141 -1 
              139 85 140 -1 
              138 24 86 -1 
              138 86 139 -1 
              40 127 126 -1 
              40 14 13 -1 
              41 28 9 -1 
              41 118 117 -1 
              41 92 91 -1 
              81 142 82 -1 
              41 93 92 -1 
              143 142 81 -1 
              40 128 127 -1 
              132 108 133 -1 
              115 41 116 -1 
              40 129 128 -1 
              109 108 132 -1 
              114 41 115 -1 
              109 132 131 -1 
              113 41 114 -1 
              109 131 110 -1 
              112 41 113 -1 
              110 131 130 -1 
              111 110 130 -1 
              111 130 129 -1 
              112 111 129 -1 
              40 112 129 -1 
              40 41 112 -1 
              42 20 19 -1 
              42 101 100 -1 
              42 75 74 -1 
              42 76 75 -1 
              41 94 93 -1 
              98 42 99 -1 
              41 95 94 -1 
              97 42 98 -1 
              96 42 97 -1 
              95 42 96 -1 
              41 42 95 -1 
              43 40 35 -1 
              43 150 149 -1 
              42 77 76 -1 
              80 143 81 -1 
              147 43 148 -1 
              42 78 77 -1 
              144 143 80 -1 
              146 43 147 -1 
              144 80 79 -1 
              145 144 79 -1 
              145 79 78 -1 
              146 145 78 -1 
              43 146 78 -1 
              42 43 78 -1 
              12 10 159 -1 
              68 45 162 -1 
              10 162 161 -1 
              10 161 160 -1 
              10 160 159 -1 
              12 159 158 -1 
              12 158 157 -1 
              12 157 156 -1 
              12 156 155 -1 
              12 155 44 -1 
              12 44 46 -1 
              12 170 169 -1 
              12 169 168 -1 
              223 168 167 -1 
              224 167 166 -1 
              225 166 165 -1 
              226 165 164 -1 
              227 164 163 -1 
              54 48 178 -1 
              54 178 177 -1 
              54 177 176 -1 
              174 54 175 -1 
              4 26 50 -1 
              54 174 173 -1 
              26 173 172 -1 
              26 172 171 -1 
              26 171 49 -1 
              26 49 50 -1 
              4 50 186 -1 
              4 186 185 -1 
              4 184 183 -1 
              4 183 182 -1 
              4 182 181 -1 
              5 181 180 -1 
              53 51 52 -1 
              193 52 194 -1 
              53 179 51 -1 
              192 52 193 -1 
              5 180 179 -1 
              191 52 192 -1 
              190 52 191 -1 
              68 162 10 -1 
              189 52 190 -1 
              188 52 189 -1 
              187 52 188 -1 
              53 52 187 -1 
              5 179 53 -1 
              4 185 184 -1 
              4 181 5 -1 
              54 176 175 -1 
              54 173 26 -1 
              55 48 54 -1 
              208 18 16 -1 
              211 16 56 -1 
              201 56 202 -1 
              200 56 201 -1 
              199 56 200 -1 
              198 56 199 -1 
              197 56 198 -1 
              196 56 197 -1 
              195 56 196 -1 
              57 56 195 -1 
              58 56 57 -1 
              211 56 58 -1 
              210 16 211 -1 
              209 16 210 -1 
              59 30 18 -1 
              208 16 209 -1 
              207 18 208 -1 
              206 18 207 -1 
              205 18 206 -1 
              204 18 205 -1 
              217 55 30 -1 
              203 18 204 -1 
              59 18 203 -1 
              60 30 59 -1 
              219 30 60 -1 
              218 30 219 -1 
              61 48 55 -1 
              217 30 218 -1 
              216 55 217 -1 
              215 55 216 -1 
              214 55 215 -1 
              61 47 48 -1 
              213 55 214 -1 
              212 55 213 -1 
              61 62 47 -1 
              61 55 212 -1 
              62 163 47 -1 
              227 163 62 -1 
              226 164 227 -1 
              225 165 226 -1 
              224 166 225 -1 
              223 167 224 -1 
              222 168 223 -1 
              34 168 222 -1 
              34 222 221 -1 
              34 221 220 -1 
              34 220 63 -1 
              34 63 64 -1 
              234 34 235 -1 
              233 34 234 -1 
              232 34 233 -1 
              36 34 231 -1 
              67 228 65 -1 
              34 232 231 -1 
              36 231 230 -1 
              36 230 229 -1 
              36 229 228 -1 
              67 65 66 -1 
              242 66 243 -1 
              241 66 242 -1 
              240 66 241 -1 
              239 66 240 -1 
              238 66 239 -1 
              237 66 238 -1 
              236 66 237 -1 
              67 66 236 -1 
              36 228 67 -1 
              34 64 235 -1 
              12 46 170 -1 
              12 168 34 -1 
              69 45 68 -1 
              250 68 251 -1 
              249 68 250 -1 
              248 68 249 -1 
              247 68 248 -1 
              246 68 247 -1 
              245 68 246 -1 
              244 68 245 -1 
              69 68 244 -1 
            ]
            normalIndex [
              2 0 3 -1 
              2 1 0 -1 
              9 5 4 -1 
              9 7 6 -1 
              9 6 5 -1 
              9 8 7 -1 
              15 11 10 -1 
              14 13 15 -1 
              15 12 11 -1 
              15 13 12 -1 
              21 19 18 -1 
              21 17 16 -1 
              20 19 21 -1 
              21 18 17 -1 
              24 23 22 -1 
              25 24 22 -1 
              31 29 28 -1 
              31 27 26 -1 
              30 29 31 -1 
              31 28 27 -1 
              37 33 32 -1 
              37 35 34 -1 
              37 34 33 -1 
              37 36 35 -1 
              40 39 38 -1 
              41 40 38 -1 
              47 43 42 -1 
              47 45 44 -1 
              47 44 43 -1 
              47 46 45 -1 
              50 48 49 -1 
              149 63 64 -1 
              149 64 65 -1 
              149 65 66 -1 
              149 66 67 -1 
              149 62 63 -1 
              149 68 69 -1 
              149 69 70 -1 
              149 70 71 -1 
              149 71 72 -1 
              74 149 73 -1 
              84 148 83 -1 
              85 148 84 -1 
              86 148 85 -1 
              87 148 86 -1 
              148 82 83 -1 
              148 88 89 -1 
              148 89 90 -1 
              148 90 91 -1 
              142 53 54 -1 
              148 91 92 -1 
              94 148 93 -1 
              112 102 103 -1 
              111 103 104 -1 
              110 104 105 -1 
              109 105 106 -1 
              108 106 107 -1 
              109 106 108 -1 
              110 105 109 -1 
              111 104 110 -1 
              112 103 111 -1 
              113 102 112 -1 
              147 120 121 -1 
              147 121 122 -1 
              147 122 123 -1 
              147 123 124 -1 
              126 147 125 -1 
              147 127 128 -1 
              147 124 125 -1 
              150 128 129 -1 
              150 129 130 -1 
              150 130 131 -1 
              150 131 132 -1 
              150 132 133 -1 
              150 133 134 -1 
              136 150 135 -1 
              143 52 53 -1 
              144 51 52 -1 
              143 53 142 -1 
              145 50 51 -1 
              144 52 143 -1 
              145 51 144 -1 
              146 48 50 -1 
              146 50 145 -1 
              147 119 120 -1 
              147 126 127 -1 
              148 87 88 -1 
              148 92 93 -1 
              148 81 82 -1 
              55 142 54 -1 
              148 80 81 -1 
              141 142 55 -1 
              147 118 119 -1 
              114 102 113 -1 
              95 148 94 -1 
              147 117 118 -1 
              101 102 114 -1 
              96 148 95 -1 
              101 114 115 -1 
              97 148 96 -1 
              101 115 100 -1 
              98 148 97 -1 
              100 115 116 -1 
              99 100 116 -1 
              99 116 117 -1 
              98 99 117 -1 
              147 98 117 -1 
              147 148 98 -1 
              149 67 68 -1 
              149 72 73 -1 
              149 61 62 -1 
              149 60 61 -1 
              148 79 80 -1 
              75 149 74 -1 
              148 78 79 -1 
              76 149 75 -1 
              77 149 76 -1 
              78 149 77 -1 
              148 149 78 -1 
              150 147 128 -1 
              150 134 135 -1 
              149 59 60 -1 
              56 141 55 -1 
              137 150 136 -1 
              149 58 59 -1 
              140 141 56 -1 
              138 150 137 -1 
              140 56 57 -1 
              139 140 57 -1 
              139 57 58 -1 
              138 139 58 -1 
              150 138 58 -1 
              149 150 58 -1 
              272 273 155 -1 
              274 151 152 -1 
              273 152 153 -1 
              273 153 154 -1 
              273 154 155 -1 
              272 155 156 -1 
              272 156 157 -1 
              272 157 158 -1 
              272 158 159 -1 
              272 159 160 -1 
              272 160 161 -1 
              272 162 163 -1 
              272 163 164 -1 
              245 164 165 -1 
              244 165 166 -1 
              243 166 167 -1 
              242 167 168 -1 
              241 168 169 -1 
              204 171 172 -1 
              204 172 173 -1 
              204 173 174 -1 
              176 204 175 -1 
              202 203 181 -1 
              204 176 177 -1 
              203 177 178 -1 
              203 178 179 -1 
              203 179 180 -1 
              203 180 181 -1 
              202 181 182 -1 
              202 182 183 -1 
              202 184 185 -1 
              202 185 186 -1 
              202 186 187 -1 
              201 187 188 -1 
              200 190 191 -1 
              193 191 192 -1 
              200 189 190 -1 
              194 191 193 -1 
              201 188 189 -1 
              195 191 194 -1 
              196 191 195 -1 
              274 152 273 -1 
              197 191 196 -1 
              198 191 197 -1 
              199 191 198 -1 
              200 191 199 -1 
              201 189 200 -1 
              202 183 184 -1 
              202 187 201 -1 
              204 174 175 -1 
              204 177 203 -1 
              205 171 204 -1 
              223 207 208 -1 
              220 208 209 -1 
              211 209 210 -1 
              212 209 211 -1 
              213 209 212 -1 
              214 209 213 -1 
              215 209 214 -1 
              216 209 215 -1 
              217 209 216 -1 
              218 209 217 -1 
              219 209 218 -1 
              220 209 219 -1 
              221 208 220 -1 
              222 208 221 -1 
              229 206 207 -1 
              223 208 222 -1 
              224 207 223 -1 
              225 207 224 -1 
              226 207 225 -1 
              227 207 226 -1 
              233 205 206 -1 
              228 207 227 -1 
              229 207 228 -1 
              230 206 229 -1 
              231 206 230 -1 
              232 206 231 -1 
              239 171 205 -1 
              233 206 232 -1 
              234 205 233 -1 
              235 205 234 -1 
              236 205 235 -1 
              239 170 171 -1 
              237 205 236 -1 
              238 205 237 -1 
              239 240 170 -1 
              239 205 238 -1 
              240 169 170 -1 
              241 169 240 -1 
              242 168 241 -1 
              243 167 242 -1 
              244 166 243 -1 
              245 165 244 -1 
              246 164 245 -1 
              271 164 246 -1 
              271 246 247 -1 
              271 247 248 -1 
              271 248 249 -1 
              271 249 250 -1 
              252 271 251 -1 
              253 271 252 -1 
              254 271 253 -1 
              270 271 255 -1 
              269 258 259 -1 
              271 254 255 -1 
              270 255 256 -1 
              270 256 257 -1 
              270 257 258 -1 
              269 259 260 -1 
              262 260 261 -1 
              263 260 262 -1 
              264 260 263 -1 
              265 260 264 -1 
              266 260 265 -1 
              267 260 266 -1 
              268 260 267 -1 
              269 260 268 -1 
              270 258 269 -1 
              271 250 251 -1 
              272 161 162 -1 
              272 164 271 -1 
              283 151 274 -1 
              276 274 275 -1 
              277 274 276 -1 
              278 274 277 -1 
              279 274 278 -1 
              280 274 279 -1 
              281 274 280 -1 
              282 274 281 -1 
              283 274 282 -1 
            ]
          }
        }
        DEF ITV9550L5045MR_3 Shape {
          appearance DEF __12 Appearance {
            material DEF __13 Material {
              ambientIntensity 1
              diffuseColor 0.20000000298 0.20000000298 0.20000000298
              shininess 0
            }
          }
          geometry DEF __14 IndexedFaceSet {
            solid FALSE
            coord Coordinate {
              point [
                0.00448702531646 -0.0022417721519 0.002,
                -0.00448702531646 -0.0022417721519 0.002,
                -0.00448702531646 -0.0022417721519 0.000835335540389,
                0.00448702531646 -0.0022417721519 0.000835335540389,
                0.00448702531646 0.0022417721519 0.002,
                0.00448702531646 0.0022417721519 0.000835335540389,
                -0.00448702531646 0.0022417721519 0.002,
                -0.00448702531646 0.0022417721519 0.000835335540389

              ]
            }
            normal Normal {
              vector [
                -1.449783e-16 -1 -0,
                -1.449783e-16 -1 -0,
                -1.449783e-16 -1 -0,
                -1.449783e-16 -1 -0,
                1 -1.9345448e-16 -0,
                1 -1.9345448e-16 -0,
                1 -1.9345448e-16 -0,
                1 -1.9345448e-16 -0,
                1.449783e-16 1 -0,
                1.449783e-16 1 -0,
                1.449783e-16 1 -0,
                1.449783e-16 1 -0,
                -1 1.9345448e-16 -0,
                -1 1.9345448e-16 -0,
                -1 1.9345448e-16 -0,
                -1 1.9345448e-16 -0,
                0 0 1,
                0 0 1,
                0 0 1,
                0 0 1

              ]
            }
            coordIndex [
              2 3 0 -1 
              1 2 0 -1 
              3 5 4 -1 
              0 3 4 -1 
              5 7 6 -1 
              4 5 6 -1 
              7 2 1 -1 
              6 7 1 -1 
              4 1 0 -1 
              6 1 4 -1 
            ]
            normalIndex [
              2 1 0 -1 
              3 2 0 -1 
              6 5 4 -1 
              7 6 4 -1 
              10 9 8 -1 
              11 10 8 -1 
              14 13 12 -1 
              15 14 12 -1 
              18 16 17 -1 
              19 16 18 -1 
            ]
          }
        }
      ]
    }
  ]
}
